bulletin,description,act_type_n1,grupo_muestreo
boa,"RESOLUCIÓN de 27 de enero de 2025, del Instituto Aragonés de Gestión Ambiental, por la que se formula la declaración de impacto ambiental del proyecto de la concentración parcelaria de la zona de Santed (Zaragoza), promovido por la Dirección General de Desarrollo Rural del Gobierno de Aragón. (Número de Expediente: INAGA 500201/01A/2022/07286).",resolución,DIA
dogv,"RESOLUCIÓN de 2 de agosto de 2024, de la Dirección General de Urbanismo, Paisaje y Evaluación Ambiental, por la cual se formula declaración de impacto ambiental del proyecto de plantas solares fotovoltaicas y su infraestructura de evacuación a red de las parcelas 7, 25, 29 y 59 del polígono 10 y parcelas 207 y 222 del polígono 8 en el término municipal de Onda. Expedientes: (3296500) 161/2024/AIA y (3296369) 162/2024/AIA.",resolución,DIA
boib,"Resolución de la directora general de Armonización Urbanística y Evaluación Ambiental por la que se formula la declaración de impacto ambiental sobre el proyecto de planta fotovoltaica conectada a red Alten Mallorca II, ubicado en la parcela 584, polígono 12, T.M. de Petra (68A/2024)",resolución,DIA
dogc,"Resolución TER/763/2025, de 27 de febrero, por la que se hace público el Acuerdo de declaración de impacto ambiental del Proyecto de modificación sustancial de una actividad de fabricación de papel y cartón en el término municipal de La Riba (exp. T1CS210127)",resolución,DIA
dogc,"Resolución TER/428/2025, de 16 de enero, de declaración de impacto ambiental del Proyecto de rotura forestal en las parcelas 15, 19 y 23 del polígono 08 del término municipal de Teià (OAA20240036)",resolución,DIA
bopv,"ANUNCIO de 17 de enero de 2025, de la Delegada Territorial de Industria, Transición Energética y Sostenibilidad de Bizkaia, por el que se somete a información pública la solicitud de Autorización Administrativa Previa y Declaración de Impacto Ambiental del proyecto «Parque Eólico Iparaixe II, 21 MW, y sus infraestructuras de evacuación», en los términos municipales de Barakaldo y Valle de Trápaga-Trapagaran (Bizkaia).

				
2025/00477",anuncio,DIA
dogv,"RESOLUCIÓN de 17 de septiembre de 2024, de la Dirección General de Urbanismo, Paisaje y Evaluación Ambiental, por la que se formula la declaración de impacto ambiental del proyecto de planta de almacenamiento, valorización y transferencia de residuos no peligrosos y, aparcamiento de vehículos y maquinaria pesada en la parcela 87 del polígono 6, partida Abroser del término municipal de Borriol. Expediente: (2086682) 153/2021/AIA.",resolución,DIA
bocyl,"ORDEN MAV/94/2025, de 5 de febrero, por la que se modifica la declaración de impacto ambiental sobre el proyecto de renovación de la línea eléctrica aérea a 132 kV «ST La Fuente-ST Salas», tramo ST «La Fuente-AP. 10210», en los términos municipales de Mambrillas de Lara, Mecerreyes, Hortigüela, Cascajares de la Sierra, Barbadillo del Mercado, La Revilla y Ahedo y Villanueva de Carazo (Burgos).",orden,DIA
dog,"ANUNCIO de 6 de marzo de 2025, de la Dirección General de Calidad Ambiental y Sostenibilidad, por el que se hace pública la declaración de impacto ambiental del proyecto de ordenación forestal en las parroquias de Cereixido y Lamas de Moreira, en el ayuntamiento de A Fonsagrada (expediente 2023/0066).",anuncio,DIA
boa,"RESOLUCIÓN de 30 de octubre de 2024, del Instituto Aragonés de Gestión Ambiental por la que se formula la declaración de impacto ambiental del proyecto modificado del parque eólico ""Aragón Modificación"", en el término municipal de La Muela (Zaragoza), promovido por Enel Green Power España, SA y tramitado por el Servicio Provincial de Zaragoza del Departamento de Economía, Empleo e Industria. (Número de Expediente: INAGA: 500306/01l/2024/06922).",resolución,DIA
doe,"Resolución de 24 de febrero de 2025, de la Dirección General de Sostenibilidad, por la que se formula declaración de impacto ambiental del proyecto de instalación solar fotovoltaica de autoconsumo sin excedentes ""Autoconsumo Colectivo Siderúrgica"", a realizar en el término municipal de Jerez de los Caballeros (Badajoz). Expte.: IA24/0686.",resolución,DIA
boe,"Resolución de 27 de enero de 2025, de la Dirección General de Calidad y Evaluación Ambiental, por la que se formula declaración de impacto ambiental del proyecto «Actuaciones de control de la especie exótica invasora Nenúfar Mejicano (""Nymphaea Mexicana"") en la cuenca del Guadiana».",resolución,DIA
boib,"Resolución de la directora general de Armonización Urbanística y Evaluación Ambiental por la que se formula la declaración de impacto ambiental sobre el Proyecto Básico de Reforma de vivienda en edificio existente para conversión en Agroturismo (“Torre de S’Almunia”) - Es Rafal des Porcs”, promovido por Maria del Milagro de Sarriera y Vargas-Zuñiga, TM de Santanyí) (Exp. 96A/2024)",resolución,DIA
dogv,"RESOLUCIÓN de 25 de noviembre de 2024, de la Dirección General de Urbanismo, Paisaje y Evaluación Ambiental, por la que se formula la declaración de impacto ambiental del proyecto de FV Alcoy, del término municipal de Alcoy. Expediente: (3658152) 305/2024/AIA.",resolución,DIA
boa,"RESOLUCIÓN de 12 de febrero de 2025, del Instituto Aragonés de Gestión Ambiental, por la que se modifica puntualmente la de 2 de agosto de 2022, en la que se formuló declaración de impacto ambiental y se otorgó la Autorización Ambiental Integrada para la ampliación de una explotación de ganado porcino de cebo hasta una capacidad de 4.199 plazas (503,88 UGM), en el polígono 5, parcela 143, del término municipal de Sesa (Huesca), y promovida por Qualiporc SL. (Número de Expediente INAGA 500305/02/2024/10513).",resolución,DIA
dogc,"Resolución TER/565/2025, de 5 de febrero, por la que se otorga la autorización ambiental con declaración de impacto ambiental de una modificación sustancial a la empresa Prezero Gestión de Residuos, SA, para la actividad de depósito controlado de residuos de Can Mata, consistente en la ampliación del depósito, nuevas celdas 16, 17, 18 y 19, en el término municipal de Els Hostalets de Pierola (exp. B1CS230008)",resolución,DIA
dogc,"Anuncio de información pública sobre la solicitud de modificación sustancial de la autorización ambiental con declaración de impacto ambiental de la actividad ganadera porcina promovida por la empresa De Aardborst Spain, SL, en el término municipal de Ulldecona (exp. E1CS220047)",anuncio,DIA
dogv,"RESOLUCIÓN de 11 de febrero de 2025, de la Dirección General de Urbanismo, Paisaje y Evaluación Ambiental, por la cual se formula declaración de impacto ambiental del proyecto de instalación para el tratamiento de residuos de construcción y demolición no peligrosos del término municipal de Muro de Alcoy (Alicante). Expediente: (3606221) 007/2025/AIA.",resolución,DIA
boa,"RESOLUCIÓN de 11 de noviembre de 2024, del Instituto Aragonés de Gestión Ambiental, por la que se modifica puntualmente la de 23 de mayo de 2024, en la que se formuló la declaración de impacto ambiental y se otorgó la Autorización Ambiental Integrada para el proyecto de ampliación de una explotación porcina de cebo hasta 4.390 plazas, equivalente a 526,80 UGM, con emplazamiento en polígono 512, parcela 59, del término municipal de Almunia de Ojos Negros (Teruel) y promovido por La Magallosa, SC. (Número de Expediente: INAGA 500305/02/2024/09792).",resolución,DIA
dogv,"CORRECCIÓN De ERRORES de la Resolución de 28 de junio de 2023, de la Dirección General de Calidad y Educación Ambiental, por la cual se formula declaración de impacto ambiental del proyecto de regularización de explotación ganadera de ovino dedicada a la producción de leche y corderos para carne, en las parcelas 44, 46, 47, 127, 128 del polígono 3, y en las parcelas 38 y 188 del polígono 2, en el término municipal de Catadau. Expediente: (2079248) 144/2021/AIA.",corrección_errores,DIA
docm,"Resolución de 13/11/2024, de la Dirección General de Calidad Ambiental, por la que se formula la declaración de impacto ambiental del proyecto: Planta de tratamiento de residuos de construcción y demolición (expediente PRO-SC-21-0925), situado en el término municipal de Alcaraz (Albacete), cuya promotora es Trans Alcaraz, SL.",resolución,DIA
boca,"Viceconsejería de Transición Ecológica, Lucha contra el Cambio Climático y Energía.- Anuncio por el que se hace pública la Resolución de 26 de febrero de 2025, que da publicidad al Acuerdo de la Comisión Autonómica de Evaluación Ambiental de 21 de febrero de 2025, por el que se formula la Declaración de Impacto Ambiental del proyecto denominado “Planta de reciclaje para la recuperación de productos férricos y no férricos”, promovido por la Empresa Rimetal, S.A., en el Polígono Industrial de Arinaga, en el término municipal de Agüimes, Gran Canaria.- Expte. 26/2024-0730105529.",anuncio,DIA
dog,"ANUNCIO de 30 de diciembre de 2024, de la Dirección General de Calidad Ambiental y Sostenibilidad, por el que se hace pública la declaración de impacto ambiental del proyecto de renovación tecnológica del parque eólico Castelo, en los ayuntamientos de Coristanco, Santa Comba, Tordoia y Val do Dubra (A Coruña). Clave del expediente 2024/0291.",anuncio,DIA
bocyl,"RESOLUCIÓN de 28 de enero de 2025, de la Dirección General de Infraestructuras y Sostenibilidad Ambiental, por la que se dicta la declaración de impacto ambiental del proyecto de ampliación de una explotación porcina en fase I de 750 a 1.870 plazas (443,18 UGM), en el término municipal de Cabezuela (Segovia). Expte.: 029-19AA-SG.",resolución,DIA
boe,"Resolución de 12 de marzo de 2025, de la Dirección General de Calidad y Evaluación Ambiental, por la que se formula declaración de impacto ambiental del proyecto «Autovía A-43, del Guadiana. Tramo: Torrefresneda (A-5)-Santa Amalia».",resolución,DIA
dogv,"RESOLUCIÓN de 17 de septiembre de 2024, de la Dirección General de Urbanismo, Paisaje y Evaluación Ambiental, por la cual se formula declaración de impacto ambiental del Proyecto de almacén y gestión de residuos metálicos y de automoción, del término municipal de Aldaia (València). Expediente: (3502285) 253/2024/AIA.",resolución,DIA
dogv,"RESOLUCIÓN de 18 de octubre de 2024, de la Dirección General de Urbanismo, Paisaje y Evaluación Ambiental, por la cual se formula modificación de las condiciones de la declaración de impacto ambiental (DIA), de 21 de marzo de 2017, del proyecto de explotación porcina de multiplicación de madres reproductoras y de producción de lechones, parcelas 98 y 101 del polígono 23 de les Coves de Vinromà (Castellón). Expediente: (3498014) MOD/2024/003.",resolución,DIA
dogc,"Anuncio de información pública sobre la solicitud de autorización ambiental con declaración de impacto ambiental de la actividad ganadera porcina promovida por Caporbi, SL, en el término municipal de Granyena de les Garrigues (exp. L1AAI1230245)",anuncio,DIA
boe,"Resolución de 8 de enero de 2025, de la Dirección General de Calidad y Evaluación Ambiental, de modificación de condiciones de la Resolución de 4 de noviembre de 2019, por la que se formula declaración de impacto ambiental sobre el proyecto «Subestación San Fernando 400/220 kV, Línea 400 kV E/S San Fernando-L/Estación Terminal Morata 1-Morata, Conexión 220 kV E/S San Fernando-L/Fuentecilla-Ardoz, Conexión 220 kV San Fernando Puente San Fernando».",resolución,DIA
boa,"RESOLUCIÓN de 4 de noviembre de 2024, del Instituto Aragonés de Gestión Ambiental, por la que se modifica puntualmente la Resolución de 9 de octubre de 2006, del Instituto Aragonés de Gestión Ambiental, por la que se formula la declaración de impacto ambiental y se otorga la Autorización Ambiental Integrada para la Ampliación de explotación porcina de cebo con capacidad para 3.776 plazas, en el término municipal de Foz-Calanda (Teruel) y promovido por Santiago Lej Moliner. (Número de Expediente: INAGA 500305/02/2024/10512).",resolución,DIA
dog,"ANUNCIO de 20 de diciembre de 2024, de la Dirección General de Calidad Ambiental y Sostenibilidad, por el que se hace pública la declaración de impacto ambiental del proyecto de línea de alta tensión a 220 kV PE Gato-SEC Mesón y subestación colectora Mesón 220/132 kV, en los ayuntamientos de Abegondo, Carral, Ordes y Oza-Cesuras (A Coruña) (expediente 2020/0268).",anuncio,DIA
bocyl,"ORDEN MAV/20/2025, de 17 de enero, por la que se dicta la declaración de impacto ambiental sobre el proyecto de ampliación de la autorización de aprovechamiento de recursos de la sección A) «Las Suertes» n.º 45-10, ubicado en el término municipal de Vegas de Matute (Segovia).",orden,DIA
dogv,"RESOLUCIÓN de 28 de octubre de 2024, de la Dirección General de Urbanismo, Paisaje y Evaluación Ambiental, por la cual se formula declaración de impacto ambiental del Proyecto para la puesta en riego de parcelas (transformación de secano a regadío) en el término municipal de Planes (Alicante). Expediente: (2782041) 140/2022/AIA.",resolución,DIA
boe,"Anuncio del Área Funcional de Industria y Energía de la Delegación del Gobierno en Madrid, por el que se somete a información pública la solicitud de Autorización Administrativa Previa y Declaración de Impacto Ambiental del proyecto de la planta fotovoltaica FV Caiba, de 200 MW de potencia instalada, y su infraestructura de evacuación, en la Comunidad de Madrid, promovido por la Sociedad Desarrollos Renovables Iberia Dzeta, S.L.U. Exp.: PFOT-1169.",anuncio,DIA
boc,"Resolución por la que se formula declaración de impacto ambiental del Proyecto Estudio Informativo del Eje A-67. Cortiguera-Tagle. Tramo: Suances-Requejada, en los términos municipales de Suances y Polanco.",resolución,DIA
dogc,"Resolución TER/4800/2024, de 21 de noviembre, por la que se otorga la autorización ambiental de la modificación sustancial con declaración de impacto ambiental de la empresa Matías Gomà Tomàs, SA, para una actividad de fabricación de papel y cartón, en el término municipal de La Riba (exp. T1CS210127)",resolución,DIA
bocyl,"RESOLUCIÓN de 22 de enero de 2025, de la Dirección General de Infraestructuras y Sostenibilidad Ambiental, por la que se dicta la declaración de impacto ambiental del proyecto de planta de valorización de residuos para la producción de biometano, ubicada en la parcela 99 del polígono 619, del término municipal de San Millán de los Caballeros (León), promovido por «Biorig Energy San Millán - León, S.L.». Expte.: EIAO/2024/LE/008.",resolución,DIA
bocyl,"INFORMACIÓN pública relativa a la solicitud de autorización administrativa previa y declaración de impacto ambiental del proyecto de parque eólico «Torretarrancho», y su infraestructura de evacuación, en los términos municipales de Fuentes de Magaña, Cerbón y Valdeprado (Soria), titularidad de «Ruralia Europa, S.L.U.».",información_pública,DIA
dogc,"Resolución TER/4743/2024, de 23 de diciembre, por la que se otorga la autorización ambiental con declaración de impacto ambiental a la empresa Ramaderia Can Jordi, SL, para una actividad ganadera de ganado porcino, en el término municipal de Riudellots de la Selva (exp. G1AAI230075)",resolución,DIA
borm,"Anuncio de la Resolución de la Secretaría General de Medio Ambiente, Universidades, Investigación y Mar Menor por la que se emite Declaración de Impacto Ambiental AAI20240004 sobre planta de tratamiento de biorresiduos para generación de fertilizante y biometano sita en el Polígono/Paraje “Los Morales”, parcela 32, en el término municipal de Fuente Álamo (Murcia), a solicitud de Fuente Álamo Bioenergy, S.L.",anuncio,DIA
docm,"Resolución de 14/02/2025, de la Delegación Provincial de Desarrollo Sostenible de Albacete, por la que se formula la declaración de impacto ambiental del proyecto: Repotenciación parque eólico Isabela de 48 MW y su infraestructura de evacuación (expediente industria 02271000114_2R) (expediente PRO-AB-24-1667), situado en los términos municipales de Casas de Lázaro y Peñascosa (Albacete), cuya promotora es Ibercam-Iberdrola Renovables Castilla-La Mancha, SA.",resolución,DIA
boa,"RESOLUCIÓN de 19 de diciembre de 2024, del Instituto Aragonés de Gestión Ambiental, por la que se modifica puntualmente la de 16 de septiembre de 2019, en la que se formuló la declaración de impacto ambiental y se otorgó la Autorización Ambiental Integrada para la ampliación de una explotación porcina de cebo hasta una capacidad de 7.142 plazas (857,04 UGM), en el polígono 1, parcelas 5003 y 5018, del término municipal de Sariñena (Huesca) y promovida por Agropecuaria del Isábena SL. (Número de Expediente: INAGA 500305/02/2024/05920).",resolución,DIA
boa,"RESOLUCIÓN de 15 de enero de 2025, del Instituto Aragonés de Gestión Ambiental, por la que se modifica puntualmente la de 2 de noviembre de 2023, en la que se formuló declaración de impacto ambiental y se otorgó la Autorización Ambiental Integrada para el proyecto de ampliación de una explotación porcina de producción de cebo hasta 7.200 plazas, equivalente a 864 UGM, en polígono 29, parcela 73, del término municipal de Villamayor de Gállego (Zaragoza), promovida por Javier Sevil Aquillué.  (Número de Expediente: INAGA 500305/02/2024/11416).",resolución,DIA
boa,"RESOLUCIÓN de 20 de diciembre de 2024, del Instituto Aragonés de Gestión Ambiental, por la que se formula la declaración de impacto ambiental del proyecto de infraestructura de evacuación compartida compuesta por ""Subestación Regadera 220/30 kV"", línea aérea de 220 kV ""SET Regadera""- ""SET El Grado"", y adecuación posición ATP en la SET ""El Grado 220 kV"" (REE), en los términos municipales de Estadilla, Estada, Barbastro, Hoz y Costean, El Grado (Huesca), promovido por Regadera Solar, SL. Número de Expediente INAGA 500306/01L/2024/01290.",resolución,DIA
docm,"Resolución de 19/02/2025, de la Dirección General de Calidad Ambiental, por la que se formula la declaración de impacto ambiental del proyecto: Planta de fundición de aluminio (expediente PRO-SC-24-1141), situado en La Gineta (Albacete), cuya promotora es Aluind, SL.",resolución,DIA
bocyl,"RESOLUCIÓN de 21 de enero de 2025, de la Dirección General de Infraestructuras y Sostenibilidad Ambiental, por la que se dicta la declaración de impacto ambiental del proyecto de una planta de cogeneración de energía eléctrica y vapor de proceso a partir de biomasa, denominada «Roblum», y una planta anexa de captura de CO2, en el término municipal de La Robla (León), promovido por «Desarrollos Renovables Abies, S.L.».",resolución,DIA
boib,"Resolución de la Directora General de Armonización Urbanística y Evaluación ambiental por la que se formula la declaración de impacto ambiental de la modificación sustancial de la AAI IPPC 02/2015 centro de recepción y pretratamiento de hidrocarburos, aceites usados y aguas aceitosas en el dique del Oeste a Palma, promovido por parte de Servmar Balear SL en la parcela 6.2.05 sector portuario San Carlos - Dique del Oeste, TM Palma (Exp. 33A/2024)",resolución,DIA
dogc,"Anuncio de información pública sobre la solicitud de autorización ambiental con declaración de impacto ambiental de la actividad de gestión de residuos peligrosos promovida por Almaita Ambiental, SL, en el término municipal de Olesa de Montserrat (exp. B1AAI230372)",anuncio,DIA
dogv,"RESOLUCIÓN de 18 de febrero de 2025, de la Dirección General de Urbanismo, Paisaje y Evaluación Ambiental, por la que se formula declaración de impacto ambiental del proyecto de autorización ambiental integrada para una industria de fabricación de baterías, en el polígono 101, parcela 2 GAUSA (Parc Sagunt II), del término municipal de Sagunto. Expediente: (3675763) 15/2025/AIA.",resolución,DIA
boe,"Anuncio de la Consejería de Empresa, Empleo y Energía de apertura de trámite de información pública para la solicitud de proyecto de interés autonómico energético, declaración de impacto ambiental, infraestructura de evacuación y autorización administrativa previa del proyecto «Ebro Energy Artà» situado en el polígono 12, parcela 168 del término municipal de Artà (exp. BAT 2024/25386).",anuncio,DIA
dogc,"Anuncio de información pública sobre la solicitud de modificación sustancial de la autorización ambiental con declaración de impacto ambiental de la actividad ganadera porcina promovida por La Cendrosa, SL, en el término municipal de Penelles (exp. FUE-2024-04049118)",anuncio,DIA
dogc,"Resolución TER/179/2025, por la que se hace público el Acuerdo de declaración de impacto ambiental del Proyecto de modificación sustancial de la autorización ambiental del depósito controlado de residuos de Can Mata, consistente en la ampliación del depósito mediante las nuevas celdas 16, 17, 18 y 19, en el término municipal de Els Hostalets de Pierola (exp. B1CS230008)",resolución,DIA
docm,"Resolución de 20/02/2025, de la Delegación Provincial de Desarrollo Sostenible de Toledo, por la que se formula la declaración de impacto ambiental del proyecto: Mejora de regadíos por goteo para pistacho e infraestructuras hidráulicas en la finca San Martín (expediente PRO-TO-23-3147), situado en el término municipal de La Puebla de Montalbán (Toledo), cuya promotora es Agrícola Monte Verde SL.",resolución,DIA
dogc,"Resolución TER/753/2025, de 27 de febrero, por la que se hace público el Acuerdo de declaración de impacto ambiental del Proyecto de restauración de la explotación Ampliació Can Thos III, en el término municipal de Massanes (exp. G3DIA200007 y AE 19/4192)",resolución,DIA
boa,"RESOLUCIÓN de 12 de febrero de 2025, del Instituto Aragonés de Gestión Ambiental, por la que se modifica puntualmente la de 3 de enero de 2017, en la que se formuló declaración de impacto ambiental y se otorgó la Autorización Ambiental Integrada para la ampliación de una explotación de ganado porcino de cebo hasta una capacidad de 4.160 plazas (499,20 UGM), situada en el polígono 6, parcela 117, del término municipal de Laluenga (Huesca), y promovida por Bal-Ben SC. (Número de Expediente: INAGA 500305/02/2024/09790).",resolución,DIA
boe,"Resolución de 20 de diciembre de 2024, de la Dirección General de Calidad y Evaluación Ambiental, por la que se formula declaración de impacto ambiental del proyecto «Instalación fotovoltaica Madrid Norte 1, de 69 MW de potencia instalados, y para su infraestructura de evacuación, en las provincias de Guadalajara y Madrid».",resolución,DIA
doe,"Resolución de 27 de diciembre de 2024, de la Dirección General de Sostenibilidad, por la que se formula declaración de impacto ambiental al proyecto de explotación avícola de cebo de pollos, en el término municipal de Villanueva del Fresno, cuyo promotor es José María Pérez Flores. Expte.: IA23/1625.",resolución,DIA
boca,"Viceconsejería de Transición Ecológica, Lucha contra el Cambio Climático y Energía.- Anuncio por el que se hace pública la Resolución de 11 de diciembre de 2024, que da publicidad al Acuerdo de la Comisión Autonómica de Evaluación Ambiental de 3 de diciembre de 2024, relativo a la Declaración de Impacto Ambiental del proyecto denominado “Parque Eólico El Vivero”, promovido por Ayagaures Medio Ambiente, S.L., en el término municipal de Agüimes, Gran Canaria.- Expte. 18/2024-0710134240.",anuncio,DIA
boib,Resolución de la directora general de Armonización Urbanística y Evaluación Ambiental por la que se formula la declaración de impacto ambiental sobre el Proyecto de renovación de la red de transporte de agua de la Font de Ses Artigues (152A/2024),resolución,DIA
boa,"RESOLUCIÓN de 26 de diciembre de 2024, del Instituto Aragonés de Gestión Ambiental, por la que se formula la declaración de impacto ambiental y se otorga la Autorización Ambiental Integrada para el proyecto de ampliación de una explotación porcina de cebo hasta 3.700 plazas, equivalente a 444 UGM, con emplazamiento en polígono 15, parcelas 156 y 157, del término municipal de Alcubierre (Huesca), promovido por Miguel Serrano Becana.  (Número de Expediente: INAGA 500202/02/2022/09567).",resolución,DIA
doe,"Anuncio de 13 de enero de 2025 por el que se somete a información pública la petición de autorización administrativa previa de las instalaciones correspondientes al proyecto denominado CT Cárdeno nuevo de 630 kVA, en Fuentes de León. Expte.: 06/AT-18456/01732.",anuncio,AAP
bor,"Resolución 139/2025, de 6 de febrero, de la Dirección General de Empresa, Energías e Internacionalización de autorización administrativa previa y autorización administrativa de construcción de Variante de LAAT de 66 kV línea ""Quel-Rincón"", entre el apoyo 150 y el apoyo 221. AT/1485301",resolución,AAP
boe,"Anuncio del Área de Industria y Energía de la Subdelegación del Gobierno en Sevilla, por el que se somete a información pública la solicitud de modificación de autorización administrativa previa y autorización administrativa de construcción de la de la Subestación Eléctrica Dulcero 30/220kV, en el término municipal de Carmona, provincia de Sevilla. Expte: PFOT-122.",anuncio,AAP
dogc,"Anuncio por el que se somete a información pública la solicitud de autorización administrativa previa, autorización administrativa de construcción, autorización del proyecto de actuación específica de interés público en suelo no urbanizable y evaluación de impacto ambiental del proyecto de la planta solar fotovoltaica denominada PSFV de autoconsumo Monredons-Valls, de 660 kW sobre terreno en suelo no urbanizable, y su línea directa de evacuación, en el término municipal de Flix, en la comarca de La Ribera d’Ebre (exp. FUE-2024-04087614)",anuncio,AAP
dogc,"Anuncio por el que se somete a información pública la solicitud de autorización administrativa previa, autorización administrativa de construcción, autorización del proyecto de actuación específica de interés público en suelo no urbanizable y evaluación de impacto ambiental del proyecto de la planta solar fotovoltaica denominada PSFT Puigpelat HYP, de 2,078 MW sobre terreno en suelo no urbanizable, en el término municipal de Puigpelat, en la provincia de Tarragona, y su infraestructura de evacuación, línea subterránea a 25 kV, en el término municipal de Puigpelat, en la comarca de L'Alt Camp (exp. FUE-2023-03421400, ref. 02803)",anuncio,AAP
bor,"Anuncio de Información Pública de la solicitud de autorización administrativa previa y de construcción de instalación eléctrica, y de su declaración de utilidad pública. AT/1970904",anuncio,AAP
dog,"RESOLUCIÓN de 3 de febrero de 2025, del Departamento Territorial de A Coruña, por la que se deniega la autorización administrativa previa y de construción y la declaración de utilidad pública, en concreto, de una instalación de distribución eléctrica en el ayuntamiento de Oleiros (expediente IN407A 2023/397-1).",resolución,AAP
boe,"Resolución de la Delegación Territorial de Economía, Hacienda, Fondos Europeos y de Industria, Energía y Minas en Huelva por la que se otorga autorización administrativa previa, autorización administrativa de construcción y declaración de utilidad pública en concreto de una instalación eléctrica de alta tensión en el término municipal de La Palma del Condado (Huelva) (Nuestra referencia: SV ENERGÍA/ECL/AT-18026 Expediente: HU-T-000000011).",resolución,AAP
boe,"Anuncio del Área de Industria y Energía de la Subdelegación del Gobierno en Córdoba por el que se somete a INFORMACIÓN PÚBLICA la solicitud de Autorización Administrativa Previa y Declaración de Impacto Ambiental del Anteproyecto de la Planta Solar Fotovoltaica ""ÓLEO SOLAR"" de 100,54 MWp y 80,3 MWn (limitada a 75 MWn en el punto de conexión), su infraestructura de evacuación a 30 kV hasta la Subestación Colectora y Elevadora Promotores Olivar de Cabra 400/30 KV, dicha Subestación, y la Línea de Alta Tensión a 400 KV desde la Subestación anterior hasta la Subestación Seccionadora Nudo Cabra 400 KV, todo ello en el término municipal de Cabra, en la provincia de Córdoba.",anuncio,AAP
docm,"Anuncio de 15/01/2025, de la Delegación Provincial de Desarrollo Sostenible de Toledo, sobre información pública para autorización administrativa previa de instalación eléctrica. Referencia: E-45240222922.",anuncio,AAP
docm,"Anuncio de 13/01/2025, de la Delegación Provincial de Desarrollo Sostenible de Ciudad Real, por el que se somete a información pública la solicitud de autorización administrativa previa y autorización administrativa de construcción de la instalación eléctrica que se cita (número de expediente 13241106369-13211104960).",anuncio,AAP
boja,"Acuerdo de 30 de diciembre de 2024, de la Delegación Territorial de Economía, Hacienda, Fondos Europeos y de Industria, Energía y Minas en Huelva, por el que se abre un periodo de información pública conjunta sobre el procedimiento de autorización administrativa previa y ambiental unificada del proyecto de planta solar fotovoltaica. (PP. 63/2025).",acuerdo,AAP
borm,"Resolución de la Dirección General de Industria, Energía y Minas por la que se otorga a la empresa Sangonera Solar, S.L. la autorización administrativa previa, la autorización administrativa de construcción de la instalación eléctrica de producción denominada “Proyecto de planta solar FV “El Palmar I” de 1,2 MW (potencia instalada) y LA/SMT 20 kV evacuación”, y el reconocimiento en concreto, de la utilidad pública de la línea aérea/subterránea de alta tensión a 20 kV, de evacuación, en el término municipal de Murcia.",resolución,AAP
docm,"Notificación de 13/03/2025, de la Secretaría General, por la que se da publicidad a la resolución del recurso de alzada interpuesto sobre autorización administrativa previa y autorización administrativa de construcción de la instalación solar fotovoltaica denominada Sauce Solar, infraestructuras auxiliares y de evacuación RA 181/2023.",notificación,AAP
doe,"Anuncio de 28 de enero de 2025 por el que se somete a información pública la petición de autorización administrativa previa de las instalaciones correspondientes al proyecto denominado ""Ejecución de reforma de centro de distribución CD 46550 ""Pinilla"" a 20 kV, sito en polígono 4, parcela 11, Vega del Moral. Término municipal de Lobón"". Expte.: 06/AT-01788/18469.",anuncio,AAP
boja,"Anuncio de 21 de enero de 2025, de la Delegación Territorial de Economía, Hacienda, Fondos Europeos y de Industria, Energía y Minas en Sevilla, por el que se somete a información pública la solicitud de modificación de autorización administrativa previa y de construcción, así como la declaración en concreto de utilidad pública, relativa a la instalación de generación de energía eléctrica mediante tecnología eólica. (PP. 295/2025).",anuncio,AAP
dog,"RESOLUCIÓN de 2 de enero  de 2025, del Departamento Territorial de Ourense, por la que se concede la autorización administrativa previa y de construcción y se declara, en concreto, de utilidad pública, a los efectos de la urgente ocupación, de una instalación eléctrica en el ayuntamiento de O Carballiño (expediente IN407A 2024/101-3).",resolución,AAP
boe,"Resolución de 7 de noviembre de 2024, de la Dirección General de Política Energética y Minas, por la que se desestima la solicitud de Green Capital Development 110, SL, de autorización administrativa previa del parque eólico Monte Silvariño, de 66 MW de potencia instalada, y de su infraestructura de evacuación, en la provincia de A Coruña.",resolución,AAP
docm,"Resolución de 20/01/2025, de la Delegación Provincial de Desarrollo Sostenible de Toledo, de autorización administrativa previa y autorización administrativa de construcción de instalación eléctrica de alta tensión con número de expediente: E-45211121397 corresponde I.",resolución,AAP
dog,"RESOLUCIÓN de 13 de febrero de 2025, del Departamento Territorial de A Coruña, por la que se concede la autorización administrativa previa y de construcción de una instalación de distribución eléctrica en el ayuntamiento de Fene (expediente IN407A 2024/239-1).",resolución,AAP
doe,"Anuncio de 30 de enero de 2025 por el que se somete a información pública la petición de autorización administrativa previa de las instalaciones correspondientes al proyecto denominado ""Anexo a nueva línea subterránea de media tensión 20 kV para el enlace del CT ""Dehesa 2"" con la LAMT 20 kV ""4872-03 Vegas Altas"". Término municipal: Navalvillar de Pela. Expte.: 06/AT-10177/18296.",anuncio,AAP
bocyl,"RESOLUCIÓN de 13 de diciembre de 2024, del Servicio Territorial de Industria, Comercio y Economía de Valladolid, relativa a la autorización administrativa previa de una instalación de producción de energía eléctrica, por tecnología fotovoltaica, denominada «LAN Mudarra I», en el término municipal de La Mudarra (Valladolid). Expte.: FV-2564.",resolución,AAP
boe,"Anuncio de la Delegación Territorial de Economía, Hacienda, Fondos Europeos y de Industria, Energía y Minas en Sevilla, por el que se somete a información pública la petición realizada por la mercantil Naturgy Vento, S.A.U., por la que se solicita modificación de Autorización Administrativa Previa y de Construcción así como la Declaración en Concreto de Utilidad Pública, relativa a la instalación de generación de energía eléctrica mediante tecnología eólica denominada ""PE Las Cabreras"", con una potencia instalada de 12 MW, y ubicada en los términos municipales de la puebla de Cazalla y Villanueva de San Juan (Sevilla).",anuncio,AAP
dogv,"ANUNCIO por el que se someten a información pública las solicitudes de autorización administrativa previa, autorización administrativa de construcción y ocupación de vías pecuarias correspondientes a una central fotovoltaica denominada EDF 169 y su infraestructura de evacuación, con una potencia máxima total de los módulos fotovoltaicos (pico) de 4,49883 MW, una potencia nominal de los inversores de 4 MW y una capacidad de acceso concedida de 4 MW, a ubicar en los términos municipales de Riba-roja de Túria y Loriguilla. Expediente ATALFE/2022/18/46.",anuncio,AAP
dogc,"Resolución TER/426/2025, de 11 de febrero, de autorización administrativa previa y autorización administrativa de construcción de la ampliación de la subestación SE Perelló 110/20 kV, en el término municipal de El Perelló, en la comarca de El Baix Ebre (exp. FUE-2024-03818926)",resolución,AAP
dogc,"Anuncio complementario por el que se somete a información pública la solicitud de autorización administrativa previa, autorización administrativa de construcción, de declaración de utilidad pública y de autorización del proyecto de actuación específica de interés público en suelo no urbanizable y evaluación de impacto ambiental del proyecto del parque solar denominado Flix-Ascó IV, de 16,06 MW sobre terreno en suelo no urbanizable, en el término municipal de Flix, en la comarca de La Ribera d’Ebre, y su infraestructura de evacuación, línea soterrada a 30 kV que conecta la instalación de producción a la SET Ercam 30/132 kV en el término municipal de Flix, en la comarca de La Ribera d’Ebre (exp. FUE-2022-02595223)",anuncio,AAP
boe,"Anuncio del Departamento de Territorio, Vivienda y Transición Ecológica, de la Dirección General de Energía de información pública sobre la solicitud de la autorización administrativa previa, autorización administrativa de construcción y declaración de utilidad pública correspondiente al proyecto de renovación de la línea subterránea de transporte de energía eléctrica a 220 kV, simple circuito, Badalona- Guixeres (tramo Badalona – GE17) en los términos municipales de San Adrián del Besós y Badalona (FUE-2024-04215920).",anuncio,AAP
boe,"Anuncio de la Dependencia Industria y Energía de la Subdelegación del Gobierno en Burgos, por el que se somete a Información Pública las solicitudes de Autorización Administrativa Previa, Autorización Administrativa de Construcción y Declaración de Utilidad Pública de las Plantas Solares Fotovoltaicas «El Gallo», «La Zarzuela» y «Los Zapateros», de 16,8 MW, de 13,685 MW y de 16,8 MW de potencia instalada, respectivamente, y sus infraestructuras de evacuación; para su hibridación con los parques eólicos «El Gallo», «La Zarzuela» y «Los Zapateros», de 49,4 MW, de 41,8 MW y de 49,4 MW de potencia instalada, respectivamente; todos ellos en la provincia de Burgos, promovido por la mercantil «CYL ENERGIA EOLICA, S.L.U.». CÓDIGO PEol-FV-176-AC.",anuncio,AAP
boe,"Resolución de 18 de marzo de 2025, de la Dirección General de Política Energética y Minas, por la que se desestima la solicitud de Energía Inagotable Alnitak, SL, de autorización administrativa previa del parque eólico Alnitak, de 49,5 MW de potencia instalada, y de su infraestructura de evacuación, en la provincia de Zaragoza.",resolución,AAP
bopa,Información pública relativa a la autorización administrativa previa de instalación eléctrica de alta tensión. Expte. AUTO/2025/763 (AT-14069). [Cód. 2025-00546],información_pública,AAP
docm,"Resolución de 06/03/2025, de la Delegación Provincial de Desarrollo Sostenible de Toledo, de autorización administrativa previa y autorización administrativa de construcción de instalación eléctrica de alta tensión con número de expediente: E-45211022936.",resolución,AAP
bocyl,INFORMACIÓN pública relativa a la solicitud de autorización administrativa previa para el soterramiento de varios tramos de la línea de media tensión en el término municipal de Arenas de San Pedro (Ávila). Exptes.: ATLI-52.167 y ATLI-52.168.,información_pública,AAP
boa,"RESOLUCIÓN de 10 de diciembre de 2024, de la Directora General de Energía y Minas del Departamento de Presidencia, Economía y Justicia, por la que se otorga la autorización administrativa previa y autorización de construcción de la planta fotovoltaica ""El Espartal I"" en el término municipal de Zaragoza (Zaragoza).",resolución,AAP
boe,"Resolución de 14 de enero de 2025, de la Dirección General de Política Energética y Minas, por la que se otorga a I-DE Redes Eléctricas Inteligentes, SAU, autorización administrativa previa y autorización administrativa de construcción de la nueva línea subterránea de media tensión 20 kV, simple circuito, desde el centro de transformación Los Veras-San Pedro, hasta el entronque aéreo-subterráneo en Camino la Raya, en los términos municipales de Pilar de la Horadada (Alicante) y San Pedro de Pinatar (Murcia).",resolución,AAP
boe,"Anuncio de 19 de noviembre de 2024 de la Delegación Territorial de Economía, Hacienda y Fondos Europeos y de Industria, Energía y Minas de Córdoba por el que se somete a información pública el proyecto: Nueva Línea de media tensión a 15 Kw entre apoyo A553610 y apoyo A556998, para cierre de las líneas denominadas ""Fte._pa"" y ""Palma del Río"" sito en parajes Ochavillo Bajo, Las Monjas y Casablanca, en el T.M de Fuente Palmera y Hornachuelos (Córdoba), a efectos de autorización administrativa previa, autorización administrativa de construcción y declaración, en concreto, de utilidad pública.",anuncio,AAP
dogc,"Resolución TER/4788/2024, de 19 de noviembre, por la que se otorga a Electrogen Division, SLU, la autorización administrativa previa y la autorización administrativa de construcción del proyecto de la planta solar fotovoltaica denominada PS Serra Magre, de 5,334 MW de potencia instalada, sobre terreno en suelo no urbanizable, y su infraestructura de evacuación, en el término municipal de Riudarenes, en la comarca de La Selva (exp. FUE-2023-03360577, ref. 02755)",resolución,AAP
dogc,"Resolución TER/4683/2024, de 4 de diciembre, por la que se otorga a la empresa eDistribución Redes Digitales, SLU, la autorización administrativa previa y la autorización administrativa de construcción para la sustitución del transformador TR1 de 110/25 kV, de 25 MVA, por un transformador de 110/25 kV, de 30 MVA, en la SE Sant Hilari, en el término municipal de Sant Hilari Sacalm, en la provincia de Girona (exp. FUE-2024-03801430)",resolución,AAP
boe,"Resolución de 18 de marzo de 2025, de la Dirección General de Política Energética y Minas, por la que se desestima la solicitud de Energía Inagotable Terebellum, SL, de autorización administrativa previa del parque eólico Terebellum, de 49,5 MW de potencia instalada, y de su infraestructura de evacuación, en la provincia de Zaragoza.",resolución,AAP
bocyl,"INFORMACIÓN pública relativa a la solicitud de autorización administrativa previa y autorización administrativa de construcción de una instalación de distribución eléctrica, en el término municipal de Cabezón de Pisuerga (Valladolid). Expte.: AT-51508 (ATLI-51508).",información_pública,AAP
boja,"Anuncio de 16 de enero de 2025, de la Delegación Territorial de Economía, Hacienda, Fondos Europeos y de Industria, Energía y Minas en Huelva, por el que se somete a información pública la solicitud de autorización administrativa previa y autorización administrativa de construcción, relativa la proyecto de instalación de energía eléctrica que se cita, y a efectos de la solicitud de autorización ambiental unificada.",anuncio,AAP
doe,"Anuncio de 16 de enero de 2025 por el que se somete a información pública la petición de autorización administrativa previa y reconocimiento, en concreto, de la utilidad pública de las instalaciones correspondientes al proyecto denominado ""Reforma de la LAMT 5022-29 ""Circunvalación 2"" de la STR ""Jaraíz de la Vera"", de 13,2 kV, entre los apoyos 2014-2 y 2027 (a CT ""Presa Jaraíz"" n.º 140311090), en los términos municipales de Jaraíz de la Vera y Garganta la Olla (Cáceres)"". Expte.: AT-9612.",anuncio,AAP
dog,"ANUNCIO de 7 de enero de 2025, del Departamento Territorial de A Coruña, por el que que se notifica la resolución de autorización administrativa previa, de construcción y declaración de utilidad pública, en concreto, de una instalación de distribución eléctrica en el ayuntamiento de Arzúa (expediente IN407A 2023/150-1).",anuncio,AAP
boja,"Anuncio de 17 de enero de 2025, de la Delegación Territorial de Economía, Hacienda, Fondos Europeos y de Industria, Energía y Minas en Cádiz, por el que se somete al trámite de información pública la solicitud de autorización administrativa previa, autorización administrativa de construcción y autorización ambiental unificada de la instalación eléctrica de alta tensión que se cita.",anuncio,AAP
docm,"Resolución de 18/03/2025, de la Delegación Provincial de Desarrollo Sostenible de Ciudad Real, sobre autorización administrativa previa y autorización administrativa de construcción de la instalación eléctrica que se cita (número de expediente 13211104949).",resolución,AAP
boe,"Anuncio del Área Funcional de Industria y Energía de la Delegación del Gobierno en Madrid, por el que se somete a información pública la solicitud de Autorización Administrativa Previa del proyecto para la Ampliación de la SE PSF MAD 120 en el Aeropuerto Adolfo Suárez-Madrid Barajas, ubicada en la Comunidad de Madrid. Expediente: PFOT-474.",anuncio,AAP
boa,"ANUNCIO del Servicio Provincial de Zaragoza del Departamento de Presidencia, Economía y Justicia, por el que se someten a información pública la modificación de la solicitud de autorización administrativa previa y de construcción de la modificación del proyecto del parqueeólico ""Espartal Eólico 3"" de 10 MW incluido en el Proyecto de Interés General de Aragón H2 Pillar Producción de H2 renovable en la Comarca de Zaragoza.  Expediente G-Z-2021-060.",anuncio,AAP
docm,"Resolución de 20/02/2025, de la Delegación Provincial de Desarrollo Sostenible de Toledo, de autorización administrativa previa y autorización administrativa de construcción de instalación eléctrica de alta tensión con número de expediente: E-45211122323 corresponde III.",resolución,AAP
boa,"RESOLUCIÓN de 18 de noviembre de 2024, la Directora General de Energía y Minas del Departamento de Presidencia, Economía y Justicia, por la que se otorga la autorización administrativa previa y autorización de construcción de la planta fotovoltaica ""PFV Cementerio Torrero"" en el término municipal de Zaragoza (Zaragoza).",resolución,AAP
boa,"RESOLUCIÓN de 14 de febrero de 2025, del Servicio Provincial de Zaragoza, relativo a la autorización administrativa previa y de construcción, del proyecto planta solar fotovoltaica ""Romerosa"" de 450 kW en el término municipal de Lécera. Expediente: G-Z-2022-192.",resolución,AAP
boe,"Anuncio de la Delegación Territorial de Economía, Hacienda, Fondos Europeos y de Industria, Energía y Minas en Sevilla, por la que se somete a trámite de audiencia a los interesados e Información Pública el procedimiento de Autorización Administrativa Previa y de Construcción y Declaración, en concreto, de Utilidad Pública del proyecto de alta tensión denominado Proyecto de Sustitución de tramo de la LAMT ""LAESTACIÓN"" 15 kV de la Subestación ""CANTILLA"", en el término municipal de Carmona (Sevilla) P-8598M.",anuncio,AAP
dogc,"Anuncio por el que se somete a información pública la solicitud de autorización administrativa previa, autorización administrativa de construcción, autorización del proyecto de actuación específica de interés público en suelo no urbanizable y evaluación de impacto ambiental del proyecto de la planta solar fotovoltaica denominada PS Vilobí, de 3,52 MW sobre terreno en suelo no urbanizable, y su infraestructura de evacuación, en el término municipal de Vilobí d'Onyar, en la comarca de La Selva (exp. FUE-2023-03615308, ref. 02911)",anuncio,AAP
docm,"Resolución de 20/01/2025, de la Delegación Provincial de Desarrollo Sostenible de Toledo, de autorización administrativa previa y autorización administrativa de construcción de instalación eléctrica de alta tensión con número de expediente: E-45211106613 corresponde I.",resolución,AAP
boe,"Anuncio del Área Funcional de Industria y Energía de la Delegación del Gobierno en Madrid, por el que se somete a información pública la solicitud de autorización administrativa previa de las modificaciones y autorización administrativa de construcción para la Planta Solar FV GR Bisbita de 64,355 MWp de potencia pico, y su infraestructura de evacuación, en la Comunidad de Madrid.",anuncio,AAP
boc,"Información pública de expediente de solicitud de autorización administrativa previa y declaración de impacto ambiental del Proyecto del parque eólico SIERRA DE SEL de 45 MW, situado en los términos municipales de Voto, Ruesga y Bárcena de Cicero. Expediente EOL-44-2022.",información_pública,AAP
bopv,"ANUNCIO de 20 de febrero de 2025, de la Delegada Territorial de Industria, Transición Energética y Sostenibilidad de Bizkaia, por el que se somete a información pública la solicitud de Autorización Administrativa Previa y Declaración de Impacto Ambiental del proyecto «Parque Eólico El Roble», en los términos municipales de Sopuerta, Zalla, Galdames y Güeñes (Bizkaia).

				
2025/01167",anuncio,AAP
dog,"RESOLUCIÓN de 21 de febrero de 2025, de la Dirección General de Energías Renovables y Cambio Climático, por la que se otorgan la autorización de desmantelamiento de las instalaciones actuales del parque eólico Muras, la autorización administrativa previa y la autorización administrativa de construcción a las instalaciones relativas al proyecto del parque eólico Muras (repotenciación), sito en los ayuntamientos de Muras y Ourol (Lugo) y promovido por Iberdrola Renovables Galicia, S.A. (expediente IN408A/2024/010).",resolución,AAP
bopa,Información pública relativa a la autorización administrativa previa y declaración de utilidad pública de instalación eléctrica de alta tensión. Expte. AUTO/2025/1892 (AT-12634). [Cód. 2025-01354],información_pública,AAP
docm,"Anuncio de 16/12/2024, de la Delegación Provincial de Desarrollo Sostenible de Toledo, sobre información pública de solicitud de Nexo FV, SL, para autorización administrativa previa de proyecto de instalación solar fotovoltaica denominada Santa María Solar, situada en el término municipal de Mesegar de Tajo. Referencia: PE-722.",anuncio,AAP
boa,"ANUNCIO del Servicio Provincial de Presidencia, Economía y Justicia de Zaragoza, por el que se somete a información pública la solicitud hecha por Nedgia Aragón, SA, sobre autorización administrativa previa de la memoria anual 2025 de extensión de redes de gas natural en la provincia de Zaragoza. GAS-2846.",anuncio,AAP
boe,"Resolución de 23 de septiembre de 2024, de la Dirección General de Política Energética y Minas, por la que se otorga a Envatios Promoción XXIV, SL, autorización administrativa previa y autorización administrativa de construcción para la instalación fotovoltaica Envatios XXIV-Fase III, de 70,80 MW de potencia instalada, y su infraestructura de evacuación, en Torres de la Alameda, San Fernando de Henares, Loeches y Mejorada del Campo (Madrid).",resolución,AAP
docm,"Anuncio de 22/01/2025, de la Delegación Provincial de Desarrollo Sostenible de Ciudad Real, por el que se somete a información pública la solicitud de autorización administrativa previa y autorización administrativa de construcción de la instalación eléctrica que se cita (número de expediente 13241106371-13211104961).",anuncio,AAC
dogv,"RESOLUCIÓN de 24 de enero de 2025, del Servicio Territorial de Industria, Energía y Minas de Alicante, por la que se otorga a Esva Fotovoltaica, SL, autorización administrativa previa, autorización administrativa de construcción y aprobación del plan de desmantelamiento y restauración del terreno y el entorno afectado para una central fotovoltaica, ubicada en Elche (Alicante), de potencia instalada 1,91 MW, denominada “FV Asprillas IV”, incluida la infraestructura de evacuación. ATALFE/2022/2/03.",resolución,AAC
dogc,"Anuncio complementario al anuncio de información pública sobre la solicitud de autorización administrativa previa, autorización administrativa de construcción y autorización del proyecto de actuación específica de interés público en suelo no urbanizable del proyecto de la planta solar fotovoltaica denominada PS PIS 2N BIS, de 750 kW sobre terreno en suelo no urbanizable, en el término municipal de Saldes, en la comarca de El Berguedà (exp. FUE-2022-02930908, ref. 02381)",anuncio,AAC
boe,"Anuncio de la Dependencia Industria y Energía de la Subdelegación del Gobierno en Burgos, por el que se somete a Información Pública la solicitud de modificación de la Autorización Administrativa Previa, de modificación de la Autorización Administrativa de Construcción y de Declaración de Utilidad Pública «de parte de las infraestructuras de evacuación» de la Planta Solar Fotovoltaica «Agrupación MAIRA Beta» de 140,127 MW de potencia instalada, en los términos municipales de La Vid de Bureba, Berzosa de Bureba, Vileña, Grisaleña, Llano de Bureba, Los Barrios de Bureba, Quintanilla San García, Valluércanes, Briviesca, Vallarta de Bureba, Valle de Tobalina, Busto de Bureba, Quintanaélez, Oña, Frías y Partido de la Sierra en Tobalina, en la provincia de Burgos, promovido por la mercantil «SOLARIA Promoción y Desarrollo Fotovoltaico, S.L.U.». CÓDIGO PFot-436.",anuncio,AAC
dogv,ANUNCIO por el que se somete a información pública la solicitud de autorización administrativa previa y autorización de construcción relativa al proyecto de línea eléctrica de alta tensión. Expediente ATLINE/2023/52/46.,anuncio,AAC
boe,"Anuncio del Área Funcional de Industria y Energía de la Delegación del Gobierno en Navarra por el que se somete a Información Pública la Solicitud de Autorización Administrativa Previa, Autorización Administrativa de Construcción y Declaración de Impacto Ambiental de la ""Planta Fotovoltaica de Autoconsumo Hibridado con la Planta de Cogeneración de Viscofán de 45,045 MW de potencia instalada"" y su infraestructura de evacuación.",anuncio,AAC
boe,"Resolución de 13 de enero de 2025, de la Dirección General de Política Energética y Minas, por la que se corrigen errores en la de 25 de noviembre de 2024, por la que se acepta el desistimiento de Ceñida Solar, SLU, a la solicitud de autorización administrativa de construcción de la instalación fotovoltaica Ceñida Solar, de 57,38 MW de potencia instalada, y su infraestructura de evacuación, en Horche y Yebes (Guadalajara).",resolución,AAC
dogv,"ANUNCIO por el que se someten a tercera información pública las solicitudes de autorización administrativa previa, autorización administrativa de construcción, ocupación de vías pecuarias y la declaración de utilidad pública, en concreto, correspondientes a una central fotovoltaica denominada FV ONDA-AMBER SOLAR y su infraestructura de evacuación, con potencia a instalar de 15,4 MW, a situar en el término municipal de Onda (Castelló), sometida a evaluación de impacto ambiental. Expediente ATALFE/2020/1/12.",anuncio,AAC
docm,"Resolución de 10/03/2025, de la Dirección General de Transición Energética, sobre autorización administrativa previa y autorización administrativa de construcción de la instalación solar fotovoltaica denominada Nino, infraestructuras auxiliares y de evacuación (referencia: 2703/01590).",resolución,AAC
bon,"RESOLUCIÓN 9/2025, de 28 de enero, de la directora del Servicio de Ordenación Industrial, Infraestructuras Energéticas y Minas por la que se otorga autorización administrativa de construcción para la instalación eléctrica de almacenamiento con baterías denominada ""Oztegin"" y sus infraestructuras de evacuación, en término municipal de Lekunberri.",resolución,AAC
docm,"Notificación de 20/02/2025, de la Delegación Provincial de Desarrollo Sostenible de Toledo, por la que se acuerda publicar resolución de autorización administrativa previa, autorización administrativa de construcción y el reconocimiento, en concreto, de la utilidad pública de instalación eléctrica de alta tensión E-45211022142 C-I.",notificación,AAC
docm,"Resolución de 27/02/2025, de la Delegación Provincial de Desarrollo Sostenible de Toledo, de autorización administrativa previa y autorización administrativa de construcción de instalación eléctrica de alta tensión con número de expediente: E-45210222920.",resolución,AAC
borm,"Resolución de la Dirección General de Industria, Energía y Minas, por la que se otorga a la empresa Amber Solar Power Veinticuatro, S.L., la autorización administrativa previa y la autorización administrativa de construcción del proyecto de proyecto de instalación solar fotovoltaica denominada “FV Campos del Río” de 59,9664 MWp / 49,384 MWn, línea aéreo/subterránea de 30 kV y subestación transformadora 30/132 kV ubicada en los términos municipales de Campos del Río y Murcia, y se declara, en concreto, la utilidad pública. Expediente 4E22ATE21624.",resolución,AAC
bocyl,"RESOLUCIÓN de 3 de febrero de 2025, del Servicio Territorial de Industria, Comercio y Economía de Valladolid, dictada por delegación, por la que se concede la autorización administrativa previa y autorización administrativa de construcción de una instalación de distribución eléctrica, en el término municipal de Villalón de Campos (Valladolid). Expte.: AT-51585 (ATLI-51585).",resolución,AAC
boa,"RESOLUCIÓN de 5 de noviembre de 2024, de la Directora General de Energía y Minas del Departamento de Presidencia, Economía y Justicia, por la que se otorga la autorización administrativa previa y autorización de construcción de la planta fotovoltaica ""Lugarico"" en el término municipal de Zaragoza (Zaragoza).",resolución,AAC
docm,"Resolución de 12/03/2025, de la Delegación Provincial de Desarrollo Sostenible de Guadalajara, por la que se otorga a Infraestructuras del Agua de Castilla-La Mancha, la autorización administrativa previa y autorización administrativa de construcción del proyecto con título: Proyecto de centro de seccionamiento telemandado y acometida subterránea en doble circuito a 20 kV para suministro eléctrico a la estación depuradora de aguas residuales (EDAR) de Tórtola de Henares (Guadalajara) expediente 2025DIST-CES001.",resolución,AAC
bocyl,"RESOLUCIÓN de 3 de febrero de 2025, del Servicio Territorial de Industria, Comercio y Economía de Soria, de autorización administrativa previa y autorización de construcción del proyecto de sustitución del transformador de 400 kVA a 630 kVA del C.T. «Avenida Valladolid» (100603210), en el término municipal de Soria, titularidad de «i-DE Redes Eléctricas Inteligentes, S.A.U.». Expte.: IE/AT/11-2025.",resolución,AAC
boa,"RESOLUCIÓN de 9 de abril de 2024, de la Directora General de Energía y Minas, por la que se otorga la autorización administrativa previa y autorización de construcción de la planta fotovoltaica ""Ancar II"" en el término municipal de Alfambra (Teruel).",resolución,AAC
boe,"Resolución de 19 de febrero de 2025, de la Dirección General de Política Energética y Minas, por la que se otorga a Desarrollo Eólico Las Majas VII, SL, autorización administrativa previa y autorización administrativa de construcción, para la instalación solar fotovoltaica Las Majas VII A, de 10,89 MW de potencia instalada, para su hibridación con el parque eólico existente Las Majas VII A, de 49,40 MW, y sus infraestructuras de evacuación, en Herrera de los Navarros (Zaragoza).",resolución,AAC
boe,"Resolución de 27 de enero de 2025, de la Dirección General de Política Energética y Minas, por la que se otorga a Hornija Eólica, SLU, autorización administrativa previa y autorización administrativa de construcción, para la instalación solar fotovoltaica San Lorenzo D, de 34,377 MW de potencia instalada, para su hibridación con el parque eólico existente San Lorenzo D, de 33,75 MW, y sus infraestructuras de evacuación, en Castromonte, Torrelobatón y Peñaflor de Hornija (Valladolid), y se declara, en concreto, la utilidad pública.",resolución,AAC
boja,"Resolución de 18 de noviembre de 2024, de la Delegación Territorial de Economía, Hacienda, Fondos Europeos y de Industria, Energía y Minas en Sevilla, por la que se concede autorización administrativa previa y autorización administrativa de construcción y declaración en concreto de utilidad pública para la infraestructura eléctrica de evacuación asociada. (PP. 10167/2024).",resolución,AAC
boib,"Anuncio de la Consejería de Empresa, Empleo y Energía para la apertura del trámite de información pública de la autorización administrativa previa, autorización administrativa de construcción y declaración, en concreto, de utilidad pública de una instalación de conducción de aguas pluviales al vertedero de Biniatria de Alcúdia (2024/18646)",anuncio,AAC
borm,"Resolución de la Dirección General de Industria, Energía y Minas por la que se otorga a la empresa fotovoltaica Sangonera Solar, S.L. la autorización administrativa previa, la autorización administrativa de construcción y el reconocimiento, en concreto, de la utilidad pública de la instalación eléctrica de alta tensión de distribución denominada “Centro seccionamiento y nueva LSMT 20 kV desde entronque A/S en L/ Naveta hasta centro de seccionamiento para evacuación de electricidad procedente de PFV “El Palmar I”, en el término municipal de Murcia.",resolución,AAC
boe,"Resolución de 4 de noviembre de 2024, de la Dirección General de Política Energética y Minas, por la que se otorga a Envatios Fuencarral, SLU, autorización administrativa previa de las modificaciones y autorización administrativa de construcción para la instalación fotovoltaica Envatios XXII-Fase II, de 279,9 MW de potencia instalada, y su infraestructura de evacuación, en Cobeja y Borox (Toledo), y de Colmenar de Oreja (Madrid).",resolución,AAC
boe,"Corrección de errores del Anuncio del Área de Industria y Energía de la Subdelegación del Gobierno en Sevilla, por el que se somete a información pública la solicitud de autorización administrativa previa, declaración de impacto ambiental, autorización administrativa de construcción y declaración, en concreto, de utilidad pública de las instalaciones contempladas en los proyectos de línea aérea de transporte de energía eléctrica de doble circuito a 400 kV Carmona-Villanueva del Rey, la nueva subestación Villanueva del Rey 400 kV (Écija) y la ampliación de la subestación de Carmona 400kV, todos ellos en la provincia de Sevilla. Expediente: 171/2023.",corrección_errores,AAC
bon,"RESOLUCIÓN 167/2024, de 10 de diciembre, de la directora general de Energía, I+D+i empresarial y Emprendimiento, por la que se deniega la autorización administrativa previa, y la autorización administrativa de construcción y declaración, en concreto, de utilidad pública para la instalación de producción de energía eléctrica denominada planta solar fotovoltaica ""Tafalla Polux"", en término municipal de Tafalla.",resolución,AAC
bocyl,"INFORMACIÓN pública relativa a la solicitud de autorización administrativa previa y autorización administrativa de construcción de una instalación solar fotovoltaica y su instalación de evacuación, en el término municipal de San Marcial-El Perdigón (Zamora). Expte.: 9158 PSFV El Cerrojo - ITX.",información_pública,AAC
docm,"Resolución de 05/02/2025, de la Delegación Provincial de Desarrollo Sostenible de Toledo, de autorización administrativa previa y autorización administrativa de construcción de instalación eléctrica de alta tensión con número de expediente: E-452111122903.",resolución,AAC
docm,"Resolución de 04/03/2025, de la Delegación Provincial de Desarrollo Sostenible de Toledo, de autorización administrativa previa y autorización administrativa de construcción de instalación eléctrica de alta tensión con número de expediente E-45210222935.",resolución,AAC
docm,"Resolución de 13/03/2025, de la Delegación Provincial de Desarrollo Sostenible de Albacete, de autorización administrativa previa y autorización administrativa de construcción del proyecto de instalación de energía eléctrica denominado: Renovación de conductor en LAMT 20 kV S/C L-Tus de ST Fuensanta, derivación CT Quebradas y CT La Parrilla, emplazada en el término municipal de Yeste (Albacete). Referencia: 02211003231_6R.",resolución,AAC
bon,"Información pública de la solicitud de autorización administrativa previa, autorización administrativa de construcción y declaración de impacto ambiental de la ""planta fotovoltaica de autoconsumo hibridado con la planta de cogeneración de Viscofán de 45,045 MW de potencia instalada"" y su infraestructura de evacuación",información_pública,AAC
docm,"Resolución de 05/03/2025, de la Dirección General de Transición Energética, sobre autorización administrativa previa y autorización administrativa de construcción de las instalaciones contenidas en el proyecto denominado: Nueva posición de línea 66 kV y sustitución de autotransformador AT-1 por uno nuevo de 80 MVA ST Almansa, solicitadas por I-DE Redes Eléctricas Inteligentes, SAU. Referencia: 2401/00039.",resolución,AAC
boe,"Anuncio de los Servicios Territoriales en Tarragona del Departamento de Territorio, Vivienda y Transición Ecológica de la Generalitat de Cataluña por el que se somete a información pública la solicitud de modificación de la autorización administrativa previa, la autorización administrativa de construcción y la declaración de utilidad pública del Proyecto de la línea eléctrica de evacuación de la planta solar fotovoltaica llamada PS AENA Aeroport Reus de 12,5 MW sobre terreno en suelo no urbanizable, en el término municipal de Reus, en la comarca del Baix Camp. (Expte.FUE-2020-02168847, RAC-02530, RIPRE-02530).",anuncio,AAC
boa,"RESOLUCIÓN de 11 de noviembre de 2024, de la Directora General de Energía y Minas del Departamento de Presidencia, Economía y Justicia, por la que se otorga la autorización administrativa previa y autorización de construcción de la planta fotovoltaica ""FV Lafotovol Parque Solar IV"" en el término municipal de La Muela (Zaragoza).",resolución,AAC
bocyl,"INFORMACIÓN pública relativa a la solicitud de autorización administrativa previa y autorización administrativa de construcción de una instalación de distribución eléctrica, en el término municipal de Valladolid. Expte.: AT-51620 (ATLI-51620 ATCT-2818).",información_pública,AAC
docm,"Resolución de 07/02/2025, de la Dirección General de Transición Energética, sobre autorización administrativa previa y autorización administrativa de construcción de la instalación solar fotovoltaica para autoconsumo con excedentes denominada FV Seseña, infraestructuras auxiliares y de evacuación (referencia: 2703/01609).",resolución,AAC
dogv,"ANUNCIO por el que se someten a información pública las solicitudes de autorización administrativa previa, autorización administrativa de construcción, ocupación de vías pecuarias, y la declaración de utilidad pública, en concreto, correspondientes a la CFV «Instalación Solar Fotovoltaica Canaleja Chiva Solar» y su infraestructura de evacuación, con potencia pico de los módulos fotovoltaicos de 5.852,92 kW, potencia nominal de los inversores de 5.000 kW y capacidad de acceso concedida de 5.000 kW, en Chiva, sometida a evaluación de impacto ambiental simplificada Exp.: ATALFE/2022/25/46.",anuncio,AAC
boja,"Anuncio de 3 de febrero de 2025, de la Delegación Territorial de Economía, Hacienda, Fondos Europeos y de Industria, Energía y Minas en Huelva, por el que se somete a información pública la solicitud de autorización administrativa previa y autorización administrativa de construcción el proyecto de instalación de energía eléctrica que se cita a efectos de la solicitud de autorización ambiental unificada.",anuncio,AAC
bocyl,"RESOLUCIÓN de 11 de octubre de 2024, del Servicio Territorial de Industria, Comercio y Economía de Valladolid, dictada por delegación, por la que se concede la autorización administrativa previa y autorización administrativa de construcción de una instalación de distribución eléctrica, en el término municipal de Valladolid. Expte.: AT-51520 (ATLI-51520 ATCT-3736).",resolución,AAC
boe,"Resolución de 24 de febrero de 2025, de la Dirección General de Política Energética y Minas, por la que se otorga a Red Eléctrica de España, SAU, autorización administrativa previa y autorización administrativa de construcción de la línea aérea de transporte de energía eléctrica a 400 kV, doble circuito, de entrada y salida en la subestación Torrejón de Velasco, de la línea eléctrica a 400 kV Morata-Villaviciosa, en Torrejón de Velasco (Madrid), y se declara, en concreto, la utilidad pública.",resolución,AAC
docm,"Anuncio de 19/12/2024, de la Delegación Provincial de Desarrollo Sostenible de Toledo, sobre información pública para autorización administrativa previa, autorización administrativa de construcción y relación de bienes y derechos afectados a efectos del reconocimiento, en concreto, de la utilidad pública de las instalaciones de evacuación proyectadas con número de expediente PE-618.",anuncio,AAC
bocyl,"RESOLUCIÓN de 14 de marzo de 2025, del Servicio Territorial de Industria, Comercio y Economía de Valladolid, de autorización administrativa previa y autorización administrativa de construcción de una instalación de producción de energía eléctrica, por tecnología fotovoltaica, denominada «FV Cañadillas», y el reconocimiento de utilidad pública, en concreto, de las infraestructuras de evacuación, en el término municipal de Tordesillas (Valladolid). Expte.: FV-2581; ATCE-101.",resolución,AAC
boe,"Anuncio de la Delegación Territorial de Economía, Hacienda y Fondos Europeos y de Industria, Energía y Minas en Córdoba por el que se somete a información pública el ""Proyecto de ejecución de reforma de línea aéreas de media tensión denominada ""Ballesta"" a 20 Kv procedente de la subestación ""Pte_Nuev"" entre los apoyos existentes A5418224 y A5418219 para mejora de la red, en el término municipal de Villaviciosa (Córdoba), a efectos de autorización administrativa previa, autorización administrativa de construcción y declaración, en concreto, de utilidad pública. Expediente: AT 353/64-3.",anuncio,AAC
bocyl,"RESOLUCIÓN de 22 de enero de 2025, del Servicio Territorial de Industria, Comercio y Economía de León, por la que se otorga autorización administrativa previa y autorización administrativa de construcción a «Páramo Pvsun, S.L.U.», para la instalación de producción de energía eléctrica mediante paneles fotovoltaicos denominada «Páramo», de 1,99 MW de potencia instalada, y de su infraestructura de evacuación asociada, ubicada en el término municipal de Santa María del Páramo (León). Expte.: FV-146.2020.",resolución,AAC
docm,"Resolución de 19/12/2024, de la Dirección General de Transición Energética, sobre autorización administrativa previa y autorización administrativa de construcción de la instalación solar fotovoltaica denominada FV Polacra 8, infraestructuras auxiliares y de evacuación (referencia: 2703/01598).",resolución,AAC
docm,"Resolución de 22/10/2024, de la Delegación Provincial de Desarrollo Sostenible de Guadalajara, por la que se otorga a UFD Distribución Electricidad, SA, la autorización administrativa previa y autorización administrativa de construcción del proyecto con título: Proyecto para PS entronque en media tensión. Término municipal de Auñón (Guadalajara). Número de expediente 2023DIST023.",resolución,AAC
bocyl,"INFORMACIÓN pública relativa a la solicitud de autorización administrativa previa y autorización administrativa de construcción, para el proyecto de sustitución del centro de transformación de superficie de tipo palomar C.T. «Valdelinares» (100620800) por un centro de transformación de intemperie compacto bajo poste C.T. «Cuestas Valdelinares» (902515005), en la L.A.A.T. «34-Ucero» a 13,2 kV de la S.T.R. «Burgo de Osma» (4786) y su enlace con la red de baja tensión existente en Valdelinares, en el término municipal de Valdemaluque (Soria), titularidad de «i-DE Redes Eléctricas Inteligentes, S.A.U.». Expte.: IE/AT/59/2023.",información_pública,AAC
dogc,"Resolución TER/4763/2024, de 10 de diciembre, por la que se otorga a la empresa EDistribución Redes Digitales, SLU, la autorización administrativa previa y autorización administrativa de construcción correspondiente al proyecto de ejecución de la sustitución del transformador TR-1 por avería en la SE Collblanc, en el término municipal de L'Hospitalet de Llobregat (exp. FUE-2023-03379278)",resolución,AAC
docm,"Resolución de 12/03/2025, de la Delegación Provincial de Desarrollo Sostenible de Toledo, de autorización administrativa previa y autorización administrativa de construcción de instalación eléctrica de alta tensión con número de expediente: E-45211122377 corresponde I.",resolución,AAC
dogv,"ANUNCIO por el que se someten a información pública las solicitudes de autorización administrativa previa y autorización administrativa de construcción, y la declaración de utilidad pública, en concreto, correspondientes a una central fotovoltaica denominada PFV Onil-Alicante y su infraestructura de evacuación particular, con potencia a instalar 3,29 MW, a ubicar en el término municipal de Onil. Expediente ATALFE/2020/41.",anuncio,AAC
boa,"ANUNCIO del Servicio Provincial de Presidencia, Economía y Justicia de Huesca, por el que se someten a información pública la solicitud de autorización administrativa previa y de construcción del proyecto ""Subestación 220/132/15 kV Esquedas, ampliación posiciones línea 132 kV Reventón y Reventón 2"", en el término municipal de La Sotonera (Huesca).  Expediente HU-SP-ENE-AT-2024-116.",anuncio,AAP_AAC
boa,"ANUNCIO del Servicio Provincial de Presidencia, Economía y Justicia de Teruel, por el que se somete a información pública la solicitud de autorización administrativa previa y de construcción del proyecto subestación ""Platea 132/20 kV ampliación parque 132 kV"", titular Edistribución Redes Digitales, SLU. Expediente TE-SP-ENE-AT-2023-064.",anuncio,AAP_AAC
dog,"RESOLUCIÓN de 7 de febrero de 2025, del Departamento Territorial de A Coruña, por la que se concede la autorización administrativa previa y de construcción y la declaración de utilidad pública, en concreto, de una instalación de distribución eléctrica en el ayuntamiento de Arteixo  (expediente IN407A 2024/201-1).",resolución,AAP_AAC
dogc,"Resolución TER/58/2025, de 14 de enero, por la que se otorga a Els Plans Planta Fotovoltaica, SL, la segunda modificación de la autorización administrativa previa y de construcción y declaración de utilidad pública del proyecto de la planta solar fotovoltaica denominada Els Plans Planta Fotovoltaica, de 2,16 MW sobre terreno en suelo no urbanizable, y su infraestructura de evacuación, en el término municipal de Sarral, en la comarca de La Conca de Barberà (exp. FUE-2024-04171840)",resolución,AAP_AAC
dogv,"RESOLUCIÓN de 12 de marzo de 2025, del Servicio Territorial de Industria, Energía y Minas de Valencia, por la que se da por desistido el titular del expediente ATALFE/2020/39, iniciado por Epower Solar Renewable, SL, de autorización administrativa previa y de construcción y declaración de utilidad pública en concreto, correspondiendo a la central fotovoltaica «PSF Aquila MT» y su infraestructura de evacuación, con potencia nominal del inversor limitado a 3 MW, que se tiene que ubicar en el término municipal de Utiel.",resolución,AAP_AAC
dog,"RESOLUCIÓN de 27 de enero de 2025, del Departamento Territorial de Ourense, por la que se concede la autorización administrativa previa y de construcción de una instalación eléctrica en el ayuntamiento de San Cibrao das Viñas (expediente IN407A 2024/151-3).",resolución,AAP_AAC
dog,"RESOLUCIÓN de 13 de diciembre de 2024, del Departamento Territorial de Pontevedra, por la que se conceden las autorizaciones administrativas previa y de construcción de una instalación eléctrica en el ayuntamiento de Ponteareas (expediente IN407A 2024/273-4).",resolución,AAP_AAC
dog,"RESOLUCIÓN de 12 de febrero de 2025, del Departamento Territorial de A Coruña, por la que se concede la autorización administrativa previa y de construcción y la declaración de utilidad pública, en concreto, de una instalación de distribución eléctrica en el ayuntamiento de Ribeira (expediente IN407A 2022/290-1).",resolución,AAP_AAC
boa,"RESOLUCIÓN de 14 de febrero de 2025, del Servicio Provincial de Zaragoza, relativo a la autorización administrativa previa y de construcción, del proyecto planta solar fotovoltaica ""Vasallo"" de 1000 kW en el término municipal de Lécera. Expediente: G-Z-2024-010.",resolución,AAP_AAC
dog,"RESOLUCIÓN de 3 de marzo de 2025, del Departamento Territorial de Pontevedra, por la que se conceden las autorizaciones administrativas previa y de construcción de una instalación eléctrica en el ayuntamiento de Ponteareas (expediente IN407A 2024/269-4).",resolución,AAP_AAC
boa,"RESOLUCIÓN de 8 de enero de 2025, del Servicio Provincial de Zaragoza, relativo a la autorización administrativa previa y de construcción, del proyecto planta solar fotovoltaica ""Calampo"" de 1000 kW en el término municipal de Moros. Expediente: G-Z-2023-142.",resolución,AAP_AAC
dog,"RESOLUCIÓN de 21 de noviembre de 2024, del Departamento Territorial de A Coruña, por la que se acepta la renuncia de una autorización administrativa previa y de construcción de una instalación de distribución eléctrica.",resolución,AAP_AAC
dogc,"Resolución TER/4799/2024, de 16 de diciembre, por la que se otorga a Univergy ES SPC 25, SL, la autorización administrativa previa y de construcción del proyecto de la planta solar fotovoltaica llamada La Femosa, de 875 kW sobre terreno en suelo no urbanizable, y su infraestructura de evacuación, en el término municipal de Artesa de Lleida, en la comarca de El Segrià (exp. FUE-2022-02779916)",resolución,AAP_AAC
dog,"RESOLUCIÓN de 6 de febrero de 2025, del Departamento Territorial de Lugo, por la que se concede la autorización administrativa previa y de construcción de una instalación eléctrica en el ayuntamiento de A Fonsagrada (expediente IN407A 2024/117 AT).",resolución,AAP_AAC
boja,"Anuncio de 24 de febrero de 2025, de la Delegación Territorial de Economía, Hacienda, Fondos Europeos y de Industria, Energía y Minas en Sevilla, por el que se somete a trámite de audiencia a los interesados e información pública el procedimiento de autorización administrativa previa y de construcción y declaración, en concreto, de utilidad pública. (PP. 467/2025).",anuncio,AAP_AAC
dog,"RESOLUCIÓN de 31 de octubre de 2024, del Departamento Territorial de A Coruña, por la que se concede la autorización administrativa previa y de construcción de una instalación eléctrica en el ayuntamiento de San Sadurniño (expediente IN407A 2024/233-1).",resolución,AAP_AAC
dogc,"Resolución TER/4665/2024, de 19 de noviembre, de la Dirección General de Energía, por la que se otorga a Energia Inagotable de Anser, SL, la autorización administrativa previa y de construcción del proyecto de la planta solar fotovoltaica denominada Gualter, de 25 MW de potencia instalada sobre terreno en suelo no urbanizable, y su infraestructura de evacuación, líneas soterradas a 30 kV, subestación SED Gualter  30/110kV y línea aérea de alta tensión 110 kV, en el término municipal de Artesa de Segre, en la comarca de La Noguera (exp. FUE-2021-02207760)",resolución,AAP_AAC
boa,"RESOLUCIÓN de 23 de septiembre de 2024, del Servicio Provincial de Zaragoza, relativo a la autorización administrativa previa y de construcción, del proyecto instalación de autoconsumo fotovoltaico ""Cerdos Deluxe"" de ampliación de 200 kW, en total 300 kW, en el término municipal de Tauste. Expediente: G-Z-2024-071.",resolución,AAP_AAC
boe,"Anuncio de la Delegación Territorial de Economía, Hacienda, Fondos europeos y de Industria, Energía y Minas en Sevilla, por el que se somete a información pública la petición realizada por la mercantil ES Planta Solar 2, S.L., por la que se solicita la modificación de autorización administrativa previa y de construcción así como la declaración en concreto de utilidad pública, para las infraestructuras eléctricas de evacuación denominada ""Línea aéreo-subterránea 30 kV segregada de la instalación solar fotovoltaica HSF Gajo Guadalquivir II"", cuya traza discurre por los términos municipales de Dos Hermanas (Sevilla).",anuncio,AAP_AAC
dog,"RESOLUCIÓN de 25 de febrero de 2025, del Departamento Territorial de Lugo, por la que se concede la autorización administrativa previa y de construcción de una instalación eléctrica en el ayuntamiento de Lugo (expediente IN407A 2024/196 AT).",resolución,AAP_AAC
boa,"RESOLUCIÓN de 22 de enero de 2025, del Servicio Provincial de Zaragoza, relativo a la autorización administrativa previa y de construcción, del proyecto planta solar fotovoltaica ""Apolo"" de 1000 kW en el término municipal de Muel. Expediente: G-Z-2024-015.",resolución,AAP_AAC
boa,"RESOLUCIÓN de 18 de diciembre de 2024, de la Directora General de Energía y Minas del Departamento de Presidencia, Economía y Justicia, por la que se otorga la autorización administrativa previa y de construcción de instalación ""SE Calatorao 220 kV"".",resolución,AAP_AAC
bor,Anuncio de Información Pública de la solicitud de autorización administrativa previa y de construcción de instalación eléctrica. AT/0025728,anuncio,AAP_AAC
boa,"RESOLUCIÓN de 11 de diciembre de 2024, del Servicio Provincial de Zaragoza, relativo a la autorización administrativa previa y de construcción, del proyecto de ampliación de instalación de autoconsumo fotovoltaico ""San Lorenzo"" de ampliación de 36 kW, en total 126 kW, en el término municipal de Maella. Expediente: G-Z-2024-091.",resolución,AAP_AAC
dog,"RESOLUCIÓN de 23 de enero de 2025, del Departamento Territorial de A Coruña, por la que se concede la autorización administrativa previa y de construcción y la declaración de utilidad pública, en concreto, de una instalación de distribución eléctrica en el ayuntamiento de Sada (expediente IN407A 2024/039-1).",resolución,AAP_AAC
dog,"RESOLUCIÓN de 3 de febrero de 2025, del Departamento Territorial de A Coruña, por la que se concede la autorización administrativa previa y de construcción de una instalación de distribución eléctrica en el ayuntamiento de Culleredo (expediente IN407A 2024/234-1).",resolución,AAP_AAC
boa,"RESOLUCIÓN de 14 de noviembre de 2024, del Servicio Provincial de Zaragoza, relativo a la autorización administrativa previa y de construcción del proyecto planta solar fotovoltaica ""Torrubia"" de 500 kW en el término municipal de Muel. Expediente: G-Z-2023-157.",resolución,AAP_AAC
boe,"Anuncio de la Delegación Territorial de Economía, Hacienda, Fondos Europeos y de Industria, Energía y Minas en Sevilla, por la que se somete a trámite de audiencia a los interesados e información pública el procedimiento de autorización administrativa previa y de construcción y declaración, en concreto, de utilidad pública del proyecto de alta tensión denominado nueva subestación Puerto Sevilla, en el término municipal de Dos Hermanas (Sevilla).",anuncio,AAP_AAC
boja,"Anuncio de 4 de noviembre de 2024, de la Delegación Territorial de Economía, Hacienda, Fondos Europeos y de Industria, Energía y Minas en Sevilla, por el que se somete a trámite de audiencia e información pública por la que se solicita la modificación de la autorización administrativa previa y de construcción y la declaración en concreto de utilidad pública. (PP. 9966/2024).",anuncio,AAP_AAC
dog,"ACUERDO de 7 de febrero de 2025, del Departamento Territorial de A Coruña, por el que se somete a información pública la solicitud de otorgamiento de la autorización administrativa previa y de construcción y de declaración de utilidad pública, en concreto, de una instalación de distribución de energía eléctrica en el ayuntamiento de Ribeira (expediente IN407A 2022/220-1).",acuerdo,AAP_AAC
docm,"Corrección de errores de la Resolución de 01/02/2024, de la Dirección General de Transición Energética, sobre autorización administrativa previa y de construcción de la instalación solar fotovoltaica denominada Veredilla FV3, infraestructuras auxiliares y de evacuación (referencia: 2703/01552).",corrección_errores,AAP_AAC
dog,"RESOLUCIÓN de 13 de diciembre de 2024, de la Dirección General de Energías Renovables y Cambio Climático, por la que se otorga autorización administrativa previa y de construcción de una planta solar fotovoltaica que Villasán Renovables, S.L. promueve en el ayuntamiento de Friol (expediente LU-2022-03).",resolución,AAP_AAC
boa,"ANUNCIO del Servicio Provincial de Teruel del Departamento de Presidencia, Economía y Justicia, por el que se inicia de nuevo la información pública de la solicitud de autorización administrativa previa y de construcción, del proyecto ""Parque Eólico Monteagudo"" de 36 MW y su estudio de impacto ambiental, titular A50645480 Molinos del Ebro, SA.  Expediente G-T-2024-005.",anuncio,AAP_AAC
bocyl,"RESOLUCIÓN de 17 de diciembre de 2024, del Servicio Territorial de Industria, Comercio y Economía de Burgos, por la que se otorga autorización administrativa previa y de construcción al proyecto de línea subterránea de enlace entre la líneas aéreas a 13,2 kV «51-Covarrubias» de la S.T.R. «Lerma» y «61-Los Laras» de la S.T.R. «Salas Infantes», en los términos municipales de Covarrubias y Hortigüela (Burgos). Expte.: ATLI/29.253.",resolución,AAP_AAC
boa,"ANUNCIO del Servicio Provincial de Zaragoza, por el que se somete a información pública, la modificación de la autorización administrativa previa y de construcción, de la adenda del proyecto modificado 2 de la infraestructura de evacuación SET ""Arbequina"" y la línea aérea ""SET Arbequina - SET Almazara"", solicitado por la empresa Almalel Solar, SL.  Expedientes AT 2021/008.",anuncio,AAP_AAC
dog,"RESOLUCIÓN de 20 de febrero de 2025, del Departamento Territorial de A Coruña, por la que se concede la autorización administrativa previa y de construcción de una instalación de distribución eléctrica en el ayuntamiento de Ferrol (expediente IN407A 2024/073-1).",resolución,AAP_AAC
bopa,"Extracto de la Resolución de 30 de enero de 2025, de la Consejería de Transición Ecológica, Industria y Desarrollo Económico, por la que se pone fin al procedimiento de autorización administrativa previa y de construcción del parque eólico “Palancas”, expediente PE-53, concejos de Cudillero y Valdés. [Cód. 2025-00823]",extracto,AAP_AAC
dog,"RESOLUCIÓN de 14 de enero de 2025, del Departamento Territorial de Ourense, por la que se concede la autorización administrativa previa y de construcción y se declara, en concreto, de utilidad pública, a los efectos de la urgente ocupación, de una instalación eléctrica en el ayuntamiento de Avión (expediente IN407A 2024/112-3).",resolución,AAP_AAC
dog,"RESOLUCIÓN de 20 de febrero de 2025, del Departamento Territorial de A Coruña, por la que se acepta el desistimiento de la solicitud de autorización administrativa previa y de construcción y de la declaración de utilidad pública de una instalación eléctrica en el ayuntamiento de Arzúa (expediente IN407A 2024/045-1).",resolución,AAP_AAC
dogv,"RESOLUCIÓN de 25 de julio de 2024, de la Dirección General de Energía y Minas, de autorización administrativa previa y de construcción y aprobación del plan de desmantelamiento a Kirov Itg, SLU, de la central fotovoltaica «FV Morella Llacua», de 40,713 MW, ubicada en Morella, incluida la infraestructura de evacuación de uso exclusivo y la compartida con la central «FV Morella Llivis», constituida por la subestación ST Morella Solar 30/132 kV y la línea en 132 kV que la une con la existente ST Morella 132/400 kV, y se declara la utilidad pública de las líneas de evacuación. Exp. ATALFE/2020/43.",resolución,AAP_AAC
boja,"Acuerdo de 5 de marzo de 2025, de la Delegación Territorial de Sostenibilidad, Medio Ambiente y Economía Azul en Málaga, por el que se da publicidad a la autorización ambiental unificada otorgada para el proyecto que se cita, en el término municipal de Fuengirola (Málaga). (PP. 486/2025).",acuerdo,AAU
boja,"Acuerdo de 24 de febrero de 2025, de la Delegación Territorial de Sostenibilidad, Medio Ambiente y Economía Azul en Almería, por el que se da publicidad al informe vinculante de autorización ambiental unificada sobre la ejecución del proyecto que se cita, en el término municipal de Almería (Almería).",acuerdo,AAU
doe,"Resolución de 6 de marzo de 2025, de la Dirección General de Sostenibilidad, por la que se otorga autorización ambiental unificada para el proyecto de cebadero de terneros, cuya titular es 2015 Coto de Vera, SL, en el término municipal de Mérida.",resolución,AAU
bon,"RESOLUCIÓN 56E/2025, de 12 de febrero, del director del Servicio de Economía Circular e Innovación por la que se acepta parcialmente el cambio solicitado de las condiciones de funcionamiento establecidas en la autorización ambiental unificada de la instalación de fabricación de aros y bridas de acero, cuyo titular es Barranquesa Anchor Cages, SLU, ubicada en término municipal de Galar.",resolución,AAU
doe,"Anuncio de 31 de enero de 2025 por el que se pone a disposición del público la información relativa al procedimiento de solicitud de autorización ambiental unificada del proyecto de explotación porcina, promovido por Montemoheda, SL, en el término municipal de Guijo de Granadilla (Cáceres).",anuncio,AAU
boja,"Acuerdo de 18 de marzo de 2025, de la Delegación Territorial de Sostenibilidad, Medio Ambiente y Economía Azul en Granada, por el que se da publicidad a la resolución de modificación de la autorización ambiental unificada otorgada a proyecto de centro de almacenamiento y valorización de residuos no peligrosos y peligrosos, en el término municipal de Jerez del Marquesado (Granada).",acuerdo,AAU
boja,"Resolución de 11 de marzo de 2025, de la Delegación Territorial de Sostenibilidad, Medio Ambiente y Economía Azul en Cádiz, por la que se da publicidad a la resolución con la que se otorga autorización ambiental unificada simplificada en el término municipal de Barbate (Cádiz). (PP. 533/2025).",resolución,AAU
boja,"Acuerdo de 28 de enero de 2025, de la Delegación Territorial de Sostenibilidad, Medio Ambiente y Economía Azul en Cádiz, por el que se abre un periodo de información pública con el fin de obtener la modificación sustancial de la autorización ambiental unificada para el proyecto que se cita, en el término municipal de Tarifa, en la provincia de Cádiz.",acuerdo,AAU
bon,"RESOLUCIÓN 4E/2025, de 3 de enero, del director del Servicio de Economía Circular e Innovación por la que se acepta parcialmente el cambio solicitado de las condiciones de funcionamiento establecidas en la autorización ambiental unificada de la instalación de mecanizado de piezas metálicas, cuyo titular es Tiruña, SL, ubicada en término municipal de Orkoien, de forma que la instalación y el desarrollo de la actividad deberán cumplir las condiciones establecidas en el anejo de la presente resolución.",resolución,AAU
bon,"RESOLUCIÓN 74E/2025, de 25 de febrero, del director del Servicio de Economía Circular e Innovación por la que se deniega el cambio solicitado de las condiciones de funcionamiento establecidas en la autorización ambiental unificada de la instalación de fabricación de briquetas de hierro, de carburo de silicio y de aluminio, cuyo titular es José Larrañaga, SA, ubicada en término municipal de Leitza.",resolución,AAU
bon,"INFORMACIÓN PÚBLICA. Fase preceptiva del procedimiento de modificación sustancial de autorización ambiental unificada y evaluación de impacto ambiental ordinaria, promovido por Transportes Maitxene SL.",información_pública,AAU
doe,"Resolución de 23 de enero de 2025, de la Dirección General de Sostenibilidad, por la que se otorga la autorización ambiental unificada del proyecto de fábrica de productos de nutrición clínica, promovido por Vegenat Healthcare, SL, en el término municipal de Badajoz.",resolución,AAU
boja,"Acuerdo de 24 de enero de 2025, de la Delegación Territorial de Sostenibilidad, Medio Ambiente y Economía Azul en Granada, por el que se da publicidad a la resolución de autorización ambiental unificada de proyecto obras para la captación de aguas subterráneas mediante sondeo para uso domestico estacional, en el término municipal de Huéscar (Granada). (PP. 171/2025).",acuerdo,AAU
bon,"RESOLUCIÓN 11E/2025, de 8 de enero, del director del Servicio de Economía Circular e Innovación por la que se acepta el cambio solicitado de las condiciones de funcionamiento establecidas en la autorización ambiental unificada de la instalación de fabricación de pastillas de freno de ferrocarril, cuyo titular es Knorr-Bremse Pamplona SL, ubicada en término municipal de Pamplona / Iruña, de forma que la instalación y el desarrollo de la actividad deberán cumplir las condiciones establecidas en el anejo de la presente resolución.",resolución,AAU
boja,"Acuerdo de 11 de diciembre de 2024, de la Delegación Territorial de Sostenibilidad, Medio Ambiente y Economía Azul en Granada, por el que se da publicidad a la resolución de autorización ambiental unificada del Anteproyecto de Planta para el almacenamiento de productos químicos y aceites, en Área Portuaria de Motril (Granada). (PP. 10245/2024).",acuerdo,AAU
boja,"Resolución de 4 de marzo de 2025, de la Delegación Territorial de Sostenibilidad, Medio Ambiente y Economía Azul en Sevilla, por la que se da publicidad a la Resolución de 24 de febrero de 2025, de autorización ambiental unificada simplificada, para el proyecto que se cita, en el término municipal de Cantillana (Sevilla).",resolución,AAU
boja,"Resolución 17 de febrero de 2025, de la Delegación Territorial de Sostenibilidad, Medio Ambiente y Economía Azul en Cádiz, por la que se da publicidad al informe vinculante de la autorización ambiental unificada para el proyecto que se cita, en los términos municipales de Jerez de la Frontera y Sanlúcar de Barrameda, en la provincia de Cádiz.",resolución,AAU
bon,"RESOLUCIÓN 547E/2024, de 14 de diciembre, del director del Servicio de Economía Circular e Innovación por la que se extingue la autorización ambiental unificada de la instalación de pintado de piezas metálicas, cuyo titular es Cover J.J. Moreno, SL, ubicada en término municipal de Lerín.",resolución,AAU
bon,"RESOLUCIÓN 73E/2025, de 25 de febrero, del director del Servicio de Economía Circular e Innovación por la que se acepta el cambio solicitado de las condiciones de funcionamiento establecidas en la autorización ambiental unificada de la instalación de envasado de productos cárnicos, cuyo titular es Embutidos Goikoa, SA, ubicada en término municipal de Sangüesa / Zangoza.",resolución,AAU
boja,"Anuncio de 4 de febrero de 2025, de la Delegación Territorial de Sostenibilidad, Medio Ambiente y Economía Azul en Huelva, por el que se da publicidad a la nueva autorización ambiental unificada simplificada otorgada en esta provincia. (PP. 262/2025).",anuncio,AAU
doe,"Anuncio de 19 de septiembre de 2024 por el que se pone a disposición del público la información relativa al procedimiento de solicitud de autorización ambiental unificada del proyecto de planta de almacenamiento de residuos no peligrosos, promovido por Ecorecicat Extremadura, SL, en el término municipal de Cáceres.",anuncio,AAU
bon,"RESOLUCIÓN 565E/2024, de 24 de diciembre, del director del Servicio de Economía Circular e Innovación por la que se concede autorización ambiental unificada a la instalación de planta de reciclado y valorización de materiales compuestos procedentes del sector eólico, cuyo titular es Acciona Global Renewables, SL, ubicada en término municipal de Lumbier.",resolución,AAU
doe,"Anuncio de 31 de enero de 2025 por el que se pone a disposición del público la información relativa al procedimiento de solicitud de autorización ambiental unificada del proyecto de cebadero de terneros, promovido por Fregenal Ganaderos de la Sierra, SCL, en el término municipal de Fregenal de la Sierra (Badajoz).",anuncio,AAU
boja,"Resolución de 17 de febrero de 2025, de la Delegación Territorial de Sostenibilidad, Medio Ambiente y Economía Azul en Sevilla, por la que se da publicidad al Informe Vinculante, de fecha 13 de febrero de 2025, por la que se otorga autorización ambiental unificada al proyecto que se cita, en el término municipal de Alcalá de Guadaíra, en la provincia de Sevilla. (PP. 356/2025).",resolución,AAU
boja,"Acuerdo de 16 de enero de 2025, de la Delegación Territorial de Sostenibilidad, Medio Ambiente y Economía Azul en Málaga, por el que se da publicidad a la autorización ambiental unificada, en el término municipal de Casares (Málaga). (PP. 136/2025).",acuerdo,AAU
bon,"RESOLUCIÓN 550E/2024, de 16 de diciembre, del director del Servicio de Economía Circular e Innovación por la que se acepta parcialmente el cambio solicitado de las condiciones de funcionamiento establecidas en la autorización ambiental unificada de la instalación de fabricación y transformación de cartón ondulado, cuyo titular es Papelera del Ebro, SA, ubicada en término municipal de Viana, de forma que la instalación y el desarrollo de la actividad deberán cumplir las condiciones establecidas en el anejo de la presente resolución.",resolución,AAU
boja,"Acuerdo de 19 de diciembre de 2024, de la Delegación Territorial de Sostenibilidad, Medio Ambiente y Economía Azul en Málaga, por el que se abre un periodo de información pública sobre el expediente de autorización ambiental unificada para el proyecto que se cita, en los términos municipales de Cártama y Pizarra.",acuerdo,AAU
boja,"Resolución de 10 de marzo de 2025, de la Delegación Territorial de Sostenibilidad, Medio Ambiente y Economía Azul en Sevilla, por la que se da publicidad a la resolución de autorización ambiental unificada para el proyecto que se cita, en el término municipal de El Pedroso, provincia de Sevilla. (PP. 535/2025).",resolución,AAU
doe,"Resolución de 11 de enero de 2025, de la Dirección General de Sostenibilidad, por la que se otorga autorización ambiental unificada al proyecto de planta de gestión de residuos inertes, cuya promotora es Crisbaex, SL, en el término municipal de Cáceres (Cáceres).",resolución,AAU
doe,"Anuncio de 2 de febrero de 2025 por el que se pone a disposición del público la información relativa al procedimiento de solicitud de autorización ambiental unificada del proyecto de ampliación de nave para traslado de aserradero, promovido por Ecopinex Gestión Forestal Aserradero, SL, en el término municipal de Jerez de los Caballeros.",anuncio,AAU
doe,"Anuncio de 27 de octubre de 2024 por el que se pone a disposición del público la información relativa al procedimiento de solicitud de autorización ambiental unificada del proyecto de instalación destinada a la producción de carbón vegetal, promovido por Francisco Manuel Vega Conejo, en Zahínos (Badajoz).",anuncio,AAU
boja,"Resolución de 5 de febrero de 2025, de la Delegación Territorial de Sostenibilidad, Medio Ambiente y Economía Azul en Sevilla, por la que se da publicidad a la resolución de autorización ambiental unificada para el proyecto que se cita, en el término municipal de Écija, provincia de Sevilla. (PP. 275/2025).",resolución,AAU
boja,"Resolución de 9 de enero de 2025, de la Delegación Territorial de Sostenibilidad, Medio Ambiente y Economía Azul en Cádiz, por la que se da publicidad al informe vinculante de la autorización ambiental unificada para el proyecto que se cita, en el término municipal de Puerto Real, en la provincia de Cádiz. (PP. 50/2025).",resolución,AAU
boja,"Resolución de 14 de enero de 2025, de la Delegación Territorial de Sostenibilidad, Medio Ambiente y Economía Azul en Cádiz, por la que se da publicidad al informe vinculante de la autorización ambiental unificada para el proyecto que se cita, en el término municipal de Puerto Real, en la provincia de Cádiz. (PP. 100/2025).",resolución,AAU
boja,"Resolución 27 de enero de 2025, de la Delegación Territorial de Sostenibilidad, Medio Ambiente y Economía Azul en Cádiz, por la que se da publicidad al informe vinculante de la autorización ambiental unificada para el proyecto que se cita, en el término municipal de Puerto Real, en la provincia de Cádiz. (PP. 207/2025).",resolución,AAU
boja,"Acuerdo de 3 de marzo de 2025, de la Delegación Territorial de Sostenibilidad, Medio Ambiente y Economía Azul en Málaga, por el que se abre un periodo de información pública sobre el expediente de autorización ambiental unificada para el proyecto que se cita, en el término municipal de Carratraca (Málaga). (PP. 485/2025).",acuerdo,AAU
bon,INFORMACIÓN PÚBLICA. Expediente de modificación sustancial de autorización ambiental unificada promovido por Manipulados Ulzama SL.,información_pública,AAU
boja,"Acuerdo de 27 de noviembre de 2024, de la Delegación Territorial de Sostenibilidad, Medio Ambiente y Economía Azul en Granada, por el que se hace pública resolución de modificación de informe vinculante por el que se otorga la autorización ambiental unificada de plantas solares fotovoltaicas e infraestructuras de evacuación en los términos municipales de Cacín, El Turro, Alhama de Granada, Chimeneas, Moraleda de Zafayona, Pinos Puente, Íllora y Atarfe (Granada). (PP. 10163/2024).",acuerdo,AAU
boja,"Resolución 24 de enero de 2025, de la Delegación Territorial de Sostenibilidad, Medio Ambiente y Economía Azul en Cádiz, por la que se da publicidad al informe vinculante de la autorización ambiental unificada para el proyecto que se cita, en los términos municipales de El Puerto de Santa María, Jerez de la Frontera y Sanlúcar de Barrameda, en la provincia de Cádiz.",resolución,AAU
boja,"Resolución de 4 de marzo de 2025, de la Delegación Territorial de Sostenibilidad, Medio Ambiente y Economía Azul en Cádiz, por la que se da publicidad al informe vinculante de la autorización ambiental unificada para el proyecto que se cita, en el término municipal de El Puerto de Santa María, en la provincia de Cádiz. (PP. 471/2025).",resolución,AAU
madridambiental,"RESOLUCIÓN DE 22 DE ENERO DE 2025, DE LA DIRECTORA GENERAL DE TRANSICIÓN ENERGÉTICA Y ECONOMÍA CIRCULAR DE LA CONSEJERÍA DE MEDIO AMBIENTE, AGRICULTURA E INTERIOR POR LA QUE SE ACUERDA HACER PÚBLICO EL INFORME DE IMPACTO AMBIENTAL DEL PROYECTO DE ""MODIFICACIÓN DE LA INSTALACIÓN DE TRATAMIENTO, VALORIZACIÓN Y ELIMINACIÓN EN VERTEDERO DE RESIDUOS NO PELIGROSOS"", PROMOVIDO POR TRADEBE VALDILECHA, S. L., SITO EN CARRETERA M-224 DE VALDILECHA A POZUELO DEL REY, PK 8,25 EN EL TÉRMINO MUNICIPAL DE VALDILECHA (EXPEDIENTE: 10-IPPC-00066.1/2022; AAI-5.009).",resolución,IIA
bocyl,"RESOLUCIÓN de 19 de diciembre de 2024, de la Delegación Territorial de Soria, por la que se dicta el informe de impacto ambiental del proyecto de explotación gravera «Los Bañuelos» n.º 424, en el término municipal de Caltojar (Soria), promovido por el Ayuntamiento. Expte.: 020/24 EIA - EIAS/2024/SO/007.",resolución,IIA
boa,"RESOLUCIÓN de 20 de diciembre de 2024, del Instituto Aragonés de Gestión Ambiental, por la que se decide no someter al procedimiento de evaluación de impacto ambiental ordinaria y se emite informe de impacto ambiental del proyecto de planta de reciclaje de paneles fotovoltaicos de silicio cristalino promovido por Centro Europeo de Reciclaje Fotovoltaico SL (CERFO), en el polígono industrial San Cristóbal, parcelas 15, 16 y 19, del término de Albalate del Arzobispo, Teruel. (Número de Expediente: INAGA 500301/01/2024/2814).",resolución,IIA
docm,"Resolución de 03/03/2025, de la Delegación Provincial de Desarrollo Sostenible de Albacete, por la que se formula el informe de impacto ambiental del proyecto: Proyecto de urbanización del Programa de Actuación Urbanizadora sector S-1-A del AR-A de la Modificación Puntual número 4 de las Normas Subsidiarias de Alpera (expediente PRO-AB-23-1593), situado en el término municipal de Alpera (Albacete), cuya promotora es Sociedad Cooperativa Santa Cruz de Alpera.",resolución,IIA
bocyl,"RESOLUCIÓN de 15 de enero de 2025, de la Delegación Territorial de Valladolid, por la que se hace público el informe de impacto ambiental del proyecto de la instalación solar fotovoltaica «Zaratán III» y sus infraestructuras de evacuación, en los términos municipales de Zaratán y Valladolid, promovido por «Moralina Investments, S.L.U.». Expte.: EIA/VA/2024/07.",resolución,IIA
dogc,"Resolución TER/732/2025, de 27 de febrero, por la que se hace público el Acuerdo de informe de impacto ambiental del Proyecto de una actividad de deposición controlada de residuos no peligrosos, en el término municipal de Vacarisses (exp. CONSB23004)",resolución,IIA
bopv,"RESOLUCIÓN de 23 de enero de 2025, del Director de Administración Ambiental, por la que se formula el informe de impacto ambiental del Proyecto Técnico Administrativo FV Igebelar Solar de 3,614 MWp, promovido por Ventaja Solar 8, S.L.

				
2025/00660",resolución,IIA
dogc,"Resolución TER/922/2025, de 12 de marzo, de informe de impacto ambiental del Proyecto de roturación de los terrenos forestales ubicados en el polígono 16, parcela 109, y en el polígono 9, parcelas 182 y 185, partidas Masadetes y Collet, del término municipal de Batea, tramitado por la Sección de Bosques y Recursos Forestales (exp. OTAATE20240293)",resolución,IIA
doe,"Resolución de 10 de marzo de 2025, de la Dirección General de Sostenibilidad, por la que se formula informe de impacto ambiental del proyecto de construcción de un sondeo para el aprovechamiento de aguas subterráneas"", en el término municipal de Garrovillas de Alconétar (Cáceres) y promovido por la Junta de Extremadura. Expte.: IA24/1236.",resolución,IIA
dogv,"RESOLUCIÓN de 10 de octubre de 2024, de la Dirección General de Urbanismo, Paisaje y Evaluación Ambiental, por la cual se formula informe de impacto ambiental del proyecto de reprofundización de captación de aguas subterráneas mediante sondeo en el polígono 1, parcela 31, partida Rincón la Mola del término municipal de Montesa (València). Expediente: (3610943) 227/2024/AIA.",resolución,IIA
bon,"RESOLUCIÓN 1391E/2024, de 19 de diciembre, de la directora general de Medio Ambiente por la que se formula informe de impacto ambiental del proyecto de planta solar fotovoltaica de autoconsumo, promovido por Sofidel Spain SLU en el municipio de Buñuel, incluida su infraestructura de evacuación, que afectaría a ese mismo municipio.",resolución,IIA
borm,"Anuncio de la Resolución de la Secretaría General de Medio Ambiente, Universidades, Investigación y Mar Menor por la que se emite Informe de Impacto Ambiental AAS20240021 sobre centro de transferencia de residuos peligrosos y no peligrosos sito en c/ Castillo de la Concepción, 6. P.I. Base 2000 t.m. de Lorquí, a solicitud de Ecomur Reciclajes, S.L.",anuncio,IIA
dogv,"RESOLUCIÓN de 11 de julio de 2024, de la Dirección General de Urbanismo, Paisaje y Evaluación Ambiental, por la que se formula informe de impacto ambiental del proyecto de sondeo para captación de aguas subterráneas, parcela 53 del polígono 13 de la partida Casa Nova en el término municipal de Font de la Figuera. Expediente: (3383470) 066/2024/AIA.",resolución,IIA
madridambiental,"RESOLUCIÓN DE 17 DE ENERO DE 2025, DE LA DIRECTORA GENERAL DE TRANSICIÓN ENERGÉTICA Y ECONOMÍA CIRCULAR DE LA CONSEJERÍA DE MEDIO AMBIENTE, AGRICULTURA E INTERIOR, POR LA QUE SE ACUERDA HACER PÚBLICO EL INFORME DE IMPACTO AMBIENTAL DEL PROYECTO DE «PLANTA SOLAR FOTOVOLTAICA ""MARINAS"" Y SU INFRAESTRUCTURA DE EVACUACIÓN», EN EL TÉRMINO MUNICIPAL DE NAVALCARNERO, PROMOVIDO POR BERGANTINES SOLAR 3, S. L. (EXPEDIENTE: 26-EIA-00140.5/2024).",resolución,IIA
boa,"RESOLUCIÓN de 17 de octubre de 2024, del Instituto Aragonés de Gestión Ambiental, por la que se adopta la decisión de no someter al procedimiento de evaluación de impacto ambiental ordinaria y se emite el informe de impacto ambiental del proyecto de adecuación al Real Decreto 1432/2008, de 29 de agosto, según la Orden AGM/920/2022, de 6 de junio, de la línea eléctrica aérea de media tensión a 10 kV ""Circu2_CT1"" a Foz de Calanda, en los términos municipales de Calanda y Foz de Calanda (Teruel), promovido y solicitado por Edistribución Redes Digitales, SLU.  (Número de Expediente: INAGA 500201/01B/2023/05779).",resolución,IIA
dogv,"RESOLUCIÓN de 9 de agosto de 2024, de la DireccióN General de Urbanismo, Paisaje y Evaluación Ambiental, por la cual se formula informe de impacto ambiental del proyecto de reprofundización de sondeo para investigación de aguas subterráneas en la parcela 713 del polígono 1, partida Cumbre, al término municipal de Aras de los Olmos (Valencia). Expediente: (3525678) 164/2024/AIA.",resolución,IIA
dogv,"RESOLUCIÓN de 17 de febrero de 2025, de la Dirección General de Urbanismo, Paisaje y Evaluación Ambiental, por la que se formula informe de impacto ambiental del proyecto de sondeo para captación de aguas subterráneas, parcela 11, polígono 1, del término municipal de Chulilla. Expediente: (3633273) 311/2024/AIA.",resolución,IIA
bocm,"Informe impacto ambiental
– Resolución de 22 de enero de 2025, de la Directora General de Transición Energética y Economía Circular de la Consejería de Medio Ambiente, Agricultura e Interior por la que se acuerda hacer público el Informe de Impacto Ambiental del proyecto de “modificación de la instalación de tratamiento, valorización y eliminación en vertedero de residuos no peligrosos”, promovido por Tradebe Valdilecha, S. L., sito en Carretera M-224 de Valdilecha a Pozuelo del Rey, PK 8,25 en el término municipal de Valdilecha (Expediente: 10-IPPC-00066.1/2022)",resolución,IIA
docm,"Resolución de 27/12/2024, de la Delegación Provincial de Desarrollo Sostenible de Albacete, por la que se formula el informe de impacto ambiental del proyecto: LMT 20 kV D/C desde ST Romica hasta centro de reparto sector 11 y nuevo CR Camino Almansa-Albacete (expediente industria 02211003183) (expediente PRO-AB-24-1656), situado en el término municipal de Albacete (Albacete), cuya promotora es I-DE Redes Eléctricas Inteligentes, SAU.",resolución,IIA
docm,"Resolución de 13/02/2025, de la Delegación Provincial de Desarrollo Sostenible de Toledo, por la que se formula el informe de impacto ambiental del proyecto: Concesión de aguas para riego de 177,17 ha y abastecimiento, en la finca La Nava y Santo Tomé, en el término municipal de Los Yébenes y Marjaliza (Toledo) (expediente PRO-TO-21-2972), cuya promotora es Agronava 85 SL.",resolución,IIA
bopa,"Resolución de 9 de enero de 2025, de la Consejería de Transición Ecológica, Industria y Desarrollo Económico, por la que se formula el informe de impacto ambiental del proyecto “Área de autocaravanas en tránsito, categoría superior en avenida Raíces, polígono 12, parcela 42, en Salinas (Castrillón) (IA-IA-0089/2024//AUTO/2024/7855). [Cód. 2025-00211]",resolución,IIA
bocyl,"RESOLUCIÓN de 28 de enero de 2025, de la Delegación Territorial de Valladolid, por la que se hace público el informe de impacto ambiental del proyecto de ejecución de ampliación de una explotación porcina de cebo de 1.500 a 3.079 plazas, ubicada en la parcela 45 del polígono 7, en el término municipal de San Pedro de Latarce (Valladolid). Expte.: VA-EIA-2023-09.",resolución,IIA
boib,"Resolución de la directora general de Armonización Urbanística y Evaluación Ambiental por la que se formula el informe de impacto ambiental sobre el Proyecto de labores subterráneas de captación de aguas, uso doméstico, ubicado en el polígono 1, parcela 502, del T.M. de St. Joan de Labritja (Exp. 103a/2024)",resolución,IIA
bon,"RESOLUCIÓN 1192E/2024, de 26 de noviembre, de la directora general de Medio Ambiente, por la que se formula informe de impacto ambiental del proyecto de planta solar fotovoltaica Cabezo Royo, promovido por Sociedad de Explotación Fotovoltaica Berlín SL en el municipio de Murchante, incluida su infraestructura de evacuación, que afectaría al municipio de Tudela además de al anterior.",resolución,IIA
docm,"Resolución de 12/03/2025, de la Delegación Provincial de Desarrollo Sostenible de Toledo, por la que se acuerda la prórroga de vigencia del informe de impacto ambiental enunciado en la Resolución de 24/11/2020, por la que se formula informe de impacto ambiental del proyecto: Camping en Cervera de los Montes (expediente PRO-TO-19-2518), situado en el término municipal de Cervera de los Montes (Toledo), cuya promotora es Maimud Eventos, SL.",resolución,IIA
docm,"Resolución de 10/02/2025, de la Delegación Provincial de Desarrollo Sostenible de Ciudad Real, por la que se formula informe de impacto ambiental del proyecto: Transformación en regadío para riego de leñosos en ZEPA (expediente: PRO-CR-19-1334), ubicado en el término municipal de Campo de Criptana (Ciudad Real), cuyo promotor es don Ramón Rodríguez Torres.",resolución,IIA
bocyl,"RESOLUCIÓN de 11 de febrero de 2025, de la Delegación Territorial de Ávila, por la que se dicta informe de impacto ambiental del proyecto de sondeo para abastecimiento de agua en la parcela 67 del polígono 16, en el término municipal de Arenas de San Pedro (Ávila), promovido por «Quantum Markethink, S.L.». Expte.: E.I.A.S/2024/AV/023.",resolución,IIA
dogv,"RESOLUCIÓN de 20 de enero de 2025, de la Dirección General de Urbanismo, Paisaje y Evaluación Ambiental, por la cual se formula el informe de impacto ambiental del proyecto de sondeo para captación de aguas subterráneas en la parcela 68, polígono 10, del término municipal de Polop (Alicante). Expediente: (3635047) 302/2024/AIA.",resolución,IIA
dogv,"RESOLUCIÓN de 9 de agosto de 2024, de la Dirección General de Urbanismo, Paisaje y Evaluación Ambiental, por la cual se formula informe de impacto ambiental del Proyecto de planta industrial de producción de diésel a partir de residuos plásticos por pirólisis en parcela G de la isla 2, PI del sector SI-1 Plan de Carrases 1, del término municipal de Llíria (València). Expediente: (3427458) 153/2024/AIA.",resolución,IIA
docm,"Resolución de 11/03/2025, de la Delegación Provincial de Desarrollo Sostenible de Ciudad Real, por la que se formula informe de impacto ambiental del proyecto: Transformación en regadío para riego de viñedo en espaldera en ZEPA (expediente: PRO-CR-19-1303), ubicado en el término municipal de Villanueva de los Infantes (Ciudad Real).",resolución,IIA
dogv,"CORRECCIÓN DE ERRORES de la Resolución de 26 de agosto de 2024, de la Dirección General de Urbanismo, Paisaje y Evaluación Ambiental, por la que se formula informe de impacto ambiental del proyecto de instalación solar fotovoltaica y su infraestructura de evacuación en el término municipal de Albaida. Expediente: (2940866) 232/2022/AIA.",corrección_errores,IIA
bopv,"RESOLUCIÓN de 14 de enero de 2025, del Director de Administración Ambiental, por la que se formula el informe de impacto ambiental del proyecto de urbanización en el ámbito 5.3.13 Korrokoitz, en Irun (Gipuzkoa), promovido por Construcciones Sukia Eraikuntzak, S.L.

				
2025/00449",resolución,IIA
dogc,"Resolución TER/761/2025, de 4 de marzo, de informe de impacto ambiental del Proyecto en suelo no urbanizable para el arreglo del camino de El Molar, en el término municipal de Montseny, promovido y tramitado por el Ayuntamiento de Montseny (exp. OTAABA20240232)",resolución,IIA
boa,"RESOLUCIÓN de 21 de noviembre de 2024, del Instituto Aragonés de Gestión Ambiental, por la que se adopta la decisión de no someter al procedimiento de evaluación de impacto ambiental ordinaria y se emite el informe de impacto ambiental del proyecto de modificación de captación manantial ""Regajo del Peral"", para incorporar abastecimiento a población en el término municipal de Manzanera (Teruel), promovido por el Ayuntamiento de Manzanera. (Número de Expediente: INAGA 500201/01B/2023/08744).",resolución,IIA
dogv,"RESOLUCIÓN de 11 de julio de 2024, de la Dirección General de Urbanismo, Paisaje y Evaluación Ambiental, por la que se formula informe de impacto ambiental del proyecto de modificación sustancial de la autorización ambiental integrada 671/AAI/CV para fabricación y comercialización de productos de la industria química en la parcela O-MC6 del polígono industrial Camino el Mar II del término municipal de Sagunto. Expediente: (2796781) 128/2024/AIA.",resolución,IIA
bocyl,"RESOLUCIÓN de 5 de marzo de 2025, de la Delegación Territorial de Valladolid, por la que se hace público el informe de impacto ambiental del proyecto de instalación solar fotovoltaica «Pisuerga», en el término municipal de Tudela de Duero (Valladolid), promovido por «R.S. Iberia 14, S.L.». Expte.: EIA/VA/2024/11.",resolución,IIA
docm,"Resolución de 24/01/2025, de la Delegación Provincial de Desarrollo Sostenible de Albacete, por la que se formula el informe de impacto ambiental del proyecto: Construcción de bodega de elaboración, crianza y embotellado de vino en finca agrícola El Relumblar término municipal de Alpera (expediente PRO-AB-24-1641), situado en el término municipal de Alpera (Albacete), cuya promotora es Finca Agrícola El Relumblar SL.",resolución,IIA
boib,"Resolución de la directora general de Armonización Urbanística y Evaluación Ambiental por la cual se formula el informe de impacto ambiental del Proyecto de una captación de aguas subterráneas (sondeo), en la finca «Son Frare», polígono 7, parcela 233 en el T.M. de Petra. (Exp. 87a/2024)",resolución,IIA
dogv,"RESOLUCIÓN de 29 de enero de 2025, de la Dirección General de Urbanismo, Paisaje y Evaluación Ambiental, por la cual se formula un informe de impacto ambiental del Proyecto de sondeo para captación de aguas subterráneas, parcela 125 del polígono 7 del término municipal de Torremanzanas (Alicante). Expediente: (3511113) 202/2024/AIA.",resolución,IIA
borm,"Anuncio de la Resolución de 17 de febrero de 2025 de la Dirección General de Medio Ambiente por la que se formula informe de impacto ambiental del proyecto de construcción de un depósito de almacenamiento de residuos inertes procedentes de planta de elaboración de rocas ornamentales, en el término municipal de Caravaca de la Cruz (EIA20190023).",anuncio,IIA
borm,"Anuncio de información pública conjunta relativo al Proyecto y Estudio de Impacto Ambiental para la ampliación de una explotación avícola hasta 83.000 broilers, ubicada en diputación La Tova, del término municipal de Lorca, sometida a Autorización Ambiental Integrada (Exp. órgano sustantivo 01/24-EAO-AV) a solicitud de NIF B30457139.",anuncio,AAI
docm,"Resolución de 05/02/2025, de la Dirección General de Calidad Ambiental, por la que se considera no sustancial a efectos de lo previsto en el texto refundido de la Ley de Prevención y Control Integrados de la Contaminación, aprobado por Real Decreto Legislativo 1/2016, de 16 de diciembre, la modificación propuesta por la empresa Holcim España, SA, en la instalación de fabricación de producción de cemento, en el término municipal de Villaluenga de la Sagra (Toledo) y se modifica la Resolución de 13/02/2019, por la que se revisa la autorización ambiental integrada otorgada para dicha instalación (expediente: AAI-TO-031).",resolución,AAI
boib,"Resolución de la directora general de Armonización Urbanística y Evaluación Ambiental relativa a la revisión de la Autorización Ambiental Integrada de la CT de Maó consistente en la corrección de los controles para las emisiones de SO2 de las turbinas TG1, TG3, TG4 y TG5 (Exp. IPPC M03-2025)",resolución,AAI
boa,"RESOLUCIÓN de 15 de enero de 2025, del Instituto Aragonés de Gestión Ambiental, por la que se modifica puntualmente la de 10 de julio de 2015, del Instituto Aragonés de Gestión Ambiental, por la que se otorgó la Autorización Ambiental Integrada para una explotación porcina de producción con capacidad para 5.128 cerdas reproductoras con sus lechones hasta 6 kg, 260 cerdas de reposición y 16 verracos, equivalente a 1.324 UGM, ampliada a la instalación de una planta de tratamiento de purín, ubicada en el polígono 516, parcelas 26, 27 y 65, del término municipal de Ejea de los Caballeros (Zaragoza), y promovida por Arza Sadabense, SL.  (Número de Expediente: INAGA 500305/02/2024/11417).",resolución,AAI
boa,"RESOLUCIÓN de 28 de junio de 2024, del Instituto Aragonés de Gestión Ambiental, por la que modifica puntualmente la Resolución de 27 de diciembre de 2005, del Instituto Aragonés de Gestión Ambiental, por la que se otorga la Autorización Ambiental Integrada para una explotación porcina existente con capacidad para 1.000 cerdas en producción de lechones hasta 18 Kg. y 200 cerdas de reposición en el término municipal de Villanueva de Gállego (Zaragoza), promovida por la Sociedad Transportes Pedro y Javier, SL. (Número de Expediente INAGA 500305/02/2024/06217).",resolución,AAI
boa,"RESOLUCIÓN de 12 de febrero de 2025, del Instituto Aragonés de Gestión Ambiental, por la que se modifica puntualmente la de 13 de diciembre de 2017, en la que se formuló declaración de impacto ambiental y se otorgó la Autorización Ambiental Integrada para la ampliación de una explotación porcina de producción de lechones con capacidad de 2.500 plazas de reproductoras con lechones hasta 6 kg, 240 plazas de reposición y 10 verracos (661,60 UGM), situada en las parcelas 24 y 545, del polígono 5, en el municipio de Tauste (Zaragoza), y promovida por Alemi Agrícola, SL (Número de Expediente INAGA 500305/02/2024/11095).",resolución,AAI
docm,"Resolución de 07/03/2025, de la Dirección General de Calidad Ambiental, por la que se extingue la autorización ambiental integrada otorgada mediante Resolución de 15/12/2006 de la entonces Dirección General de Evaluación Ambiental para una planta de fabricación de biodiésel ubicada en el término municipal de Los Yébenes (Toledo), titularidad de la empresa Beta Renowable Group SA (número de expediente AAI-TO-039).",resolución,AAI
boa,"RESOLUCIÓN de 15 de enero de 2025, del Instituto Aragonés de Gestión Ambiental, por la que se modifica puntualmente la de 28 de junio de 2024, en la que se modificó sustancialmente la Autorización Ambiental Integrada por el cambio de orientación productiva de una explotación porcina de producción de lechones a una de multiplicación con una capacidad de 2.699 cerdas con sus lechones de 20 Kg, 5 verracos y 376 plazas de reposición, equivalente a 863,84 UGM, en polígono 11, parcelas 17, 27 y 28 (polígono 501, parcela 1901, tras concentración parcelaria), del término municipal de Argente (Teruel), promovida por Explotaciones Ganadera Estiche SL.  (Número de Expediente: INAGA 500305/02/2024/11415).",resolución,AAI
bopa,"Anuncio por el que se hace pública la Resolución de la Consejería de Transición Ecológica, Industria y Comercio, de otorgamiento de la autorización ambiental integrada simplificada a la instalación de “fabricación de hormigones frescos” del titular Cementos Secil, S. L. U., ubicada en polígono industrial La Curiscada (Tineo). Expte. AAIS-042/24 (AUTO/2024/7375). [Cód. 2025-02278]",anuncio,AAI
bon,"RESOLUCIÓN 533E/2024, de 5 de diciembre, del director del Servicio de Economía Circular e Innovación, por la que se acepta parcialmente el cambio solicitado de las condiciones de funcionamiento establecidas en la autorización ambiental integrada de la instalación de deshidratación de alfalfa, cuyo titular es Navarro Aragonesa de Forrajes SA, ubicada en término municipal de Peralta / Azkoien, de forma que la instalación y el desarrollo de la actividad deberán cumplir las condiciones establecidas en el anejo de la presente resolución.",resolución,AAI
bon,INFORMACIÓN PÚBLICA. Expediente de concesión de autorización ambiental integrada promovido por INLEMAZ SL.,información_pública,AAI
boa,"RESOLUCIÓN de 29 de noviembre de 2024, del Instituto Aragonés de Gestión Ambiental por la que se procede a la revisión de la Autorización Ambiental Integrada de la explotación ganadera cuyo titular es José Luis Pérez Lorás, con NIF XXX902XXX, con código ES501190000037 ubicada en el término municipal de Gelsa, provincia de Zaragoza. (Número de Expediente: INAGA 50020202202400672).",resolución,AAI
boa,"ANUNCIO del Instituto Aragonés de Gestión Ambiental, por el que, en el proceso de participación pública legalmente previsto, se inicia el trámite de información al público del estudio de impacto ambiental y el proyecto básico de Autorización Ambiental Integrada de la instalación de una planta de digestión anaerobia de residuos no peligrosos y producción de biometano en la parcela 88 del polígono 27, en el término municipal de San Esteban de la Litera (Huesca), promovido por la empresa Gia Enr Iv, SLU. (Número de Expediente: INAGA 500301/02/2024/511).",anuncio,AAI
bor,"Información pública de la revisión para su adaptación a las mejores técnicas disponibles de la instalación de litografía y barnizado sobre hojalata y aluminio en el término municipal de Calahorra, con Autorización Ambiental Integrada (IPPC 38 / AAI 13-2024 )",información_pública,AAI
bon,INFORMACIÓN PÚBLICA. Expediente de modificación sustancial de autorización ambiental integrada promovido por CEBAPOR SLU.,información_pública,AAI
docm,"Resolución de 11/12/2024, de la Dirección General de Calidad Ambiental, por la que se consideran no sustanciales a efectos de lo previsto en el texto refundido de la Ley de Prevención y Control Integrados de la Contaminación, aprobado por Real Decreto Legislativo 1/2016, de 16 de diciembre, las modificaciones propuestas por la empresa Holcim España, SA, en la instalación de fabricación de producción de cemento, en el término municipal de Villaluenga de la Sagra (Toledo) y se modifica la Resolución de 13/02/2019, por la que se revisa la autorización ambiental integrada otorgada para dicha instalación (expediente: AAI-TO-031).",resolución,AAI
boa,"RESOLUCIÓN de 5 de diciembre de 2024, del Instituto Aragonés de Gestión Ambiental, por la que se modifica puntualmente la de 19 de noviembre de 2021, en la que se formuló la declaración de impacto ambiental y se otorgó la Autorización Ambiental Integrada para la ampliación de una explotación porcina de cebo hasta 4.243 plazas, equivalente a 509,16 UGM, con emplazamiento en partida ""P. Lobies"", polígono 5, parcelas 25 y 26, del término municipal de Santa Eulalia de Gállego (Zaragoza) y promovida por Miguel Ángel Alastuey Longarón. (Número de Expediente: INAGA 500305/02/2024/11090).",resolución,AAI
boca,"Dirección General de Transición Ecológica y Lucha contra el Cambio Climático.- Resolución de 24 de enero de 2025, por la que se aprueba el Programa de Inspección Ambiental para el año 2025 de las instalaciones sujetas a autorización ambiental integrada en la Comunidad Autónoma de Canarias, según el texto refundido de la Ley de prevención y control integrados de la contaminación, aprobado por Real Decreto Legislativo 1/2016, de 16 de diciembre.",resolución,AAI
dogv,"ANUNCIO del procedimiento por el cual se modifica sustancialmente la autorización ambiental integrada 035/AAI/CV, para el proyecto de descarbonización de los productos y procesos productivos que se llevan a cabo en la refinería de Castellón de la Plana (proyecto de interés autonómico), para una industria de refinamiento de crudo de petróleo situada en el polígono industrial El Serrallo, s/n, de Castellón de la Plana, y el titular de la cual es la mercantil BP Energía España, SAU.",anuncio,AAI
docm,"Notificación de 03/01/2025, de la Secretaría General, por la que se da publicidad a la resolución del recurso de alzada interpuesto en materia de autorización ambiental integrada RA 385/2023.",notificación,AAI
boa,"RESOLUCIÓN de 5 de junio de 2024, del Instituto Aragonés de Gestión Ambiental, por la que se modifica puntualmente la Resolución de 27 de agosto de 2007, del Instituto Aragonés de Gestión Ambiental, por la que se formula la declaración de impacto ambiental y se otorga la Autorización Ambiental Integrada para el proyecto de ampliación de explotación porcina de cebo hasta una capacidad de 4.715 plazas en el término municipal Nonaspe (Zaragoza), y promovido por D. Miguel Roc Salvador. (Número de Expediente INAGA 500305/02/2024/04617).",resolución,AAI
boja,"Acuerdo de 18 de marzo de 2025, de la Delegación Territorial de Sostenibilidad, Medio Ambiente y Economía Azul en Cádiz, por el que se abre un periodo de información pública sobre el proyecto y la valoración de impacto de la salud del proyecto que se cita, con el fin de obtener autorización ambiental integrada, en el término municipal de Los Barrios (Cádiz).",acuerdo,AAI
docm,"Resolución de 07/02/2025, de la Dirección General de Calidad Ambiental, por la que se modifica la autorización ambiental integrada otorgada a la planta de fabricación de lana de vidrio y roca propiedad de Saint Gobain Isover Ibérica, SL ubicada en el término municipal de Azuqueca de Henares (Guadalajara), como consecuencia de modificaciones no sustanciales en la instalación y se emite su texto refundido (expediente AAI-GU-016).",resolución,AAI
dog,"ANUNCIO de 19 de marzo de 2025, de la Dirección General de Calidad Ambiental y Sostenibilidad, por el que se da publicidad a la resolución por la que se deniega la solicitud de autorización ambiental integrada a Bioenergía Lugo, S.L.U. para una planta de gestión de residuos orgánicos y producción de biometano para su inyección en red, situada en el ayuntamiento de Lugo (expediente 2024-IPPC-I-25).",anuncio,AAI
docm,"Resolución de 03/03/2025, de la Dirección General de Calidad Ambiental, por la que se modifica la autorización ambiental integrada de la planta de fabricación de estaño para soldadura ubicada en el término municipal de Las Ventas de Retamosa (Toledo) titularidad de la empresa CRM Synergies, SL. Expediente AAI-TO-385.",resolución,AAI
boa,"RESOLUCIÓN de 22 de enero de 2025, del Instituto Aragonés de Gestión Ambiental, por la que se considera no sustancial la modificación prevista por Linamar Light Metals Zaragoza, SAU de la planta de fundición de aleaciones de aluminio ubicada en el término municipal de Zaragoza y se modifica puntualmente la Autorización Ambiental Integrada de dicha planta (Número de Expediente: INAGA 500301/02/2024/10061).",resolución,AAI
bor,"Resolución 95/2025, de 26 de marzo, de la Dirección General de Calidad Ambiental, Cambio Climático y Agua, por la que se modifican la Autorización ambiental integrada y la Declaración de impacto ambiental y se aprueba el texto único de la Autorización ambiental integrada de la planta de regeneración de aceites usados en el término municipal de Alfaro. Expediente IPPC 15/AAI 20-2023 y AAI 26-2023. EIA 12/2024",resolución,AAI
docm,"Anuncio de 15/01/2025, de la Dirección General de Calidad Ambiental, por el que se inicia el periodo de información pública de la solicitud de autorización ambiental integrada y del estudio de impacto ambiental del proyecto titulado: Planta de producción de hidrógeno verde de 200 MW, Proyecto Hydric a realizar en el término municipal de Puertollano (Ciudad Real), titularidad de la empresa Hydric Power, SL (expediente AAI-CR-101 y PRO-SC-24-1172).",anuncio,AAI
dogv,"RESOLUCIÓN de 21 de octubre de 2024, de la Dirección General de Urbanismo, Paisaje y Evaluación Ambiental, por la que se formula la declaración de impacto ambiental del proyecto de autorización ambiental integrada de una industria de fabricación de pavimento y revestimiento cerámico, carretera Onda en Ribesalbes, km 3, del término municipal de Onda. Expediente: (1646146) 110/2020-AIA.",resolución,AAI
borm,"Anuncio de Información Pública del proyecto y la solicitud de autorización ambiental integrada de planta de producción de biometano y biofertilizante a partir de residuos orgánicos en Polígono 48, Parcela 32, T.M. de Lorca, promovido por QE BIOLORCA, S.L., expediente AAI20240017.",anuncio,AAI
bocm,"Informe ambiental estratégico
– Resolución de 27 de diciembre de 2024, de la Directora General de Transición Energética y Economía Circular de la Consejería de Medio Ambiente, Agricultura e Interior, por la que se acuerda hacer público el Informe Ambiental Estratégico del Plan Especial de definición de Redes en el ámbito del Área de Planeamiento Específico 21.10 Recinto del Parque Ferial Juan Carlos I y su entorno, en el término municipal de Madrid, promovido por Consorcio Institución Ferial de Madrid (IFEMA). (Expediente: 26-UB2-00148.4/2024, SIA 24/136)",resolución,IAE
bopv,"RESOLUCIÓN de 8 de enero de 2025, del Director de Administración Ambiental, por la que se formula la Declaración Ambiental Estratégica de la 3.ª modificación del plan especial de ordenación del puerto de Bermeo.
				
2025/00564",resolución,IAE
boc,"Informe Ambiental Estratégico de la Modificación Puntual número 12 del Plan General de Ordenación Urbana de Comillas, que incluye el Documento de Alcance del Estudio Ambiental Estratégico.",otros,IAE
bopa,"Resolución de 18 de diciembre de 2024, de la Consejería de Transición Ecológica, Industria y Desarrollo Económico, por la que se formula el informe ambiental estratégico del estudio de implantación de nave ganadera en Canales (Cabrales) (IA-PP-0083/2023//AUTO/2023/6186). [Cód. 2024-11348]",resolución,IAE
boa,"RESOLUCIÓN de 22 de enero de 2025, del Instituto Aragonés de Gestión Ambiental, por la que se decide no someter al procedimiento de evaluación ambiental estratégica ordinaria la modificación aislada PGOU de Fuendejalón, en el término municipal de Fuendejalón (Huesca), promovido por el Ayuntamiento de Fuendejalón, y se emite el informe ambiental estratégico. (Número de Expediente: INAGA 500201/71A/2023/07682).",resolución,IAE
bocyl,"ORDEN MAV/1596/2024, de 19 de diciembre, por la que se formula el informe ambiental estratégico del estudio de detalle de la modificación de la ordenación detallada por cambio de emplazamiento de dos parcelas de equipamiento privado del plan parcial parque empresarial Las Condas de Piedralaves (Ávila). Expte.: EAES/2024/035.",orden,IAE
bon,INFORMACIÓN PÚBLICA. Evaluación ambiental estratégica ordinaria de la actualización del Plan de Regadíos de la Comunidad Foral de Navarra.,información_pública,IAE
bopa,"Resolución de 11 de marzo de 2025, de la Consejería de Transición Ecológica, Industria y Comercio, por la que se formula el informe ambiental estratégico del plan especial para instalación de servicios de alquiler y postventa de vehículos ligeros en Pruvia (Llanera) (IA-PP-0182/2024//AUTO/2024/15448). [Cód. 2025-02089]",resolución,IAE
bocm,"Informe ambiental estratégico
– Resolución de 17 de febrero de 2025, de la Directora General de Transición Energética y Economía Circular de la Consejería de Medio Ambiente, Agricultura e Interior, por la que se acuerda hacer público el Informe Ambiental Estratégico de la Modificación Puntual número 1/2024 del Plan General de Ordenación Urbana de 1969, en calle Molino de la Cruz, con vuelta calle Calvario, en el término municipal de Los Molinos, promovido por el Ayuntamiento de Los Molinos. (Expediente: 26-UB2-00073.2/2024, SIA 24/073)",resolución,IAE
bocyl,"ORDEN MAV/1586/2024, de 27 de diciembre, por la que se formula el informe ambiental estratégico de la modificación puntual n.º 35 de las Normas Subsidiarias de Planeamiento Municipal de El Royo (Soria). Expte.: EAES/2024/094.",orden,IAE
dogc,"Resolución TER/978/2025, de 24 de enero, por la que se emite el informe ambiental estratégico de la Modificación puntual del Plan de ordenación urbanística municipal para la zonificación del suelo no urbanizable para la implantación de instalaciones de energías renovables en el término municipal de Sant Joan de Vilatorrada (exp. OTAACC20240065)",resolución,IAE
bocm,"Informe ambiental estratégico
– Resolución de 20 de diciembre de 2024, de la Directora General de Transición Energética y Economía Circular de la Consejería de Medio Ambiente, Agricultura e Interior, por la que se acuerda hacer público el Informe Ambiental Estratégico de la Modificación Puntual de las Normas Subsidiarias de Gascones para reclasificación de suelo urbanizable no sectorizado a suelo urbano no consolidado con ordenación pormenorizada, de uso característico residencial en polígono 4, parcelas 85 y 10085. Prado Bamboas, promovido por el Ayuntamiento de Gascones. (Expediente: 26-UB2-00110.2/2023, SIA 23/108)",resolución,IAE
boja,"Anuncio de 20 de enero de 2025, de la Delegación Territorial de Sostenibilidad, Medio Ambiente y Economía Azul en Granada, por el que se hace público informe ambiental estratégico del Plan Especial ARR-01 del Plan General de Ordenación Urbanística e Innovación del Área de intervención AI-SM del PEPRI Albaicín, en el término municipal de Granada.",anuncio,IAE
bon,"RESOLUCIÓN 79E/2025, de 9 de febrero, de la directora general de Medio Ambiente por la que se emite informe ambiental estratégico de la ""Modificación estructurante del Plan Municipal de Guesálaz, artículo 53 de la Normativa Urbanística General - Normas generales en suelo no urbanizable. Usos y actividades constructivas"", promovido por el Ayuntamiento de Guesálaz.",resolución,IAE
bopv,"RESOLUCIÓN de 6 de marzo de 2025, del Director de Administración Ambiental, por la que se formula el informe ambiental estratégico de la Modificación del Plan Especial de protección del patrimonio urbanístico construido de Donostia / San Sebastián referido a la Avenida de Satrustegi 11 (Gipuzkoa).

				
2025/01356",resolución,IAE
bocyl,"ORDEN MAV/293/2025, de 24 de marzo, por la que se formula el informe ambiental estratégico de la modificación puntual n.º 1 del Plan General de Ordenación Urbana de El Espinar (Segovia). Expte.: EAES/2024/023.",orden,IAE
bon,"RESOLUCIÓN 1264E/2024, de 9 de diciembre, de la directora general de Medio Ambiente por la que se formula informe ambiental estratégico del ""Plan de Conjunto de parte de los términos municipales de Barañáin y Pamplona, paraje Elizpea"", promovido por Promociones Ocec, SA.",resolución,IAE
boja,"Resolución de 18 de marzo de 2025, de la Delegación Territorial de Sostenibilidad, Medio Ambiente y Economía Azul en Sevilla, por la que se da publicidad al informe ambiental estratégico que se cita, en el término municipal de La Rinconada (Sevilla).",resolución,IAE
madridambiental,"RESOLUCIÓN DE 27 DE DICIEMBRE DE 2024, DE LA DIRECTORA GENERAL DE TRANSICIÓN ENERGÉTICA Y ECONOMÍA CIRCULAR DE LA CONSEJERÍA DE MEDIO AMBIENTE, AGRICULTURA E INTERIOR, POR LA QUE SE ACUERDA HACER PÚBLICO EL INFORME AMBIENTAL ESTRATÉGICO DEL PLAN ESPECIAL DE DEFINICIÓN DE REDES EN EL ÁMBITO DEL ÁREA DE PLANEAMIENTO ESPECÍFICO 21.10 RECINTO DEL PARQUE FERIAL JUAN CARLOS I Y SU ENTORNO, EN EL TÉRMINO MUNICIPAL DE MADRID, PROMOVIDO POR CONSORCIO INSTITUCIÓN FERIAL DE MADRID (IFEMA). (EXPEDIENTE: 26-UB2-00148.4/2024, SIA 24/136).",resolución,IAE
borm,"Consultas públicas a personas interesadas para el inicio de la evaluación ambiental estratégica del Plan Especial de Reordenación Urbana en ámbito UM-562, Alquerías.",otros,IAE
bopa,"Resolución de 5 de febrero de 2025, de la Consejería de Transición Ecológica, Industria y Desarrollo Económico, por la que se formula la declaración ambiental estratégica de la modificación puntual del Plan General de Ordenación de Gijón en el ámbito APU-NGN-03 para calificación de parcelas como dotacional privado y zona verde. Expte. IA-PP-0171/2023//AUTO/2023/15854. [Cód. 2025-00968]",resolución,IAE
bon,Aprobación de informe ambiental estratégico del Plan Especial de Actuación Urbana del Centro Histórico,aprobación,IAE
bopa,"Anuncio público a personas interesadas desconocidas en el procedimiento de evaluación ambiental estratégica simplificada. Estudio de detalle para planificar intervención en edificio sito en el número 1 del barrio de San Roque, en Tazones (Villaviciosa). Expte. IA-PP-0216/2024//AUTO/2024/17363. [Cód. 2025-01082]",anuncio,IAE
bocyl,"ORDEN MAV/23/2025, de 17 de enero, por la que se formula el informe ambiental estratégico de la modificación puntual n.º 2 de las Normas Urbanísticas Municipales de Alar del Rey (Palencia). EAES/2024/066.",orden,IAE
boca,"Viceconsejería de Planificación Territorial y Reto Demográfico.- Anuncio de 24 de enero de 2025, por el que se somete a información pública la documentación ambiental del procedimiento de Evaluación Ambiental Estratégica Ordinaria del Plan Especial Parque Periurbano Pasacola, Candelaria.",anuncio,IAE
bocyl,"INFORMACIÓN pública relativa a la aprobación inicial del documento de revisión de las Normas Urbanísticas Municipales de Orbaneja Riopico (Burgos), que incluye el Plan Especial de Protección del Camino de Santiago y su estudio ambiental estratégico. Expte.: 58/2019.",información_pública,IAE
madridambiental,"RESOLUCIÓN DE 26 DE DICIEMBRE DE 2024, DE LA DIRECTORA GENERAL DE TRANSICIÓN ENERGÉTICA Y ECONOMÍA CIRCULAR DE LA CONSEJERÍA DE MEDIO AMBIENTE, AGRICULTURA E INTERIOR, POR LA QUE SE ACUERDA HACER PÚBLICO EL INFORME AMBIENTAL ESTRATÉGICO DEL PLAN PARCIAL DEL SECTOR SUS-PP.04 ""LOS OLIVOS 3"", EN EL TÉRMINO MUNICIPAL DE GETAFE, PROMOVIDO POR GETAFE INICIATIVAS, S. A. (GISA). (EXPEDIENTE: 26-UB2-00144.3/2023, SIA 23/142).",resolución,IAE
boca,"Viceconsejería de Planificación Territorial y Reto Demográfico.- Anuncio de 25 de febrero de 2025, por el que se somete a información pública el procedimiento de Evaluación Ambiental Estratégica Simplificada del Plan Especial de Ordenación del Suelo Urbano no consolidado UA La Rajita, término municipal de Vallehermoso, La Gomera.",anuncio,IAE
bocyl,"ORDEN MAV/262/2025, de 14 de marzo, por la que se formula el informe ambiental estratégico de la modificación puntual del Plan General de Ordenación Urbana de Villagonzalo Pedernales (Burgos), en la parcela 22281 en suelo urbano consolidado. Expte.: EAES/2024/093.",orden,IAE
bon,"RESOLUCIÓN 1317E/2024, de 16 de diciembre, de la directora general de Medio Ambiente por la que se emite informe ambiental estratégico de la ""Modificación del Plan General Municipal del Valle de Egüés en el ámbito de la Sagaseta"", promovido por el Concejo de Sagaseta.",resolución,IAE
dog,"RESOLUCIÓN de 5 de febrero de 2025, del Departamento Territorial de Ourense, por la que se conceden las autorizaciones administrativas previa y de construcción y se declara, en concreto, de utilidad pública, a los efectos de la urgente ocupación, una instalación eléctrica en el ayuntamiento de Allariz (expediente IN407A 2024/119-3).",resolución,DUP
boe,"Resolución del Servicio de Industria y Energía de la Ciudad Autónoma de Ceuta sobre autorización administrativa previa, de Construcción de declaración de Utilidad Pública de la Subestación Virgen de África y líneas asociadas.",resolución,DUP
docm,"Anuncio de 17/01/2025, de la Delegación Provincial de Desarrollo Sostenible de Toledo, de inicio del deslinde del monte Solanillas, número 38 del Catálogo de Montes de Utilidad Pública de la Provincia de Toledo, situado en el término municipal de Sevilleja de la Jara (Toledo).",anuncio,DUP
boe,"Resolución de 6 de mayo de 2024, de la Delegación Territorial de Economía, Hacienda, Fondos Europeos y de Industria, Energía y Minas en Sevilla, por la que se concede declaración en concreto de utilidad pública para la implantación de la instalación de generación de energía eléctrica mediante tecnología eólica. (PP. 8577/2024).",resolución,DUP
boe,"Resolución de la Delegación Territorial en Sevilla de Economía, Hacienda, Fondos Europeos y de Industria, Energía y Minas por la que se concede a favor de la mercantil Sun&Wind Sierra Sur A.I.E., modificación de Autorización Administrativa Previa y de Construcción relativa a la infraestructura de evacuación denominada ""Set Cortijo Nuevo 30/220 kV, LAT 30 kV- 220 kV Set Cortijo Nuevo 30/220 kV - Set Josmanil 30/220 kV, Set Josmanil 30/220 kV y LAT 220 kV Set Josmanil 30/220 kV - Set Torreluenga 30/220 kV"", ubicada en los términos municipales de Carmona, Arahal, Morón de la Frontera, Villanueva de San Juan y la Puebla de Cazalla (Sevilla), y a efectos de la solicitud de Declaración en Concreto de Utilidad Pública.",resolución,DUP
docm,"Anuncio de 21/01/2025, de la Delegación Provincial de Desarrollo Sostenible de Guadalajara, de inicio de deslinde del monte Peña del Gato, número 228 del Catálogo de Montes de Utilidad Pública de la Provincia de Guadalajara, situado en el término de Sigüenza (Guadalajara).",anuncio,DUP
dogc,"Resolución JUS/325/2025, de 4 de febrero, de declaración de utilidad pública de la entidad Associació Giga",resolución,DUP
boe,"Corrección de errores del anuncio de la Dependencia de Industria y Energía de la Subdelegación del Gobierno en Granada por el que se somete a información pública la solicitud de Declaración de Utilidad Pública de la planta solar fotovoltaica CAPARACENA 220, de 93,24 MW de potencia instalada y su infraestructura de evacuación en los términos municipales de Moclín, Colomera y Atarfe en la provincia de Granada.",corrección_errores,DUP
boa,"ANUNCIO del Instituto Aragonés de Gestión Ambiental, por el que se somete a información pública y concurrencia competitiva el expediente de autorización administrativa de concesión de uso privativo del dominio público forestal para la ocupación temporal de terrenos del monte de utilidad pública número T001, denominado ""El Cascalejo"", de titularidad del Ayuntamiento de Albarracín (Teruel), y sito en su término municipal, motivado por la instalación de fibra óptica para poder proporcionar servicio 5G, proyecto financiado con los Fondos Europeos ""Next Generation"" como parte del Plan de Recuperación y Resiliencia de la Unión Europea y promovido por Telefónica de España, SAU. (Número de Expediente: INAGA 440101/44/2024/11113).",anuncio,DUP
boe,"Anuncio de la Delegación Territorial de Economía, Hacienda, Fondos Europeos y de Industria, Energía y Minas en Sevilla, por el que se somete a información pública la petición realizada por la mercantil Naturgy Vento, S.A., por la que se solicita modificación de Autorización Administrativa Previa y de Construcción así como la Declaración en Concreto de Utilidad Pública, relativa a la instalación de generación de energía eléctrica mediante tecnología eólica denominada ""PE Villanueva 2"", con una potencia instalada de 18,00 MW, y ubicada en los términos municipales de Villanueva de San Juan, Pruna, Puebla de Cazalla y Morón de la Frontera(Sevilla).",anuncio,DUP
dogc,"Resolución TER/340/2025, de 4 de febrero, de la Dirección General de Energía, por la que se otorga a Les Quadres Planta Fotovoltaica, SL, la autorización administrativa previa, autorización administrativa de construcción y declaración de utilidad pública del proyecto de la planta solar fotovoltaica denominada Els Palous, de 2,16 MW de potencia instalada sobre terreno en suelo no urbanizable, en el término municipal de Bellvei, en la comarca de El Baix Penedès, y su infraestructura de evacuación, líneas subterráneas a 25 kV, en el término municipal de Bellvei, en la comarca de El Baix Penedès (exp. FUE-2023-03186750, ref. 02682)",resolución,DUP
boa,"ORDEN PEJ/216/2025, de 21 de febrero, por la que se reconoce, en concreto, la utilidad pública de la instalación eléctrica ""Proyecto de Ejecución de Parque Fotovoltaico La Serreta y su infraestructura de evacuación"", en el término municipal de Monzón, provincia de Huesca.  Expediente número AT- 159/2020.",orden,DUP
boe,"Resolución de la Delegación Territorial de Economía, Hacienda y Fondos Europeos y de Industria, Energía y Minas en Granada, por la que se declara, en concreto, de utilidad pública, la instalación eléctrica denominada «Parque Eólico Virgen de las Angustias, en los términos municipales de Albuñuelas, Padul, El Valle y Villamena (Granada)».",resolución,DUP
boc,"Aprobación definitiva de la modificación número 1 de la Ordenanza Fiscal reguladora de la Tasa para el Aprovechamiento Forestal Vecinal en el Monte de Utilidad Pública 289, La Tejera.",aprobación,DUP
bopv,"DECRETO 49/2025, de 25 de febrero, por el que se reconoce de utilidad pública a la asociación denominada «Asociación San Nikolas Zabalik para la acogida y promoción de personas en situación o riesgo de exclusión social».

				
2025/01130",decreto,DUP
boe,"Resolución TER/4581/2024, de 10 de diciembre de 2024, del Departamento de Territorio, Vivienda y Transición Ecológica, de la Dirección General de Energía, por la que se otorga a la empresa Edistribución Redes Digitales SLU, la autorización administrativa previa, la autorización administrativa de construcción y la declaración de utilidad pública para la construcción de una nueva línea aérea de alta tensión de doble circuito 110 kV ""S.E. Masdenverge"" – (""S.E. Campredó-S.E. Tortosa"") y una nueva línea aérea de alta tensión de doble circuito 110 kV ""S.E. Masdenverge"" – (""S.E. Amposta I y II""), así como el desmontaje de 144 m de línea existente y la retirada del apoyo T31 existente, en el término municipal de Masdenverge, en la comarca del Montsià (Expediente número: FUE-2024-03749133).",resolución,DUP
boa,"ANUNCIO del Instituto Aragonés de Gestión Ambiental, por el que se somete a información pública el expediente para la autorización administrativa de concesión de uso privativo del dominio público forestal para la ocupación temporal de terrenos del monte de utilidad pública número 418, denominado ""Riberas del río Martín en el término de Samper de Calanda"" de titularidad del Ayuntamiento de Samper de Calanda (Teruel), y sito en su término municipal, para la reforma el cruzamiento de línea aérea de media tensión, entre los apoyos número 31 - 32 solicitado por Edistribución Redes Digitales, SLU. Número de Expediente: INAGA 440101/44/2024/04999.",anuncio,DUP
docm,"Anuncio de 03/01/2025, de la Delegación Provincial de Desarrollo Sostenible de Cuenca, sobre información pública de la solicitud de autorización administrativa previa, aprobación del proyecto de ejecución y reconocimiento en concreto de utilidad pública de la instalación eléctrica de alta tensión. Referencia: 16211-00081.",anuncio,DUP
boe,"Resolución de 4 de marzo de 2025, de la Dirección General de la Costa y del Mar, por la que se publica el Acuerdo del Consejo de Ministros de 11 de febrero de 2025, por el que se declara la utilidad pública de determinados bienes y derechos en el término municipal Carboneras (Almería) al amparo de lo recogido en la disposición adicional tercera de la Ley 22/1988, de 28 de julio, de Costas.",resolución,DUP
boa,"ANUNCIO del Instituto Aragonés de Gestión Ambiental, por el que se somete a información pública y concurrencia competitiva la concesión de uso privativo del dominio público forestal para la ocupación temporal de terrenos del monte de utilidad pública número 30 denominado ""Valle de la izquierda del río Ésera"", de titularidad del Ayuntamiento de Benasque y sito en su término municipal (Huesca), para la construcción de dos sondeos de investigación hidrogeológica en el entorno del Balneario de Los Baños de Benasque, promovida por el Ayuntamiento de Benasque. (Número de Expediente: INAGA 220101/44/2024/10179).",anuncio,DUP
dog,"ANUNCIO de 18 de febrero de 2025, del Departamento Territorial de A Coruña, por el que se notifica la resolución de autorización administrativa previa, de construcción y la declaración de utilidad pública, en concreto, de una instalación de distribución eléctrica en el ayuntamiento de Carral (expediente IN407A 2023/478-1).",anuncio,DUP
boja,"Anuncio de 10 de marzo de 2025, de la Delegación Territorial de Economía, Hacienda, Fondos Europeos y de Industria, Energía y Minas en Sevilla, por el que se somete a trámite de audiencia e información pública la petición por la que se solicita modificación de autorización administrativa previa y de construcción y a efectos de la solicitud de declaración, en concreto, de utilidad pública para la línea de evacuación de media tensión subterránea asociada. (PP. 547/2025).",anuncio,DUP
dogv,"ANUNCIO por el que se someten a nueva información pública las solicitudes de autorización administrativa previa, autorización administrativa de construcción y la declaración de utilidad pública, en concreto, correspondientes a la infraestructura de evacuación de una central fotovoltaica denominada «PSF Casa Mosén», con potencia a instalar 46,816 MW, a ubicar en los términos municipales de Salinas, Elda, Sax y Petrer. Expediente ATREGI/2020/115/03.",anuncio,DUP
bocyl,"RESOLUCIÓN de 21 de febrero de 2025, del Servicio Territorial de Industria, Comercio y Economía de Valladolid, de autorización administrativa previa, autorización administrativa de construcción de una instalación de producción de energía eléctrica por tecnología fotovoltaica denominada «FV Velilla», y el reconocimiento de utilidad pública, en concreto, de las infraestructuras de evacuación, en el término municipal de Tordesillas (Valladolid). Expte.: FV-2596; ATCE-115.",resolución,DUP
boe,"Anuncio de la Delegación Territorial de Economía, Hacienda y Fondos Europeos y de Industria, Energía y Minas en Cádiz, por el que se somete a Información Pública la Autorización Administrativa Previa y Autorización Administrativa de Construcción del proyecto modificado, y la Declaración en concreto de Utilidad Pública de la Instalación Eléctrica de Alta Tensión ""PSFV MARCHENILLA VII"" de 41 MW de potencia instalada y 41 MW de potencia de evacuación.",anuncio,DUP
dog,"ACUERDO de 21 de enero de 2025, del Departamento Territorial de A Coruña, por el que se somete a información pública la solicitud de otorgamiento de la autorización administrativa previa y de construcción y de declaración de utilidad pública, en concreto, de una instalación de distribución de energía eléctrica en el término municipal de A Coruña  (expediente IN407A 2024/120-1).",acuerdo,DUP
docm,"Resolución de 17/02/2025, de la Delegación Provincial de Desarrollo Sostenible de Toledo, por la que se otorga la autorización administrativa previa, autorización administrativa de construcción y el reconocimiento, en concreto, de la utilidad pública de la instalación eléctrica de alta tensión con número de expediente E-45211022142 corresponde I.",resolución,DUP
dog,"RESOLUCIÓN de 7 de febrero de 2025, de la Dirección General de Planificación Energética y Minas, por la que se declara la utilidad pública, en concreto, sobre la finca núm. 114 de la RBDA de la infraestructura de distribución de energía eléctrica correspondiente al incremento de un circuito en la LAT 132 kV Mondoñedo-Meira, entre el apoyo 22 y la subestación de Meira, en los términos municipales de Mondoñedo y A Pastoriza (Lugo), y que promueve Begasa (expediente 2021/109 ATE).",resolución,DUP
bocyl,"RESOLUCIÓN de 22 de enero de 2025, de la Dirección General de Patrimonio Natural y Política Forestal, por la que se aprueba la segunda revisión de la ordenación del monte «Pinar del Valle», con número de utilidad pública 85, del que es titular el Ayuntamiento de San Juan de la Nava, de la provincia de Ávila.",resolución,DUP
dog,"ACUERDO de 13 de enero de 2025, del Departamento Territorial de A Coruña, por el que se somete a información pública la solicitud de otorgamiento de las autorizaciones administrativas previa y de construcción y de declaración de utilidad pública, en concreto, de una instalación de distribución de energía eléctrica en el ayuntamiento de Carral (expediente IN407A 2024/093-1).",acuerdo,DUP
boa,"ORDEN HAP/252/2025, de 27 de febrero, por la que se da publicidad al Acuerdo de 26 de febrero de 2025, del Gobierno de Aragón, por el que se otorga la aprobación expresa y formal, ratificándolo, al Acuerdo de 18 de diciembre de 2024, de la Mesa Sectorial de Administración General de la Comunidad Autónoma de Aragón, por el que se modifica el Acuerdo de 17 de noviembre de 2021, sobre criterios generales para la elaboración de las relaciones de puestos de trabajo de la Administración del personal funcionario, laboral y eventual de la Administración de la Comunidad Autónoma de Aragón y sus organismos públicos.",orden,NEGATIVO
boe,LEGANES,otros,NEGATIVO
boib,"Resolución de la consejera de Presidencia y Administraciones Públicas por la que se declara desierta la convocatoria de las pruebas selectivas para el ingreso, por el turno libre, en el cuerpo facultativo técnico, escala humanística y de ciencias sociales, especialidad educación social para el isla de Menorca e Ibiza de la Administración especial de la Comunidad Autónoma de las Illes Balears",resolución,NEGATIVO
bopa,Anuncio. Aprobación definitiva de la modificación de la Ordenanza Fiscal reguladora de la tasa por prestación de servicios o realización de actividades de concesión de licencias para tala de madera. [Cód. 2025-00163],anuncio,NEGATIVO
doe,"Resolución de 27 de febrero de 2025, de la Dirección General de Tributos, por la que se emplaza a los posibles interesados en el recurso contencioso-administrativo tramitado por el procedimiento abreviado n.º 31/2025, seguido a instancias de la mercantil Automáticos Diana, SL, que versa sobre resolución de procedimiento sancionador en materia de juego.",resolución,NEGATIVO
boib,"Resolución del consejero del Mar y del Ciclo del Agua, de 14 de febrero de 2025, por la que se modifica la Resolución, de 8 de septiembre de 2023, sobre la delegación de competencias a los titulares de los órganos directivos de la Consejería",resolución,NEGATIVO
boe,"Resolución de 23 de enero de 2025, del Ayuntamiento de Trebujena (Cádiz), referente a la convocatoria para proveer una plaza.",resolución,NEGATIVO
boe,"Resolución de 24 de febrero de 2025, de la Dirección General de Seguridad Jurídica y Fe Pública, en el recurso interpuesto contra la negativa de la registradora de la propiedad de Valverde a inscribir la representación gráfica georreferenciada alternativa de una finca y consiguiente rectificación de su descripción, una vez tramitado el procedimiento regulado en el artículo 199.2 de la Ley Hipotecaria.",resolución,NEGATIVO
bocyl,"RESOLUCIÓN de 7 de marzo de 2025, de la Dirección General de Formación Profesional y Régimen Especial, por la que se convocan las pruebas de acceso y la admisión en las enseñanzas profesionales de artes plásticas y diseño y se determinan las fechas para la matriculación en los centros públicos que imparten dichas enseñanzas en la Comunidad de Castilla y León, para el curso 2025-2026.",resolución,NEGATIVO
boe,SANLUCAR MAYOR,otros,NEGATIVO
bon,Aprobación definitiva de la plantilla orgánica de 2025,aprobación,NEGATIVO
bon,Recaudación ejecutiva Acto que se notifica: Providencia de apremioReferencia: A216000/00002/2025,notificación,NEGATIVO
boa,"RESOLUCIÓN de 21 de diciembre de 2024, del Director General de la Función Pública, por la que se aprueba la lista definitiva de personas candidatas admitidas y excluidas a las pruebas selectivas, para la estabilización de empleo temporal, para ingreso en el Cuerpo de Funcionarios Técnicos de la Administración de la Comunidad Autónoma de Aragón, Escala Técnica Facultativa, Técnicos Recuperadores (Código de convocatoria 210005).",resolución,NEGATIVO
boib,Resolución del gerente de la Fundación para el Deporte Balear por la que se aprueba la lista definitiva de aspirantes que han superado el proceso selectivo por el sistema de concurso oposición para cubrir las plazas de personal laboral de la Fundación para el Deporte Balear y se adjudica la plaza de personal laboral fijo de facultativo técnico / facultativa técnica en fisioterapia,resolución,NEGATIVO
dogc,"Resolución CLT/416/2025, de 10 de febrero, por la que se aprueba y se hace pública la lista provisional de personas aspirantes admitidas y excluidas de la convocatoria de los procesos de selección de nuevo acceso, mediante el sistema selectivo de concurso oposición, de personal laboral de la Oficina de Apoyo a la Iniciativa Cultural",resolución,NEGATIVO
boe,"Orden de 4 de febrero de 2025, por la que se destina a los Jueces y Juezas que se relacionan, como consecuencia del concurso resuelto por Acuerdo de la Comisión Permanente del Consejo General del Poder Judicial.",orden,NEGATIVO
boe,"Anuncio de formalización de contratos de: Dirección General del Instituto de Mayores y Servicios Sociales. Objeto: Prestación de los servicios de reserva y ocupación de plazas en los Balnearios de Acuña 1 2, Liérganes 2 3, Graena 1 2, Terma Pallares, Cestona, La Albotea para el programa de Termalismo del Imserso. Expediente: 889/2024.",anuncio,NEGATIVO
borm,"Aprobación del padrón de las tasas municipales de servicios de suministro de agua potable, alcantarillado, recogida de residuos sólidos urbanos, saneamiento y canon contador del sexto bimestre de 2024.",aprobación,NEGATIVO
bocm,"Resolución proceso selectivo
– Resolución de 6 de febrero de 2025, de la Dirección General de Función Pública, por la que se procede a la adjudicación de destinos correspondiente al proceso extraordinario de estabilización de empleo temporal para el acceso a plazas de carácter laboral de la categoría profesional de Titulado Superior, Especialidad Investigación Agropecuaria, Alimentaria y Medioambiental (Grupo I, Nivel 9, Área B) de la Comunidad de Madrid",resolución,NEGATIVO
boja,"Resolución de 29 de enero de 2025, de la Presidencia del Instituto Andaluz de Investigación y Formación Agraria, Pesquera, Alimentaria y de la Producción Ecológica, por la que se da publicidad a los convenios de colaboración y adendas de convenios firmados en el segundo semestre de 2024.",resolución,NEGATIVO
bopv,"ORDEN de 13 de marzo de 2025, del Consejero de Hacienda y Finanzas, de cese de Vocal titular del Tribunal Económico-Administrativo de Euskadi.

				
2025/01258",orden,NEGATIVO
dogv,"RESOLUCIÓN de 26 de febrero de 2025, de la Dirección General de Personal, por la que se acuerda el nombramiento como personal estatutario fijo con indicación del destino elegido, a las personas finalmente aprobadas de los procesos selectivos: por concurso-oposición, derivado de las OPE de los años 2017, 2018 y estabilización de 2019 y por concurso de méritos excepcional de estabilización, derivado de la OPE del año 2022, para la provisión de plazas básicas vacantes de facultativo o facultativa especialistas de aparato digestivo de instituciones sanitarias de la Conselleria de Sanidad.",resolución,NEGATIVO
boe,MURCIA,otros,NEGATIVO
docm,"Notificación de 28/02/2025, de la Delegación Provincial de Agricultura, Ganadería y Desarrollo Rural de Cuenca, por la que se acuerda dar publicidad a la propuesta de resolución recaída en el expediente sancionador por infracción en materia de animales domésticos, al no haberse podido practicar la notificación personal en el último domicilio conocido (expediente 16AD240012).",notificación,NEGATIVO
boe,"Anuncio de formalización de contratos de: Jefatura de Asuntos Económicos de la Fuerza Terrestre. Objeto: Suministro de diverso material electrónico, informático y herramental de COACTA RACTA 4. Expediente: 2024/ETSAE0206/00000736E.",anuncio,NEGATIVO
bon,Notificación de diligencia de embargo de bienes inmueblesReferencia: E010000/00002/2025,notificación,NEGATIVO
boa,"RESOLUCIÓN de 29 de enero de 2025, de la Gerencia de Sector de Alcañiz por la que se resuelve el procedimiento de provisión, por el sistema de libre designación, de un puesto de Supervisión de Unidad de Formación y Calidad en el Hospital de Alcañiz",resolución,NEGATIVO
boe,"Ley Foral 19/2024, de 26 de diciembre, de Presupuestos Generales de Navarra para el año 2025.",otros,NEGATIVO
boe,"Anuncio de formalización de contratos de: Dirección General de Carreteras. Objeto: 30.994/23; SI-010/23; Asistencia técnica para la evaluación de la resiliencia de la Red de Carreteras del Estado ante eventos hidrometeorológicos y la gestión de inundaciones. Plan de Recuperación, Transformación y Resiliencia, Next Generation EU. Expediente: D30239329639.",anuncio,NEGATIVO
docm,"Notificación de 24/03/2025, de la Delegación Provincial de Sanidad de Cuenca, por la que se da publicidad a la Resolución de fecha 07/03/2025 por la que se resuelve favorablemente la solicitud de baja/cese de oficio por cese definitivo de la actividad económica, a los efectos de cancelación en el Registro Sanitario de Empresas Alimentarias de Castilla-La Mancha de la empresa con número de registro 70.00098/16.",notificación,NEGATIVO
boe,ARANJUEZ,otros,NEGATIVO
docm,"Anuncio de 08/01/2025, del Ayuntamiento de Torrijos (Toledo), sobre nombramientos como funcionarias de carrera para cubrir 2 plazas de auxiliar administrativo, Grupo C, Subgrupo C2.",anuncio,NEGATIVO
bon,Recaudación ejecutiva Acto que se notifica: Providencia de apremioReferencia: A028000/00001/2025,notificación,NEGATIVO
boib,"Notificación de resolución de concesión a los beneficiarios de las ayudas, RES6 de fecha 13 de febrero de 2025, al amparo de la convocatoria de las subvenciones para inversiones en la prevención de los daños causados en los bosques por incendios forestales, desastres naturales y catástrofes, para el año 2024",notificación,NEGATIVO
boe,"Anuncio de licitación de: Junta de Contratación del Ministerio de Educación, Formación Profesional y Deportes. Objeto: Servicio de mantenimiento de los aparatos elevadores, montalibros y plataformas salvaescaleras en los edificios administrativos del Ministerio de Educación, Formación Profesional y Deportes. Expediente: J250001A.",anuncio,NEGATIVO
boib,Aprobación de la convocatoria y de las bases de los premios dentro de la campaña enamorate del comercio de Muro 2025,aprobación,NEGATIVO
bor,Apertura del periodo de cobranza del padrón correspondiente a la cuota general del ejercicio 2024,otros,NEGATIVO
boe,"Real Decreto 1272/2024, de 10 de diciembre, por el que se adjudica en propiedad la plaza de Jueza de adscripción territorial del Tribunal Superior de Justicia de Madrid a la Magistrada doña Alejandra Fontana Sánchez.",real_decreto,NEGATIVO
doe,"Decreto 1/2025, de 14 de enero, por el que se declara urgente la ocupación por el Excelentísimo Ayuntamiento de Casar de Palomero (Cáceres) de los bienes y derechos necesarios en el procedimiento de expropiación forzosa tramitado para la ejecución de la obra denominada ""Ensanche de calle Santa Catalina de Ribera Oveja para acceso de camiones cisterna al depósito del agua en el término municipal de Casar de Palomero"".",decreto,NEGATIVO
boe,"Anuncio del Organismo Autónomo Parques Nacionales por la que se convoca, mediante procedimiento abierto, licitación del expediente de: Enajenación del aprovechamiento estimado de aproximadamente 11.700,00 toneladas de madera de «Pinus pinea L.» en cargadero, extraída en la finca Las Marismillas, Pinar del Faro y Las Salinas, T.M. de Almonte (Huelva). Expediente: 50025802.",anuncio,NEGATIVO
boe,U.R. SUBASTAS ANDALUCIA 41,otros,NEGATIVO
dogc,Anuncio relativo al nombramiento de personal funcionario del Ayuntamiento de Parets del Vallès,anuncio,NEGATIVO
boe,Anuncio de la Facultad de Ciencias de la Educación de la Universidad Granada sobre extravío de título universitario.,anuncio,NEGATIVO
bopa,"Resolución de 15 de enero de 2025, de la Consejería de Cultura, Política Llingüística y Deporte, por la que se declara la no oposición a la modificación de Estatutos de la Fundación Patronato Manuel Suárez para obras benéficas en el concejo de Navia (33/FDC0033). [Cód. 2025-00599]",resolución,NEGATIVO
boib,"Resolución de la Presidencia del Instituto Mallorquín de Asuntos Sociales (IMAS) por la que aprueba la lista definitiva de las personas aspirantes que han superado el proceso selectivo de estabilización por el sistema de concurso excepcional para el ingreso como personal laboral, categoría técnico/a auxiliar, especialidad Auxiliar Técnico/a Sociosanitario/a, grupo D (actual C2) de la Residencia Oms/Sant Miquel y de los centros de día Can Clar y Son Bru, se contrata como personal laboral indefinido (laboral fijo) y se adjudican los puestos de trabajo.",resolución,NEGATIVO
bopa,Anuncio. Modificación de la Relación de Puestos de Trabajo del Ayuntamiento de Langreo para la inclusión del puesto de Psicólogo/a del Centro Asesor de la Mujer. [Cód. 2025-02092],anuncio,NEGATIVO
boa,"ACUERDO del Pleno del Ayuntamiento de Mora de Rubielos, celebrado el día 6 de marzo de 2025, por el que se aprueba inicialmente el expediente de Agrupación entre el Ayuntamiento de Mora de Rubielos y Rubielos de Mora para el sostenimiento en común de una plaza de Técnico Medio de Gestión.",acuerdo,NEGATIVO
boe,"Resolución de 10 de febrero de 2025, de la Secretaría de Estado de Sanidad, por la que se convoca la provisión de puesto de trabajo por el sistema de libre designación.",resolución,NEGATIVO
dog,"RESOLUCIÓN de 18 de febrero de 2025, de la Dirección General de Empleo Público y Administración de Personal, por la que se aprueba la relación provisional de personas admitidas y excluídas del concurso para la provisión de puestos de trabajo vacantes de cuerpos y escalas de Administración especial de la Administración general de la Comunidad Autónoma de Galicia, escalas de ingenieros, ingenieros técnicos, arquitectos, arquitectos técnicos y ciencias.",resolución,NEGATIVO
bopa,"Rectificación de errores de la Resolución de 24 de febrero de 2025, del Secretario General de la Universidad de Oviedo, por la que se emplaza a los interesados en la reclamación 17/2025 interpuesta contra la valoración de la Comisión de Selección, concurso público para la elaboración de bolsas de empleo temporal de personal docente e investigador. [Cód. 2025-01858]",corrección_errores,NEGATIVO
dogc,Edicto sobre aprobación definitiva de un proyecto de obras (exp. 2024/2565),edicto,NEGATIVO
bopa,Anuncio de cobranza. [Cód. 2025-00596],anuncio,NEGATIVO
boe,"Resolución de 9 de diciembre de 2024, de la Universitat de València, por la que se convocan pruebas selectivas de acceso, por el sistema general de libre, a la Escala Técnica Básica de Investigación.",resolución,NEGATIVO
doe,Anuncio de 7 de febrero de 2025 sobre notificación de determinadas resoluciones en relación con las solicitudes de renovación de calificación de explotación agraria prioritaria de titularidades compartidas presentadas en el año 2024.,anuncio,NEGATIVO
bocyl,"ORDEN EYH/13/2025, de 20 de enero, por la que se resuelve convocatoria pública para cubrir, mediante el sistema de libre designación, el puesto de trabajo que se cita.",orden,NEGATIVO
boc,"Aprobación, exposición pública de los padrones fiscales de las Tasas por Abastecimiento de Agua Potable, Recogida de Residuos Sólidos Urbanos, Servicio de Alcantarillado y Canon de Saneamiento del cuarto trimestre de 2024, y apertura del periodo voluntario de cobro.",aprobación,NEGATIVO
boc,"Concesión de licencia de primera ocupación de las obras de construcción de 18 viviendas, garajes y trasteros en calle Ojáiz, 6, 6 A a 6 M. Licencia de obra mayor número 213/20.",otros,NEGATIVO
bon,Recaudación ejecutiva Acto que se notifica: Providencia de apremioReferencia: A903000/00006/2025,notificación,NEGATIVO
bopv,"RESOLUCIÓN 9/2025, de 22 de enero, del Director de la Secretaría del Gobierno y de Relaciones con el Parlamento, por la que se dispone la publicación del Convenio suscrito entre Lanbide-Servicio Vasco de Empleo y la entidad Zabaltzen-Sartu Koop. Elk. de Iniciativa Social para actuar como entidad habilitada para la realización de transacciones electrónicas en representación y por cuenta de las personas interesadas en procedimientos relacionados con las prestaciones del Sistema Vasco de Garantía de Ingresos.
				
2025/00563",resolución,NEGATIVO
boca,"Dirección General de la Función Pública.- Resolución de 9 de enero de 2025, por la que se hace pública la relación de personas aspirantes seleccionadas en las pruebas selectivas para el ingreso, por el sistema general de acceso libre, en el Cuerpo Superior de Administradores, Escala de Administradores Generales (Grupo A, Subgrupo A1), en ejecución del Anexo I del Decreto 114/2022, de 20 de mayo, por el que se aprueba la Oferta Extraordinaria de Empleo Público para la estabilización del empleo temporal a que se refiere el artículo 2.1 de la Ley 20/2021, de 28 de diciembre, de medidas urgentes para la reducción de la temporalidad en el empleo público en el ámbito de la Administración General de la Comunidad Autónoma de Canarias, convocadas por Resolución de 14 de diciembre de 2022, y se les ofertan puestos de trabajo.",resolución,NEGATIVO
bon,CORRECCIÓN DE ERRORES - Convenio Colectivo de Productos Naturales de la Vega SL.,corrección_errores,NEGATIVO
bopv,"ANUNCIO de 10 de febrero de 2025, del Director General de Lanbide-Servicio Vasco de Empleo, relativo a notificaciones n.º 3221 sobre procedimientos de tramitación de la prestación del Ingreso Mínimo Vital.
				
2025/00800",anuncio,NEGATIVO
bopa,"Resolución de 25 de febrero de 2025, de la Dirección Gerencia del Servicio de Salud del Principado de Asturias, por la que se hace público el listado provisional de puntuaciones y adjudicaciones de destinos funcionales en el proceso de movilidad voluntaria abierto y periódico para el acceso a plazas estatutarias de la Categoría de Facultativo Especialista de Área en Cirugía General y Aparato Digestivo. [Cód. 2025-01617]",resolución,NEGATIVO
bor,Convocatoria de junta general ordinaria,convocatoria,NEGATIVO
boe,VALENCIA,otros,NEGATIVO
boib,"Notificación de Corrección de errores del Edicto núm. 1720, publicado ene el BOIB núm. 24 del 22 de febrero de 2025, referido a la Resolución de concesión a los beneficiarios de las ayudas, RES2 de fecha 11 de febrero de 2025, al amparo de la Resolución del Presidente del Fondo de Garantía Agraria y Pesquera de las Islas Baleares (FOGAIBA) por la que se convocan subvenciones para inversiones no productivas vinculadas a la realización de los compromisos de agroambiente y clima, para el año 2024",notificación,NEGATIVO
boe,VINAROS,otros,NEGATIVO
boja,"Resolución de 27 de febrero de 2025, del Patronato de la Alhambra y Generalife, por la que se adjudica puesto de libre designación convocado por la resolución que se cita.",resolución,NEGATIVO
boe,AYUNTAMIENTO DE MADRID,otros,NEGATIVO
boc,"Aprobación, exposición pública de los padrones de la Tasa por Suministro de Agua a Domicilio, Recogida de Basuras, Alcantarillado, Mantenimiento de Contador, Mantenimiento de Acometida y Canon de Saneamiento correspondientes al segundo semestre de 2024, y apertura del periodo voluntario de cobro.",aprobación,NEGATIVO
boe,BERGA,otros,NEGATIVO
bocyl,"RESOLUCIÓN de 9 de enero de 2025, de la Dirección General de la Industria y la Cadena Agroalimentarias, sobre cancelación de la Sociedad Agraria de Transformación «San José, en liquidación» n.º 3410.",resolución,NEGATIVO
boa,"RESOLUCIÓN de 30 de enero de 2025, de la Dirección Gerencia del Servicio Aragonés de Salud, por la que se declara aprobada la relación definitiva de admitidos y excluidos para participar en el proceso selectivo, convocado por Resolución de 16 de mayo de 2024, de la Dirección Gerencia del Servicio Aragonés de Salud, por la que se convoca proceso selectivo para el acceso a la condición de personal estatutario fijo en plazas básicas de la categoría de Enfermero/a Especialista en Salud Mental en centros del Servicio Aragonés de Salud de la Comunidad Autónoma de Aragón, para su provisión por turno de promoción interna.",resolución,NEGATIVO
docm,"Resolución de 05/02/2025, de la Secretaría General, por la que se dispone la publicación de la prórroga del convenio de colaboración entre la Comunidad de Madrid y la Junta de Comunidades de Castilla-La Mancha, para la renovación de la utilización de los títulos de abono transportes del Consorcio Regional de Transportes de Madrid en los desplazamientos entre ambas comunidades autónomas para el año 2025.",resolución,NEGATIVO
dogc,"Resolución de 6 de febrero de 2025, por la que se hace público el resultado parcial del concurso de acceso 97, de plazas de profesorado agregado / profesorado permanente laboral, convocado por la Resolución de 15 de octubre de 2024 (DOGC núm. 9273, de 22.10.2024)",resolución,NEGATIVO
dogv,"RESOLUCIÓN de 17 de enero de 2025, del Rectorado, por la que se convoca un proceso selectivo, para la contratación temporal de personal de investigación de la categoría de personal investigador en formación para colaborar con el proyecto «Asistente para personas con TEA y fobias mediante realidad virtual y aumentada» del Instituto Universitario de Investigación Informática. Referencia: I-PI 16-25",resolución,NEGATIVO
boe,Anuncio de la Comunidad de Regantes de Tormos sobre convocatoria de Junta.,anuncio,NEGATIVO
boib,Resolución de la consejera de Familias y Asuntos Sociales por la que se actualiza para el año 2025 la cuantía correspondiente al complemento de renta social de las Illes Balears a las pensiones no contributivas,resolución,NEGATIVO
boe,Anuncio de licitación de: Subdirección General de Planificación y Gestión Económica. Objeto: Servicio de mantenimiento integral de las instalaciones en el centro penitenciario de Castellón II (Albocasser). Expediente: 020120240231.,anuncio,NEGATIVO
bor,Aprobación definitiva del establecimiento del servicio público de la estación de viajeros de Calahorra,aprobación,NEGATIVO
docm,"Corrección de errores de la Ley 6/2024, de 20 de diciembre, de Presupuestos Generales de la Junta de Comunidades de Castilla-La Mancha para 2025.",corrección_errores,NEGATIVO
boib,"Aprobación definitiva de la modificación de la ordenanza fiscal reguladora del Impuesto de Instalaciones, Construcciones y Obras del Ayuntamiento de sa Pobla",aprobación,NEGATIVO
bon,"CONVOCATORIA para la provisión, mediante concurso-oposición, de trece plazas del puesto de trabajo de suboficial de bomberos, al servicio de la Administración de la Comunidad Foral de Navarra y sus organismos autónomos. Propuesta de nombramiento.",convocatoria,NEGATIVO
bopv,"RESOLUCIÓN de 21 enero de 2025, del Director de Política e Industria Alimentaria, por la que se procede al nombramiento de las personas que constituirán la Comisión de Valoración de las ayudas para grandes inversiones relacionadas con la innovación tecnológica en la producción agrícola primaria (Programa Handitu Innova 2024).
				
2025/00567",resolución,NEGATIVO
boe,MALAGA,otros,NEGATIVO
bocyl,"RESOLUCIÓN de 3 de marzo de 2025, del Rectorado de la Universidad de Salamanca, por la que se ordena la publicación de la modificación del Reglamento por el que se regula la carrera profesional horizontal del personal técnico, de gestión y de administración y servicios funcionario de la Universidad de Salamanca.",resolución,NEGATIVO
dogc,"Anuncio relativo al Acuerdo núm. 16/2025, de 4.3.2025, del Pleno del Ayuntamiento de Canyelles, por el que se aprueba inicialmente el establecimiento del Servicio de Atención Integral en el Ámbito Rural (SAIAR) en L'Espai Romanguer de Canyelles",anuncio,NEGATIVO
bopv,"ANUNCIO de 10 de enero de 2025, de la Delegada Territorial de Vivienda de Bizkaia, relativo a notificaciones de expedientes del Registro de Solicitantes de Vivienda Protegida y Alojamientos Dotacionales y del derecho subjetivo de acceso a una vivienda.

				
2025/00357",anuncio,NEGATIVO
bor,"Resolución 2912/2024, de 30 de diciembre, de la Consejería de Hacienda, Gobernanza Pública, Sociedad Digital y Portavocía del Gobierno, por la que se autoriza la contratación de las personas que han superado las pruebas selectivas para la provisión de cinco plazas laborales de la Administración General de la Comunidad Autónoma de La Rioja, correspondientes a la categoría profesional de Analista (a extinguir por funcionarización) (E063C/22)",resolución,NEGATIVO
docm,"Notificación de 09/01/2025, de la Delegación Provincial de Desarrollo Sostenible de Ciudad Real, por la que se notifica la hoja de aprecio de la beneficiaria en relación con procedimiento de expropiación forzosa (expediente 13211104834).",notificación,NEGATIVO
boe,Anuncio de la Comunidad de Regantes Los Tejares sobre convocatoria de Junta.,anuncio,NEGATIVO
boe,Anuncio de formalización de contratos de: Junta de Contratación del Ministerio de Defensa. Objeto: Acuerdo marco de servicios de seguridad privada para el Ministerio de Defensa y sus Organismos Autónomos. Expediente: 2024/JCMDEF/00000024E.,anuncio,NEGATIVO
dogc,Edicto sobre aprobación de un proyecto de obras,edicto,NEGATIVO
boe,"Anuncio de licitación de: Dirección General de Carreteras. Objeto: 30.1234/24; SI-008/24; Desarrollo de una plataforma de gestión integrada abierta para la monitorización centralizada del equipamiento existente en los túneles de la Demarcación de Carreteras del Estado en Cantabria a través de los correspondientes SCADAS, dentro del programa de compra pública de innovación, en la modalidad de compra pública de tecnología innovadora. Expediente: D30243930610.",anuncio,NEGATIVO
boe,VALENCIA,otros,NEGATIVO
borm,"Anuncio de la Resolución del Rector de la Universidad de Murcia R-1634/2024 de 17 de diciembre, referente a la convocatoria para proveer tres plazas de Investigador/a Doctor/a de la misma.",anuncio,NEGATIVO
dogc,Anuncio sobre el Acuerdo de transformación de asociación en fundación,anuncio,NEGATIVO
boe,"Resolución de 27 de diciembre de 2024, del Ayuntamiento de Begur (Girona), referente a la convocatoria para proveer una plaza.",resolución,NEGATIVO
boc,"Aprobación, exposición pública del padrón fiscal del Impuesto sobre Vehículos de Tracción Mecánica para 2025, y apertura del periodo voluntario de cobro.",aprobación,NEGATIVO
bocm,"Convocatoria contrato
– Anuncio de 18 de marzo de 2025, por el que se convoca la licitación para la contratación de un suministro y mantenimiento de licencias de Microsoft para Metro de Madrid (Expediente 601250086)",anuncio,NEGATIVO
dog,"EDICTO de 22 de enero de 2025, del Jurado Provincial de Clasificación de Montes Vecinales en Mano Común de Ourense, por el que se publica la resolución del expediente de clasificación como vecinal en mano común del monte denominado Ampliación de Fragoso, a favor de la comunidad de montes vecinales en mano común de Fragoso, en el ayuntamiento de Castrelo de Miño.",edicto,NEGATIVO
boja,"Resolución de 27 de diciembre de 2024, de la Dirección General de Personal del Servicio Andaluz de Salud, por la que se nombra personal estatutario fijo en la categoría de Enfermero/a, por el sistema de acceso libre, a las personas aspirantes que han superado el proceso selectivo de concurso, convocado mediante Resolución de 22 de diciembre de 2022, se declaran decaídas a las personas que se citan y se acude a la relación complementaria de personas aspirantes a las que, siguiendo a las que superan el concurso, se les requiere presentación de solicitudes de petición de centro de destino y se inicia el plazo para solicitar destino.",resolución,NEGATIVO
doe,"Resolución de 18 de febrero de 2025, de la Dirección General de Personal Docente, por la que se dispone la ejecución del auto 470/2024, de 27/11/2024, dictado por el Juzgado de lo Contencioso-administrativo n.º 1 de Mérida en el procedimiento de extensión de efectos de sentencia tributaria y de personal 1130 /2021 PA 107/2019.",resolución,NEGATIVO
dogc,"Decreto ley 1/2025, de 28 de enero, de medidas urgentes en materia de contención de rentas",decreto,NEGATIVO
dogv,"ANUNCIO sobre la contratación de personal laboral fijo para el puesto de trabajo 043.SERVSOC de la plantilla, por estabilización.",anuncio,NEGATIVO
boib,Resolución del presidente del Instituto de Estudios Baleáricos por la cual se aprueba la convocatoria de subvenciones para apoyar proyectos de investigación de humanidades y de la cultura vinculados con las Illes Balears para el año 2025,resolución,NEGATIVO
boib,"Acuerdo de fecha 20 de marzo de 2025 del Pleno de la Mancomunidad de Tramuntana, por el que se aprueba inicialmente el expediente para la modificación de sus estatutos y se somete a información pública",acuerdo,NEGATIVO
boe,"Resolución de 5 de marzo de 2025, de la Universidad Rey Juan Carlos, por la que se nombran Profesoras y Profesores Titulares de Universidad.",resolución,NEGATIVO
bon,Baja de oficio en el padrón municipal de habitantes,otros,NEGATIVO
bopa,"Resolución de 28 de enero de 2025, de la Consejería de Presidencia, Reto Demográfico, Igualdad y Turismo, por la que se convoca para su provisión por el sistema de libre designación un puesto de trabajo de Secretario/a de Despacho de la Dirección General de Reto Demográfico. [Cód. 2025-00755]",resolución,NEGATIVO
dogv,Anuncio sobre aprobación del informe ambiental y territorial estratégico favorable en el procedimiento simplificado de evaluación ambiental y territorial estratégica del PRI-I1 la Garrofera del Plan General de Guadassuar,anuncio,NEGATIVO
bocm,"Formalización contrato
– Resolución de 24 de enero de 2025, del Órgano de Contratación del Hospital Universitario Fundación Alcorcón, por la que se dispone la publicación en los boletines oficiales y en el “perfil del contratante” en Internet la formalización del contrato titulado “Suministro de Radiofármacos con destino al Hospital Universitario Fundación Alcorcón”. Expediente SARA-SUM 073/24",resolución,NEGATIVO
bon,"RESOLUCIÓN 55/2025, de 8 de enero, del director general de Función Pública, por la que se aprueba la lista provisional de personas aspirantes admitidas y excluidas en la convocatoria para la provisión, mediante oposición, de cinco plazas del puesto de trabajo de vigilante de carreteras, al servicio de la Administración de la Comunidad Foral de Navarra y sus organismos autónomos.",resolución,NEGATIVO
boja,"Anuncio de 10 de enero de 2025, del Ayuntamiento de Mairena del Alcor, relativo a las bases y convocatoria para cubrir en propiedad tres plazas de auxiliar administrativo, funcionarios de carrera vacantes correspondiente a la oferta de empleo público del año 2021 y 2023. (PP. 97/2025).",anuncio,NEGATIVO
boe,Anuncio de formalización de contratos de: Comité Ejecutivo de la Mancomunidad de los Canales del Taibilla. Objeto: Proyecto 03/22 para el amojonamiento del ramal de Santa Pola (AC/VARIOS) C.P.03. P.I.P. Expediente: O-03/22-05.,anuncio,NEGATIVO
boe,"Anuncio de formalización de contratos de: Consejo de Administración del Patrimonio Nacional. Objeto: Desinfección, desinsectación y desratización (DDD), control de legionella y de la calidad del agua de consumo humano en inmuebles del Patrimonio Nacional . Expediente: 202420PA0375.",anuncio,NEGATIVO
bopa,"Anuncio. Convocatoria y bases específicas por la que se regirá el proceso de selección de personal para la cobertura de una plaza de funcionario, Encargado de Obras del Ayuntamiento de Gozón, por promoción interna, mediante concurso-oposición. Expte. PER/2022/49. [Cód. 2025-00850]",anuncio,NEGATIVO
boe,"Anuncio de la Entidad Pública Empresarial Administrador de Infraestructuras Ferroviarias (ADIF), por el que se comunica el desistimiento de la adjudicación del procedimiento de contratación ""Redacción de proyecto constructivo y ejecución de las obras de instalaciones de seguridad para la adaptación al tercer carril y ampliación a 750 metros. Tramo: La Encina-Alicante"". (Expediente: 3.23/27507.0371).",anuncio,NEGATIVO
boja,"Anuncio de 10 de diciembre de 2024, del Ayuntamiento de El Puerto de Santa María, (Cádiz), relativo a la información pública de la modificación puntual del PGOU para la incorporación al planeamiento urbanístico general de la agrupación de edificaciones irregulares existentes en suelo no urbanizable denominada «Montes de Oca», acordada por el Pleno en sesión celebrada el día 29 de noviembre de 2024. (PP. 10231/2024).",anuncio,NEGATIVO
boe,"Anuncio de licitación de: Instituto de Vivienda, Infraestructura y Equipamiento de la Defensa (INVIED). Objeto: Redacción de proyectos básicos y de ejecución, dirección de obra, dirección de ejecución y coordinación de seguridad y salud en fase de ejecución de las obras promovidas por el INVIED O.A. en península (excepto Madrid) y Baleares. Expediente: 202400000262.",anuncio,NEGATIVO
