id,bulletin,description,grupo_muestreo,is_relevant_gt,categories_gt,subcategories_gt,notas_anotador,is_relevant_pred,act_type_pred,categories_pred,subcategories_pred,confidence,reasoning,duration_s
0,boe,Anuncio de la Confederación Hidrográfica del Guadiana de sometimiento a información pública de resolución de otorgamiento de concesión de aguas subterráneas en el término municipal de Bolaños de Calatrava (Ciudad Real)- 3482/2020.,AGU_GEN,True,AGU_SND,cuenca_guadiana,,True,anuncio,"[""AGU_SND""]","[""cuenca_guadiana"", ""uso_agricola""]",0.85,"El texto menciona explícitamente ""concesión de aguas subterráneas"" para un uso en el término municipal, activando AGU_SND (sondeo/captación) y cuenca_guadiana por la Confederación Hidrográfica del Guadiana. Se infiere uso_agricola dado que normalmente las concesiones subterráneas en términos municipales como Bolaños de Calatrava (Ciudad Real) suelen estar ligadas a riego agrícola, aunque el texto no lo especifica directamente.",168.252
1,boe,"Anuncio de formalización de contratos de: Presidencia de la Confederación Hidrográfica del Guadiana. Objeto: Suministro de material y fungibles, y mantenimiento de equipos multifunción e impresoras en las oficinas de la Confederación Hidrográfica del Guadiana de Ciudad Real y Badajoz. Expediente: 202400000179.",AGU_GEN,False,,,,False,anuncio,[],[],0.98,"El texto describe un contrato de suministro y mantenimiento de material en oficinas, sin ninguna relación con agua, vías pecuarias, montes o espacios naturales protegidos. No contiene señales léxicas que activen ninguna categoría N2 según la taxonomía definida.",61.812
2,boe,"Anuncio de formalización de contratos de: Presidencia de la Confederación Hidrográfica del Guadalquivir. Objeto: Contrato de servicios para el soporte técnico al Área de Calidad de Aguas de la Confederación Hidrográfica del Guadalquivir en el análisis de muestras de aguas subterráneas, aguas superficiales y vertidos. Expediente: CU(CO)-7100.",AGU_GEN,False,,,,False,anuncio,[],[],1.0,"La descripción corresponde a un anuncio de formalización de contrato por soporte técnico al análisis de muestras de aguas. Aunque se mencionan ""aguas subterráneas, aguas superficiales y vertidos"", el objeto es un contrato de servicios administrativos (soporte técnico), no una concesión, autorización o gestión directa del dominio hídrico público según las reglas que definen lo relevante en este dominio.",69.076
3,boe,"Anuncio de la Confederación Hidrográfica del Júcar, O.A. sobre información pública de una concesión de aguas subterráneas en el T.M. de Chiva (Valencia).",AGU_GEN,True,AGU_SND,cuenca_jucar,,True,anuncio,"[""AGU_SND""]",[],0.95,"El texto es un ""Anuncio de la Confederación Hidrográfica del Júcar"" sobre ""concesión de aguas subterráneas"", lo que activa la categoría AGU_SND por ser el objeto principal del expediente. No se mencionan fines de uso específicos (riego, abastecimiento, industrial), ni referencias a vías pecuarias o espacios naturales protegidos. La cuenca es el Júcar por el organismo emisor (CHJ).",72.291
4,boe,"Anuncio de la Confederación Hidrográfica del Duero, O.A., de información pública del expediente de modificación de características de concesión de un aprovechamiento de aguas subterráneas, de referencia MC-0219/2024 (INTEGRA-AYE) AV, con destino a riego en el término municipal de Constanzana (Ávila).",AGU_GEN,True,AGU_RIE,"uso_agricola,cuenca_duero",,True,anuncio,"[""AGU_SND""]","[""uso_agricola"", ""cuenca_duero""]",0.98,"""El texto menciona explícitamente 'expediente de modificación... concesión de un aprovechamiento de aguas subterráneas' y el fin es 'con destino a riego' en la cuenca del Duero, lo que activa AGU_SND por captación principal y uso agrícola. La referencia a la Confederación Hidrográfica del Duero y el término municipal de Ávila confirma la cuenca.""",75.656
5,boe,"Anuncio de la Confederación Hidrográfica del Duero, O.A., de resolución del expediente de concesión de un aprovechamiento de aguas subterráneas, de referencia C-0196/2022, con destino a riego en el término municipal de Torrelara (Burgos).",AGU_GEN,True,AGU_RIE,"uso_agricola,cuenca_duero",,True,anuncio,"[""AGU_RIE""]","[""uso_agricola"", ""cuenca_duero""]",0.95,"El texto indica explícitamente ""concesión de un aprovechamiento de aguas subterráneas, de referencia C-0196/2022, con destino a riego"", lo que activa la categoría AGU_RIE. El término ""Consejería del Agua en Castilla y León"" (aunque no aparece en el snippet proporcionado, se infiere de ""Confederación Hidrográfica del Duero"") y el término ""Burgos"" confirman la cuenca duero. La mención ""con destino a riego"" activa uso_agricola.",86.566
6,boe,Anuncio de licitación de: Presidencia de la Confederación Hidrográfica del Ebro. Objeto: Trabajos de impermeabilización a realizar en el embalse de Guiamets junto al estribo izquierdo de la presa. T/Els Guiamets. Expediente: 020/25-S.,AGU_GEN,False,,,,False,anuncio,[],[],0.95,"Se trata de una licitación para trabajos de impermeabilización en un embalse sin mención a concesión de aguas, gestión del DPH, espacios naturales protegidos o vías pecuarias. La referencia a la Confederación Hidrográfica del Ebro indica cuenca pero no es suficiente para activar PHD sin mención de plan hidrológico, ni activa AGU_GEN por ser una obra de mantenimiento/infraestructura sin concesión explícita.",78.54
7,boe,Anuncio de acuerdo de información pública de la Comisaría de Aguas de la Confederación Hidrográfica del Duero O.A. en el procedimiento de Aprovechamiento de pastos en el término municipal de Puebla de Lillo (León).,AGU_GEN,True,AGU_GEN,cuenca_duero,,UnexpectedModelBehavior,341.802
8,boe,"Anuncio de la Confederación Hidrográfica del Duero, O.A., de información pública del expediente de modificación de características de concesión de un aprovechamiento de aguas subterráneas, de referencia MC-0105/2024 (INTEGRA-AYE) ZA, con destino a riego en el término municipal de Peleas de Abajo (Zamora).",AGU_GEN,True,AGU_RIE,"uso_agricola,cuenca_duero",,True,anuncio,"[""AGU_RIE"", ""AGU_SND""]","[""uso_agricola"", ""cuenca_duero""]",0.75,"El texto menciona ""concesión de un aprovechamiento de aguas subterráneas"" para ""riego"", lo que activa AGU_RIE (uso agrícola). También aparece explícitamente ""agua subterráneas"", activando AGU_SND, aunque el uso principal es riego. La Confederación Hidrográfica del Duero y la ubicación en Zamora indican la cuenca del Duero.",78.436
9,boe,Anuncio de la Confederación Hidrográfica del Tajo O.A. de la resolución de la solicitud de una concesión de aguas en el término municipal de Utande (Guadalajara). Referencia C-0178/2023.,AGU_GEN,True,AGU_GEN,cuenca_tajo,,True,anuncio,"[""AGU_GEN""]",[],0.95,"El texto describe una ""concesión de aguas"" sin especificar el uso (riego, abastecimiento, etc.), lo que activa la etiqueta residual AGU_GEN. La mención a la ""Confederación Hidrográfica del Tajo"" permite inferir la cuenca_tajo como subcategoría relevante.",65.749
10,boe,Anuncio de la Confederación Hidrográfica del Tajo O.A. de la información pública de la solicitud de una concesión de aguas en el término municipal de Brozas (Cáceres). Referencia C-0249/2024.,AGU_GEN,True,AGU_GEN,cuenca_tajo,,True,anuncio,"[""AGU_GEN""]",[],0.85,"Texto menciona ""concesión de aguas"" sin especificar uso, y la entidad es Confederación Hidrográfica del Tajo (cuenca_tajo). La confianza es 0.85 porque el uso del agua no se detalla explícitamente, por lo que es una concesión genérica según AGU_GEN residual.",65.728
11,doe,"Resolución de 11 de enero de 2025, de la Dirección General de Sostenibilidad, por la que se formula informe de impacto ambiental del proyecto de construcción de un sondeo para el aprovechamiento de aguas subterráneas, en el término municipal de El Gordo (Cáceres), promovido por el Ayuntamiento de El Gordo. Expte.: IA24/0676.",AGU_GEN,True,AGU_SND,"uso_urbano,cuenca_tajo",,True,información_pública,"[""AGU_SND""]",[],0.75,"Texto: ""sondeo para el aprovechamiento de aguas subterráneas"" activa AGU_SND como captación puntual principal. La ausencia de mención a uso específico (riego, abastecimiento) impide inferir subcategoría; se deja lista vacía por falta de señal explícita.",68.03
12,boe,"Anuncio de la Confederación Hidrográfica del Miño-Sil, O.A. por el que se publica el inicio del trámite de competencia de proyectos para la creación de un área recreativa con zona de baño en ambas márgenes del río Cabe, en Ribasaltas, T.M. de Monforte de Lemos (Lugo).",AGU_GEN,True,AGU_GEN,cuenca_mino_sil,,True,anuncio,"[""AGU_GEN""]",[],0.75,"La creación de un área recreativa con zona de baño en márgenes del río implica autorización de uso del cauce o ribera (zona de baño), lo que activa la categoría AGU_GEN según las reglas, ya que no se especifica un uso concreto como riego o industria. La señal ""zona de baño"" justifica AGU_GEN.",140.429
13,boe,"Anuncio de la Confederación Hidrográfica del Júcar, O.A. sobre información pública de una concesión de aguas subterráneas en el T.M. de Vinaròs (Castellón).",AGU_GEN,True,AGU_SND,cuenca_jucar,,True,anuncio,"[""AGU_GEN""]","[""cuenca_jucar"", ""uso_mixto""]",0.75,"El texto menciona ""información pública de una concesión de aguas subterráneas"" (activa AGU_GEN por no especificar uso, es residual cuando no se sabe el destino) y ""Vinaròs (Castellón)"" que corresponde a la cuenca del Júcar (cuenca_jucar). La señal ""aguas subterráneas"" podría sugerir AGU_SND, pero como no se especifica que sea captación puntual para uso específico, se mantiene como AGU_GEN. El texto es ambiguo sobre el uso exacto, por lo que uso_mixto o indeterminado es la opción más segura si hay alguna mención de uso.",85.56
14,boe,"Anuncio de la Confederación Hidrográfica del Duero, O.A., de información pública del expediente de modificación de características de concesión de un aprovechamiento de aguas, de referencia MC-0123/2024 (INTEGRA-AYE) VA, con destino a riego y abastecimiento en el término municipal de Siete Iglesias de Trabancos (Valladolid).",AGU_GEN,True,"AGU_RIE,AGU_ABS","uso_mixto,cuenca_duero",,True,anuncio,"[""AGU_RIE"", ""AGU_ABS""]","[""uso_agricola"", ""uso_urbano"", ""cuenca_duero""]",0.98,"La descripción menciona explícitamente ""aprovechamiento de aguas... con destino a riego y abastecimiento"", lo que activa las categorías AGU_RIE (uso agrícola) y AGU_ABS (uso urbano). Además, la mención a la ""Confederación Hidrográfica del Duero"" permite inferir la cuenca duero.",62.87
15,boe,"Anuncio de la Confederación Hidrográfica del Miño-Sil, O.A. por el que se hace público el otorgamiento de la concesión para aprovechamiento de 1,665 l/s de agua procedente de tres (3) manantiales situados en la parroquia de Porqueirós (Santo André), término municipal de Muiños (Ourense), con destino a abastecimiento del núcleo de Porqueirós y extinción de incendios. Expediente: A/32/32701.",AGU_GEN,True,AGU_ABS,"uso_urbano,cuenca_mino_sil",,True,anuncio,"[""AGU_GEN"", ""ESP_NAT""]","[""uso_urbano"", ""cuenca_mino_sil""]",0.85,"El texto menciona explícitamente ""otorgamiento de la concesión para aprovechamiento de... agua"" con destino a ""abastecimiento del núcleo de Porqueirós"", activando AGU_GEN (residual) y uso_urbano. Además, incluye ""extinción de incendios"". El organismo emisor es la ""Confederación Hidrográfica del Miño-Sil"", indicando la cuenca_mino_sil. La etiqueta ESP_NAT NO se asigna porque, aunque el texto menciona ""Santo André"" y ""Muiños"", no hay señales explícitas como ""Parque Natural"", ""Red Natura 2000"", etc., que activen esa categoría según las reglas críticas (el adjetivo ""Natural"" en otros contextos no basta).",82.348
16,boe,Anuncio de la Comisaría de Aguas de la Confederación Hidrográfica del Cantábrico de información pública de procedimiento de concesión de aguas en el término municipal de Aller (Asturias). A/33/48530.,AGU_GEN,True,AGU_GEN,cuenca_cantabrico,,True,anuncio,"[""AGU_GEN""]","[""cuenca_cantabrico""]",0.95,"El texto indica ""procedimiento de concesión de aguas"" sin especificar uso, por lo que se clasifica como AGU_GEN. La referencia a la ""Confederación Hidrográfica del Cantábrico"" activa la subcategoría cuenca_cantabrico.",53.552
17,boe,"Anuncio de la Confederación Hidrográfica del Duero, O.A., de información pública de la concesión de un aprovechamiento de aguas subterráneas para otros usos industriales, en el término municipal de San Miguel del Arroyo (Valladolid). Ref. expte.: C-0404/2024 (INTEGRA-AYE) VA.",AGU_GEN,True,AGU_IND,"uso_industrial,cuenca_duero",,True,anuncio,"[""AGU_IND""]","[""uso_industrial"", ""cuenca_duero""]",0.95,"El texto especifica explícitamente la concesión para ""otros usos industriales"" (activador de AGU_IND) y el organismo es la Confederación Hidrográfica del Duero (activador de cuenca_duero).",53.634
18,boe,"Anuncio de la Comisaría de Aguas de la Confederación Hidrográfica del Guadalquivir de información pública del procedimiento de extinción del derecho de la concesión de aguas públicas con expediente de referencia X-5568/2024, en el término municipal de Puente Genil (Córdoba).",AGU_GEN,True,AGU_GEN,cuenca_guadalquivir,,True,anuncio,"[""AGU_GEN""]","[""cuenca_guadalquivir""]",0.95,"Texto menciona ""concesión de aguas públicas"" en la Confederación Hidrográfica del Guadalquivir, activando AGU_GEN y cuenca_guadalquivir. No se especifica uso detallado (riego, abastecimiento), por lo que es genérico y se aplica AGU_GEN residual.",62.325
19,boe,"Anuncio del Servicio de Régimen de Usuarios de la Confederación Hidrográfica del Duero, O.A. de información pública sobre la tramitación de un procedimiento de extinción del derecho a un aprovechamiento subterráneas en el término municipal de Langa (Ávila). Expediente ED-0089/2024.",AGU_GEN,True,AGU_GEN,cuenca_duero,,True,anuncio,"[""AGU_GEN""]","[""cuenca_duero""]",0.95,"El texto menciona ""aprovechamiento subterráneas"" y ""Confederación Hidrográfica del Duero"", activando las etiquetas AGU_GEN por ser una autorización en DPH y cuenca_duero por el organismo emisor.",53.505
20,boe,Anuncio de la Confederación Hidrográfica del Guadiana de sometimiento a información pública de resolución de otorgamiento de concesión de aguas subterráneas en el término municipal de El Robledo (Ciudad Real)- 3681/2018.,AGU_GEN,True,AGU_SND,cuenca_guadiana,,True,anuncio,"[""AGU_SND""]","[""cuenca_guadiana""]",0.95,"El texto describe una ""resolución de otorgamiento de concesión de aguas subterráneas"" lo que activa la categoría AGU_SND como objeto principal del expediente. La mención a la Confederación Hidrográfica del Guadiana y al término municipal de Ciudad Real sitúan la publicación en la cuenca del Guadiana.",56.445
21,boe,Anuncio de la Confederación Hidrográfica del Guadiana de sometimiento a información pública de solicitud de concesión de aguas subterráneas en el término municipal de Badajoz (Badajoz).,AGU_GEN,True,AGU_SND,cuenca_guadiana,,True,anuncio,"[""AGU_SND""]","[""cuenca_guadiana""]",0.92,"El texto menciona ""solicitud de concesión de aguas subterráneas"" en Badajoz, lo que activa la categoría AGU_SND (sondeo/captación puntual). La cuenca es la del Guadiana, identificada por la Confederación Hidrográfica del Guadiana.",55.095
22,boe,"Anuncio de la Confederación Hidrográfica del Duero, O.A., de información pública de la autorización de vertido de aguas residuales, en el término municipal de Arabayona de Mógica (Salamanca), referencia del expediente V-0095/2023 (Referencia del Servicio: 0081. -SA).",AGU_GEN,True,VER,cuenca_duero,,True,anuncio,"[""AGU_IND"", ""VER""]","[""cuenca_duero""]",0.95,"El texto contiene ""Anuncio de la Confederación Hidrográfica del Duero"" y menciona ""autorización de vertido de aguas residuales"", lo que activa las categorías AGU_IND (uso energético/industrial común para estos usos) y VER. El fragmento clave es: ""autorización de vertido de aguas residuales"".",113.519
23,boe,"Anuncio de la Comisaría de Aguas de la Confederación Hidrográfica del Guadalquivir de información pública del procedimiento de de la concesión de aguas públicas para abastecimiento de vivienda con un volumen de 182,5 m3/año, con captación subterránea en Sanlúcar la Mayor (Sevilla). Expediente 4463/2020.",AGU_GEN,True,AGU_ABS,"uso_urbano,cuenca_guadalquivir",,True,anuncio,"[""AGU_ABS""]","[""uso_urbano"", ""cuenca_guadalquivir""]",0.96,"La descripción menciona explícitamente ""abastecimiento de vivienda"" y ""captación subterránea"", lo que activa las categorías de abastecimiento urbano (AGU_ABS) y uso urbano. Además, la Confederación Hidrográfica del Guadalquivir identifica claramente la cuenca de origen.",58.301
24,boe,Anuncio de la Comisaría de Aguas de la Confederación Hidrográfica del Ebro sobre información pública de una solicitud de concesión de un aprovechamiento de aguas públicas subterráneas en el término municipal de Santo Domingo de la Calzada (La Rioja).,AGU_GEN,True,AGU_SND,cuenca_ebro,,True,anuncio,"[""AGU_ABS""]","[""cuenca_ebro""]",0.85,"La descripción menciona explícitamente ""aprovechamiento de aguas públicas subterráneas"", lo cual es una concesión de abastecimiento urbano (uso de agua) y se clasifica como AGU_ABS. Además, la Confederación Hidrográfica del Ebro indica la cuenca del Ebro. No hay mención de riego o otros usos específicos, por lo que no calificaría como AGU_GEN ni otro uso.",60.849
25,boe,Anuncio de la Comunidad de Regantes Pozo La Sierra de Torrent sobre convocatoria de Junta.,AGU_RIE,True,AGU_RIE,"uso_agricola,cuenca_jucar",,True,anuncio,"[""AGU_RIE""]",[],0.95,"El texto menciona ""Comunidad de Regantes Pozo La Sierra de Torrent sobre convocatoria de Junta"", lo que activa la categoría AGU_RIE según las señales clave para este tipo de actos administrativos relacionados con comunidades de regantes (regla 5). No hay señal explícita de Red Natura ni de cuenca, por lo que no se asignan etiquetas adicionales.",56.215
26,boe,"Anuncio de la Comisaría de Aguas de la Confederación Hidrográfica del Guadalquivir de información pública de procedimiento de extinción del derecho de una concesión de aguas públicas para abastecimiento, riego de 0,02 ha. y un volumen de 1.150 m3/año con captación en Pozo (Fuera de masa) en Pozoblanco (Córdoba). Expediente X-9076/2022-ing.",AGU_RIE,True,AGU_RIE,"uso_agricola,cuenca_guadalquivir",,True,anuncio,"[""AGU_GEN"", ""AGU_RIE""]","[""uso_urbano"", ""uso_agricola"", ""cuenca_guadalquivir""]",0.85,"El texto menciona explícitamente ""extinción del derecho de una concesión de aguas públicas para abastecimiento, riego"" en Pozoblanco (Córdoba), activando AGU_GEN como base y AGU_RIE por la mención al riego. Las subcategorías se infieren: uso_urbano (abastecimiento) y uso_agricola (riego). La cuenca es Guadalquivir por la CHG de Pozoblanco.",70.47
27,boe,Anuncio de la Comunidad de Regantes Las Almacidas sobre convocatoria de Junta General Ordinaria.,AGU_RIE,True,AGU_RIE,uso_agricola,,True,anuncio,"[""AGU_RIE""]","[""uso_agricola"", ""cuenca_guadalquivir""]",0.98,"El texto menciona ""Comunidad de Regantes Las Almacidas"" y ""Junta General Ordinaria"", lo que corresponde claramente a una convocatoria de junta de comunidad de regantes (AGU_RIE). Por inferencia, las comunidades de regantes en Andalucía suelen estar asociadas al sistema del Guadalquivir (cuenca_guadalquivir) y su uso es agrícola/riego (uso_agricola).",62.19
28,boe,Anuncio de la Comunidad de Regantes de Ara sobre convocatoria de Asamblea General Ordinaria.,AGU_RIE,True,AGU_RIE,"uso_agricola,cuenca_ebro",,True,anuncio,"[""AGU_RIE""]",[],0.95,"La descripción menciona explícitamente ""Convocatoria de Asamblea General Ordinaria"" por parte de una ""Comunidad de Regantes"", lo que activa la categoría AGU_RIE según las reglas para reuniones y asambleas de comunidades de regantes relacionadas con concesiones de riego.",52.049
29,boe,"Anuncio de la Comisaría de Aguas, de la Confederación Hidrográfica del Guadalquivir, de competencia de proyectos sobre concesión de uso de reutilización de aguas para un volumen anual de 205.169 m3/año para uso Agropecuario - Regadío (otras berries para una superficie de 39,21 ha) en el T.M. de Hinojos (Huelva) con expediente A-6835/2017.",AGU_RIE,True,AGU_RIE,"uso_agricola,cuenca_guadalquivir",,True,anuncio,"[""AGU_RIE"", ""AGU_GEN""]","[""uso_agricola"", ""cuenca_guadalquivir""]",0.95,"La descripción menciona explícitamente ""concesión de uso de reutilización de aguas para un volumen anual... para uso Agropecuario - Regadío"", lo que activa AGU_RIE y uso_agricola. El organismo emisor es la Confederación Hidrográfica del Guadalquivir, activando cuenca_guadalquivir. La categoría AGU_GEN no se aplica porque el uso está específicamente definido como riego/agropecuario, por lo que según las reglas debe usarse únicamente la etiqueta específica.",70.508
30,boe,"Anuncio de la Comunidad de Regantes de Las Vegas de Ejea de los Caballeros, Zaragoza, sobre convocatoria de Junta.",AGU_RIE,True,AGU_RIE,"uso_agricola,cuenca_ebro",,True,anuncio,"[""AGU_RIE""]","[""uso_agricola"", ""cuenca_ebro""]",0.98,"La publicación es una convocatoria de Junta de la Comunidad de Regantes de Las Vegas de Ejea de los Caballeros (Zaragoza), lo que activa la categoría AGU_RIE por ""comunidad de regantes"" y ""convocatoria de junta"". El uso del agua es agrícola (riego), y la cuenca es la del Ebro por estar en Zaragoza y ser territorio de la Confederación Hidrográfica del Ebro.",62.385
31,boe,Anuncio de la Comunidad de Regantes Armuña Fase 1 sobre convocatoria de Junta.,AGU_RIE,True,AGU_RIE,"uso_agricola,cuenca_duero",,True,anuncio,"[""AGU_RIE""]",[],0.95,"""Convocatoria de Junta"" sobre ""Comunidad de Regantes Armuña Fase 1"". La mención explícita a ""Comunidad de Regantes"" activa la categoría AGU_RIE según las señales léxicas definidas. No hay información para subcategoría de uso o cuenca en el fragmento proporcionado.",54.59
32,boe,Anuncio de la Comunidad de Regantes del Valle de Benejama sobre convocatoria de Junta.,AGU_RIE,True,AGU_RIE,"uso_agricola,cuenca_jucar",,True,anuncio,"[""AGU_RIE""]",[],0.95,"El texto menciona explícitamente ""Comunidad de Regantes del Valle de Benejama"" y ""convocatoria de Junta"". Esto activa la categoría AGU_RIE según las reglas críticas (Nº5). No hay información para subcategoría de uso o cuenca.",52.09
33,boe,"Anuncio de la Confederación Hidrográfica del Duero, O.A., de información pública de la concesión de un aprovechamiento de aguas subterráneas para riego, en el término municipal Moral de la Reina (Valladolid). Ref. expte.: C-0417/2024 (INTEGRA-AYE) VA.",AGU_RIE,True,AGU_RIE,"uso_agricola,cuenca_duero",,True,anuncio,"[""AGU_RIE""]","[""uso_agricola"", ""cuenca_duero""]",1.0,"La descripción contiene ""aprovechamiento de aguas subterráneas para riego"", lo que activa AGU_RIE (riego) y cuenca_duero por el emisor CHD. El término ""riego"" es explícito y excluye AGU_GEN o AGU_SND.",57.731
34,boe,Anuncio de la Comunidad de Regantes del Río Tajo en Almoguera sobre convocatoria de Junta.,AGU_RIE,True,AGU_RIE,"uso_agricola,cuenca_tajo",,True,anuncio,"[""AGU_RIE""]","[""cuenca_tajo"", ""uso_agricola""]",0.95,"La descripción indica ""Convocatoria de Junta"" de la ""Comunidad de Regantes del Río Tajo"". El término ""Comunidad de regantes"" y el contexto de convocar una junta activa la etiqueta AGU_RIE. La mención explícita del ""Río Tajo"" permite inferir que pertenece a la cuenca del Tajo (cuenca_tajo) y su propósito es el riego (uso_agricola).",62.544
35,docm,"Resolución de 16/01/2025, de la Delegación Provincial de Desarrollo Sostenible de Guadalajara, por la que se formula el informe de impacto ambiental del proyecto denominado: Captación de aguas subterráneas para riego de carrascas truferas en Tordellego (Guadalajara) (expediente PRO-GU-24-0765), cuyo promotor es don Luis Martínez Martínez.",AGU_RIE,True,"AGU_SND,AGU_RIE","uso_agricola,cuenca_tajo",,True,información_pública,"[""AGU_RIE""]","[""uso_agricola"", ""cuenca_guadiana""]",0.95,"El texto describe una ""Captación de aguas subterráneas para riego"" (AGU_RIE). El término ""riego"" y el contexto de agricultura determinan ""uso_agricola"", y la mención de la Delegación Provincial de Guadalajara sitúa la obra en la cuenca del Guadiana (cuenca_guadiana).",61.509
36,boe,"Anuncio de la Comunidad de Regantes La Moraña II, sobre la exposición pública de los estatutos.",AGU_RIE,True,AGU_RIE,"uso_agricola,cuenca_duero",,True,anuncio,"[""AGU_RIE""]","[""uso_agricola"", ""cuenca_guadalquivir""]",0.9,"El texto menciona ""Comunidad de Regantes"", lo que activa la categoría AGU_RIE según las señales léxicas para concesión de riego/regadío. La subcategoría uso_agricola se infiere del propósito de regadío, y cuenca_guadalquivir por la referencia implícita a la Comunidad de Regantes La Moraña II (zona de Sevilla/Córdoba/Huelva en demarcación Guadalquivir).",63.523
37,boe,Anuncio de la Comunidad de Regantes de Alcolea de Tajo sobre convocatoria de Junta.,AGU_RIE,True,AGU_RIE,"uso_agricola,cuenca_tajo",,True,anuncio,"[""AGU_RIE""]",[],0.98,"El texto menciona explícitamente ""Comunidad de Regantes"", lo que activa la categoría AGU_RIE según la regla de las convocatorias de juntas. No hay mención de uso industrial, energético o abastecimiento urbano específico, por lo que se mantiene en riego/riego genérico. La cuenca no se puede inferir con certeza solo por el nombre del regante, aunque ""Tajo"" sugiera la cuenca del Tajo, no hay datos suficientes para etiquetar la subcategoría de cuenca sin referencia a la CHT u otras señales explícitas en el contexto de concesión.",68.302
38,bocyl,"RESOLUCIÓN de 5 de febrero de 2025, de la Delegación Territorial de León, por la que se dicta el informe de impacto ambiental del proyecto de ejecución de un sondeo de captación de aguas para riego de árboles frutales y huerta en Corullón, en el término municipal de Corullón (León). Expte.: I.A. 035/2024.",AGU_RIE,True,"AGU_SND,AGU_RIE","uso_agricola,cuenca_mino_sil",,True,resolución,"[""AGU_SND"", ""AGU_RIE""]","[""uso_agricola"", ""cuenca_duero""]",0.95,"El texto contiene explícitamente ""sondeo de captación de aguas"" (señal de AGU_SND) y el fin es ""riego de árboles frutales y huerta"" (señal de AGU_RIE). Además, se menciona que la Delegación Territorial es de León, provincia que pertenece a la cuenca del Duero.",62.829
39,boe,"Anuncio de la Comisaría de Aguas de la Confederación Hidrográfica del Guadalquivir de información pública de procedimiento de extinción del derecho de una concesión de aguas públicas para riego de 10,88 ha y un volumen de 16.320 m3/año con captación en Sondeo (Rumblar) en Bailén (Jaén). Expediente X-5548/2024-ing.",AGU_RIE,True,AGU_RIE,"uso_agricola,cuenca_guadalquivir",,True,información_pública,"[""AGU_RIE""]","[""cuenca_guadalquivir"", ""uso_agricola""]",0.98,"El texto indica explícitamente ""concesión de aguas públicas para riego"" (AGU_RIE y uso_agricola) y menciona a la Confederación Hidrográfica del Guadalquivir en Bailén (Jaén), lo que confirma la cuenca_guadalquivir. La captación en sondeo es un detalle técnico del expediente, pero el objeto principal sigue siendo el riego según el uso especificado.",65.176
40,boe,"Anuncio de la Confederación Hidrográfica del Duero, O.A., de la resolución del expediente de concesión de un aprovechamiento de aguas subterráneas, de referencia C-0192/2023, con destino a riego en el término municipal de Fermoselle (Zamora).",AGU_RIE,True,AGU_RIE,"uso_agricola,cuenca_duero",,True,anuncio,"[""AGU_RIE""]","[""uso_agricola"", ""cuenca_duero""]",0.98,"La descripción indica explícitamente ""concesión de un aprovechamiento de aguas subterráneas, de referencia C-0192/2023, con destino a riego"", activando la categoría AGU_RIE. La cuenca Duero se identifica por el organismo emisor ""Confederación Hidrográfica del Duero"".",60.919
41,doe,"Acuerdo de 31 de octubre de 2024, de la Comisión de Urbanismo y Ordenación del Territorio de Extremadura, de aprobación definitiva de la modificación puntual n.º 1 del Plan General Municipal de Miajadas que afecta a la regulación de la altura de las edificaciones e instalaciones en Suelo No Urbanizable de Protección Natural (artículo 3.2.2.1), de Protección Estructural Regadíos (artículo 3.2.2.2), de Protección Ambiental Hidrológica (artículo 3.2.2.5) y Común (artículo 3.2.2.7).",AGU_RIE,False,,,,False,acuerdo,[],[],0.85,"El texto menciona ""Suelo No Urbanizable de Protección Natural"", ""Protección Estructural Regadíos"" y ""Protección Ambiental Hidrológica"", pero estos son artículos reguladores dentro de un Plan General Municipal, no la gestión directa de agua o dominio público hidáulico. No hay mención de concesión de aguas, vía pecuaria, monte o espacio natural protegido explícito (solo términos urbanos). Por tanto, es una publicación urbana/orgánica sin actividad en el ámbito hídrico-natural monitoreado.",67.507
42,boe,"Anuncio de la Confederación Hidrográfica del Duero, O.A., de información pública del expediente de modificación de características de concesión de un aprovechamiento de aguas subterráneas, de referencia MC-0193/2024 (INTEGRA-AYE) AV, con destino a riego en el término municipal de Madrigal de las Altas Torres (Ávila).",AGU_RIE,True,AGU_RIE,"uso_agricola,cuenca_duero",,True,anuncio,"[""AGU_GEN""]","[""uso_agricola"", ""cuenca_duero""]",0.95,"El texto describe una concesión de aguas subterráneas para ""riego"" en Madrigal de las Altas Torres (Ávila), lo que indica uso agrícola y la pertenencia a la cuenca del Duero (CHD). Se asigna AGU_GEN porque es una concesión genérica de aprovechamiento sin etiquetas específicas como sondeo o abastecimiento, siendo ""riego"" el único uso explícito.",61.919
43,doe,"Resolución de 19 de marzo de 2025, de la Dirección General de Sostenibilidad, por la que se formula informe de impacto ambiental del proyecto de transformación en regadío de 16,0369 ha de olivar en la finca Santa Ana, promovido por Aurelia Mancha Prieto, Elías, M.ª Aurelia, Demetrio y Guadalupe Carrasco Mancha, en los términos municipales de Don Álvaro y Valverde de Mérida. Expte.: IA21/1029.",AGU_RIE,True,AGU_RIE,"uso_agricola,cuenca_guadiana",,True,resolución,"[""AGU_RIE""]","[""uso_agricola"", ""cuenca_guadiana""]",0.95,"El texto menciona explícitamente ""proyecto de transformación en regadío"", lo que activa la categoría AGU_RIE (señal: ""transformación en regadío""). Se asigna uso_agricola por referencia al olivar y cuenca_guadiana por el ámbito territorial de Don Álvaro y Valverde de Mérida, pertenecientes a dicha cuenca.",65.75
44,boe,Anuncio de la Comunidad de Regantes con Aguas Rodadas del Canal de Lodosa de Fréscano sobre convocatoria de Junta.,AGU_RIE,True,AGU_RIE,"uso_agricola,cuenca_ebro",,True,anuncio,"[""AGU_RIE""]",[],0.98,"El texto menciona ""Comunidad de Regantes"" y ""convocatoria de Junta"", lo que activa la categoría AGU_RIE según la regla 5 para juntas de comunidades de regantes. No hay referencia a otras cuencas, usos específicos ni espacios naturales en el fragmento proporcionado.",60.65
45,boe,Anuncio de la Comunidad de Regantes Heredamiento de aguas de Ceutí sobre convocatoria de Junta.,AGU_RIE,True,AGU_RIE,"uso_agricola,cuenca_segura",,True,anuncio,"[""AGU_RIE""]","[""uso_agricola"", ""cuenca_guadalquivir""]",0.95,"El texto menciona explícitamente ""Comunidad de Regantes Heredamiento"", lo cual activa la categoría AGU_RIE (concesión de aguas - riego y regadío). El fragmento sobre ""convocatoria de Junta"" confirma que se trata de una junta de comunidad de regantes, que según las reglas debe clasificarse como AGU_RIE. La cuenca Guadalquivir se infiere por el nombre ""Heredamiento"", característico de comunidades de regantes en Andalucía (Cuenca del Guadalquivir), y el uso agrícola es explícito en ""Regantes"".",81.239
46,dogc,"Edicto de 24 de febrero de 2025, por el que se somete a información pública el ""Proyecto constructivo de ejecución de las obras de la red de distribución de regadío del sistema Segarra-Garrigues. Sector 12. Red secundaria de apoyo del piso C. Perímetro II"" (exp. S12-XS08-24)",AGU_RIE,True,AGU_RIE,"uso_agricola,cuenca_ebro",,True,edicto,"[""AGU_RIE""]","[""uso_agricola"", ""cuenca_ebro""]",0.95,"El texto menciona ""red de distribución de regadío"" y ""Sector 12... Sistema Segarra-Garrigues"", lo que claramente activa la etiqueta AGU_RIE para riego agrícola. El Sistema Segarra-Garrigues está ubicado en el área de influencia del Ebro (Teruel, Zaragoza, Lérida), justificando cuenca_ebro.",71.449
47,boe,Anuncio de la Comunidad de Regantes de Venta Micena sobre convocatoria de Junta.,AGU_RIE,True,AGU_RIE,"uso_agricola,cuenca_guadalquivir",,True,anuncio,"[""AGU_RIE""]",[],0.95,"""Convocatoria de Junta"" en ""Comunidad de Regantes"" activa la categoría AGU_RIE según la regla 5. La descripción es específica sobre regantes y no menciona otras categorías.""",56.582
48,boe,"Anuncio de la Comisaría de Aguas de la Confederación Hidrográfica del Guadalquivir de información pública de procedimiento de modificación de características y novación de concesión de aguas públicas para, riego de 5,8 ha, abastecimiento, uso industrial y un volumen de 10.444 m3/año con captación en Sondeo (Aluvial del Guadalquivir - Curso Medio) en Adamuz (Córdoba). Expediente M-7618/2017-ing.",AGU_RIE,True,"AGU_RIE,AGU_ABS,AGU_IND","uso_mixto,cuenca_guadalquivir",,True,información_pública,"[""AGU_RIE"", ""AGU_ABS"", ""AGU_IND""]","[""uso_agricola"", ""uso_urbano"", ""uso_industrial"", ""cuenca_guadalquivir""]",0.95,"El texto menciona explícitamente ""riegos de 5,8 ha"" (AGU_RIE), ""abastecimiento"" (AGU_ABS), ""uso industrial"" (AGU_IND) y la Confederación Hidrográfica del Guadalquivir en el curso del Aluvial del Guadalquivir (cuenca_guadalquivir). Las subcategorías de uso se derivan directamente de estas menciones explícitas.",156.623
49,boe,Anuncio de la Comunidad de Regantes Nava de Arriba sobre convocatoria de Junta General.,AGU_RIE,True,AGU_RIE,uso_agricola,,True,anuncio,"[""AGU_RIE""]",[],0.95,"La descripción menciona ""Junta General"" y ""Comunidad de Regantes"", activando la categoría AGU_RIE según la regla 5, ya que las convocatorias de asambleas en comunidades de regantes son relevantes. No hay mención explícita de otras categorías o subcategorías específicas como riego agrícola o cuenca concreta en este extracto.",65.311
50,dogv,"RESOLUCIÓN de 17 de septiembre de 2024, de la Dirección General de Urbanismo, Paisaje y Evaluación Ambiental, por la que se formula un informe de impacto ambiental del proyecto de sondeo para captación de aguas subterráneas en la parcela 113, polígono 4, partida Tarafes del término municipal de Xaló (Alicante). Expediente: (3593978) 215/2024/AIA.",AGU_SND,True,AGU_SND,cuenca_jucar,,True,resolución,"[""AGU_SND""]","[""uso_agricola"", ""cuenca_segura""]",0.85,"El texto especifica ""sondeo para captación de aguas subterráneas"" como objeto principal, lo que activa la categoría AGU_SND según la definición del dominio. Se infiere uso agrícola (riego) por ser común en esta actividad y cuenca segura por ubicación en Alicante (Confederación Hidrográfica del Segura).",69.157
51,boib,"Resolución de la directora general de Armonización Urbanística y Evaluación Ambiental por la cual se formula el informe de impacto ambiental sobre el Proyecto de una captación de aguas subterráneas (sondeo), en la finca «Penya Rotja», polígono 14, parcela 43 en el Término Municipal de Son Servera (Exp. 102a/2024)",AGU_SND,True,AGU_SND,cuenca_insular,,True,resolución,"[""AGU_SND""]","[""uso_urbano"", ""cuenca_insular""]",0.75,"El texto menciona explícitamente ""captación de aguas subterráneas (sondeo)"" en el proyecto, lo que activa AGU_SND como categoría principal según la regla 3 y definición del tipo de acto. Se infiere cuenca_insular por estar en Son Servera (Mallorca/Illes Balears) y uso urbano por ser una captación subterránea (sin indicación de riego o industria). La mención a ""impacto ambiental"" es genérico para cualquier proyecto.",66.179
52,dogv,"RESOLUCIÓN de 26 de septiembre de 2024, del director general de Urbanismo, Paisaje y Evaluación Ambiental, por la cual se formula el informe de impacto ambiental del proyecto de sondeo para captación de aguas subterráneas en la parcela 379, polígono 12, del término municipal de Useras. Expediente: (3488985) 121/2024/AIA.",AGU_SND,True,AGU_SND,cuenca_jucar,,True,resolución,"[""AGU_SND""]","[""uso_mixto""]",0.95,"El texto describe explícitamente un ""proyecto de sondeo para captación de aguas subterráneas"" en Useras (Badajoz, Extremadura), lo que activa la categoría AGU_SND según la señal clave ""sondeo para captación"". Al tratarse de una solicitud específica sin mención de uso particular, se asigna uso_mixto por defecto. La ubicación en Badajoz corresponde a la cuenca del Guadiana (CHGu).",61.932
53,dogv,"RESOLUCIÓN de 3 de febrero de 2025, de la Dirección General de Urbanismo, Paisaje y Evaluación Ambiental, por la que se formula el informe de impacto ambiental del Proyecto de sondeo para captación de aguas subterráneas, parcela 33 del polígono 40 del término municipal de Vistabella del Maestrat (Castellón). Expediente: (3524000) 147/2024/AIA.",AGU_SND,True,AGU_SND,cuenca_jucar,,True,resolución,"[""AGU_SND""]",[],0.85,"El documento describe un ""Proyecto de sondeo para captación de aguas subterráneas"", lo que cumple con la definición de AGU_SND (sondeo/captación puntual). La cuenca es el Júcar por estar en Castellón, aunque no se infiere explícitamente en el texto proporcionado.",53.789
54,dogv,"RESOLUCIÓN de 20 de enero de 2025, de la Dirección General de Urbanismo, Paisaje y Evaluación Ambiental, por la cual se formula un informe de impacto ambiental del proyecto de sondeo para captación de aguas subterráneas en la parcela 159, polígono 13, del término municipal de Relleu . Expediente: (3487745) 131/2024/AIA.",AGU_SND,True,AGU_SND,cuenca_jucar,,True,información_pública,"[""AGU_SND""]","[""uso_mixto""]",0.85,"El texto menciona explícitamente ""sondeo para captación de aguas subterráneas"", lo que activa la categoría AGU_SND (sondeo/captación puntual). Se incluye uso_mixto como subcategoría debido a la mención de informe de impacto ambiental, que puede implicar consideraciones ambientales adicionales, aunque no se especifica un uso concreto más allá de la captación. La confianza es de 0.85 porque el texto es claro en AGU_SND pero no especifica la demarcación hidrográfica para asignar una subcategoría de cuenca.",68.242
55,dogv,"RESOLUCIÓN de 19 de febrero de 2025, de la Dirección General de Urbanismo, Paisaje y Evaluación Ambiental, por la cual se formula Informe de impacto ambiental del proyecto de sondeo para captación de aguas subterráneas en la parcela 71, polígono 13, del término municipal de Figueroles. Expediente: (3557724) 240/2024/AIA.",AGU_SND,True,AGU_SND,cuenca_jucar,,True,resolución,"[""AGU_SND""]",[],0.95,"El texto identifica el expediente como un ""sondeo para captación de aguas subterráneas"", que es la actividad principal descrita en la resolución (Informes de impacto ambiental sobre proyecto de sondeo). La descripción no menciona riego, abastecimiento ni otros usos específicos del agua.",52.602
56,dogv,"RESOLUCIÓN de 17 de enero de 2025, de la Dirección General de Urbanismo, Paisaje y Evaluación Ambiental, por la cual se formula informe de impacto ambiental del proyecto de sondeo para captación de aguas subterráneas en la parcela 11 del polígono 22, partida Garroferos, en el término municipal de Monforte del Cid (Alicante). Expediente: (3603557) 259/2024/AIA.",AGU_SND,True,AGU_SND,cuenca_jucar,,True,resolución,"[""AGU_SND""]","[""uso_agricola"", ""cuenca_segura""]",0.85,"La descripción menciona explícitamente ""sondeo para captación de aguas subterráneas"", lo que activa la categoría AGU_SND como objeto principal del expediente (regla 3). Se infiere cuenca_segura porque es en Alicante y corresponde a la Confederación Hidrográfica del Segura. Se asume uso agrícola por ser una explotación privada típica, aunque no se especifica explícitamente.",61.074
57,docm,"Resolución de 12/03/2025, de la Delegación Provincial de Desarrollo Sostenible de Toledo, por la que se formula informe de impacto ambiental del proyecto: Captación de aguas subterráneas para riego de árboles variados y pequeña huerta (expediente PRO-TO-23-3262), en el término municipal de Menasalbas (Toledo).",AGU_SND,True,"AGU_SND,AGU_RIE","uso_agricola,cuenca_tajo",,True,resolución,"[""AGU_RIE"", ""AGU_ABS"", ""AGU_SND""]","[""uso_mixto"", ""cuenca_tajo""]",0.92,"Texto explícito ""Captación de aguas subterráneas"" y ""para riego de árboles variados"", activando AGU_SND (captación), AGU_RIE (riego) y AGU_ABS (abastecimiento urbano para huerta). La provincia de Toledo corresponde a la cuenca del Tajo. El uso combina riego agrícola y abastecimiento pequeño, por lo que se aplica uso_mixto.",64.267
58,dogv,"RESOLUCIÓN de 11 de julio de 2024, de la Dirección General de Urbanismo, Paisaje y Evaluación Ambiental, por la que se formula informe de impacto ambiental del Proyecto de captación de aguas subterráneas para abastecimiento hídrico de la parcela 296 del polígono 43, partida les Sutarraes en el término municipal de Vinaròs. Expediente: (3495540) 122/2024/AIA.",AGU_SND,True,"AGU_SND,AGU_ABS","uso_urbano,cuenca_jucar",,True,resolución,"[""AGU_ABS""]","[""uso_urbano"", ""cuenca_mino_sil""]",0.95,"El texto menciona explícitamente ""captación de aguas subterráneas para abastecimiento hídrico"" (AGU_ABS, uso_urbano) y el término municipal de Vinaròs pertenece a la Confederación Hidrográfica del Mijuan (cuenca_mino_sil). La resolución es un informe de impacto ambiental sobre este proyecto.",59.191
59,dogv,"RESOLUCIÓN de 17 de septiembre de 2024, de la Dirección General de Urbanismo, Paisaje y Evaluación Ambiental, por la que se formula el informe de impacto ambiental del proyecto de sondeo para captación de aguas subterráneas en el polígono 26, parcela 944, partida Las Arenas, del término municipal de Cabanes. Expediente: (3525940)188/2024/AIA.",AGU_SND,True,AGU_SND,cuenca_jucar,,True,resolución,"[""AGU_SND""]",[],0.95,"El texto menciona explícitamente ""sondeo para captación de aguas subterráneas"", activando la categoría AGU_SND, que corresponde a sondeos o captaciones puntuales de agua subterránea. No hay indicio del uso final (riego, abastecimiento, etc.) en este informe de impacto ambiental específico.",55.101
60,dogv,"RESOLUCIÓN de 26 de septiembre de 2024, de la Dirección General de Urbanismo, Paisaje y Evaluación Ambiental, por la cual se formula informe de impacto ambiental del proyecto de sondeo para captación de aguas subterráneas en la parcela 509, polígono 4, partida Tarafes del término municipal de Beniarbeig (Alicante). Expediente: (3603591) 228/2024/AIA.",AGU_SND,True,AGU_SND,cuenca_jucar,,True,resolución,"[""AGU_SND""]","[""uso_industrial"", ""cuenca_segura""]",0.92,"El texto indica explícitamente ""sondeo para captación de aguas subterráneas"" que activa la categoría AGU_SND como objeto principal del expediente, citando el fragmento clave: ""'sondeo para captación de aguas subterráneas'"". La cuenca se infiere por la ubicación en Alicante y la Dirección General de Urbanismo (CCAA de Valencia), lo que sugiere la Confederación Hidrográfica del Segura. Se asigna uso industrial por ser un proyecto de infraestructura hidráulica sin mención de riego o abastecimiento urbano, aunque podría considerarse mixto si hay más contexto, pero con la info dada, se opta por industrial como estándar para sondeos no agrícolas.",75.582
61,bocyl,"RESOLUCIÓN de 5 de febrero de 2025, de la Delegación Territorial de León, por la que se dicta el informe de impacto ambiental del proyecto de ejecución de un sondeo de captación de aguas subterráneas para abastecimiento de agua potable en la localidad de Santiago Millas, en el término municipal de Santiago Millas (León), promovido por el Ayuntamiento. Expte.: I.A. 029/2024.",AGU_SND,True,"AGU_SND,AGU_ABS","uso_urbano,cuenca_duero",,True,resolución,"[""AGU_ABS""]","[""uso_urbano"", ""cuenca_duero""]",0.92,"El texto especifica ""abastecimiento de agua potable"", lo cual es una señal directa para la categoría AGU_ABS. Además, el ayuntamiento promotor y la provincia (León) situados en esta zona apuntan a la cuenca del Duero como subcategoría.",55.144
62,dogv,"RESOLUCIÓN de 21 de octubre de 2024, de la Dirección General de Urbanismo, Paisaje y Evaluación Ambiental, por la cual se formula el informe de impacto ambiental del proyecto de sondeo para la captación de aguas subterráneas en la parcela 581, polígono 3, del término municipal de Alfarp (Valencia). Expediente: (3563584) 224/2024/AIA.",AGU_SND,True,AGU_SND,cuenca_jucar,,True,resolución,"[""AGU_SND""]","[""uso_agricola"", ""cuenca_jucar""]",0.98,"El texto indica un ""sondeo para la captación de aguas subterráneas"" como objeto principal del expediente, lo que activa AGU_SND según la regla crítica 3. La zona es Alfarp (Valencia), perteneciente a la cuenca del Júcar (cuenca_jucar). Se infiere uso agrícola por ser el motivo común de captaciones de aguas subterráneas en áreas rurales, aunque no se especifique explícitamente, lo que justifica la etiqueta uso_agricola con inferencia.",66.53
63,dogv,"RESOLUCIÓN de 17 de enero de 2025, de la Dirección General de Urbanismo, Paisaje y Evaluación Ambiental, por la cual se formula un informe de impacto ambiental del proyecto de sondeo para la captación de aguas subterráneas, en la partida LG Venta Mina PL 04 123 del término municipal de Siete Aguas (Valencia). Expediente: (3326434) 171/2023/AIA.",AGU_SND,True,AGU_SND,cuenca_jucar,,True,resolución,"[""AGU_SND""]",[],0.95,"La descripción menciona ""sondeo para la captación de aguas subterráneas"", lo que activa la categoría AGU_SND según las señales clave. No hay información sobre uso del agua ni cuenca hidrográfica en el texto, por lo que las subcategorías permanecen vacías.",52.583
64,bocyl,"ANUNCIO del Servicio Territorial de Industria, Comercio y Economía de León, relativo a la aprobación del proyecto para la perforación de un sondeo para captación de aguas subterráneas, en el término municipal de San Andrés del Rabanedo (León). Expte.: 71155/23.",AGU_SND,True,AGU_SND,cuenca_duero,,True,anuncio,"[""AGU_SND""]","[""uso_mixto"", ""cuenca_duero""]",0.9,"El texto menciona ""perforación de un sondeo para captación de aguas subterráneas"", lo cual activa la categoría AGU_SND ya que el objeto principal es la captación. La cuenca del Duero se infiere por León y el término municipal de San Andrés del Rabanedo perteneciente a esta demarcación, mientras que el uso mixto se infiere por ser aguas subterráneas para un proyecto industrial (Servicio Territorial de Industria, Comercio y Economía), aunque no especifica el destino final, lo que hace que sea un caso de captación sin uso especificado en el texto pero en contexto industrial.",76.67
65,dogc,"Anuncio sobre aprobación definitiva de la modificación del anexo I de la Ordenanza núm. 16, reguladora de las prestaciones patrimoniales de carácter público no tributario, referida a la prestación del servicio de suministro de agua potable",AGU_ABS,True,AGU_ABS,uso_urbano,,True,anuncio,"[""AGU_ABS""]","[""uso_urbano"", ""cuenca_insular""]",0.95,"El texto menciona explícitamente ""suministro de agua potable"", lo que activa la categoría AGU_ABS (abastecimiento urbano). El ámbito autonómico del DOGC indica Cataluña, que corresponde a cuenca_insular. La modificación afecta al anexo de una ordenanza de prestación del servicio, confirmando el contexto de abastecimiento municipal.",67.105
66,borm,Padrón correspondiente al listado cobratorio de abastecimiento de agua y alcantarillado correspondiente al cuarto trimestre de 2024.,AGU_ABS,False,,,,True,información_pública,"[""AGU_ABS""]","[""uso_urbano"", ""cuenca_insular""]",0.95,"El texto menciona ""abastecimiento de agua"" y ""alcantarillado"", lo que corresponde a la categoría AGU_ABS (uso urbano). Se asume cuenca insular por ser un BORM autonómico de Canarias o Baleares. El motivo del extracto es el padrón cobratorio, no una concesión nueva.",66.744
67,docm,"Resolución de 17/03/2025, de la Dirección General de Medio Natural y Biodiversidad, por la que se aprueba la ocupación de terrenos en la vía pecuaria denominada Abrevadero-Descansadero del Olivar (Cañada del Río), en el término municipal de Escalona, provincia de Toledo, con destino a instalación de tubo para captación de agua potable del río Alberche, cuya persona solicitante es Inversiones y Proyectos y Construcciones, SA. Número de expediente: S244-45-0259-2022.",AGU_ABS,True,"AGU_ABS,VIA_PEC","uso_urbano,cuenca_tajo",,True,resolución,"[""VIA_PEC"", ""AGU_ABS""]","[""uso_urbano"", ""cuenca_tajo""]",0.95,"La mención a ""vía pecuaria"" y ""Cañada del Río"" activa la etiqueta VIA_PEC, y ""abastecimiento de agua potable"" lo hace AGU_ABS. La Confederación Hidrográfica del Tajo es competente para el río Alberche (Toledo), por lo que se aplica cuenca_tajo.",71.533
68,dogc,"Anuncio sobre aprobación definitiva del Proyecto de mejora de la red de abastecimiento de aguas, alcantarillado y pluviales de las calles Carnisseries y Segrià de Alcoletge",AGU_ABS,True,AGU_ABS,uso_urbano,,True,anuncio,"[""AGU_ABS""]","[""uso_urbano"", ""cuenca_insular""]",0.95,"El texto menciona explícitamente ""red de abastecimiento de aguas"" y ""alcantarillado"", lo que activa la categoría AGU_ABS. El organismo emisor (DOGC, ámbito autonómico catalán) implica la cuenca_insular.",62.832
69,borm,Información pública para la aprobación inicial del anteproyecto de construcción y explotación del contrato de concesión del servicio publico de abastecimiento de agua potable y saneamiento del municipio de Alcantarilla.,AGU_ABS,True,AGU_ABS,uso_urbano,,True,información_pública,"[""AGU_ABS""]","[""uso_urbano"", ""cuenca_segura""]",0.95,"El texto menciona explícitamente ""abastecimiento de agua potable"" y ""saneamiento del municipio"", activando la categoría AGU_ABS (uso urbano). La provincia de Albacete, donde está Alcantarilla, pertenece a la Confederación Hidrográfica del Júcar. Sin embargo, dado que el texto no especifica directamente la cuenca pero sí el municipio, inferimos la cuenca por ubicación provincial: Albacete es en la cuenca del Júcar (CHJ). Revisando las provincias de cada cuenca: Albacete pertenece a la cuenca del Júcar (CHJ). Por tanto, la subcategoría correcta es cuenca_jucar.",86.023
70,boca,"Secretaría General Técnica.- Anuncio por el que se hace pública la Resolución de 14 de febrero de 2025, que acuerda la remisión a la Sala de lo Contencioso-administrativo, Sección Primera, del Tribunal Superior de Justicia de Canarias, en Las Palmas de Gran Canaria, del expediente administrativo relativo a la Resolución de 23 de octubre de 2024, de la Viceconsejería de Industria, Comercio y Consumo, por la que se desestima la modificación de las tarifas del servicio público de abastecimiento de agua a poblaciones para su aplicación en la isla de Lanzarote y La Graciosa, con motivo del recurso n.º 37/2025, interpuesto por la entidad Canal Gestión Lanzarote, S.A.U., y emplaza a los interesados en el mismo.",AGU_ABS,True,AGU_ABS,"uso_urbano,cuenca_insular",,True,anuncio,"[""AGU_ABS""]","[""uso_urbano"", ""cuenca_insular""]",0.95,"El texto describe una resolución sobre ""abastecimiento de agua a poblaciones"" para ""Lanzarote y La Graciosa"", lo cual activa la categoría AGU_ABS con señal explícita ""abastecimiento de agua"". Los subcategorios se infieren del contexto: uso urbano por ser servicio a población, y cuenca insular por tratarse de islas Canarias.",73.971
71,dogv,ANUNCIO por el que se somete a información pública la actualización de tarifas de suministro de agua potable de Segorbe.,AGU_ABS,True,AGU_ABS,"uso_urbano,cuenca_jucar",,True,anuncio,"[""AGU_ABS""]","[""uso_urbano"", ""cuenca_jucar""]",0.95,"El texto menciona explícitamente ""suministro de agua potable"" (señal de AGU_ABS). La provincia de Castellón (inferida por Segorbe) corresponde a la cuenca del Júcar.",59.387
72,dogc,Anuncio sobre aprobación del Proyecto constructivo para la renovación de la red de distribución de agua potable del municipio de Òdena (exp. 192/2025),AGU_ABS,True,AGU_ABS,uso_urbano,,True,anuncio,"[""AGU_ABS""]","[""uso_urbano"", ""cuenca_segura""]",0.95,"La publicación es un anuncio de aprobación del Proyecto constructivo para la renovación de la red de distribución de agua potable, lo que activa claramente la categoría AGU_ABS por las señales ""agua potable"" y ""red de distribución"". Se infiere cuenca_segura porque el municipio de Òdena está en la provincia de Tarragona.",65.527
73,dogc,Anuncio sobre aprobación inicial del Proyecto constructivo de renovación de la red de abastecimiento de agua antigua del sector noreste de Sant Pere Pescador (exp. X2024001580),AGU_ABS,True,AGU_ABS,uso_urbano,,True,anuncio,"[""AGU_ABS""]","[""uso_urbano"", ""cuenca_ebro""]",0.95,"El texto menciona explícitamente ""abastecimiento de agua"", lo que activa la categoría AGU_ABS y el uso urbano. La ubicación (Sant Pere Pescador) está en la comarca del Empordà, en la demarcación hidrográfica del Ebro.",62.598
74,boib,Aprobación inicial de la modificación de la ordenanza reguladora de la prestación patrimonial de carácter no tributario derivada de la gestión del servicio público de abastecimiento de agua potable y saneamiento en Sant Antoni de Portmany,AGU_ABS,True,AGU_ABS,"uso_urbano,cuenca_insular",,True,aprobación,"[""AGU_ABS""]","[""uso_urbano"", ""cuenca_insular""]",0.95,"La descripción menciona explícitamente ""abastecimiento de agua potable"" y ""sant Antoni de Portmany"", lo que activa la categoría AGU_ABS (concesión para abastecimiento urbano) y, por la ubicación en las Islas Baleares, la cuenca_insular. No hay referencias a otros usos o espacios naturales protegidos.",67.577
75,doe,"Decreto 8/2025, de 18 de febrero, sobre declaración de urgencia de la ocupación de terrenos para ejecución de las obras de ""Mejora del sistema de abastecimiento de agua para la eficiencia hídrica en Pozuelo de Zarzón (Cáceres)"".",AGU_ABS,True,AGU_ABS,"uso_urbano,cuenca_tajo",,True,decreto,"[""AGU_GEN""]","[""uso_urbano"", ""cuenca_guadiana""]",0.75,"El texto menciona ""abastecimiento de agua para la eficiencia hídrica"", lo que activa AGU_GEN (uso urbano implícito en abastecimiento) y cuenca_guadiana por Cáceres. No es AGU_ABS porque no especifica ""agua potable"" ni ""abastecimiento municipal"", sino un sistema de abastecimiento genérico con eficiencia hídrica.",72.022
76,boib,Notificación colectiva de liquidaciones y anuncio de cobranza de la tasa por la prestación del servicio de suministro intermunicipal de agua potable correspondiente al año 2025 de la Mancomunidad Migjorn de Mallorca,AGU_ABS,True,AGU_ABS,"uso_urbano,cuenca_insular",,True,notificación,"[""AGU_ABS""]","[""uso_urbano"", ""cuenca_insular""]",0.95,"La publicación es una notificación sobre cobro de tasas por ""suministro intermunicipal de agua potable"" (señal clara de AGU_ABS) en el ámbito de Mallorca (cuenca insular). El fragmento clave es ""prestación del servicio de suministro intermunicipal de agua potable"".",65.277
77,boib,Aprobación de la revisión de precios de la concesión del Servicio Municipal de Abastecimiento de Agua Potable al municipio de Andratx,AGU_ABS,True,AGU_ABS,"uso_urbano,cuenca_insular",,True,aprobación,"[""AGU_ABS""]","[""uso_urbano"", ""cuenca_insular""]",0.95,"El texto menciona ""Abastecimiento de Agua Potable al municipio"" (señal de AGU_ABS y uso_urbano) y Andratx está en las Islas Baleares (cuenca_insular). La confianza es alta por la especificidad del uso abasto potable en un municipio insular.",65.113
78,dogc,"Anuncio sobre aprobación inicial del Proyecto de obras para la sustitución de la tubería de abastecimiento de agua potable en la urbanización Royal Park, en el tramo del camino de Can Dansa al depósito Royal 1",AGU_ABS,True,AGU_ABS,uso_urbano,,True,anuncio,"[""AGU_ABS""]","[""uso_urbano"", ""cuenca_insular""]",0.92,"El texto menciona explícitamente ""abastecimiento de agua potable"" (señal clave para AGU_ABS). Se infiere la cuenca insular por el DOGC y ubicación en Girona (ámbito autonómico con características insulares/mediterráneas del este).",62.447
79,dogc,Anuncio sobre aprobación definitiva de la Ordenanza municipal reguladora de la prestación patrimonial de carácter no tributario del servicio de suministro de agua potable,AGU_ABS,True,AGU_ABS,uso_urbano,,True,anuncio,"[""AGU_ABS""]","[""uso_urbano"", ""cuenca_insular""]",0.95,"El texto menciona explícitamente ""suministro de agua potable"", que activa la categoría AGU_ABS (abastecimiento urbano). Dado que el boletín es el DOGC (Diari Oficial de la Generalitat de Catalunya), se infiere que pertenece a la cuenca insular. El fragmento clave es ""prestación patrimonial... del servicio de suministro de agua potable"".",69.336
80,boe,"Anuncio del Área de Industria y Energía de la Subdelegación del Gobierno en Zaragoza por el que se somete a información pública la declaración de impacto ambiental y la solicitud de autorización administrativa previa del expediente CHidr-003 relativo al proyecto central hidroeléctrica reversible Dehesa de Ganaderos, de 95 MW en turbinación y 110 MW en bombeo, de potencia instalada y para su infraestructura de evacuación, en los términos municipales de La Muela y Zaragoza, en la provincia de Zaragoza.",AGU_IND,True,AGU_IND,"uso_energetico,cuenca_ebro",,True,anuncio,"[""AGU_GEN"", ""ESP_NAT""]","[""uso_energetico""]",0.98,"El texto menciona explícitamente ""central hidroeléctrica reversible"" y ""aprovechamiento hidroeléctrico"", lo que justifica la categoría AGU_GEN (como autorización general para uso energético específico) y usa_energetico. Además, el proyecto tiene una afección ambiental significativa en Zaragoza, lo cual activa ESP_NAT por su naturaleza de declaración de impacto ambiental.",70.657
81,dog,"ANUNCIO de 6 de marzo de 2025, de la Comisaría de Augas de Galicia, por el que se somete al trámite de información pública el expediente de extinción de un título concesional con destino a aprovechamiento hidroeléctrico, titularidad de CH Electra Batán, S.L., en el río Calvar, ayuntamiento de Coristanco, A Coruña (clave 10/149/12).",AGU_IND,True,AGU_IND,"uso_energetico,cuenca_cantabrico",,True,anuncio,"[""AGU_IND""]","[""uso_energetico"", ""cuenca_mino_sil""]",0.95,"El texto especifica explícitamente ""aprovechamiento hidroeléctrico"" y titularidad de CH Electra Batán, lo que clasifica la acción como AGU_IND con subcategoría uso_energetico. La mención del ayuntamiento de Coristanco y río Calar en A Coruña ubica el expediente dentro del ámbito territorial de la Confederación Hidrográfica del Miño-Sil (cuenca_mino_sil).",75.518
82,boca,"Consejo Insular de Aguas de Lanzarote.- Anuncio de 25 de febrero de 2025, por el que se somete a información pública la solicitud de autorización administrativa para el uso de los pozos de captación y vertido de agua asociados a un aprovechamiento de agua para la mejora de la eficiencia mediante energía geotérmica de baja entalpía del sistema de refrigeración de las instalaciones del Rancho Texas Park, ubicado en Puerto del Carmen, en el término municipal de Tías.- Expte. 173-2025.",AGU_IND,True,AGU_IND,"uso_energetico,cuenca_insular",,True,anuncio,"[""AGU_IND"", ""ESP_NAT""]","[""uso_energetico"", ""cuenca_insular""]",0.95,"El texto menciona explícitamente ""aprovechamiento de agua para la mejora de la eficiencia mediante energía geotérmica"" lo que activa AGU_IND y uso_energetico. También se refiere al ""Rancho Texas Park"", que por el adjetivo ""Park"" sugiere un espacio natural protegido (activando ESP_NAT), y la entidad emisora es el ""Consejo Insular de Aguas de Lanzarote"", lo que corresponde a la cuenca insular.",79.179
83,bocyl,"INFORMACIÓN pública relativa a la solicitud de autorización administrativa previa y autorización administrativa de construcción para una instalación de producción de energía eléctrica, mediante tecnología fotovoltaica hibridada con central hidroeléctrica, denominada «FV Salto del Martinete» de 500 kW de potencia, en el término municipal de Palazuelos de Eresma (Segovia), como hibridación de la central hidroeléctrica existente denominada «CH Salto del Martinete» de 520 kW de potencia. Expte.: 40/FV/2869.",AGU_IND,True,AGU_IND,"uso_energetico,cuenca_duero",,True,información_pública,"[""AGU_IND"", ""ESP_NAT""]","[""uso_energetico"", ""cuenca_duero""]",0.92,"El texto menciona explícitamente ""central hidroeléctrica"" y ""producción de energía eléctrica"", lo que activa las categorías AGU_IND (uso energético) y, dado que Palazuelos de Eresma está en Segovia (en la cuenca del Duero), se infiere cuenca_duero. Aunque el texto cita a la ""Dirección General de Sostenibilidad"" (como ocurre para Espacios Naturales Protegidos), no menciona términos como ""parque nacional"", ""Red Natura 2000"" o ""ZEPA"", por lo que no se aplica ESP_NAT. La confianza es alta (>0.9) porque las categorías AGU_IND y cuenca_duero están claramente implícitas en el texto, aunque la ausencia de señas espaciales para Red Natura puede ser una omisión en la descripción del boletín más que un indicativo de no pertenencia.",103.149
84,boe,"Anuncio de la Confederación Hidrográfica del Miño-Sil, O.A. de información pública del expediente de extinción del aprovechamiento de agua del arroyo Valdetimones, en el paraje Raniella de Sotillo de Cabrera, término municipal de Benuza, provincia de León, con destino a uso industrial (Refrigeración de hilo diamantado y riego accesos). A/24/04465/E.",AGU_IND,True,AGU_IND,"uso_industrial,cuenca_mino_sil",,True,anuncio,"[""AGU_IND"", ""AGU_GEN""]","[""uso_industrial"", ""cuenca_mino_sil""]",0.95,"El texto menciona explícitamente ""Consignación Hidrográfica del Miño-Sil"" y uso industrial para refrigeración de hilo diamantado, activando las etiquetas AGU_IND y cuenca_mino_sil. También incluye una referencia a ""paraje Raniella de Sotillo de Cabrera"", que podría sugerir un espacio natural protegido, pero no se menciona directamente en la descripción. Además, el texto indica que se trata de un anuncio de información pública del expediente de extinción del aprovechamiento de agua, lo cual se ajusta a la etiqueta AGU_GEN.",84.308
85,bocm,"Vías pecuarias
– Resolución de 9 de enero de 2025, del Director General de Agricultura, Ganadería y Alimentación, por la que se anuncia la exposición pública relativa a la autorización de ocupación temporal de la vía pecuaria Colada Galiana, en el término municipal de Torres de la Alameda, para la instalación de la línea de evacuación Subterránea LSMT Grillete, actuación promovida por Grillete Solar, S. L. U.",VIA_PEC,True,VIA_PEC,,,True,anuncio,"[""VIA_PEC""]",[],1.0,"La descripción menciona explícitamente ""vía pecuaria Colada Galiana"" y ""ocupación temporal de la vía pecuaria"", activando claramente la categoría VIA_PEC según las señales léxicas establecidas. No hay indicios de agua, montes protegidos, espacios naturales ni uso industrial/energético específico para la etiqueta AGU_IND en este caso concreto, ya que se trata de una ocupación temporal de vía pecuaria.",72.194
86,bocm,"Vías pecuarias
– Resolución de 11 de diciembre de 2024, del Director General de Agricultura, Ganadería y Alimentación, por la que se anuncia la exposición pública relativa a la autorización de ocupación temporal de la vía pecuaria Descansadero de El Ardal, en el término municipal de San Agustín del Guadalix, para instalación de pantallas fonoabsorbentes en dos tramos independientes, actuación promovida por Neinor Península, S. L.",VIA_PEC,True,VIA_PEC,,,True,resolución,"[""VIA_PEC""]",[],0.95,"La publicación menciona explícitamente ""vía pecuaria"" y ""cañada real"", activando la categoría VIA_PEC según la señal léxica clave en el título del proyecto. No hay referencia a uso de agua, espacios naturales protegidos o residuos.",61.153
87,boa,"ANUNCIO del Instituto Aragonés de Gestión Ambiental, por el que se somete a información pública el expediente para la ocupación temporal de terrenos en la vía pecuaria ""Cordel de Liri a La Picada"", de titularidad de la Comunidad Autónoma de Aragón, en el municipio de Benasque (Huesca), para la construcción de las instalaciones de la telecabina monocable Benasque-Cerler, promovida por el Ayuntamiento de Benasque (Número de Expediente: INAGA 220101/56/2024/12281).",VIA_PEC,True,VIA_PEC,,,True,anuncio,"[""VIA_PEC""]","[""cuenca_ebro""]",0.95,"El texto menciona explícitamente ""vía pecuaria 'Cordel de Liri a La Picada'"", lo que activa la categoría VIA_PEC según la regla crítica 6. La cuenca correspondiente es la del Ebro, ya que el expediente es del ""Instituto Aragonés de Gestión Ambiental"" y se sitúa en Benasque (Huesca), dentro de la demarcación del Ebro.",72.317
88,bocyl,"INFORMACIÓN pública relativa a la ocupación temporal de terrenos en la vía pecuaria «Cañada de Extremadura a León», en el término municipal de La Mudarra (Valladolid). Expte.: VA-VP-24151-O.",VIA_PEC,True,VIA_PEC,,,UnexpectedModelBehavior,124.393
89,docm,"Resolución de 04/02/2025, de la Delegación Provincial de Desarrollo Sostenible de Ciudad Real, por la que se convoca al levantamiento de actas previas a la ocupación de las fincas afectadas por el proyecto: Instalación solar fotovoltaica denominada FV Braza Cordel, infraestructuras auxiliares y de evacuación. Referencia: 13270209195.",VIA_PEC,True,VIA_PEC,,,True,resolución,"[""AGU_GEN"", ""VIA_PEC""]",[],0.62,"La publicación menciona la ocupación de fincas por el proyecto fotovoltaico FV Braza Cordel (señalando ""cordel"" que activa VIA_PEC). Además, al tratarse de una instalación solar en dominio público hidráulico (ocupa suelo y ribera) y sin uso específico industrial explícito en la descripción, se asigna AGU_GEN como categoría residual para afecciones al DPH.",71.998
90,bocm,"Vías pecuarias
– Resolución de 26 de febrero de 2025, del Director General de Agricultura, Ganadería y Alimentación, por la que se anuncia la exposición pública relativa a la autorización de ocupación temporal de la vía pecuaria Colada de Montesinos, en el término municipal de Alcalá de Henares, para instalación de una acometida de telecomunicaciones con objeto de dar servicio a la parcela 30A desde la avenida de Daganzo, actuación promovida por Telefónica de España, S. A. U.",VIA_PEC,True,VIA_PEC,,,True,resolución,"[""VIA_PEC""]",[],0.95,"El texto menciona ""vía pecuaria Colada de Montesinos"", activando la etiqueta VIA_PEC según la regla crítica 6. No hay mención de agua, uso urbano, industrial, energía ni espacios naturales protegidos explícitos en el fragmento proporcionado. La confianza es alta (0.95) porque ""vía pecuaria"" y ""Colada"" están explícitamente nombrados.",69.94
91,bocm,"Vías pecuarias
– Resolución de 11 de febrero de 2025, del Director General de Agricultura, Ganadería y Alimentación, por la que se anuncia la exposición pública relativa a la autorización de ocupación temporal, de las vías pecuarias Colada Camino del Monte y Cordel de la Matapiñonera al Arroyo de la Vega Tramo 3, en el término municipal de San Sebastián de los Reyes, para el entronque del suministro eléctrico del CS de avenida de Somosierra, número 10, con el CT de Abonado, actuación promovida por Aofi Rishon, S. L. U.",VIA_PEC,True,VIA_PEC,,,True,anuncio,"[""VIA_PEC""]",[],0.95,"El texto menciona ""exposición pública relativa a la autorización de ocupación temporal, de las vías pecuarias Colada Camino del Monte y Cordel de la Matapiñonera"". La señal léxica clave que activa la etiqueta es ""vías pecuarias"" junto con los términos específicos ""Colada"" y ""Cordel"", cumpliendo con la regla crítica 6. No se menciona vertido de aguas residuales (no es VER) ni uso industrial específico, por lo que solo aplica VIA_PEC.",76.873
92,docm,"Anuncio de 08/01/2025, de la Delegación Provincial de Desarrollo Sostenible de Ciudad Real, sobre ocupación de terrenos en vía pecuaria Vereda del Camino del Vicario y Cordel de Ciudad Real (S244-13-1099-2024), en el término municipal de Ciudad Real (Ciudad Real), con destino a paralelismo y cruzamiento subterráneo de línea eléctrica.",VIA_PEC,True,VIA_PEC,,,True,anuncio,"[""VIA_PEC""]","[""cuenca_guadiana""]",0.95,"El texto menciona explícitamente ""vía pecuaria Vereda del Camino del Vicario y Cordel de Ciudad Real"", activando la categoría VIA_PEC según la señal léxica ""Cordel"". La provincia de Ciudad Real corresponde a la cuenca del Guadiana (CHGu).",64.6
93,dogv,ANUNCIO de la concesión demanial en vía pecuaria del término municipal de La Vall d'Uixó. Expediente VP_2024_225.,VIA_PEC,True,VIA_PEC,,,True,anuncio,"[""VIA_PEC""]",[],0.98,"El texto contiene explícitamente la frase ""concesión demanial en vía pecuaria"" y menciona el término municipal La Vall d'Uixó, lo cual activa claramente la categoría VIA_PEC según las señales léxicas definidas. No se identifican usos de agua ni cuencas hidrográficas específicas para poder asignar subcategorías o categorías relacionadas con el uso del agua.",66.333
94,docm,"Resolución de 05/03/2025, de la Dirección General de Medio Natural y Biodiversidad, por la que se aprueba la renovación de ocupación de terrenos en la vía pecuaria denominada Cañada Real de la Mancha a Murcia, en los términos municipales de La Roda y Minaya, provincia de Albacete, con destino a mantener LAMT 20 kV SAT Escribano Cabañero, cuya entidad beneficiaria es I-DE Redes Eléctricas Inteligentes, SAU (número de expediente: S244-02-0913-2024).",VIA_PEC,True,VIA_PEC,,,True,resolución,"[""VIA_PEC""]",[],1.0,"El texto menciona explícitamente ""vía pecuaria denominada Cañada Real de la Mancha"" y ""ocupación de terrenos"", activando la categoría VIA_PEC (etiqueta 6). No hay mención a Red Natura, ni aguas subterráneas o concesión de uso, por lo que no se aplican otras categorías.",66.668
95,docm,"Anuncio de 31/01/2025, de la Delegación Provincial de Desarrollo Sostenible de Toledo, de deslinde de la vía pecuaria denominada Cañada Real de Alcázar en el término municipal de Cabezamesada provincia de Toledo en su totalidad.",VIA_PEC,True,VIA_PEC,,,True,anuncio,"[""VIA_PEC""]",[],0.95,"El texto menciona explícitamente ""vía pecuaria"" y ""Cañada Real de Alcázar"", activando la categoría VIA_PEC según la regla 6. No hay indicios de uso del agua, dominio forestal o espacio natural protegido que justifiquen otras categorías.",61.938
96,docm,"Resolución de 17/03/2025, de la Dirección General de Medio Natural y Biodiversidad, por la que se aprueba la ocupación de terrenos en la vía pecuaria denominada Cañada Real de las Matas, en el término municipal de Guadalajara, provincia de Guadalajara, con destino a cruzamiento subterráneo de la vía pecuaria con línea eléctrica de evacuación de instalación fotovoltaica, cuya persona solicitante es Pañol Solar, SL. Número de expediente: S244-19-0718-2023.",VIA_PEC,True,VIA_PEC,,,True,resolución,"[""VIA_PEC""]","[""cuenca_jucar""]",0.98,"El texto menciona explícitamente ""vía pecuaria denominada Cañada Real de las Matas"", lo que activa la categoría VIA_PEC. La provincia de Guadalajara corresponde a la Confederación Hidrográfica del Júcar, asignando la subcategoría cuenca_jucar. El acto es una resolución de ocupación de terrenos.",67.775
97,borm,"Anuncio por el que se somete a información pública el pliego de condiciones que regirá en el expediente de ocupación de terrenos en la vía pecuaria denominada “Colada de Vera”, clasificada entre las del término municipal de Lorca, para acometidas de líneas subterráneas de media tensión a 20 kv para suministro eléctrico, solicitada por I-DE Redes Eléctricas Inteligentes, S.A.U.",VIA_PEC,True,VIA_PEC,,,True,anuncio,"[""VIA_PEC"", ""AGU_GEN""]","[""uso_energetico"", ""cuenca_segura""]",0.85,"El texto menciona explícitamente ""vía pecuaria denominada 'Colada de Vera'"", activando la etiqueta VIA_PEC. Aunque es para suministro eléctrico (""acometidas de líneas subterráneas""), el uso energético se vincula a la categoría genérica AGU_GEN porque no hay una categoría específica para uso energético, y el texto habla de ""ocupación de terrenos"" en DPH sin uso específico como riego o abastecimiento. Se asume cuenca_segura por mención de Lorca (M Murcia).",80.676
98,borm,"Anuncio por el que se somete a información pública el Pliego de Condiciones que regirá en el expediente de ocupación de terrenos en la vía pecuaria denominada “Cordel de La Flor”, clasificada entre las del término municipal de Yecla, para trabajos de fibra óptica en vía pecuaria, solicitada por Lyntia Networks SAU.",VIA_PEC,True,VIA_PEC,,,True,anuncio,"[""VIA_PEC""]",[],0.98,"El texto menciona explícitamente ""vía pecuaria denominada 'Cordel de La Flor'"", lo que activa la etiqueta VIA_PEC según las reglas críticas. No hay indicaciones de agua subterránea, abastecimiento ni otras categorías de uso específico, y el proyecto es para fibra óptica (infraestructura), pero la clave es la vía pecuaria ocupada.",66.463
99,docm,"Notificación de 17/02/2025, de la Delegación Provincial de Desarrollo Sostenible de Toledo, por la que se procede a la publicación del anuncio del inicio del deslinde de la vía pecuaria denominada Cañada Real de Alcázar, en el término municipal de Villanueva de Alcardete, provincia de Toledo en el tramo que no va a caballera con Corral de Almaguer.",VIA_PEC,True,VIA_PEC,,,True,notificación,"[""VIA_PEC""]",[],1.0,"El texto contiene ""deslinde de la vía pecuaria denominada Cañada Real"", lo cual activa explícitamente la categoría VIA_PEC. No hay información suficiente para asignar subcategoría de cuenca hidrográfica ni etiquetas adicionales.",60.602
100,boa,"ANUNCIO del Instituto Aragonés de Gestión Ambiental, por el que se somete a información pública la concesión de ocupación temporal de terrenos de la vía pecuaria denominada como ""Cañada Real de Barcelona"" de titularidad de la Comunidad Autónoma de Aragón, en los términos municipales de Zaragoza y la Puebla de Alfindén (Zaragoza) para la alimentación de la nueva subestación ""Montepino"" a ejecutar en el polígono industrial Malpica, solicitada por Montepino Logística Zaragoza. (Número de Expediente: INAGA 500101/56/2024/10309).",VIA_PEC,True,VIA_PEC,,,True,anuncio,"[""VIA_PEC""]","[""cuenca_ebro""]",0.95,"El texto menciona explícitamente ""vía pecuaria denominada como 'Cañada Real de Barcelona'"", lo cual activa la categoría VIA_PEC según la regla crítica 6. Además, el organismo emisor es el Instituto Aragonés de Gestión Ambiental (INAGA), que pertenece a la Confederación Hidrográfica del Ebro, activando la subcategoría cuenca_ebro.",71.013
101,docm,"Notificación de 17/02/2025, de la Delegación Provincial de Desarrollo Sostenible de Toledo, por la que se procede a la publicación del anuncio del inicio del deslinde de la vía pecuaria denominada Cañada Real de Alcázar, en el término municipal de Cabezamesada, provincia de Toledo en su totalidad en el municipio.",VIA_PEC,True,VIA_PEC,,,True,notificación,"[""VIA_PEC""]",[],0.95,"La descripción menciona explícitamente ""vía pecuaria"" y ""Cañada Real de Alcázar"", activando la categoría VIA_PEC según la regla crítica 6. El texto describe un deslinde administrativo de esta vía, por lo que no hay indicios de otros usos del agua ni vertidos.",62.688
102,docm,"Anuncio de 12/02/2025, de la Delegación Provincial de Desarrollo Sostenible de Guadalajara, por el que se ordena la publicación de solicitud de ocupación temporal de terrenos de la vía pecuaria Vereda de Ganados, en el término municipal de Sigüenza, según expediente S244-19-0550-2023 solicitado por Parques Intermodales Gran Europa SA, para interés particular.",VIA_PEC,True,VIA_PEC,,,True,anuncio,"[""VIA_PEC""]",[],0.95,"La descripción menciona explícitamente ""vía pecuaria Vereda de Ganados"" y ""ocupación temporal"", activando la categoría VIA_PEC. No hay indicios de uso del agua, espacio natural protegido ni otra etiqueta N2.",61.731
103,docm,"Resolución de 20/01/2025, de la Dirección General de Medio Natural y Biodiversidad, por la que se aprueba la renovación de ocupación de terrenos en la vía pecuaria denominada Cañada Real de los Chorros, en el término municipal de Rada de Haro, provincia de Cuenca, con destino a mantener cruzamiento de línea aérea de MT, cuya entidad beneficiaria es I-DE Redes Eléctricas Inteligentes, SAU. Expediente S244-16-0742-2023.",VIA_PEC,True,VIA_PEC,,,True,resolución,"[""VIA_PEC""]","[""cuenca_jucar"", ""uso_energetico""]",0.95,"El texto menciona explícitamente ""vía pecuaria denominada Cañada Real de los Chorros"", activando la categoría VIA_PEC según la regla 6. También se indica que el destino es ""mantener cruzamiento de línea aérea de MT"" (MT=Media Tensión), lo cual implica un uso energético para transmitir electricidad, por lo tanto uso_energetico. La provincia de Cuenca pertenece a la cuenca del Júcar.",74.398
104,docm,"Resolución de 27/02/2025, de la Dirección General de Medio Natural y Biodiversidad, por la que se aprueba la renovación de ocupación de terrenos en las vías pecuarias denominadas Vereda del Camino del Río y Vereda del Camino de La Roda, en el término municipal de La Gineta, provincia de Albacete, con destino a mantener doble cruce aéreo de LAMT 20 kV, según instalación LAMT 20 kV Montalvos-La Marmota, cuya entidad beneficiaria es I-DE Redes Eléctricas Inteligentes, SAU. Expediente: S244-02-0889-2024.",VIA_PEC,True,VIA_PEC,,,True,resolución,"[""VIA_PEC""]",[],0.95,"El texto menciona explícitamente ""vías pecuarias denominadas Vereda del Camino del Río y Vereda del Camino de La Roda"", activando la categoría VIA_PEC. No hay referencia a uso específico de agua (aprovechamiento, riego, abastecimiento), ni a espacios naturales protegidos (parque natural, Red Natura), ni a montes de utilidad pública, ni a vertidos de aguas residuales. La ocupación es para infraestructura eléctrica, no para uso del agua como tal, por lo que solo califica por la vía pecuaria.",83.99
105,boa,"ANUNCIO del Instituto Aragonés de Gestión Ambiental, por el que se somete a información pública la renovación de la concesión de uso privativo otorgada en el Número de Expediente: INAGA 220101/44/2016/04096, para la ocupación temporal de terrenos en el dominio público forestal del monte de utilidad pública número 59 denominado ""Gallinero, Canales, La Corba y Royera"", de titularidad de la entidad local menor de Liri, y situado en el término municipal de Castejón de Sos (Huesca), para mantener una superficie de despegues y docencia de parapente, promovida por el Ayuntamiento de Castejón de Sos. (Número de Expediente: INAGA 220101/44/2024/05778).",MON,True,MON,,,True,anuncio,"[""AGU_GEN""]",[],0.85,"La publicación es una ""notificación"" o ""anuncio"" sobre renovación de concesión para ocupación temporal de terrenos en el ""dominio público forestal"", lo que indica un acto administrativo del dominio público hidráulico con uso específico (parapente). El fragmento clave es ""se somete a información pública la renovación de la concesión de uso privativo... para la ocupación temporal de terrenos en el dominio público forestal"". Se clasifica como AGU_GEN porque no es una concesión de riego, abastecimiento, industria o energía, ni implica vía pecuaria explícita. Aunque menciona ""monte de utilidad pública"", esta etiqueta (MON) requiere contexto forestal explícito y gestión forestal, lo cual no se cumple aquí. La actividad es parapente en DPH, no vertido, no residuo, y no plan hidrológico.",99.744
106,bocm,"Montes de utilidad pública
– Anuncio de 21 de febrero de 2025, de la Consejería de Medio Ambiente, Agricultura e Interior, por el que se somete a información pública la propuesta de desafectación de terrenos en el monte “Peña Hueca, Valdeyerno, Los Cerezos, El Tirón, Los Canales y Otros”, incluido en el Catálogo de Montes de Utilidad Pública de Madrid con el número 85, propiedad de Ayuntamiento de Lozoya, término municipal de Lozoya, y la afectación de terrenos para su inclusión en dicho monte de utilidad pública, promovido por el Ayuntamiento de Lozoya",MON,True,MON,,,True,anuncio,"[""MON""]",[],0.92,"El texto contiene la expresión ""montes de utilidad pública"" y menciona el desafectación de terrenos en el monte ""Peña Hueca"", lo que activa claramente la categoría MON para montes de utilidad pública/dominio forestal. No hay información sobre uso específico del agua ni cuenca hidrográfica, por lo que las subcategorías N3 están vacías.",66.264
107,boa,"ANUNCIO del Instituto Aragonés de Gestión Ambiental, por el que se somete a información pública y concurrencia competitiva el expediente de autorización administrativa de concesión de uso privativo del dominio público forestal para la ocupación temporal de terrenos del monte de utilidad pública número 237, denominado ""La Citora"", de titularidad del Ayuntamiento de La Puebla de Valverde (Teruel), y sito en su término municipal, motivado por el paso de la línea de evacuación subterránea de media tensión y sus centros de seccionamiento y/o interconexión de la central solar fotovoltaica y de almacenamiento hibridación ""Puerto Escandón"", promovido por Molinos del Jalón, SA. (Número de Expediente: INAGA 440101/44/2024/0664).",MON,True,MON,,,True,anuncio,"[""MON""]","[""uso_energetico"", ""cuenca_ebro""]",0.95,"La descripción incluye ""dominio público forestal"" y ""monte de utilidad pública"", activando la categoría MON. Además, el propósito es una ""central solar fotovoltaica"" (uso energético) y el organismo emisor es ""Instituto Aragonés de Gestión Ambiental"", lo que indica pertenencia a la cuenca Ebro.",71.755
108,boa,"ORDEN MAT/279/2025, de 6 de marzo, por la que se resuelve autorizar la prórroga del expediente de permuta de terrenos del monte de utilidad pública número 181 ""El Pinar"", de la titularidad del Ayuntamiento de Manzanera, por terrenos de titularidad particular del término de Manzanera, solicitada por D.ª María Pilar Pérez Lizandra y D. Gaspar Baselga Escuder. Expediente TE/PER/10/2021.",MON,True,MON,,,True,orden,"[""MON""]",[],0.95,"El texto menciona ""monte de utilidad pública"" en relación con el expediente de permuta, activando la categoría MON. No hay indicios de gestión de aguas o espacios naturales protegidos específicos (Red Natura).",58.012
109,boa,"ORDEN MAT/277/2025, de 6 de marzo, por la que se resuelve autorizar la prórroga del expediente de permuta de terrenos del monte de utilidad pública número 181 ""El Pinar"", de la titularidad del Ayuntamiento de Manzanera, por terrenos de titularidad particular del término de Manzanera, solicitada por D. Enrique Peris Crespo. Expediente TE/PER/7/2021.",MON,True,MON,,,True,resolución,"[""MON""]",[],0.95,"El texto contiene la frase explícita ""monte de utilidad pública"" y se resuelve una permuta de terrenos con esta titularidad, activando la categoría MON según la definición del dominio. No hay indicios de uso de agua, vías pecuarias, espacios naturales protegidos (solo se menciona el nombre del monte, no características de ZEPA/LIC/Red Natura) ni gestión de residuos.",69.25
110,docm,"Resolución de 11/11/2024, de la Dirección General de Medio Natural y Biodiversidad, por la que se aprueba la ocupación temporal en el monte de utilidad pública Pinar de Ayna número 87 del catálogo de la provincia de Albacete, perteneciente al Ayuntamiento de Ayna y sito en su término municipal, para la instalación de la ocupación de una línea eléctrica de media tensión 20 kV, a favor de I-DE Redes Eléctricas Inteligentes SAU. Expediente: ID 3927-T 1653255.",MON,True,MON,,,True,resolución,"[""MON""]",[],0.95,"El texto menciona explícitamente ""monte de utilidad pública"" en la descripción del acto, activando la categoría MON. La instalación de línea eléctrica implica uso energético pero el expediente se centra en la ocupación del monte como hecho principal.",59.757
111,docm,"Resolución de 09/12/2024, de la Dirección General de Medio Natural y Biodiversidad, por la que se aprueba la ocupación temporal en el monte de utilidad pública Riberas del río Segura número 110 del catálogo de la provincia de Albacete, perteneciente a la Junta de Comunidades de Castilla-La Mancha y sito en el término municipal de Yeste, para la instalación de la ocupación de una línea eléctrica aérea de media tensión 20 kV, a favor de I-DE Redes Eléctricas Inteligentes SAU. Expediente: ID 3907-T 1319930.",MON,True,MON,cuenca_segura,,True,resolución,"[""MON"", ""AGU_GEN""]","[""uso_energetico"", ""cuenca_segura""]",0.95,"La publicación menciona explícitamente ""monte de utilidad pública"" (MON) y ""ocupación temporal en el monte"". También se trata de una autorización de ocupación del dominio público hidráulico (""ocupación... sitio en el término municipal"") para instalación de líneas eléctricas, lo que activa AGU_GEN como categoría residual para autorizaciones en DPH sin uso agrícola/urbano específico. El fragmento ""Riberas del río Segura"" y ""provincia de Albacete"" indica cuenca_segura.",82.133
112,boa,"ANUNCIO del Servicio Provincial del Departamento de Medio Ambiente y Turismo en Teruel, por el que se somete a trámite de audiencia y vista el expediente de deslinde total administrativo del monte de utilidad pública número 96 del catálogo de Teruel, denominado ""Monte Pelarda y El Sabinar"", perteneciente al Ayuntamiento de Calamocha (Teruel), y situado en su término municipal.",MON,True,MON,,,True,anuncio,"[""MON""]",[],0.92,"La descripción contiene explícitamente ""monte de utilidad pública"" y habla de un expediente de deslinde administrativo, lo que activa la categoría MON. No hay señales de otras categorías como AGU_GEN (no es una concesión genérica sin especificar), AGU_RIE, ni ESP_NAT (no se menciona protección específica). La confianza es alta ya que el término ""monte de utilidad pública"" está claramente presente y define el ámbito de la publicación.",70.875
113,docm,"Resolución de 19/12/2024, de la Dirección General de Medio Natural y Biodiversidad, por la que se aprueba la ocupación temporal en el monte de utilidad pública Dehesón del Encinar número 56 del catálogo de la provincia de Toledo, perteneciente a la Junta de Comunidades de Castilla-La Mancha y sito en el término municipal de Oropesa, para la instalación de la ocupación de una línea eléctrica aérea de media tensión 20 kV, a favor de I-DE Redes Eléctricas Inteligentes SAU. Expediente: ID 3937-T 2048222.",MON,True,MON,,,True,resolución,"[""MON""]",[],0.95,"El texto menciona explícitamente ""monte de utilidad pública"" y ""ocupación"", activando la etiqueta MON. No se mencionan términos que activen otras categorías como AGU_GEN (no hay concesión de agua), ESP_NAT (el adjetivo natural no es señal suficiente por sí solo, y aunque habla de biodiversidad, no hay Red Natura o ZEPA explícita en el fragmento proporcionado) o VER (no es un vertido).",72.38
114,bocyl,"INFORMACIÓN pública relativa a la ocupación temporal de terrenos del monte de utilidad pública n.º 141 «Eriales de Torrescárcela», en el término municipal de Torrescárcela (Valladolid). Expte.: VA-M-23123-O.",MON,True,MON,,,True,información_pública,"[""MON""]","[""cuenca_duero""]",0.95,"La publicación es una ""información pública"" sobre la ""ocupación de terrenos del monte de utilidad pública"", lo que activa directamente la categoría MON. Se infiere la subcategoría cuenca_duero por mencionar ""Valladolid"" y ""Boletín BOCYL"" (Consejería de Medio Ambiente de Castilla y León), perteneciente a la demarcación del Duero.",133.734
115,docm,"Resolución de 11/03/2025, de la Delegación Provincial de Desarrollo Sostenible de Ciudad Real, por la que se formula informe de impacto ambiental del proyecto: Transformación en regadío para riego de viñedo en espaldera en ZEPA (expediente: PRO-CR-19-1303), ubicado en el término municipal de Villanueva de los Infantes (Ciudad Real).",ESP_NAT,True,"ESP_NAT,AGU_RIE",uso_agricola,,True,resolución,"[""AGU_RIE"", ""ESP_NAT""]","[""uso_agricola"", ""cuenca_guadiana""]",0.95,"""El texto menciona explícitamente 'regadío para riego de viñedo' (AGU_RIE, uso agrícola) y está ubicado en 'ZEPA' (ESP_NAT). La ubicación en Ciudad Real indica la cuenca del Guadiana (cuenca_guadiana).""",68.968
116,bocyl,"INFORMACIÓN pública relativa a la solicitud de autorización de uso excepcional de suelo rústico y licencia urbanística, para la señalización y adecuación de puntos de observación de fauna en el parque natural «Montaña Palentina», en el término municipal de Polentinos (Palencia). Expte.: 1/2025.",ESP_NAT,True,ESP_NAT,,,True,información_pública,"[""ESP_NAT""]","[""cuenca_duero""]",0.95,"El texto menciona ""parque natural «Montaña Palentina»"", lo que activa la categoría ESP_NAT con la señal explícita ""parque natural"". La ubicación en Polentinos (Palencia) identifica la cuenca del Duero, ya que Palencia está dentro de las provincias de la Confederación Hidrográfica del Duero.",66.85
117,docm,"Resolución de 17/03/2025, de la Delegación Provincial de Desarrollo Sostenible de Ciudad Real, por la que se formula informe de impacto ambiental del proyecto: Transformación en regadío para riego de olivar en ZEPA (expediente: PRO-CR-19-1356), ubicado en el término municipal de Villanueva de los Infantes (Ciudad Real).",ESP_NAT,True,"ESP_NAT,AGU_RIE",uso_agricola,,True,información_pública,"[""AGU_RIE"", ""ESP_NAT""]","[""uso_agricola"", ""cuenca_guadiana""]",0.98,"""Transformación en regadío para riego de olivar"" activa AGU_RIE y uso_agricola; ZEPA indica claramente la protección ambiental ESP_NAT. La localidad de Villanueva de los Infantes pertenece a la cuenca del Guadiana, por lo que se añade cuenca_guadiana.",70.569
118,dogc,"Resolución ACC/4775/2024, de 12 de enero, de declaración de impacto ambiental del Proyecto de accesibilidad, aparcamiento, edificio de servicios y reordenación de accesos en el Parque Natural de Cap de Creus, promovido y tramitado por el Departamento de Acción Climática, Alimentación y Agenda Rural (exp. OTAAGI20230194)",ESP_NAT,True,ESP_NAT,,,True,resolución,"[""ESP_NAT""]",[],0.95,"La descripción contiene explícitamente ""Parque Natural de Cap de Creus"", lo que activa la categoría ESP_NAT según las señales léxicas definidas. No hay mención a vertidos, abastecimiento o riego, por lo que es únicamente una resolución sobre impacto ambiental en espacio natural protegido.",65.001
119,boja,"Resolución de 17 de marzo de 2025, de la Delegación Territorial de Sostenibilidad, Medio Ambiente y Economía Azul en Cádiz, por la que se regula el acceso con embarcaciones al Monumento Natural de la Punta del Boquerón y a la Isla de Sancti Petri del término municipal de San Fernando (Cádiz), dentro del Parque Natural Bahía de Cádiz.",ESP_NAT,True,ESP_NAT,,,True,resolución,"[""ESP_NAT""]",[],0.95,"El texto menciona explícitamente ""Monumento Natural de la Punta del Boquerón"", ""Isla de Sancti Petri"" y ""Parque Natural Bahía de Cádiz"", lo que activa la categoría ESP_NAT. No hay información sobre usos del agua o cuenca específica en el extracto proporcionado.",64.395
120,dogc,"Anuncio sobre aprobación de la convocatoria del proceso selectivo con el objeto de crear una bolsa de trabajo del perfil profesional de técnico/a medio/a de tecnologías de la información y administración electrónica, del grupo A, subgrupo A2, como personal funcionario interino / personal laboral temporal para cubrir necesidades actuales y futuras urgentes y sobrevenidas, así como posibles vacantes temporales y sustituciones que se puedan producir en el Consejo Comarcal y el Consorcio para la Gestión de Residuos de El Vallès Occidental (exp. 2262/2024)",RES,False,,,,False,anuncio,[],[],0.98,"El texto se refiere exclusivamente a una convocatoria de selección de personal para ""técnico/a medio/a de tecnologías de la información"" en una entidad gestora de residuos, pero no menciona gestión de residuos ni actividades hídricas o naturales. Es un proceso de recursos humanos sin relación con el dominio hidrico-natural.",62.833
121,dogc,Anuncio sobre aprobación inicial del Proyecto técnico para la implantación del nuevo punto limpio para el tratamiento de residuos,RES,True,RES,,,True,anuncio,"[""RES""]",[],0.95,"La descripción menciona ""tratamiento de residuos"" y ""nuevo punto limpio"", lo cual activa la categoría RES (Gestión de residuos). El texto no contiene términos para otras categorías del dominio hídrico-natural.",55.21
122,bopv,"ANUNCIO del Director de Administración Ambiental, por el que se somete a información pública el proyecto técnico y el estudio de impacto ambiental presentado por la empresa PHS Serkonten, S.A.U. para la actividad de gestión de residuos peligrosos y no peligrosos, en el polígono industrial de Atxukarro n.º 2 de Arrigorriaga, para la obtención de la autorización ambiental única en la Comunidad Autónoma del País Vasco.
				
2025/00509",RES,True,RES,,,False,anuncio,[],[],0.98,"El texto describe una gestión de residuos peligrosos y no peligrosos para la obtención de autorización ambiental única, sin mención alguna a uso de agua, cauces o espacios naturales protegidos, por lo que es is_relevant=False según las reglas definidas.",49.616
123,bopv,"ANUNCIO del Director de Administración Ambiental, por el que se somete a información pública el proyecto técnico presentado por la empresa Intocast Ibérica, S.L. para la actividad de gestión de residuos no peligrosos, en el barrio de Andatza en el término municipal de Aia, promovido para la obtención de la autorización ambiental única en la Comunidad Autónoma del País Vasco.

				
2025/01166",RES,True,RES,,,True,anuncio,"[""RES""]",[],0.95,"El texto menciona explícitamente ""gestión de residuos no peligrosos"" y ""autorización ambiental"", lo cual activa la categoría RES. No hay señales de otras categorías hídricas o naturales.",48.764
124,docm,"Anuncio de 12/02/2025, de la Dirección General de Economía Circular y Agenda 2030, por el que se da publicidad de la autorización para realizar operaciones de tratamiento de residuos, consistente en el almacenamiento de vehículos descontaminados, en su instalación ubicada en calle Camino de las Viñas, s/n 16003 Cuenca.",RES,True,RES,,,False,anuncio,[],[],0.95,"El texto trata sobre ""tratamiento de residuos"" y ""almacenamiento de vehículos descontaminados"", pero según las reglas, la gestión de residuos genéricos sin vertido específico a agua no encaja en VER (que es exclusivo para vertidos). No hay señales léxicas de AGU_GEN, MON, ESP_NAT, etc. Además, se clasifica como anuncio publicitario. Por tanto, is_relevant=False porque no cumple con las definiciones dadas para el dominio hídrico-natural relevante (no es un uso de aguas ni un espacio natural protegido).",77.664
125,bopa,"Anuncio por el que se hace pública la Resolución de la Consejería de Transición Ecológica, Industria y Desarrollo Económico, de otorgamiento de autorización ambiental integrada simplificada a Julio Ron, S. L. U., para la instalación industrial denominada “Centro de gestión de residuos no peligrosos”, ubicada en la calle Augusto Barcia Trelles, s/n, concejo de Vegadeo. Expte. AAIS-021/23 (AUTO/2023/14296). [Cód. 2025-00630]",RES,True,RES,,,True,anuncio,"[""RES""]",[],0.95,"El texto menciona explícitamente ""Centro de gestión de residuos no peligrosos"" y ""autorización ambiental integrada"", lo que activa la categoría RES (gestión de residuos) según las señales léxicas clave. El contexto es claramente de gestión de residuos industriales, no de aguas ni vertidos.",62.594
126,boib,"Resolución de la directora general de Armonización Urbanística y Evaluación Ambiental sobre la revisión de la Autorización Ambiental Integrada de la planta de tratamiento de aceite mineral usado en el TM Lloseta, promovida por WORP Islas Baleares SL, vista la Decisión de ejecución de la Comisión de 10 de agosto de 2018, por la que se establecen las conclusiones sobre las mejores técnicas disponibles (MTD) en el tratamiento de residuos (IPPC M05/2022)",RES,True,RES,cuenca_insular,,True,resolución,"[""RES""]",[],0.95,"El texto menciona ""planta de tratamiento de aceite mineral usado"" y ""tratamiento de residuos"", activando la categoría RES (gestión de residuos). El fragmento ""mejas técnicas disponibles (MTD) en el tratamiento de residuos"" confirma esta clasificación. No hay señales de uso específico del agua que requieran otras categorías, ni mención explícita a espacios naturales protegidos o vías pecuarias.",68.816
127,boib,"Resolución núm. 2025-1091 por la cual se aprueban las bases y la convocatoria para la constitución de una bolsa de trabajo de técnico/a superior en Química y Gestión de Residuos para cubrir con carácter temporal necesidades urgentes e inaplazables de prestación de servicios en el Ayuntamiento de Eivissa, mediante el sistema de concurso de méritos",RES,False,,,,False,resolución,[],[],1.0,"Se trata de una convocatoria para bolsa de trabajo en gestión de residuos municipal sin mención de autorización ambiental específica ni afección al dominio público hidráulico o espacios naturales protegidos, por lo que no cumple los criterios de relevancia del ámbito hídrico-natural.",61.007
128,dogv,"RESOLUCIÓN de 17 de septiembre de 2024, de la Dirección General de Urbanismo, Paisaje y Evaluación Ambiental, por la cual se formula declaración de impacto ambiental del Proyecto de almacén y gestión de residuos metálicos y de automoción, del término municipal de Aldaia (València). Expediente: (3502285) 253/2024/AIA.",RES,True,RES,,,True,resolución,"[""RES""]",[],0.95,"El texto identifica claramente una ""declaración de impacto ambiental del Proyecto de almacén y gestión de residuos"", que encaja con la categoría RES (Gestión de residuos). No hay señales de otras categorías como vertidos de aguas (la frase es sobre ""gestión de residuos"" no específicamente de aguas residuales) o dominio público hidráulico.",62.837
129,bocyl,"RESOLUCIÓN de 23 de diciembre de 2024, de la Delegación Territorial de Ávila, por la que se dicta informe de impacto ambiental del proyecto de una planta de tratamiento de residuos de construcción y demolición en la parcela 40.408 del polígono 506, en el término municipal de El Fresno (Ávila), promovido por «CYC Vías, S.L.». Expte.: E.I.A.S/2024/AV/017.",RES,True,RES,,,False,resolución,[],[],1.0,"El texto describe una resolución sobre informe de impacto ambiental de una planta de tratamiento de residuos, pero la actividad económica (gestión de residuos) no está clasificada entre las categorías monitorizadas de este dominio hídrico-natural (AGU_GEN, AGU_RIE, AGU_SND, AGU_ABS, AGU_IND, VIA_PEC, MON, ESP_NAT, VER). Por tanto, no se asignan etiquetas.",65.197
130,bopv,"ANUNCIO del Director de Administración Ambiental, por el que se somete a información pública el proyecto técnico y estudio de impacto ambiental presentado por la empresa Urteaga Quimica, S.L. para la actividad de gestión de residuos peligrosos, en el término municipal Vitoria-Gasteiz

				
2025/00416",RES,True,RES,,,True,anuncio,"[""RES""]",[],0.95,"El texto menciona explícitamente ""gestión de residuos peligrosos"", que corresponde a la categoría RES según las señales léxicas clave. No hay indicación de vertidos específicos ni uso de agua, por lo que no se aplican otras categorías. La confianza es alta debido a la mención directa de gestión de residuos.",58.722
131,borm,"Servicio de Recogida, transporte y gestión de residuos domésticos, gestión del ecoparque fijo y limpieza viaria del municipio de Cieza (Murcia).",RES,False,,,,False,información_pública,[],[],0.98,"La publicación describe servicios de gestión de residuos, pero se clasifica como NO relevante (is_relevant=False) porque no encaja en el dominio hídrico-natural monitorizado (no hay autorización de aguas, ni DPH, ni infraestructura ambiental con afección al agua). El texto menciona ""gestión de residuos"", que normalmente sería categoría RES, pero aquí se refiere a la recogida doméstica y limpieza viaria del municipio sin mención de instalaciones autorizadas en el marco administrativo de aguas (como una planta de tratamiento o autorización de instalación). Por lo tanto, aunque hay gestión de residuos, no es un acto relevante bajo las reglas de este dominio específico que exige relación con agua o naturaleza explícita.",78.698
132,boa,"RESOLUCIÓN de 7 de enero de 2025, del Instituto Aragonés de Gestión Ambiental, por la que se decide no someter al procedimiento de evaluación de impacto ambiental ordinaria y se emite informe de impacto ambiental del proyecto de instalación de valorización de residuos no peligrosos para el tratamiento de residuos de rechazo de la fragmentación de vehículos fuera de uso, promovido por Ecoindustrial Aragón SL, ubicada en el polígono 26, parcela 320, paraje Valdepeñas, carretera N-IIa, Km 237, Calatayud (Zaragoza), (Número de expediente: INAGA 500301/01/2024/2662).",RES,True,RES,,,True,resolución,"[""RES""]",[],0.98,"El texto menciona explícitamente ""valorización de residuos no peligrosos"" y ""tratamiento de residuos"", lo que activa la categoría RES. No hay mención a vertidos de aguas residuales, por lo que no es VER.",59.592
133,bon,"RESOLUCIÓN 555E/2024, de 16 de diciembre, del director del Servicio de Economía Circular e Innovación por la que se acepta el cambio solicitado de las condiciones de funcionamiento establecidas en la autorización ambiental unificada de la instalación de gestión de residuos, cuyo titular es Servicios y Suministros Saher SL, ubicada en término municipal de Tafalla.",RES,True,RES,,,True,resolución,"[""RES""]",[],0.95,"El texto menciona explícitamente ""instalación de gestión de residuos"" y ""autorización ambiental"", que son señales claras para la categoría RES (Gestión de residuos). No se especifica el tipo de residuo o cuenca hidrográfica, por lo que las subcategorías quedan vacías. La confianza es alta debido a la claridad de los términos.",62.441
134,boib,Anuncio de cobranza del impuesto sobre vehículos de tracción mecánica y de la tasa por servicios relativos al tratamiento de residuos sólidos urbanos del Ayuntamiento de Palma correspondientes al ejercicio 2025,RES,False,,,,False,anuncio,[],[],1.0,"El texto describe un anuncio de cobranza de impuestos sobre vehículos y tasas de tratamiento de residuos urbanos, sin ninguna referencia a concesiones hídricas, vías pecuarias, montes o espacios naturales protegidos según la taxonomía definida. Las señales ""vehículos de tracción mecánica"", ""tasa por servicios relativos al tratamiento de residuos sólidos urbanos"" indican que se trata de materia administrativa/tributaria local y no del dominio hídrico/natural.",65.023
135,bopv,"ANUNCIO de la Agencia Vasca del Agua, por el que se somete a información pública una solicitud de autorización de vertido en el término municipal de Zestoa.
				
2025/00108",VER,True,VER,cuenca_cantabrico,,True,anuncio,"[""VER""]",[],0.95,"La publicación es un anuncio que somete a información pública una solicitud de ""autorización de vertido"", lo cual activa la categoría VER según las señales léxicas definidas (""autorización de vertido"" en el término municipal de Zestoa).",55.155
136,boe,"Anuncio de la Confederación Hidrográfica del Guadiana de sometimiento a información pública sobre autorización administrativa para la instalación provisional de asentamiento apícola, durante el periodo comprendido entre los meses de Mayo a Octubre de 2025 en zona en dominio público hidráulico del Río Gargáligas, en el T.M. Acedera (Badajoz).",VER,True,AGU_GEN,cuenca_guadiana,,True,anuncio,"[""AGU_GEN""]",[],0.95,"El texto es un ""Anuncio... sobre autorización administrativa para la instalación provisional de asentamiento apícola en zona en dominio público hidráulico"". Se activa AGU_GEN porque es una autorización de uso del cauce/ribera sin vertido ni otro uso específico, citando el fragmento: ""autorización administrativa para la instalación provisional de asentamiento apícola, durante el periodo comprendido entre los meses de Mayo a Octubre de 2025 en zona en dominio público hidráulico"".",67.087
137,boe,"Anuncio de la Confederación Hidrográfica del Miño-Sil, O.A. de información pública del expediente de autorización para la corta de 21 chopos en dominio público hidráulico del río Louro, en San Salvador de Budiño, término municipal de O Porriño (Pontevedra)A/36/13957.",VER,True,AGU_GEN,cuenca_mino_sil,,True,información_pública,"[""AGU_GEN""]","[""cuenca_mino_sil""]",0.95,"La publicación es una ""información pública"" (anuncio) de la Confederación Hidrográfica del Miño-Sil sobre autorización en el ""dominio público hidráulico"". La referencia a ""chopos en dominio público hidráulico"" activa AGU_GEN como categoría residual para uso del cauce/ribera sin vertido ni uso específico. El organismo emisor, CHMS, indica la cuenca ""cuenca_mino_sil"".",67.945
138,boe,Anuncio de la Confederación Hidrográfica del Tajo O.A. de la información pública de la solicitud de autorización de vertido en el término municipal de Brihuega (Guadalajara) Referencia AV-0233/2023.,VER,True,VER,cuenca_tajo,,True,anuncio,"[""AGU_GEN""]",[],0.75,"El texto menciona ""solicitud de autorización de vertido"" pero sin especificar aguas residuales ni canon, por lo que se clasifica como AGU_GEN (uso del cauce en DPH sin uso específico). Fragmento: ""solicitud de autorización de vertido en el término municipal de Brihuega"".",117.304
139,boe,"Anuncio de la Confederación Hidrográfica del Miño-Sil, O.A. de información pública del expediente de autorización de vertido de aguas residuales de Gestor de residuos peligrosos y no peligrosos en Partovia, en Partovia , término municipal de O Carballiño (Ourense).",VER,True,VER,cuenca_mino_sil,,True,anuncio,"[""AGU_SND"", ""VER""]","[""uso_industrial"", ""cuenca_mino_sil""]",0.78,"El texto menciona ""verdeo de aguas residuales"" activando VER y también habla de ""aprovechamiento de aguas subterráneas para sondeo"" activando AGU_SND, ambas en el término municipal de O Carballiño (Ourense), lo que indica la cuenca_mino_sil.",62.985
140,bopv,"ANUNCIO por el que se somete a información pública el expediente de obras de construcción del túnel de Aginaga con afección al dominio público hidráulico y zona de policía de cauces de las regatas Txorkoa e Illumbe, en el término municipal de Usurbil (Gipuzkoa).

				
2025/00601",VER,True,AGU_GEN,cuenca_cantabrico,,False,anuncio,[],[],0.98,"El texto describe ""obras de construcción del túnel de Aginaga"" y menciona ""afección al dominio público hidráulico"", pero no especifica ningún uso específico del agua (como riego, abastecimiento o industria). Según las reglas críticas, AGU_GEN es estrictamente residual y solo se aplica si no hay otro uso específico; aquí la obra de túnel sin mención a un aprovechamiento hídrico concreto no activa ninguna categoría N2 específica, por lo que is_relevant debe ser False.",69.191
141,boe,Anuncio de la Confederación Hidrográfica del Tajo O.A. de la Información Pública de la Solicitud de Actuaciones en Dominio Público Hidráulico en el término municipal de Griñón (Madrid) Referencia O-0201/2024.,VER,True,AGU_GEN,cuenca_tajo,,True,anuncio,"[""AGU_GEN""]","[""cuenca_tajo""]",0.9,"La descripción menciona ""Solicitud de Actuaciones en Dominio Público Hidráulico"" en el término municipal de Griñón (Madrid), lo cual activa la categoría AGU_GEN como uso residual del DPH sin especificar un fin concreto, y ""Confederación Hidrográfica del Tajo"" permite inferir la subcategoría cuenca_tajo.",61.923
142,boe,"Anuncio de la Comisaría de Aguas de la Confederación Hidrográfica del Cantábrico, O.A. de información pública del procedimiento de autorización de vertido de Alojamiento rural y centro de interpretación e investigación de la sidra artesana en Hijas – La Panera Turismo Rural, S.L., término municipal de Puente Viesgo (Cantabria). Expediente V/39/01342.",VER,True,VER,cuenca_cantabrico,,True,anuncio,"[""VER"", ""AGU_GEN""]","[""uso_mixto"", ""cuenca_cantabrico""]",0.95,"El texto menciona ""procedimiento de autorización de vertido"" (etiqueta VER) y un uso mixto de alojamiento rural y centro de investigación (uso urbano e industrial/cultural), además de la Confederación Hidrográfica del Cantábrico que indica la cuenca cantábrica. Aunque el vertido es de origen agrícola/sidra, se clasifica como VER debido a la mención explícita de ""autorización de vertido"".",72.121
143,boe,"Anuncio de la Confederación Hidrográfica del Miño-Sil, O.A. de información pública del expediente de autorización de vertido de aguas residuales de Extracción de pizarras en La Calzada, en La Calzada San Vicente de Leira, término municipal de Vilamartín de Valdeorras (Ourense).",VER,True,VER,cuenca_mino_sil,,True,anuncio,"[""VER""]","[""uso_industrial"", ""cuenca_mino_sil""]",0.95,"El texto contiene explícitamente la frase ""autorización de vertido de aguas residuales"" que activa la categoría VER, y menciona ""Extracción de pizarras"" (uso industrial) y a la ""Confederación Hidrográfica del Miño-Sil"", activando las subcategorías uso_industrial y cuenca_mino_sil.",64.667
144,boe,"Anuncio de la Confederación Hidrográfica del Miño-Sil, O.A. de información pública del expediente de autorización para la corta de 8 alisos y 2 sauces en dominio público hidráulico, 67 alisos, 60 fresnos, 6 castaños y 4 sauces en zona de servidumbre y 60 robles, 20 castaños y 50 pinos en zona de policía del regato da Lavandeira, en Loucía, término municipal de San Amaro (Ourense)A/32/32696.",VER,True,AGU_GEN,cuenca_mino_sil,,False,anuncio,[],[],1.0,"El texto describe una autorización de corta de madera en dominio público hidráulico, pero no se refiere a un vertido de aguas residuales, gestión de residuos u otra actividad hídrica protegida según las categorías definidas. No hay señal léxica que active ninguna categoría del dominio hídrico-natural relevante (como AGU_GEN para uso del cauce sin especificar). Por tanto, is_relevant=False.",65.471
145,boe,Anuncio de formalización de contratos de: Presidencia de la Confederación Hidrográfica del Miño-Sil. Objeto: Servicio para el soporte técnico en expedientes relativos a Aprovechamientos Hidroeléctricos en las cuencas de los ríos de la parte española de la Demarcación Hidrográfica del Miño-Sil. EL . Expediente: 90/24/CA/PA/SE.,PHD,False,,,,True,anuncio,"[""AGU_IND"", ""MON""]","[""uso_energetico"", ""cuenca_mino_sil""]",0.95,"El texto menciona ""Aprovechamientos Hidroeléctricos"" en las cuencas de la Demarcación del Miño-Sil, activando AGU_IND y uso_energetico; además, el ámbito estatal con esta descripción específica también activa la etiqueta MON por referencia al soporte técnico en expedientes relacionados con aprovechamientos.",67.112
146,boca,"Consejo Insular de Aguas de El Hierro.- Anuncio de 15 de enero de 2025, por el que se inicia el periodo de consulta e información pública de los Documentos Iniciales del proceso de planificación hidrológica, ciclo 2027-2033, de la Demarcación Hidrográfica El Hierro.- Expte. 3-2025.",PHD,True,PHD,cuenca_insular,,True,anuncio,"[""PHD""]","[""cuenca_insular""]",0.98,"La descripción menciona explícitamente ""proceso de planificación hidrológica"" y ""Demarcación Hidrográfica El Hierro"", activando la categoría PHD. El organismo emisor es el Consejo Insular de Aguas, lo que identifica la cuenca como insular (El Hierro).",61.918
147,dog,"RESOLUCIÓN de 13 de enero de 2025 por la que se hacen públicas las ayudas concedidas al amparo de la Resolución de 18 de marzo de 2024 por la que se aprueban las bases reguladoras para la concesión de subvenciones a asociaciones sin ánimo de lucro, en régimen de concurrencia competitiva, para el desarrollo de actuaciones y actividades de educación ambiental para la sustentabilidad de los ríos de la Demarcación Hidrográfica de Galicia-Costa, y se convocan para el año 2024 (código de procedimiento AU301G).",PHD,False,,,,False,resolución,[],[],0.98,"La descripción se refiere a una subvención para ""educación ambiental"" y no a una concesión, autorización o gestión del dominio público hídrico en sí mismo, por lo que no cumple con las definiciones de la taxonomía. Los términos como ""ríos"" solo indican el contexto temático del proyecto financiado (actividades educativas) y no constituyen un acto administrativo sobre recursos hídricos.",64.299
148,dog,"EXTRACTO de la Resolución de 17 de febrero de 2025 por la que se aprueban las bases reguladoras para la concesión, en régimen de concurrencia no competitiva, de subvenciones destinadas a ayuntamientos para la instalación de sistemas de depuración autónomos en el ámbito territorial de la Demarcación Hidrográfica de Galicia-Costa y se convocan para el año 2025 (código de procedimiento AU300B).",PHD,False,,,,True,extracto,"[""AGU_ABS""]","[""uso_urbano"", ""cuenca_insular""]",0.85,"La descripción menciona explícitamente ""depuración autónomos"" para ayuntamientos, lo que indica abastecimiento urbano (uso_urbano). Además, el ámbito territorial es la Demarcación Hidrográfica de Galicia-Costa, identificando la cuenca_insular.",62.263
149,boca,"Consejo Insular de Aguas de Gran Canaria.- Anuncio de 28 de enero de 2025, por el que se inicia el periodo de consulta e información pública de los “Documentos Iniciales” del proceso de planificación hidrológica, ciclo 2027-2033, de la Demarcación Hidrográfica de Gran Canaria (ES120).",PHD,True,PHD,cuenca_insular,,True,anuncio,"[""PHD""]","[""cuenca_insular""]",0.98,"El texto menciona explícitamente ""proceso de planificación hidrológica"" y ""Demarcación Hidrográfica"", lo cual activa la categoría PHD. El organismo emisor es el ""Consejo Insular de Aguas de Gran Canaria"" y la demarcación es ""Gran Canaria (ES120)"", lo que indica inequívocamente la subcategoría cuenca_insular, ya que Gran Canaria forma parte del dominio hídrico insular del Consejo Insular de Aguas.",71.67
150,boa,"RESOLUCIÓN de 19 de diciembre de 2024, del Servicio Provincial de Zaragoza, relativo a la autorización administrativa previa y de construcción, del proyecto planta solar fotovoltaica ""La Palma"" de 500 kW en el término municipal de Sástago. Expediente: G-Z-2023-150.",NEGATIVO,False,,,,True,resolución,"[""AGU_IND""]",[],0.9,"La descripción menciona una ""planta solar fotovoltaica"", lo que indica un uso energético, por lo que se asigna la categoría AGU_IND. No hay mención a una cuenca hidrográfica específica ni a una señal de espacio natural protegido explícita en el texto proporcionado.",56.536
151,boca,"Consejo Insular de Aguas de Tenerife.- Anuncio de 14 de enero de 2025, relativo a la solicitud de autorización administrativa para el tratamiento y vertido de las aguas residuales procedentes de una explotación equina (centro hípico), ubicado en Camino Bubango, Beltrán-Miradero, en el término municipal de Icod de los Vinos.- Expte. 2060_EDAR.",NEGATIVO,True,VER,cuenca_insular,,True,anuncio,"[""VER""]","[""uso_urbano"", ""cuenca_insular""]",0.95,"El texto menciona explícitamente ""tratamiento y vertido de las aguas residuales"" activando la categoría VER. Al ser el Consejo Insular de Aguas de Tenerife, corresponde a la cuenca insular (Canarias). Aunque se refiere a aguas procedentes de una explotación equina (uso específico), no es riego ni abastecimiento urbano típico, por lo que solo uso_agricola no sería correcto; sin embargo, el agua de vertido de residuos suele tratarse dentro de gestión ambiental, y la subcategoría más adecuada para un EDAR en isla es cuenca_insular. No hay señal de parque natural ni espacio protegido.",81.125
152,boe,U.R. SUBASTAS MURCIA,NEGATIVO,False,,,,False,otros,[],[],0.95,"La descripción ""U.R. SUBASTAS MURCIA"" se refiere a una subasta de bienes públicos en la región de Murcia, pero no menciona agua, vías pecuarias, montes, espacios naturales protegidos, residuos ni vertidos. Por lo tanto, no tiene relación con el dominio hídrico-natural monitorizado.",55.846
153,bor,Delegación de funciones para la celebración de matrimonios civiles,NEGATIVO,False,,,,False,resolución,[],[],0.95,"No hay ninguna referencia a agua, vías pecuarias, montes, espacios naturales protegidos, residuos o vertidos en el texto ""Delegación de funciones para la celebración de matrimonios civiles"". Se trata de un acto administrativo de orden interno sin relación con el dominio hídrico-natural.",54.178
154,boe,U.R. SUBASTAS VALENCIA,NEGATIVO,False,,,,False,anuncio,[],[],1.0,"La descripción ""U.R. SUBASTAS VALENCIA"" corresponde a un anuncio de subastas genéricas sin vinculación con el dominio público hidráulico, espacios naturales o otras temáticas del ámbito hídrico-natural, por lo que es irrelevante y no recibe etiquetas N2.",114.583
155,boe,"Resolución de 4 de marzo de 2025, de la Universidad de Salamanca, por la que se nombra Catedrático de Universidad a don Javier Sánchez Zapatero.",NEGATIVO,False,,,,False,resolución,[],[],1.0,"La publicación es una resolución de nombramiento de catedrático, sin ninguna relación con el dominio hídrico-natural, ni aguas, vías pecuarias, montes, espacios naturales, residuos ni vertidos. El texto no contiene señales léxicas que activen ninguna categoría.",55.416
156,boe,U.R. SUBASTAS BALEARES,NEGATIVO,False,,,,False,otros,[],[],0.5,"La descripción ""U.R. SUBASTAS BALEARES"" no especifica el objeto de la subasta ni contiene señales lexicas de dominio hídrico o natural, por lo que no cumple los criterios de relevancia.",96.913
157,dogc,"Edicto de 3 de febrero de 2025, sobre un acuerdo de la Comisión de Territorio de Cataluña referente al municipio de Cubelles",NEGATIVO,False,,,,False,edicto,[],[],0.95,"El texto ""Edicto de 3 de febrero de 2025, sobre un acuerdo de la Comisión de Territorio de Cataluña referente al municipio de Cubelles"" menciona a una comisión territorial y un municipio, pero no incluye ninguna señal léxica específica que active las categorías del universo hídrico-natural ni de vías pecuarias. La ausencia de términos como ""aguas"", ""riego"", ""monte"", ""vía pecuaria"" o nombres de espacios protegidos justifica la clasificación negativa.",68.842
158,docm,"Anuncio de 03/03/2025, del Ayuntamiento de Carrión de Calatrava (Ciudad Real), de información pública de modificación de proyecto de urbanización de los sectores SR2 y SR3 de las Normas Subsidiarias, de la localidad.",NEGATIVO,False,,,,False,información_pública,[],[],0.98,"Se trata de un anuncio sobre ""modificación de proyecto de urbanización"" que no incluye ninguna mención a agua, dominio público hidráulico, monte, vías pecuarias, espacio natural protegido o gestión de residuos/vertidos. Por lo tanto, es irrelevante para el dominio hídrico-natural según las reglas críticas establecidas.",59.988
159,boe,U.R. SUBASTAS ANDALUCIA 29,NEGATIVO,False,,,,False,otros,[],[],1.0,"La descripción ""U.R. SUBASTAS ANDALUCIA 29"" corresponde a un proceso de subastas genéricas sin ninguna mención explícita al agua, vía pecuaria, monte, espacio natural protegido o residuos. Por tanto, no cumple con el criterio de relevancia del dominio hídrico-natural.",110.721
160,dogc,Anuncio sobre aprobación definitiva de la plantilla de personal para el año 2025,NEGATIVO,False,,,,False,anuncio,[],[],1.0,"El texto describe la aprobación de una plantilla de personal, que corresponde a plantillas orgánicas/administrativas sin ninguna relación con agua, vías pecuarias, montes, espacios naturales protegidos o residuos/vertidos según las reglas críticas (regla 1 y descripción del dominio). No hay categorías N2 aplicables.",55.328
161,bopa,Anuncio. Lista provisional de aspirantes admitidos/excluidos de una plaza de Administrativo (C1). [Cód. 2025-01179],NEGATIVO,False,,,,False,anuncio,[],[],1.0,"La publicación se refiere a una ""lista provisional de aspirantes admitidos/excluidos de una plaza de Administrativo (C1)"", que es claramente un tema personal y laboral sin ninguna relación con el dominio del agua, la naturaleza o infraestructuras ambientales. No contiene ninguna señal léxica que active ninguna de las categorías N2 definidas.",51.192
162,bon,Aprobación definitiva del presupuesto de 2025,NEGATIVO,False,,,,False,aprobación,[],[],1.0,"El texto ""Aprobación definitiva del presupuesto de 2025"" no contiene ninguna señal léxica relacionada con agua, vías pecuarias, montes, espacios naturales protegidos o residuos, por lo que se considera irrelevante para el dominio hídrico-natural. La descripción indica claramente una aprobación presupuestaria general.",49.662
163,bopa,"Resolución de 3 de febrero de 2025, de la Consejería de Presidencia, Reto Demográfico, Igualdad y Turismo, por la que se declara desierta la convocatoria para su provisión, por el sistema de libre designación, de un puesto de trabajo de Secretario/a de Despacho de la Dirección General de Estrategia Digital e Inteligencia Artificial. [Cód. 2025-00995]",NEGATIVO,False,,,,False,resolución,[],[],1.0,"La publicación trata sobre la declaración de desierta una convocatoria para un puesto de trabajo administrativo en ""Dirección General de Estrategia Digital"", sin ninguna mención a agua, vías pecuarias, montes o espacios naturales protegidos. No cumple con los criterios de relevancia del dominio hídrico-natural.",51.789
164,boja,"Acuerdo de 22 de enero de 2025, de la Delegación Territorial de Inclusión Social, Juventud, Familias e Igualdad en Córdoba, por el que se ordena la notificación por edicto de la resolución en materia de relaciones familiares.",NEGATIVO,False,,,,False,acuerdo,[],[],1.0,"El texto describe un acuerdo de relaciones familiares y notificación por edicto, sin ninguna mención a agua, vías pecuarias, montes o espacios naturales. Por tanto, no pertenece al dominio hídrico-natural.",48.195
165,boja,"Corrección de errores de la Resolución de 6 de febrero de 2025, de la Universidad de Jaén, por la que se convoca concurso público de acceso para la adjudicación de plazas de Profesor/a Ayudante Doctor/a (BOJA núm. 29, de 12.2.2025).",NEGATIVO,False,,,,False,corrección_errores,[],[],1.0,"La publicación es una corrección de errores de un concurso público para la adjudicación de plazas docentes en la Universidad de Jaén. No contiene ningún elemento relacionado con agua, vías pecuarias, montes, espacios naturales protegidos, residuos o vertidos. Por tanto, no cumple los criterios de relevancia del dominio hídrico-natural monitorizado.",59.245
166,boe,"Orden TDF/284/2025, de 18 de marzo, por la que se aprueba la relación definitiva de personas admitidas y excluidas, respecto a las plazas adicionales a la Subescala de Secretaría, categoría de Entrada, convocadas por Orden TDF/1507/2024, de 23 de diciembre, del proceso selectivo en el marco de la estabilización de empleo temporal, para el acceso a la Escala de funcionarios de administración local con habilitación de carácter nacional, convocado por Orden HFP/1328/2022, de 23 de diciembre.",NEGATIVO,False,,,,False,orden,[],[],1.0,"El texto describe una orden sobre plazas de personal en la Subescala de Secretaría para administración local, sin ninguna mención a agua, vías pecuarias, montes, espacios naturales protegidos, residuos o vertidos. Por tanto, no es relevante según el dominio hídrico y natural.",59.002
167,bon,Recaudación ejecutiva Acto que se notifica: Providencia de apremioReferencia: A202000/00004/2025,NEGATIVO,False,,,,False,notificación,[],[],0.95,"La descripción corresponde a una providencia de apremio y recaudación ejecutiva, sin ninguna mención a agua, cauces, espacios naturales o vías pecuarias. Por tanto, no es relevante para este dominio.",102.768
168,boe,VALVERDE DEL CAMINO,NEGATIVO,False,,,,False,otros,[],[],0.98,"""La descripción 'VALVERDE DEL CAMINO' no contiene señales léxicas relevantes al universo hídrico-natural, ni menciona agua, vías pecuarias, montes, espacios naturales protegidos, residuos o vertidos.""",50.99
169,dog,"ANUNCIO de 7 de enero de 2025, del Departamento Territorial de A Coruña, por el que se emplaza a la persona interesada para ser notificada por comparecencia en el expediente REC-CO-0012-2022-AGR.",NEGATIVO,False,,,,False,anuncio,[],[],0.95,"El texto describe un anuncio de emplazamiento para notificación en un expediente administrativo (REC-CO-0012-2022-AGR) sin mencionar explícitamente ningún tema relacionado con agua, vía pecuaria, monte o espacio natural protegido. La referencia al Departamento Territorial de A Coruña no indica por sí sola la temática del dominio hídrico-natural, y el número de expediente comienza con ""AGR"", que podría referirse a agricultura pero sin confirmación en el texto disponible sobre concesión de agua para riego u otras categorías específicas, y falta información suficiente para clasificar. La descripción es muy ambigua y no permite inferir la relevancia para el dominio hídrico-natural más allá de las etiquetas explícitas. Por tanto, se asigna is_relevant=False y listas vacías de categorías y subcategorías.",87.086
