id,bulletin,description,grupo_muestreo,is_relevant_gt,categories_gt,subcategories_gt,notas_anotador,is_relevant_pred,act_type_pred,categories_pred,subcategories_pred,confidence,reasoning,duration_s
0,boe,Anuncio de la Confederación Hidrográfica del Guadiana de sometimiento a información pública de resolución de otorgamiento de concesión de aguas subterráneas en el término municipal de Bolaños de Calatrava (Ciudad Real)- 3482/2020.,AGU_GEN,True,AGU_GEN,cuenca_guadiana,,True,anuncio,"[""AGU_GEN""]","[""cuenca_guadiana""]",0.95,"El texto menciona ""Concesión de aguas subterráneas"" sin especificar el uso, lo cual corresponde a la categoría AGU_GEN (señal: ""concesión de aguas subterráneas""). Además, la Confederación Hidrográfica del Guadiana indica claramente la cuenca, activando la subcategoría ""cuenca_guadiana"".",149.189
1,boe,"Anuncio de formalización de contratos de: Presidencia de la Confederación Hidrográfica del Guadiana. Objeto: Suministro de material y fungibles, y mantenimiento de equipos multifunción e impresoras en las oficinas de la Confederación Hidrográfica del Guadiana de Ciudad Real y Badajoz. Expediente: 202400000179.",AGU_GEN,False,,,,False,anuncio,[],[],1.0,"La publicación es un anuncio de formalización de contratos para ""Suministro de material y fungibles"" en la Confederación Hidrográfica del Guadiana, lo cual es una contratación administrativa genérica sin relación directa con agua, infraestructuras hidráulicas o gestión ambiental. No hay categorías N2 activables (es AGU_GEN solo si fuera una concesión de agua, pero aquí es un contrato de mantenimiento).",65.713
2,boe,"Anuncio de formalización de contratos de: Presidencia de la Confederación Hidrográfica del Guadalquivir. Objeto: Contrato de servicios para el soporte técnico al Área de Calidad de Aguas de la Confederación Hidrográfica del Guadalquivir en el análisis de muestras de aguas subterráneas, aguas superficiales y vertidos. Expediente: CU(CO)-7100.",AGU_GEN,False,,,,False,anuncio,[],[],0.95,"La publicación es un ""Anuncio de formalización de contratos"" para servicios técnicos de análisis de muestras y vertidos por la Confederación Hidrográfica del Guadalquivir. Aunque el objeto del contrato está relacionado con agua, se trata de un contrato de suministro/servicios administrativo interno (soporte técnico), no de una concesión, autorización o gestión ambiental en el sentido de las categorías definidas (AGU_GEN, AGU_RIE, etc.). Por tanto, no encaja en la categoría ""aguas naturales monitorizadas"" y se clasifica como irrelevante para este dominio específico.",74.844
3,boe,"Anuncio de la Confederación Hidrográfica del Júcar, O.A. sobre información pública de una concesión de aguas subterráneas en el T.M. de Chiva (Valencia).",AGU_GEN,True,AGU_GEN,cuenca_jucar,,True,anuncio,"[""AGU_GEN""]","[""cuenca_jucar""]",0.95,"Texto: ""concesión de aguas subterráneas"" sin especificar uso específico lo cual corresponde a AGU_GEN, y organismo emisor es la Confederación Hidrográfica del Júcar indicando cuenca_jucar.",56.469
4,boe,"Anuncio de la Confederación Hidrográfica del Duero, O.A., de información pública del expediente de modificación de características de concesión de un aprovechamiento de aguas subterráneas, de referencia MC-0219/2024 (INTEGRA-AYE) AV, con destino a riego en el término municipal de Constanzana (Ávila).",AGU_GEN,True,AGU_RIE,"uso_agricola,cuenca_duero",,True,anuncio,"[""AGU_GEN"", ""AGU_RIE""]","[""uso_agricola"", ""cuenca_duero""]",0.9,"El texto menciona ""concesión de un aprovechamiento de aguas subterráneas"" sin especificar uso explícito, lo que activa AGU_GEN por defecto residual. Además, se indica claramente ""de destino a riego"", activando AGU_RIE. La Confederación Hidrográfica del Duero identifica la cuenca como duero.",69.012
5,boe,"Anuncio de la Confederación Hidrográfica del Duero, O.A., de resolución del expediente de concesión de un aprovechamiento de aguas subterráneas, de referencia C-0196/2022, con destino a riego en el término municipal de Torrelara (Burgos).",AGU_GEN,True,AGU_RIE,"uso_agricola,cuenca_duero",,True,anuncio,"[""AGU_RIE""]","[""uso_agricola"", ""cuenca_duero""]",0.95,"El texto indica claramente ""concesión de un aprovechamiento de aguas subterráneas, de referencia C-0196/2022, con destino a riego"", lo que activa la categoría AGU_RIE y el subcategoría uso_agricola. Además, la mención a ""Confederación Hidrográfica del Duero"" y ""Burgos"" permite inferir cuenca_duero.",72.704
6,boe,Anuncio de licitación de: Presidencia de la Confederación Hidrográfica del Ebro. Objeto: Trabajos de impermeabilización a realizar en el embalse de Guiamets junto al estribo izquierdo de la presa. T/Els Guiamets. Expediente: 020/25-S.,AGU_GEN,False,,,,False,anuncio,[],[],0.98,"El texto describe ""Trabajos de impermeabilización a realizar en el embalse"" y menciona ""embalse de Guiamets"". No hay ninguna referencia a concesión de agua, uso del agua (riego, abastecimiento, industrial), gestión de residuos, vertidos, espacios naturales protegidos, vías pecuarias o montes de utilidad pública. Se trata de una obra de mantenimiento en infraestructura hidráulica, que según las reglas es irrelevante (categoría ""otro"" o sin categoría).",80.205
7,boe,Anuncio de acuerdo de información pública de la Comisaría de Aguas de la Confederación Hidrográfica del Duero O.A. en el procedimiento de Aprovechamiento de pastos en el término municipal de Puebla de Lillo (León).,AGU_GEN,True,AGU_GEN,cuenca_duero,,False,anuncio,[],[],0.98,"La publicación es un anuncio sobre ""Aprovechamiento de pastos"" en el término municipal de Puebla de Lillo (León), pero no se detectan categorías N2: no hay uso de agua, vías pecuarias, espacio natural protegido explícito, ni residuos. El ""aprovechamiento de pastos"" es un uso del suelo agrícola/pastoril, no una concesión de agua o ocupación hidráulica. Por tanto, is_relevant=False.",71.678
8,boe,"Anuncio de la Confederación Hidrográfica del Duero, O.A., de información pública del expediente de modificación de características de concesión de un aprovechamiento de aguas subterráneas, de referencia MC-0105/2024 (INTEGRA-AYE) ZA, con destino a riego en el término municipal de Peleas de Abajo (Zamora).",AGU_GEN,True,AGU_RIE,"uso_agricola,cuenca_duero",,True,anuncio,"[""AGU_GEN""]","[""uso_agricola"", ""cuenca_duero""]",0.92,"El texto menciona ""aprovechamiento de aguas subterráneas"" sin usar las palabras clave específicas como ""sondeo"" o ""captación"", por lo que se clasifica como AGU_GEN (residual). La referencia a uso para ""riego"" activa la subcategoría uso_agricola, y el organismo emisor ""Confederación Hidrográfica del Duero"" indica la cuenca_duero.",75.666
9,boe,Anuncio de la Confederación Hidrográfica del Tajo O.A. de la resolución de la solicitud de una concesión de aguas en el término municipal de Utande (Guadalajara). Referencia C-0178/2023.,AGU_GEN,True,AGU_GEN,cuenca_tajo,,True,anuncio,"[""AGU_GEN""]","[""cuenca_tajo""]",0.95,"Texto menciona ""concesión de aguas"" sin especificar uso, lo que corresponde a AGU_GEN según la regla 2. La cuenca se identifica por la Confederación Hidrográfica del Tajo citada en el título → cuenca_tajo.",61.958
10,boe,Anuncio de la Confederación Hidrográfica del Tajo O.A. de la información pública de la solicitud de una concesión de aguas en el término municipal de Brozas (Cáceres). Referencia C-0249/2024.,AGU_GEN,True,AGU_GEN,cuenca_tajo,,False,anuncio,[],[],0.98,"El texto indica que es un ""Anuncio de... información pública de la solicitud"", no una resolución ni autorización final, por lo que no se clasifica como un acto administrativo en el dominio hídrico monitorizado según las reglas dadas (la publicación en sí es informativa del trámite). Además, aunque menciona ""concesión de aguas"" y ""Cáceres"" (cuenca Tajo), la descripción no especifica el uso ni es una resolución definitiva, por lo que no cumple criterios para AGU_GEN u otra categoría específica.",75.249
11,doe,"Resolución de 11 de enero de 2025, de la Dirección General de Sostenibilidad, por la que se formula informe de impacto ambiental del proyecto de construcción de un sondeo para el aprovechamiento de aguas subterráneas, en el término municipal de El Gordo (Cáceres), promovido por el Ayuntamiento de El Gordo. Expte.: IA24/0676.",AGU_GEN,True,AGU_SND,"uso_urbano,cuenca_tajo",,True,resolución,"[""AGU_SND"", ""AGU_GEN""]","[""cuenca_guadiana"", ""uso_agricola""]",0.95,"El texto menciona explícitamente ""sondeo para el aprovechamiento de aguas subterráneas"" (señal AGU_SND) y se realiza en Cáceres, provincia perteneciente a la cuenca del Guadiana. Se incluye ""uso_agricola"" como subcategoría debido a que los sondeos generalmente están vinculados al riego agrícola, aunque el texto no especifica explícitamente ""riego"", el contexto de aprovechamiento de aguas subterráneas en un municipio sugiere este uso predominante. La referencia a ""informe de impacto ambiental"" y ""proyecto de construcción"" indica que es una actuación específica de concesión/autorización (AGU_GEN), ya que no se especifica otro uso particular como abastecimiento municipal o industrial.",97.45
12,boe,"Anuncio de la Confederación Hidrográfica del Miño-Sil, O.A. por el que se publica el inicio del trámite de competencia de proyectos para la creación de un área recreativa con zona de baño en ambas márgenes del río Cabe, en Ribasaltas, T.M. de Monforte de Lemos (Lugo).",AGU_GEN,True,AGU_GEN,cuenca_mino_sil,,False,anuncio,[],[],1.0,"El texto describe un anuncio sobre creación de área recreativa sin mención a categorías específicas como agua, vías pecuarias, montes o espacios naturales protegidos (ausencia de términos clave de DPH, vertidos, etc.). Se clasifica como no relevante al dominio hídrico-natural según las reglas definidas.",65.61
13,boe,"Anuncio de la Confederación Hidrográfica del Júcar, O.A. sobre información pública de una concesión de aguas subterráneas en el T.M. de Vinaròs (Castellón).",AGU_GEN,True,AGU_GEN,cuenca_jucar,,True,información_pública,"[""AGU_GEN""]","[""cuenca_jucar""]",0.95,"El texto menciona ""concesión de aguas subterráneas"" sin especificar el uso, lo que corresponde a la categoría residual AGU_GEN. Además, la Confederación Hidrográfica del Júcar indica claramente la cuenca_jucar.",117.541
14,boe,"Anuncio de la Confederación Hidrográfica del Duero, O.A., de información pública del expediente de modificación de características de concesión de un aprovechamiento de aguas, de referencia MC-0123/2024 (INTEGRA-AYE) VA, con destino a riego y abastecimiento en el término municipal de Siete Iglesias de Trabancos (Valladolid).",AGU_GEN,True,"AGU_RIE,AGU_ABS","uso_mixto,cuenca_duero",,True,anuncio,"[""AGU_RIE"", ""AGU_ABS""]","[""uso_agricola"", ""uso_urbano"", ""cuenca_duero""]",0.95,"El texto menciona explícitamente ""riego"" y ""abastecimiento"" como usos del agua, lo que activa AGU_RIE y AGU_ABS respectivamente. Además, el organismo emisor es la Confederación Hidrográfica del Duero, indicando la cuenca duero (subcategoría). El fragmento clave es: ""...de referencia MC-0123/2024 (INTEGRA-AYE) VA, con destino a riego y abastecimiento en el término municipal..."".",77.279
15,boe,"Anuncio de la Confederación Hidrográfica del Miño-Sil, O.A. por el que se hace público el otorgamiento de la concesión para aprovechamiento de 1,665 l/s de agua procedente de tres (3) manantiales situados en la parroquia de Porqueirós (Santo André), término municipal de Muiños (Ourense), con destino a abastecimiento del núcleo de Porqueirós y extinción de incendios. Expediente: A/32/32701.",AGU_GEN,True,AGU_ABS,"uso_urbano,cuenca_mino_sil",,True,anuncio,"[""AGU_ABS"", ""VER""]","[""uso_urbano""]",0.85,"El texto menciona ""abastecimiento del núcleo de Porqueirós"", lo que activa la categoría AGU_ABS (abastecimiento municipal/agua potable) con subcategoría uso_urbano. Además, se cita ""extinción de incendios"" como destino secundario del agua. El fragmento clave es: ""con destino a abastecimiento del núcleo de Porqueirós"". La categoría VER podría aplicarse si hubiera autorización de vertido explícita, pero aquí no aparece esa palabra; por tanto, solo AGU_ABS es la etiqueta segura sin ambigüedad sobre vertidos.",70.972
16,boe,Anuncio de la Comisaría de Aguas de la Confederación Hidrográfica del Cantábrico de información pública de procedimiento de concesión de aguas en el término municipal de Aller (Asturias). A/33/48530.,AGU_GEN,True,AGU_GEN,cuenca_cantabrico,,False,anuncio,[],[],0.95,"El texto es un anuncio de ""información pública"" sobre una concesión, pero no especifica el uso del agua (ni agrícola, urbano, industrial, ni energético). Según las reglas críticas, AGU_GEN es residual y requiere que se mencione DPH o concesión sin usar, y la descripción general de ""concesión de aguas"" sin adjetivos calificativos podría interpretarse como tal, pero la regla 2 dice NUNCA combinar con otras categorías salvo expediente independiente. Aquí no hay otra categoría activada. Además, la ubicación (Asturias) en el Cantábrico activa cuenca cantabrico si hubiera concesión, pero el texto es un anuncio de información pública sin especificar uso, lo que hace que sea muy difícil clasificarlo con confianza y sin asignarle categorías. Por tanto, la interpretación más conservadora y correcta según las reglas es is_relevant=False porque no hay categoría N2 activada explícitamente (no dice ""para riego"", ""abastecimiento"", etc.).",84.792
17,boe,"Anuncio de la Confederación Hidrográfica del Duero, O.A., de información pública de la concesión de un aprovechamiento de aguas subterráneas para otros usos industriales, en el término municipal de San Miguel del Arroyo (Valladolid). Ref. expte.: C-0404/2024 (INTEGRA-AYE) VA.",AGU_GEN,True,AGU_IND,"uso_industrial,cuenca_duero",,True,anuncio,"[""AGU_IND""]","[""uso_industrial"", ""cuenca_duero""]",0.95,"El texto indica explícitamente ""aprovechamiento de aguas subterráneas para otros usos industriales"", activando AGU_IND y uso_industrial. Además, es un anuncio de la Confederación Hidrográfica del Duero en Valladolid, por lo que se infiere cuenca_duero.",56.682
18,boe,"Anuncio de la Comisaría de Aguas de la Confederación Hidrográfica del Guadalquivir de información pública del procedimiento de extinción del derecho de la concesión de aguas públicas con expediente de referencia X-5568/2024, en el término municipal de Puente Genil (Córdoba).",AGU_GEN,True,AGU_GEN,cuenca_guadalquivir,,True,anuncio,"[""AGU_GEN""]","[""cuenca_guadalquivir"", ""uso_mixto""]",0.92,"La descripción indica ""Concesión de aguas públicas"" sin especificar el uso particular, lo que activa AGU_GEN por defecto. El organismo emisor es la Confederación Hidrográfica del Guadalquivir (CHG), identificando la cuenca Guadalquivir, y se menciona un ""expediente de referencia"", sugiriendo un expediente mixto o genérico.",65.761
19,boe,"Anuncio del Servicio de Régimen de Usuarios de la Confederación Hidrográfica del Duero, O.A. de información pública sobre la tramitación de un procedimiento de extinción del derecho a un aprovechamiento subterráneas en el término municipal de Langa (Ávila). Expediente ED-0089/2024.",AGU_GEN,True,AGU_GEN,cuenca_duero,,True,anuncio,"[""AGU_GEN""]","[""cuenca_duero""]",0.95,"El texto menciona ""aprovechamiento subterráneas"" en el contexto de aguas, lo cual activa la categoría AGU_GEN para concesiones sin uso especificado. Además, la Confederación Hidrográfica del Duero indica claramente que pertenece a la cuenca del Duero.",54.831
20,boe,Anuncio de la Confederación Hidrográfica del Guadiana de sometimiento a información pública de resolución de otorgamiento de concesión de aguas subterráneas en el término municipal de El Robledo (Ciudad Real)- 3681/2018.,AGU_GEN,True,AGU_GEN,cuenca_guadiana,,True,anuncio,"[""AGU_GEN""]","[""cuenca_guadiana""]",0.95,"El texto menciona ""concesión de aguas subterráneas"" sin especificar el uso, lo que la clasifica como AGU_GEN según las reglas residuales para DPH. La Confederación Hidrográfica del Guadiana indica claramente la cuenca correspondiente (cuenca_guadiana).",55.373
21,boe,Anuncio de la Confederación Hidrográfica del Guadiana de sometimiento a información pública de solicitud de concesión de aguas subterráneas en el término municipal de Badajoz (Badajoz).,AGU_GEN,True,AGU_GEN,cuenca_guadiana,,True,anuncio,"[""AGU_GEN""]",[],0.95,"La descripción menciona ""concesión de aguas subterráneas"" sin especificar el uso (ni riego, ni abastecimiento), por lo que se aplica la categoría residual AGU_GEN. Además, el organismo emisor es la Confederación Hidrográfica del Guadiana, lo que permite inferir la cuenca guadiana, pero las subcategorías de cuenca no están listadas en el resultado solicitado como etiquetas principales.",72.07
22,boe,"Anuncio de la Confederación Hidrográfica del Duero, O.A., de información pública de la autorización de vertido de aguas residuales, en el término municipal de Arabayona de Mógica (Salamanca), referencia del expediente V-0095/2023 (Referencia del Servicio: 0081. -SA).",AGU_GEN,True,VER,cuenca_duero,,True,anuncio,"[""VER""]",[],0.95,"El texto menciona explícitamente ""autorización de vertido de aguas residuales"", activando la categoría VER según las señales léxicas definidas. No se identifican otras categorías ni subcategorías específicas como uso agrícola o cuenca en el fragmento proporcionado.",64.273
23,boe,"Anuncio de la Comisaría de Aguas de la Confederación Hidrográfica del Guadalquivir de información pública del procedimiento de de la concesión de aguas públicas para abastecimiento de vivienda con un volumen de 182,5 m3/año, con captación subterránea en Sanlúcar la Mayor (Sevilla). Expediente 4463/2020.",AGU_GEN,True,AGU_ABS,"uso_urbano,cuenca_guadalquivir",,True,información_pública,"[""AGU_ABS""]","[""uso_urbano"", ""cuenca_guadalquivir""]",0.98,"El texto menciona explícitamente ""abastecimiento de vivienda"" (usando AGU_ABS) y ""captación subterránea"" (activa la categoría de uso urbano), además de indicar que es de la Confederación Hidrográfica del Guadalquivir (cuenca_guadalquivir).",71.773
24,boe,Anuncio de la Comisaría de Aguas de la Confederación Hidrográfica del Ebro sobre información pública de una solicitud de concesión de un aprovechamiento de aguas públicas subterráneas en el término municipal de Santo Domingo de la Calzada (La Rioja).,AGU_GEN,True,AGU_GEN,cuenca_ebro,,True,anuncio,"[""AGU_GEN""]","[""cuenca_ebro""]",0.85,"Se trata de un ""anuncio"" (N1) y de una ""solicitud de concesión de un aprovechamiento de aguas públicas subterráneas"" (señal explícita para AGU_GEN). La cuenca es la del Ebro porque es ""Comisaría de Aguas de la Confederación Hidrográfica del Ebro"". No hay indicación explícita de uso específico, por lo que se usa AGU_GEN sin combinar con subcategorías de uso.",74.66
25,boe,Anuncio de la Comunidad de Regantes Pozo La Sierra de Torrent sobre convocatoria de Junta.,AGU_RIE,True,AGU_RIE,"uso_agricola,cuenca_jucar",,True,anuncio,"[""AGU_RIE""]",[],0.95,"""Comunidad de Regantes Pozo La Sierra de Torrent"" y ""convocatoria de Junta"" activan la categoría AGU_RIE, ya que se trata de una convocatoria de junta en una comunidad de regantes. No hay referencia a uso específico (subcategoría) ni a otra actividad hídrica relevante.",64.462
26,boe,"Anuncio de la Comisaría de Aguas de la Confederación Hidrográfica del Guadalquivir de información pública de procedimiento de extinción del derecho de una concesión de aguas públicas para abastecimiento, riego de 0,02 ha. y un volumen de 1.150 m3/año con captación en Pozo (Fuera de masa) en Pozoblanco (Córdoba). Expediente X-9076/2022-ing.",AGU_RIE,True,"AGU_RIE,AGU_ABS,AGU_SND","uso_mixto,cuenca_guadalquivir",,True,información_pública,"[""AGU_GEN"", ""AGU_RIE"", ""AGU_ABS""]","[""uso_agricola"", ""uso_urbano"", ""cuenca_guadalquivir""]",0.95,"El texto menciona explícitamente ""abastecimiento"" (AGU_ABS, uso urbano), ""riego"" (AGU_RIE, uso agrícola) y la Confederación Hidrográfica del Guadalquivir junto con ""Pozoblanco (Córdoba)"" que confirma la cuenca (cuenca_guadalquivir). Aunque hay una ""captación en Pozo"", el uso específico está definido por las finalidades de abastecimiento y riego, lo cual hace que AGU_SND no sea aplicable por sí solo como categoría principal, sino que estas categorías de uso son las relevantes. No hay vertidos ni otras infraestructuras sin relación con agua/naturaleza.",96.984
27,boe,Anuncio de la Comunidad de Regantes Las Almacidas sobre convocatoria de Junta General Ordinaria.,AGU_RIE,True,AGU_RIE,uso_agricola,,True,anuncio,"[""AGU_RIE""]","[""uso_agricola"", ""cuenca_guadalquivir""]",0.98,"El texto menciona explícitamente ""convocatoria de Junta General Ordinaria"" por parte de la ""Comunidad de Regantes Las Almacidas"", lo que activa la categoría AGU_RIE. El nombre ""Las Almacidas"" junto con la estructura del BOE estatal sugiere su ubicación en Andalucía, específicamente en Jaén o Córdoba, dentro de la cuenca del Guadalquivir, justificando la subcategoría.",74.783
28,boe,Anuncio de la Comunidad de Regantes de Ara sobre convocatoria de Asamblea General Ordinaria.,AGU_RIE,True,AGU_RIE,"uso_agricola,cuenca_ebro",,True,anuncio,"[""AGU_RIE""]","[""uso_agricola"", ""cuenca_guadalquivir""]",0.95,"El texto es una ""convocatoria de Asamblea General Ordinaria"" de la ""Comunidad de Regantes de Ara"". Esto activa la categoría AGU_RIE (señales: ""convocatoria de ... Comunidad de Regantes""). La subcategoría uso_agricola se deduce del contexto de ""regante"", y cuenca_guadalquivir se infiere porque la Comunidad de Regantes de Ara está en Huelva.",75.516
29,boe,"Anuncio de la Comisaría de Aguas, de la Confederación Hidrográfica del Guadalquivir, de competencia de proyectos sobre concesión de uso de reutilización de aguas para un volumen anual de 205.169 m3/año para uso Agropecuario - Regadío (otras berries para una superficie de 39,21 ha) en el T.M. de Hinojos (Huelva) con expediente A-6835/2017.",AGU_RIE,True,AGU_RIE,"uso_agricola,cuenca_guadalquivir",,True,anuncio,"[""AGU_RIE""]","[""cuenca_guadalquivir"", ""uso_agricola""]",0.98,"El texto menciona ""concesión de uso de reutilización de aguas para... uso Agropecuario - Regadío"" (disparador AGU_RIE con subcat uso_agricola) y ""Confederación Hidrográfica del Guadalquivir"" y ""Huelva"" (disparador cuenca_guadalquivir).",65.706
30,boe,"Anuncio de la Comunidad de Regantes de Las Vegas de Ejea de los Caballeros, Zaragoza, sobre convocatoria de Junta.",AGU_RIE,True,AGU_RIE,"uso_agricola,cuenca_ebro",,True,anuncio,"[""AGU_RIE""]","[""uso_agricola"", ""cuenca_ebro""]",0.98,"El texto menciona explícitamente ""Comunidad de Regantes"" y ""convocatoria de Junta"", activando la categoría AGU_RIE según la regla 7. La provincia de Zaragoza sitúa la publicación en la cuenca Ebro (cuenca_ebro) y el uso es agrícola por la naturaleza del regadío (uso_agricola).",58.048
31,boe,Anuncio de la Comunidad de Regantes Armuña Fase 1 sobre convocatoria de Junta.,AGU_RIE,True,AGU_RIE,"uso_agricola,cuenca_duero",,True,anuncio,"[""AGU_RIE""]",[],0.95,"La descripción menciona ""convocatoria de Junta"" de una ""Comunidad de Regantes"", lo cual activa directamente la categoría AGU_RIE según las reglas (convocatorias de asambleas/juntas de comunidades de regantes). No hay términos que activen otras categorías.",51.445
32,boe,Anuncio de la Comunidad de Regantes del Valle de Benejama sobre convocatoria de Junta.,AGU_RIE,True,AGU_RIE,"uso_agricola,cuenca_jucar",,True,anuncio,"[""AGU_RIE""]","[""uso_agricola""]",0.95,"El texto es un anuncio de la Comunidad de Regantes del Valle de Benejama sobre convocatoria de Junta, lo cual activa directamente la categoría AGU_RIE según la regla 7 para asambleas y juntas de comunidades de regantes. La subcategoría uso_agricola se infiere por el contexto de riego asociado a las comunidades de regantes.",56.678
33,boe,"Anuncio de la Confederación Hidrográfica del Duero, O.A., de información pública de la concesión de un aprovechamiento de aguas subterráneas para riego, en el término municipal Moral de la Reina (Valladolid). Ref. expte.: C-0417/2024 (INTEGRA-AYE) VA.",AGU_RIE,True,AGU_RIE,"uso_agricola,cuenca_duero",,True,anuncio,"[""AGU_RIE""]","[""uso_agricola"", ""cuenca_duero""]",0.98,"El texto menciona explícitamente ""concesión de un aprovechamiento de aguas subterráneas para riego"", lo cual activa la categoría AGU_RIE con el uso agrícola como subcategoría. Además, el organismo emisor es la Confederación Hidrográfica del Duero y la localidad es de Valladolid, lo que permite inferir la cuenca del Duero.",60.932
34,boe,Anuncio de la Comunidad de Regantes del Río Tajo en Almoguera sobre convocatoria de Junta.,AGU_RIE,True,AGU_RIE,"uso_agricola,cuenca_tajo",,True,anuncio,"[""AGU_RIE""]","[""uso_agricola"", ""cuenca_tajo""]",0.95,"Se trata de un anuncio de convocatoria de Junta de la Comunidad de Regantes del Río Tajo, lo que activa claramente la categoría AGU_RIE según la regla 7. La mención de ""Regantes"" y ""Río Tajo"" confirma el uso agrícola (subcat. uso_agricola) y la cuenca del Tajo (subcat. cuenca_tajo).",59.243
35,docm,"Resolución de 16/01/2025, de la Delegación Provincial de Desarrollo Sostenible de Guadalajara, por la que se formula el informe de impacto ambiental del proyecto denominado: Captación de aguas subterráneas para riego de carrascas truferas en Tordellego (Guadalajara) (expediente PRO-GU-24-0765), cuyo promotor es don Luis Martínez Martínez.",AGU_RIE,True,"AGU_SND,AGU_RIE","uso_agricola,cuenca_tajo",,True,resolución,"[""AGU_GEN"", ""AGU_RIE""]","[""uso_agricola"", ""cuenca_duero""]",0.85,"La descripción menciona explícitamente ""riego de carrascas truferas"" (usando AGU_RIE) y sitúa el proyecto en Guadalajara (provincia perteneciente a la cuenca del Duero). También se cita una ""Captación de aguas subterráneas"", que por regla general requiere las palabras clave ""sondeo"" o ""pozo"" para ser clasificada como AGU_SND. Sin embargo, dado que es un informe de impacto ambiental y no una concesión directa (el promotor ya tiene la resolución previa), se clasifica como AGU_GEN residual, indicando un aprovechamiento de aguas en el dominio público hidráulico sin uso específico detallado en el texto base para una clasificación más fina.",79.113
36,boe,"Anuncio de la Comunidad de Regantes La Moraña II, sobre la exposición pública de los estatutos.",AGU_RIE,True,AGU_RIE,"uso_agricola,cuenca_duero",,True,anuncio,"[""AGU_RIE""]",[],0.98,"El texto menciona ""Comunidad de Regantes"", lo que corresponde a la categoría AGU_RIE según las señales léxicas clave para este tipo de actos. No hay información sobre uso específico de agua ni cuenca.",49.163
37,boe,Anuncio de la Comunidad de Regantes de Alcolea de Tajo sobre convocatoria de Junta.,AGU_RIE,True,AGU_RIE,"uso_agricola,cuenca_tajo",,True,anuncio,"[""AGU_RIE""]","[""uso_agricola"", ""cuenca_tajo""]",0.95,"""Convocatoria de Junta. comunidad de regantes"" → Activación de AGU_RIE. Mención a ""Alcolea de Tajo"" (provincia de Toledo, cuenca del Tajo) y el uso agrícola por definición de comunidad de regantes.",54.606
38,bocyl,"RESOLUCIÓN de 5 de febrero de 2025, de la Delegación Territorial de León, por la que se dicta el informe de impacto ambiental del proyecto de ejecución de un sondeo de captación de aguas para riego de árboles frutales y huerta en Corullón, en el término municipal de Corullón (León). Expte.: I.A. 035/2024.",AGU_RIE,True,"AGU_SND,AGU_RIE","uso_agricola,cuenca_mino_sil",,True,resolución,"[""AGU_SND"", ""AGU_RIE""]","[""uso_agricola"", ""cuenca_duero""]",0.98,"La publicación menciona explícitamente ""sondeo de captación de aguas"" (AGU_SND) y su uso para ""riego de árboles frutales y huerta"" (AGU_RIE). La ubicación en León (provincia de la cuenca del Duero) activa el subdominio cuenca_duero.",60.903
39,boe,"Anuncio de la Comisaría de Aguas de la Confederación Hidrográfica del Guadalquivir de información pública de procedimiento de extinción del derecho de una concesión de aguas públicas para riego de 10,88 ha y un volumen de 16.320 m3/año con captación en Sondeo (Rumblar) en Bailén (Jaén). Expediente X-5548/2024-ing.",AGU_RIE,True,AGU_RIE,"uso_agricola,cuenca_guadalquivir",,True,información_pública,"[""AGU_RIE"", ""AGU_SND""]","[""uso_agricola"", ""cuenca_guadalquivir""]",0.95,"El texto menciona ""concesión de aguas públicas para riego"" y ""procedimiento de extinción del derecho"", lo que corresponde a AGU_RIE con subcategoría uso_agricola. Además, cita explícitamente ""captación en Sondeo"", activando AGU_SND. La entidad emisora es la Confederación Hidrográfica del Guadalquivir y el municipio Bailén (Jaén), lo que indica cuenca_guadalquivir.",68.507
40,boe,"Anuncio de la Confederación Hidrográfica del Duero, O.A., de la resolución del expediente de concesión de un aprovechamiento de aguas subterráneas, de referencia C-0192/2023, con destino a riego en el término municipal de Fermoselle (Zamora).",AGU_RIE,True,AGU_RIE,"uso_agricola,cuenca_duero",,True,anuncio,"[""AGU_RIE""]","[""uso_agricola"", ""cuenca_duero""]",0.95,"""Concesión de un aprovechamiento de aguas subterráneas, de referencia C-0192/2023, con destino a riego en el término municipal de Fermoselle (Zamora)"". La mención explícita a ""riego"" activa la categoría AGU_RIE. La provincia de Zamora y la Confederación Hidrográfica del Duero (CHD) sitúan el uso en la cuenca del Duero.",66.072
41,doe,"Acuerdo de 31 de octubre de 2024, de la Comisión de Urbanismo y Ordenación del Territorio de Extremadura, de aprobación definitiva de la modificación puntual n.º 1 del Plan General Municipal de Miajadas que afecta a la regulación de la altura de las edificaciones e instalaciones en Suelo No Urbanizable de Protección Natural (artículo 3.2.2.1), de Protección Estructural Regadíos (artículo 3.2.2.2), de Protección Ambiental Hidrológica (artículo 3.2.2.5) y Común (artículo 3.2.2.7).",AGU_RIE,False,,,,False,acuerdo,[],[],0.95,"La descripción se refiere a una modificación puntual de un Plan General Municipal en Suelo No Urbanizable, abordando altura de edificaciones y regulaciones generales (protección natural, regadíos, ambiental hidrológica) pero sin conceder derechos sobre agua ni gestión de residuos; es una decisión de ordenación urbanística que no cae en el dominio hídrico-natural monitorizado según la regla 1.",60.992
42,boe,"Anuncio de la Confederación Hidrográfica del Duero, O.A., de información pública del expediente de modificación de características de concesión de un aprovechamiento de aguas subterráneas, de referencia MC-0193/2024 (INTEGRA-AYE) AV, con destino a riego en el término municipal de Madrigal de las Altas Torres (Ávila).",AGU_RIE,True,AGU_RIE,"uso_agricola,cuenca_duero",,True,anuncio,"[""AGU_GEN""]","[""uso_agricola"", ""cuenca_duero""]",0.85,"El texto indica ""Concesión de aguas subterráneas"" para ""destino a riego"" en ""Madrigal de las Altas Torres (Ávila)"", lo que activa AGU_GEN por la concesión genérica, uso agrícola y cuenca duero. La referencia INTEGRA-AYE sugiere una autorización de uso del cauce/ribera o gestión específica, pero no hay señal explícita para otras categorías específicas.",62.025
43,doe,"Resolución de 19 de marzo de 2025, de la Dirección General de Sostenibilidad, por la que se formula informe de impacto ambiental del proyecto de transformación en regadío de 16,0369 ha de olivar en la finca Santa Ana, promovido por Aurelia Mancha Prieto, Elías, M.ª Aurelia, Demetrio y Guadalupe Carrasco Mancha, en los términos municipales de Don Álvaro y Valverde de Mérida. Expte.: IA21/1029.",AGU_RIE,True,AGU_RIE,"uso_agricola,cuenca_guadiana",,True,información_pública,"[""AGU_RIE""]","[""uso_agricola"", ""cuenca_guadiana""]",0.95,"El texto menciona explícitamente ""transformación en regadío"" y fincas de olivar, lo que activa la categoría AGU_RIE para uso agrícola. Además, los términos municipales de Don Álvaro y Valverde de Mérida pertenecen a la provincia de Badajoz, ubicada en la cuenca del Guadiana.",57.725
44,boe,Anuncio de la Comunidad de Regantes con Aguas Rodadas del Canal de Lodosa de Fréscano sobre convocatoria de Junta.,AGU_RIE,True,AGU_RIE,"uso_agricola,cuenca_ebro",,True,anuncio,"[""AGU_RIE""]",[],1.0,"El texto menciona explícitamente ""Comunidad de Regantes"" y ""convocatoria de Junta"", activando la categoría AGU_RIE según las señales léxicas clave. No hay información sobre uso concreto de agua ni cuenca hidrográfica.",47.936
45,boe,Anuncio de la Comunidad de Regantes Heredamiento de aguas de Ceutí sobre convocatoria de Junta.,AGU_RIE,True,AGU_RIE,"uso_agricola,cuenca_segura",,True,anuncio,"[""AGU_RIE""]","[""uso_agricola"", ""cuenca_guadalquivir""]",0.95,"El texto menciona explícitamente ""Comunidad de Regantes"" y ""convocatoria de Junta"", activando la categoría AGU_RIE. El lugar ""Ceutí"" corresponde a la cuenca del Guadalquivir. El uso es agrícola por ser un regadío.",53.285
46,dogc,"Edicto de 24 de febrero de 2025, por el que se somete a información pública el ""Proyecto constructivo de ejecución de las obras de la red de distribución de regadío del sistema Segarra-Garrigues. Sector 12. Red secundaria de apoyo del piso C. Perímetro II"" (exp. S12-XS08-24)",AGU_RIE,True,AGU_RIE,"uso_agricola,cuenca_ebro",,True,edicto,"[""AGU_RIE""]","[""uso_agricola"", ""cuenca_ebro""]",0.95,"El texto menciona explícitamente ""red de distribución de regadío"" y ""sistema Segarra-Garrigues"", lo cual activa la categoría AGU_RIE (concesión de aguas para riego). Además, el sistema Segarra-Garrigues está en la cuenca del Ebro.",55.838
47,boe,Anuncio de la Comunidad de Regantes de Venta Micena sobre convocatoria de Junta.,AGU_RIE,True,AGU_RIE,"uso_agricola,cuenca_guadalquivir",,True,anuncio,"[""AGU_RIE""]",[],0.95,"La descripción menciona ""convocatoria de Junta"" en el contexto de una ""Comunidad de Regantes"", lo que activa la categoría AGU_RIE según la señal explícita de convocatorias de asambleas/juntas.",47.35
48,boe,"Anuncio de la Comisaría de Aguas de la Confederación Hidrográfica del Guadalquivir de información pública de procedimiento de modificación de características y novación de concesión de aguas públicas para, riego de 5,8 ha, abastecimiento, uso industrial y un volumen de 10.444 m3/año con captación en Sondeo (Aluvial del Guadalquivir - Curso Medio) en Adamuz (Córdoba). Expediente M-7618/2017-ing.",AGU_RIE,True,"AGU_RIE,AGU_ABS,AGU_IND","uso_mixto,cuenca_guadalquivir",,True,anuncio,"[""AGU_RIE"", ""AGU_ABS"", ""AGU_IND"", ""AGU_SND""]","[""uso_agricola"", ""uso_urbano"", ""uso_industrial"", ""cuenca_guadalquivir""]",0.98,"El texto menciona explícitamente ""riego de 5,8 ha"" (AGU_RIE), ""abastecimiento"" (AGU_ABS), ""uso industrial"" (AGU_IND) y ""captación en Sondeo"" (AGU_SND). La Confederación Hidrográfica del Guadalquivir sitúa el uso en la cuenca Guadalquivir.",65.678
49,boe,Anuncio de la Comunidad de Regantes Nava de Arriba sobre convocatoria de Junta General.,AGU_RIE,True,AGU_RIE,uso_agricola,,True,anuncio,"[""AGU_RIE""]",[],0.95,"El texto es una ""convocatoria de Junta General"" por parte de la ""Comunidad de Regantes"", lo que indica claramente un acto administrativo relacionado con riego y regadío (AGU_RIE). No se mencionan captación, abastecimiento ni otros usos específicos, por lo que no hay subcategoría definida.",52.557
50,dogv,"RESOLUCIÓN de 17 de septiembre de 2024, de la Dirección General de Urbanismo, Paisaje y Evaluación Ambiental, por la que se formula un informe de impacto ambiental del proyecto de sondeo para captación de aguas subterráneas en la parcela 113, polígono 4, partida Tarafes del término municipal de Xaló (Alicante). Expediente: (3593978) 215/2024/AIA.",AGU_SND,True,AGU_SND,cuenca_jucar,,True,resolución,"[""AGU_SND"", ""ESP_NAT""]","[""uso_agricola"", ""cuenca_segura""]",0.85,"El texto menciona explícitamente ""sondeo para captación de aguas subterráneas"", activando la categoría AGU_SND. Al estar ubicado en Xaló (Alicante), corresponde a la cuenca del Segura. También aparece ""informe de impacto ambiental"" (AIA) que es relevante bajo las categorías generales. Se asume uso agrícola por ser una captación de aguas subterráneas común para riego, y la ubicación alisava sugiere una posible relación con la Red Natura aunque no se menciona explícitamente en el texto proporcionado.",69.685
51,boib,"Resolución de la directora general de Armonización Urbanística y Evaluación Ambiental por la cual se formula el informe de impacto ambiental sobre el Proyecto de una captación de aguas subterráneas (sondeo), en la finca «Penya Rotja», polígono 14, parcela 43 en el Término Municipal de Son Servera (Exp. 102a/2024)",AGU_SND,True,AGU_SND,cuenca_insular,,True,resolución,"[""AGU_SND"", ""AGU_GEN""]","[""uso_agricola""]",0.65,"La descripción menciona explícitamente ""captación de aguas subterráneas (sondeo)"", lo que activa AGU_SND según las reglas. Como no se especifica el uso final, se añade AGU_GEN por defecto en DPH con concesión de aguas sin uso concreto, y la zona Son Servera sugiere cuenca insular (Menorca). El uso agrícola es inferido dado que es una captación puntual típica para riego si no hay otro fin indicado.",63.72
52,dogv,"RESOLUCIÓN de 26 de septiembre de 2024, del director general de Urbanismo, Paisaje y Evaluación Ambiental, por la cual se formula el informe de impacto ambiental del proyecto de sondeo para captación de aguas subterráneas en la parcela 379, polígono 12, del término municipal de Useras. Expediente: (3488985) 121/2024/AIA.",AGU_SND,True,AGU_SND,cuenca_jucar,,True,resolución,"[""AGU_SND""]","[""uso_agricola""]",0.85,"El texto menciona explícitamente ""sondeo para captación de aguas subterráneas"", lo que activa la categoría AGU_SND según las reglas críticas. El término ""captação"" es clave y permite inferir un uso agrícola típico, aunque no esté explícito, por lo que se asigna uso_agricola como subcategoría probable en este contexto de sondeo para captación.",58.831
53,dogv,"RESOLUCIÓN de 3 de febrero de 2025, de la Dirección General de Urbanismo, Paisaje y Evaluación Ambiental, por la que se formula el informe de impacto ambiental del Proyecto de sondeo para captación de aguas subterráneas, parcela 33 del polígono 40 del término municipal de Vistabella del Maestrat (Castellón). Expediente: (3524000) 147/2024/AIA.",AGU_SND,True,AGU_SND,cuenca_jucar,,True,resolución,"[""AGU_SND"", ""ESP_NAT""]","[""cuenca_mino_sil"", ""uso_agricola""]",0.92,"La descripción menciona explícitamente ""Proyecto de sondeo para captación de aguas subterráneas"", lo que activa la categoría AGU_SND y permite inferir el uso agrícola como subcategoría. Además, al tratarse del término municipal de Vistabella del Maestrat en Castellón (provincia donde no hay cuencas hidrográficas principales definidas específicamente en la lista, pero cerca de las cuencas Tajo/Júcar/Segura y sin información específica), se asigna una cuenca plausible. Sin embargo, el texto no menciona ningún espacio natural protegido explícitamente ni ""Red Natura"", ""parque"", etc., por lo que ESP_NAT es un error en mi clasificación inicial. Debo corregir: solo AGU_SND y uso_agricola son relevantes con alta confianza. La cuenca sería difícil de inferir, pero si Vistabella está en Teruel (provincia de Aragón) o cerca del Ebro o Júcar... Revisando mapas: Vistabella del Maestrat es en la provincia de Castellón, comarca del Maestrat, que pertenece a la demarcación del Júcar. Por tanto, cuenca_jucar es correcta. No hay señal explícita de espacio natural, así que no debe incluirse ESP_NAT.",105.056
54,dogv,"RESOLUCIÓN de 20 de enero de 2025, de la Dirección General de Urbanismo, Paisaje y Evaluación Ambiental, por la cual se formula un informe de impacto ambiental del proyecto de sondeo para captación de aguas subterráneas en la parcela 159, polígono 13, del término municipal de Relleu . Expediente: (3487745) 131/2024/AIA.",AGU_SND,True,AGU_SND,cuenca_jucar,,True,resolución,"[""AGU_SND""]","[""uso_urbano"", ""cuenca_segura""]",0.9,"El texto menciona explícitamente ""sondeo para captación de aguas subterráneas"" en Relleu (Alicante, cuenca Segura), activando AGU_SND; el uso urbano se infiere del contexto de evaluación ambiental y la ubicación municipal. El fragmento clave es ""sondeo para captación de aguas subterráneas"".",57.764
55,dogv,"RESOLUCIÓN de 19 de febrero de 2025, de la Dirección General de Urbanismo, Paisaje y Evaluación Ambiental, por la cual se formula Informe de impacto ambiental del proyecto de sondeo para captación de aguas subterráneas en la parcela 71, polígono 13, del término municipal de Figueroles. Expediente: (3557724) 240/2024/AIA.",AGU_SND,True,AGU_SND,cuenca_jucar,,True,información_pública,"[""AGU_SND""]","[""uso_agricola""]",0.98,"El texto menciona explícitamente ""sondeo para captación de aguas subterráneas"", lo que activa la categoría AGU_SND según las reglas críticas (requiere palabras clave explícitas). La referencia a ""Figueres"" y al término municipal sugiere una conexión con la cuenca del Duero, pero sin confirmación geográfica precisa en el texto, no se asigna subcategoría de cuenca. Sin embargo, el uso típico de sondeos para captación suele ser agrícola, lo que activa uso_agricola. El documento es un informe de impacto ambiental (AIA), por lo que act_type=información_pública.",71.103
56,dogv,"RESOLUCIÓN de 17 de enero de 2025, de la Dirección General de Urbanismo, Paisaje y Evaluación Ambiental, por la cual se formula informe de impacto ambiental del proyecto de sondeo para captación de aguas subterráneas en la parcela 11 del polígono 22, partida Garroferos, en el término municipal de Monforte del Cid (Alicante). Expediente: (3603557) 259/2024/AIA.",AGU_SND,True,AGU_SND,cuenca_jucar,,True,resolución,"[""AGU_SND"", ""AGU_GEN""]","[""uso_agricola"", ""cuenca_segura""]",0.95,"El texto menciona explícitamente ""sondeo para captación de aguas subterráneas"" (activa AGU_SND) y se trata de una concesión en DPH con uso agrícola inferido por el contexto de sondeo (AGU_GEN). La cuenca segura es la correcta por ubicación en Alicante.",57.215
57,docm,"Resolución de 12/03/2025, de la Delegación Provincial de Desarrollo Sostenible de Toledo, por la que se formula informe de impacto ambiental del proyecto: Captación de aguas subterráneas para riego de árboles variados y pequeña huerta (expediente PRO-TO-23-3262), en el término municipal de Menasalbas (Toledo).",AGU_SND,True,"AGU_SND,AGU_RIE","uso_agricola,cuenca_tajo",,True,resolución,"[""AGU_GEN"", ""ESP_NAT""]","[""cuenca_tajo"", ""uso_agricola""]",0.92,"El texto menciona ""captación de aguas subterráneas"" en el expediente, lo que activa AGU_SND (concesión para uso) y usa explícito agrícola (""riego de árboles variados y pequeña huerta""). Toledo pertenece a la cuenca del Tajo. El nombre del organismo emisor es ""Delegación Provincial de Desarrollo Sostenible"", pero no hay señales explícitas de espacio natural protegido, por lo que ESP_NAT no se activa.",64.382
58,dogv,"RESOLUCIÓN de 11 de julio de 2024, de la Dirección General de Urbanismo, Paisaje y Evaluación Ambiental, por la que se formula informe de impacto ambiental del Proyecto de captación de aguas subterráneas para abastecimiento hídrico de la parcela 296 del polígono 43, partida les Sutarraes en el término municipal de Vinaròs. Expediente: (3495540) 122/2024/AIA.",AGU_SND,True,"AGU_SND,AGU_ABS","uso_urbano,cuenca_jucar",,True,información_pública,"[""AGU_SND"", ""AGU_ABS""]","[""uso_urbano"", ""cuenca_cantabrico""]",0.95,"Texto contiene explícitamente ""captación de aguas subterráneas"" (AGU_SND) y ""abastecimiento hídrico"" (AGU_ABS). La ubicación es Vinaròs (Castellón), que pertenece a la cuenca del Júcar. El uso es abastecimiento, no riego ni industrial.",59.3
59,dogv,"RESOLUCIÓN de 17 de septiembre de 2024, de la Dirección General de Urbanismo, Paisaje y Evaluación Ambiental, por la que se formula el informe de impacto ambiental del proyecto de sondeo para captación de aguas subterráneas en el polígono 26, parcela 944, partida Las Arenas, del término municipal de Cabanes. Expediente: (3525940)188/2024/AIA.",AGU_SND,True,AGU_SND,cuenca_jucar,,True,resolución,"[""AGU_SND""]","[""uso_urbano"", ""cuenca_ebro""]",0.98,"El texto menciona explícitamente ""sondeo para captación de aguas subterráneas"", lo que activa la categoría AGU_SND. El término ""agua subterránea"" se asocia a uso urbano (abastecimiento, agua potable) y la ubicación en Cabanes (Terra Alta) corresponde a la cuenca del Ebro.",58.06
60,dogv,"RESOLUCIÓN de 26 de septiembre de 2024, de la Dirección General de Urbanismo, Paisaje y Evaluación Ambiental, por la cual se formula informe de impacto ambiental del proyecto de sondeo para captación de aguas subterráneas en la parcela 509, polígono 4, partida Tarafes del término municipal de Beniarbeig (Alicante). Expediente: (3603591) 228/2024/AIA.",AGU_SND,True,AGU_SND,cuenca_jucar,,True,información_pública,"[""AGU_SND"", ""ESP_NAT""]","[""uso_agricola"", ""cuenca_segura""]",0.92,"El texto menciona explícitamente ""sondeo para captación de aguas subterráneas"", activando AGU_SND, y el término ""Informe de impacto ambiental"" en el contexto de agua sugiere un uso agrícola (riego). Se infiere la cuenca Segura por la ubicación en Alicante. La mención de ""Evaluación Ambiental"" no implica una categoría de espacio natural protegido por sí sola, ya que no aparecen términos como ZEPA o RED NATURA.",65.342
61,bocyl,"RESOLUCIÓN de 5 de febrero de 2025, de la Delegación Territorial de León, por la que se dicta el informe de impacto ambiental del proyecto de ejecución de un sondeo de captación de aguas subterráneas para abastecimiento de agua potable en la localidad de Santiago Millas, en el término municipal de Santiago Millas (León), promovido por el Ayuntamiento. Expte.: I.A. 029/2024.",AGU_SND,True,"AGU_SND,AGU_ABS","uso_urbano,cuenca_duero",,True,resolución,"[""AGU_SND"", ""AGU_ABS""]","[""uso_urbano"", ""cuenca_duero""]",0.95,"El texto menciona explícitamente ""sondeo de captación de aguas subterráneas"" que activa AGU_SND y ""abastecimiento de agua potable"" que activa AGU_ABS. La ubicación en León (ChDuero) indica cuenca_duero y el uso para abastecimiento municipal es uso_urbano.",58.744
62,dogv,"RESOLUCIÓN de 21 de octubre de 2024, de la Dirección General de Urbanismo, Paisaje y Evaluación Ambiental, por la cual se formula el informe de impacto ambiental del proyecto de sondeo para la captación de aguas subterráneas en la parcela 581, polígono 3, del término municipal de Alfarp (Valencia). Expediente: (3563584) 224/2024/AIA.",AGU_SND,True,AGU_SND,cuenca_jucar,,True,resolución,"[""AGU_SND""]","[""uso_agricola"", ""cuenca_jucar""]",0.95,"El texto contiene explícitamente ""sondeo para la captación de aguas subterráneas"" en el término municipal de Alfarp (Valencia), lo que activa la categoría AGU_SND. La cuenca Júcar es correcta por ubicación en Valencia. El uso agrícola se infiere dado que es el uso predominante en zonas rústicas como Alfarp, aunque el texto no lo especifica explícitamente para justificar el uso agrícola como subcategoría.",63.137
63,dogv,"RESOLUCIÓN de 17 de enero de 2025, de la Dirección General de Urbanismo, Paisaje y Evaluación Ambiental, por la cual se formula un informe de impacto ambiental del proyecto de sondeo para la captación de aguas subterráneas, en la partida LG Venta Mina PL 04 123 del término municipal de Siete Aguas (Valencia). Expediente: (3326434) 171/2023/AIA.",AGU_SND,True,AGU_SND,cuenca_jucar,,True,resolución,"[""AGU_SND"", ""AGU_IND""]","[""uso_industrial"", ""cuenca_jucar""]",0.95,"El título indica ""RESOLUCIÓN de 17 de enero de 2025... por la cual se formula un informe de impacto ambiental del proyecto de sondeo para la captación de aguas subterráneas"". La palabra ""sondeo"" activa AGU_SND. El contexto hidroeléctrico (aprovechamiento para energía) indica AGU_IND. Siete Aguas (Valencia) pertenece a la cuenca del Júcar, por tanto cuenca_jucar.",133.063
64,bocyl,"ANUNCIO del Servicio Territorial de Industria, Comercio y Economía de León, relativo a la aprobación del proyecto para la perforación de un sondeo para captación de aguas subterráneas, en el término municipal de San Andrés del Rabanedo (León). Expte.: 71155/23.",AGU_SND,True,AGU_SND,cuenca_duero,,True,anuncio,"[""AGU_SND""]","[""cuenca_duero""]",0.95,"El texto menciona explícitamente ""sondeo para captación de aguas subterráneas"", lo cual activa la categoría AGU_SND. La provincia de León pertenece a la cuenca Duero, por lo que se asigna la subcategoría correspondiente.",50.871
65,dogc,"Anuncio sobre aprobación definitiva de la modificación del anexo I de la Ordenanza núm. 16, reguladora de las prestaciones patrimoniales de carácter público no tributario, referida a la prestación del servicio de suministro de agua potable",AGU_ABS,True,AGU_ABS,uso_urbano,,True,anuncio,"[""AGU_ABS""]","[""uso_urbano""]",0.98,"El texto menciona explícitamente ""suministro de agua potable"", lo que activa la categoría AGU_ABS (abastecimiento) y, por extensión, el uso urbano del agua (uso_urbano). El acto es un anuncio sobre una modificación de ordenanza.",50.322
66,borm,Padrón correspondiente al listado cobratorio de abastecimiento de agua y alcantarillado correspondiente al cuarto trimestre de 2024.,AGU_ABS,False,,,,True,información_pública,"[""AGU_ABS""]","[""uso_urbano"", ""cuenca_guadalquivir""]",0.85,"El texto menciona ""abastecimiento de agua"" para cobro, lo cual indica la categoría AGU_ABS. Se infiere uso urbano por ser abastecimiento general de alcantarillado y se asigna cuenca Guadalquivir por ser BORM (Andalucía).",53.775
67,docm,"Resolución de 17/03/2025, de la Dirección General de Medio Natural y Biodiversidad, por la que se aprueba la ocupación de terrenos en la vía pecuaria denominada Abrevadero-Descansadero del Olivar (Cañada del Río), en el término municipal de Escalona, provincia de Toledo, con destino a instalación de tubo para captación de agua potable del río Alberche, cuya persona solicitante es Inversiones y Proyectos y Construcciones, SA. Número de expediente: S244-45-0259-2022.",AGU_ABS,True,"AGU_ABS,VIA_PEC","uso_urbano,cuenca_tajo",,True,resolución,"[""VIA_PEC"", ""AGU_ABS""]","[""uso_urbano"", ""cuenca_tajo""]",0.95,"El texto menciona explícitamente ""vía pecuaria"" y ""Cañada del Río"", activando la categoría VIA_PEC. Además, indica una ocupación para captar ""agua potable"", lo que se clasifica como AGU_ABS (abastecimiento), y el río Alberche sitúa a la publicación en la cuenca del Tajo (cuenca_tajo).",60.828
68,dogc,"Anuncio sobre aprobación definitiva del Proyecto de mejora de la red de abastecimiento de aguas, alcantarillado y pluviales de las calles Carnisseries y Segrià de Alcoletge",AGU_ABS,True,AGU_ABS,uso_urbano,,True,anuncio,"[""AGU_ABS"", ""VER""]","[""uso_urbano""]",0.75,"El texto menciona ""mejora de la red de abastecimiento de aguas"", lo que indica AGU_ABS (abastecimiento). La inclusión de ""alcantarillado y pluviales"" sugiere gestión de aguas residuales, activando VER. El uso es urbano por el contexto municipal de abastecimiento.",53.762
69,borm,Información pública para la aprobación inicial del anteproyecto de construcción y explotación del contrato de concesión del servicio publico de abastecimiento de agua potable y saneamiento del municipio de Alcantarilla.,AGU_ABS,True,AGU_ABS,uso_urbano,,True,información_pública,"[""AGU_ABS""]",[],0.92,"La descripción menciona explícitamente ""abastecimiento de agua potable"", lo que corresponde a la categoría AGU_ABS. Se trata de una convocatoria o publicación informativa sobre la aprobación inicial del anteproyecto, por lo que el tipo de acto es información pública.",98.373
70,boca,"Secretaría General Técnica.- Anuncio por el que se hace pública la Resolución de 14 de febrero de 2025, que acuerda la remisión a la Sala de lo Contencioso-administrativo, Sección Primera, del Tribunal Superior de Justicia de Canarias, en Las Palmas de Gran Canaria, del expediente administrativo relativo a la Resolución de 23 de octubre de 2024, de la Viceconsejería de Industria, Comercio y Consumo, por la que se desestima la modificación de las tarifas del servicio público de abastecimiento de agua a poblaciones para su aplicación en la isla de Lanzarote y La Graciosa, con motivo del recurso n.º 37/2025, interpuesto por la entidad Canal Gestión Lanzarote, S.A.U., y emplaza a los interesados en el mismo.",AGU_ABS,True,AGU_ABS,"uso_urbano,cuenca_insular",,True,anuncio,"[""AGU_ABS""]","[""uso_urbano"", ""cuenca_insular""]",0.98,"La descripción menciona explícitamente el ""servicio público de abastecimiento de agua a poblaciones"" en las islas de Lanzarote y La Graciosa, lo que activa la categoría AGU_ABS (abastecimiento) y uso_urbano. Al tratarse del ámbito insular de Canarias, se añade la subcategoría cuenca_insular. El texto no contiene señales para otras categorías como aguas subterráneas o vertidos.",64.907
71,dogv,ANUNCIO por el que se somete a información pública la actualización de tarifas de suministro de agua potable de Segorbe.,AGU_ABS,True,AGU_ABS,"uso_urbano,cuenca_jucar",,True,anuncio,"[""AGU_ABS""]","[""uso_urbano"", ""cuenca_jucar""]",0.95,"El texto menciona explícitamente ""suministro de agua potable"" que activa la categoría AGU_ABS, y el término ""agua potable"" indica uso urbano. La provincia de Castellón donde está Segorbe corresponde a la cuenca del Júcar (cuenca_jucar).",52.366
72,dogc,Anuncio sobre aprobación del Proyecto constructivo para la renovación de la red de distribución de agua potable del municipio de Òdena (exp. 192/2025),AGU_ABS,True,AGU_ABS,uso_urbano,,True,anuncio,"[""AGU_ABS""]","[""uso_urbano""]",0.95,"La descripción menciona ""renovación de la red de distribución de agua potable"", lo que corresponde claramente a la categoría de abastecimiento (AGU_ABS) con uso urbano. El texto no incluye señales de otras categorías relevantes para el dominio hídrico-natural.",49.954
73,dogc,Anuncio sobre aprobación inicial del Proyecto constructivo de renovación de la red de abastecimiento de agua antigua del sector noreste de Sant Pere Pescador (exp. X2024001580),AGU_ABS,True,AGU_ABS,uso_urbano,,True,anuncio,"[""AGU_ABS""]","[""uso_urbano"", ""cuenca_insular""]",0.95,"El texto menciona ""renovación de la red de abastecimiento de agua"", lo cual corresponde claramente a AGU_ABS (abastecimiento). Al estar en el ámbito insular (Sant Pere Pescador), corresponde a cuenca_insular, y al ser abastecimiento para consumo, uso_urbano.",54.506
74,boib,Aprobación inicial de la modificación de la ordenanza reguladora de la prestación patrimonial de carácter no tributario derivada de la gestión del servicio público de abastecimiento de agua potable y saneamiento en Sant Antoni de Portmany,AGU_ABS,True,AGU_ABS,"uso_urbano,cuenca_insular",,True,aprobación,"[""AGU_ABS""]","[""uso_urbano"", ""cuenca_insular""]",0.92,"La publicación menciona explícitamente ""abastecimiento de agua potable"", lo que enlaza directamente con la categoría AGU_ABS (concesión de aguas para abastecimiento). Dado que la ubicación es Sant Antoni de Portmany, en las Islas Baleares, se infiere la cuenca_insular. La referencia a ""servicio público"" y la modificación de ordenanzas reguladoras confirman el contexto de gestión hídrica municipal.",60.895
75,doe,"Decreto 8/2025, de 18 de febrero, sobre declaración de urgencia de la ocupación de terrenos para ejecución de las obras de ""Mejora del sistema de abastecimiento de agua para la eficiencia hídrica en Pozuelo de Zarzón (Cáceres)"".",AGU_ABS,True,AGU_ABS,"uso_urbano,cuenca_tajo",,True,decreto,"[""AGU_ABS""]","[""cuenca_tajo"", ""uso_urbano""]",0.92,"El texto menciona explícitamente ""abastecimiento de agua"" para un núcleo urbano (Pozuelo de Zarzón), lo que activa la categoría AGU_ABS. Además, Pozuelo de Zarzón está en Cáceres, provincia perteneciente a la cuenca del Tajo.",54.066
76,boib,Notificación colectiva de liquidaciones y anuncio de cobranza de la tasa por la prestación del servicio de suministro intermunicipal de agua potable correspondiente al año 2025 de la Mancomunidad Migjorn de Mallorca,AGU_ABS,True,AGU_ABS,"uso_urbano,cuenca_insular",,True,notificación,"[""AGU_ABS"", ""VER""]","[""uso_urbano"", ""cuenca_insular""]",0.95,"El texto menciona explícitamente ""suministro intermunicipal de agua potable"" (AGU_ABS, uso_urbano) y la ubicación es Mallorca, que está en cuenca insular (cuenca_insular). Además, la ""tasa por la prestación del servicio"" implica un canon de control de vertidos asociado a la depuración de aguas residuales, activando la categoría VER.",61.053
77,boib,Aprobación de la revisión de precios de la concesión del Servicio Municipal de Abastecimiento de Agua Potable al municipio de Andratx,AGU_ABS,True,AGU_ABS,"uso_urbano,cuenca_insular",,True,aprobación,"[""AGU_ABS""]","[""uso_urbano"", ""cuenca_insular""]",0.95,"El texto menciona explícitamente ""abastecimiento de agua potable"" para el municipio de Andratx (activa AGU_ABS), y por ser Canaria (Andratx es en las Islas Baleares) corresponde a cuenca_insular. La categoría es clara sin ambigüedades.",64.117
78,dogc,"Anuncio sobre aprobación inicial del Proyecto de obras para la sustitución de la tubería de abastecimiento de agua potable en la urbanización Royal Park, en el tramo del camino de Can Dansa al depósito Royal 1",AGU_ABS,True,AGU_ABS,uso_urbano,,True,anuncio,"[""AGU_ABS""]","[""uso_urbano"", ""cuenca_insular""]",0.95,"La descripción menciona ""abastecimiento de agua potable"" en el título, lo cual activa la categoría AGU_ABS. Además, la publicación es del DOGC (Diario Oficial de la Generalitat de Catalunya), lo que indica que la cuenca correspondiente es insular o costera catalana.",63.501
79,dogc,Anuncio sobre aprobación definitiva de la Ordenanza municipal reguladora de la prestación patrimonial de carácter no tributario del servicio de suministro de agua potable,AGU_ABS,True,AGU_ABS,uso_urbano,,True,anuncio,"[""AGU_ABS""]","[""uso_urbano"", ""cuenca_insular""]",0.95,"El texto menciona explícitamente ""suministro de agua potable"" para abastecimiento municipal, lo que activa la categoría AGU_ABS con subcategoría uso_urbano. Al ser del DOGC (Diario Oficial de la Generalidad de Cataluña), se infiere la cuenca_insular por el ámbito geográfico de la comunidad autónoma.",66.525
80,boe,"Anuncio del Área de Industria y Energía de la Subdelegación del Gobierno en Zaragoza por el que se somete a información pública la declaración de impacto ambiental y la solicitud de autorización administrativa previa del expediente CHidr-003 relativo al proyecto central hidroeléctrica reversible Dehesa de Ganaderos, de 95 MW en turbinación y 110 MW en bombeo, de potencia instalada y para su infraestructura de evacuación, en los términos municipales de La Muela y Zaragoza, en la provincia de Zaragoza.",AGU_IND,True,AGU_IND,"uso_energetico,cuenca_ebro",,True,anuncio,"[""AGU_IND""]","[""uso_energetico"", ""cuenca_ebro""]",0.95,"El texto menciona ""central hidroeléctrica reversible Dehesa de Ganaderos"" para uso energético (energía eléctrica). La ubicación en Zaragoza y la referencia a CHidr (Confederación Hidrográfica del Ebro) indican que pertenece a la cuenca del Ebro.",66.37
81,dog,"ANUNCIO de 6 de marzo de 2025, de la Comisaría de Augas de Galicia, por el que se somete al trámite de información pública el expediente de extinción de un título concesional con destino a aprovechamiento hidroeléctrico, titularidad de CH Electra Batán, S.L., en el río Calvar, ayuntamiento de Coristanco, A Coruña (clave 10/149/12).",AGU_IND,True,AGU_IND,"uso_energetico,cuenca_cantabrico",,True,anuncio,"[""AGU_IND""]","[""cuenca_mino_sil"", ""uso_energetico""]",0.98,"El texto menciona ""aprovechamiento hidroeléctrico"" para una central de CH Electra Batán, S.L., activando AGU_IND y uso_energetico; la ubicación en A Coruña (Galicia) corresponde a cuenca_mino_sil.",66.483
82,boca,"Consejo Insular de Aguas de Lanzarote.- Anuncio de 25 de febrero de 2025, por el que se somete a información pública la solicitud de autorización administrativa para el uso de los pozos de captación y vertido de agua asociados a un aprovechamiento de agua para la mejora de la eficiencia mediante energía geotérmica de baja entalpía del sistema de refrigeración de las instalaciones del Rancho Texas Park, ubicado en Puerto del Carmen, en el término municipal de Tías.- Expte. 173-2025.",AGU_IND,True,AGU_IND,"uso_energetico,cuenca_insular",,True,anuncio,"[""AGU_SND"", ""VER"", ""AGU_GEN""]","[""uso_energetico"", ""cuenca_insular""]",0.78,"El texto menciona ""pozos de captación"" (AGU_SND, uso energético), ""vertdo de agua"" (VER) y ""aprovechamiento de agua"" genérico para instalación geotérmica (AGU_GEN). La ubicación en Lanzarote implica cuenca insular. Confianza moderada por mezcla de señales: ""pozo"", ""vertido"", ""aprovechamiento"".",75.729
83,bocyl,"INFORMACIÓN pública relativa a la solicitud de autorización administrativa previa y autorización administrativa de construcción para una instalación de producción de energía eléctrica, mediante tecnología fotovoltaica hibridada con central hidroeléctrica, denominada «FV Salto del Martinete» de 500 kW de potencia, en el término municipal de Palazuelos de Eresma (Segovia), como hibridación de la central hidroeléctrica existente denominada «CH Salto del Martinete» de 520 kW de potencia. Expte.: 40/FV/2869.",AGU_IND,True,AGU_IND,"uso_energetico,cuenca_duero",,True,información_pública,"[""AGU_GEN"", ""AGU_IND""]","[""uso_energetico"", ""cuenca_duero""]",0.92,"La publicación trata sobre una instalación de energía fotovoltaica hibridada con central hidroeléctrica (señal clara para AGU_IND), autorizando el uso energético y sin especificar un uso concreto diferente, lo que activa AGU_GEN residual por mención a ""uso"" genérico en concesión. Palazuelos de Eresma está en la cuenca del Duero (Segovia).",73.948
84,boe,"Anuncio de la Confederación Hidrográfica del Miño-Sil, O.A. de información pública del expediente de extinción del aprovechamiento de agua del arroyo Valdetimones, en el paraje Raniella de Sotillo de Cabrera, término municipal de Benuza, provincia de León, con destino a uso industrial (Refrigeración de hilo diamantado y riego accesos). A/24/04465/E.",AGU_IND,True,AGU_IND,"uso_industrial,cuenca_mino_sil",,True,anuncio,"[""AGU_IND"", ""ESP_NAT""]","[""uso_industrial"", ""cuenca_mino_sil""]",0.85,"El texto menciona explícitamente ""aprovechamiento de agua"" con ""uso industrial (Refrigeración de hilo diamantado)"", lo que activa AGU_IND y uso_industrial. El organismo emisor es la Confederación Hidrográfica del Miño-Sil, indicando cuenca_mino_sil. Aunque no hay una señal textual explícita como ""parque nacional"" en el fragmento proporcionado, el término ""paraje Raniella de Sotillo de Cabrera"" podría inferirse como un espacio natural protegido si se conoce su estatus, pero según la regla 4 sin señal explícita (""parque"", ZEPA, etc.) no se activa ESP_NAT. Re-evaluando: ""paraje"" por sí solo no es suficiente para ESP_NAT según la definición estricta de señales léxicas. Por lo tanto, debo retirar ESP_NAT. Solo quedan AGU_IND y uso_industrial con confianza alta.",104.699
85,bocm,"Vías pecuarias
– Resolución de 9 de enero de 2025, del Director General de Agricultura, Ganadería y Alimentación, por la que se anuncia la exposición pública relativa a la autorización de ocupación temporal de la vía pecuaria Colada Galiana, en el término municipal de Torres de la Alameda, para la instalación de la línea de evacuación Subterránea LSMT Grillete, actuación promovida por Grillete Solar, S. L. U.",VIA_PEC,True,VIA_PEC,,,True,resolución,"[""VIA_PEC""]",[],1.0,"El texto menciona explícitamente ""Vías pecuarias"" y ""vía pecuaria Colada Galiana"", activando la categoría VIA_PEC según la regla 8, que indica que se activa si el término aparece en cualquier parte del texto, incluso en el nombre del proyecto. No hay mención de aguas, montes o espacios naturales protegidos por las señales léxicas definidas.",62.74
86,bocm,"Vías pecuarias
– Resolución de 11 de diciembre de 2024, del Director General de Agricultura, Ganadería y Alimentación, por la que se anuncia la exposición pública relativa a la autorización de ocupación temporal de la vía pecuaria Descansadero de El Ardal, en el término municipal de San Agustín del Guadalix, para instalación de pantallas fonoabsorbentes en dos tramos independientes, actuación promovida por Neinor Península, S. L.",VIA_PEC,True,VIA_PEC,,,True,resolución,"[""VIA_PEC""]",[],0.98,"El texto menciona explícitamente ""vía pecuaria Descansadero de El Ardal"" y ""autorización de ocupación temporal de la vía pecuaria"", activando la categoría VIA_PEC según la regla crítica 8. No se detectan señales para otras categorías ni cuencas específicas en el fragmento.",53.752
87,boa,"ANUNCIO del Instituto Aragonés de Gestión Ambiental, por el que se somete a información pública el expediente para la ocupación temporal de terrenos en la vía pecuaria ""Cordel de Liri a La Picada"", de titularidad de la Comunidad Autónoma de Aragón, en el municipio de Benasque (Huesca), para la construcción de las instalaciones de la telecabina monocable Benasque-Cerler, promovida por el Ayuntamiento de Benasque (Número de Expediente: INAGA 220101/56/2024/12281).",VIA_PEC,True,VIA_PEC,,,True,anuncio,"[""VIA_PEC""]","[""cuenca_ebro""]",0.95,"El texto menciona explícitamente ""vía pecuaria 'Cordel de Liri a La Picada'"" y ""cordel"", lo que activa la categoría VIA_PEC. Además, el organismo emisor es el ""Instituto Aragonés de Gestión Ambiental"" y se localiza en Benasque (Huesca), perteneciendo a la cuenca del Ebro.",58.19
88,bocyl,"INFORMACIÓN pública relativa a la ocupación temporal de terrenos en la vía pecuaria «Cañada de Extremadura a León», en el término municipal de La Mudarra (Valladolid). Expte.: VA-VP-24151-O.",VIA_PEC,True,VIA_PEC,,,True,información_pública,"[""VIA_PEC""]","[""cuenca_duero""]",0.98,"La publicación menciona ""vía pecuaria «Cañada de Extremadura a León»"", activando la categoría VIA_PEC por las palabras clave ""vía pecuaria"" y ""cañada"". Se infiere cuenca_duero por estar en el término municipal de La Mudarra (Valladolid).",111.325
89,docm,"Resolución de 04/02/2025, de la Delegación Provincial de Desarrollo Sostenible de Ciudad Real, por la que se convoca al levantamiento de actas previas a la ocupación de las fincas afectadas por el proyecto: Instalación solar fotovoltaica denominada FV Braza Cordel, infraestructuras auxiliares y de evacuación. Referencia: 13270209195.",VIA_PEC,True,VIA_PEC,,,True,resolución,"[""AGU_IND"", ""ESP_NAT""]","[""uso_energetico""]",0.85,"La publicación es una resolución sobre la ocupación de fincas por un proyecto fotovoltaico (FV Braza Cordel), lo que indica uso energético [AGU_IND, subcategoria uso_energetico]. La referencia al ""cordel"" en el nombre del proyecto activa la categoría Vía Pecuario, aunque no se menciona su ocupación real. Sin embargo, dado que la actividad principal es fotovoltaica, no hay indicio de uso de vía pecuaria más allá del nombre del proyecto, por lo que no se incluye como categoría principal. Además, Ciudad Real pertenece a la cuenca del Guadalquivir [cuenca_guadalquivir]. La confianza es 0.85-0.94 porque requiere inferir el tipo de cuenca y la relación entre el proyecto fotovoltaico y las categorías.",94.359
90,bocm,"Vías pecuarias
– Resolución de 26 de febrero de 2025, del Director General de Agricultura, Ganadería y Alimentación, por la que se anuncia la exposición pública relativa a la autorización de ocupación temporal de la vía pecuaria Colada de Montesinos, en el término municipal de Alcalá de Henares, para instalación de una acometida de telecomunicaciones con objeto de dar servicio a la parcela 30A desde la avenida de Daganzo, actuación promovida por Telefónica de España, S. A. U.",VIA_PEC,True,VIA_PEC,,,True,anuncio,"[""VIA_PEC""]",[],0.95,"El texto menciona explícitamente ""vía pecuaria Colada de Montesinos"", activando la categoría VIA_PEC según la regla 8. La ubicación en Alcalá de Henares (Madrid) no indica cuenca específica por sí sola sin mención del organismo demarcacional, y aunque es una zona de agua potencialmente afectada por telecomunicaciones, no hay uso de agua mencionado, así que no se activan categorías de agua.",70.799
91,bocm,"Vías pecuarias
– Resolución de 11 de febrero de 2025, del Director General de Agricultura, Ganadería y Alimentación, por la que se anuncia la exposición pública relativa a la autorización de ocupación temporal, de las vías pecuarias Colada Camino del Monte y Cordel de la Matapiñonera al Arroyo de la Vega Tramo 3, en el término municipal de San Sebastián de los Reyes, para el entronque del suministro eléctrico del CS de avenida de Somosierra, número 10, con el CT de Abonado, actuación promovida por Aofi Rishon, S. L. U.",VIA_PEC,True,VIA_PEC,,,True,resolución,"[""VIA_PEC""]",[],0.98,"El texto menciona explícitamente ""vías pecuarias"", ""Colada Camino del Monte y Cordel de la Matapiñonera"", activando la categoría VIA_PEC. No hay mención de uso específico de agua ni de espacio natural protegido (ESP_NAT), aunque se trate de una ocupación para instalación eléctrica, por lo que no califica como AGU_IND ni ESP_NAT bajo las reglas dadas.",70.622
92,docm,"Anuncio de 08/01/2025, de la Delegación Provincial de Desarrollo Sostenible de Ciudad Real, sobre ocupación de terrenos en vía pecuaria Vereda del Camino del Vicario y Cordel de Ciudad Real (S244-13-1099-2024), en el término municipal de Ciudad Real (Ciudad Real), con destino a paralelismo y cruzamiento subterráneo de línea eléctrica.",VIA_PEC,True,VIA_PEC,,,True,anuncio,"[""VIA_PEC""]",[],0.98,"El texto menciona explícitamente ""ocupación de terrenos en vía pecuaria Vereda del Camino del Vicario y Cordel de Ciudad Real"", activando la categoría VIA_PEC según la regla 8 que establece que se activa si ""cañada"", ""cordel"", ""vereda"" o ""colada"" aparecen. El uso para subterráneo de línea eléctrica no añade categoría AGU_IND porque no es una concesión de aguas, sino ocupación de vía pecuaria.",73.968
93,dogv,ANUNCIO de la concesión demanial en vía pecuaria del término municipal de La Vall d'Uixó. Expediente VP_2024_225.,VIA_PEC,True,VIA_PEC,,,True,anuncio,"[""VIA_PEC""]",[],0.98,"El texto contiene explícitamente la frase ""concesión demanial en vía pecuaria"", lo que activa la categoría VIA_PEC según la señal léxica clave ""vía pecuaria"". No hay indicios de otros usos del agua ni de espacios naturales protegidos (Red Natura) específicos.",62.111
94,docm,"Resolución de 05/03/2025, de la Dirección General de Medio Natural y Biodiversidad, por la que se aprueba la renovación de ocupación de terrenos en la vía pecuaria denominada Cañada Real de la Mancha a Murcia, en los términos municipales de La Roda y Minaya, provincia de Albacete, con destino a mantener LAMT 20 kV SAT Escribano Cabañero, cuya entidad beneficiaria es I-DE Redes Eléctricas Inteligentes, SAU (número de expediente: S244-02-0913-2024).",VIA_PEC,True,VIA_PEC,,,True,resolución,"[""VIA_PEC""]",[],0.95,"La publicación es una ""Resolución"" que aprueba la renovación de ocupación en la ""vía pecuaria denominada Cañada Real de la Mancha a Murcia"", activando la etiqueta VIA_PEC por la mención explícita de cañada. No hay indicios de agua, vertidos, montes protegidos o espacios naturales (las vías pecuarias no implican automáticamente etiquetas de espacio natural).",70.902
95,docm,"Anuncio de 31/01/2025, de la Delegación Provincial de Desarrollo Sostenible de Toledo, de deslinde de la vía pecuaria denominada Cañada Real de Alcázar en el término municipal de Cabezamesada provincia de Toledo en su totalidad.",VIA_PEC,True,VIA_PEC,,,True,anuncio,"[""VIA_PEC""]","[""cuenca_tajo""]",0.98,"El texto menciona explícitamente ""vía pecuaria"" y ""Cañada Real de Alcázar"", activando la categoría VIA_PEC (señal léxica clave: ""Cañada""). La provincia de Toledo pertenece a la cuenca del Tajo, por lo que se asigna subcategoría cuenca_tajo.",67.218
96,docm,"Resolución de 17/03/2025, de la Dirección General de Medio Natural y Biodiversidad, por la que se aprueba la ocupación de terrenos en la vía pecuaria denominada Cañada Real de las Matas, en el término municipal de Guadalajara, provincia de Guadalajara, con destino a cruzamiento subterráneo de la vía pecuaria con línea eléctrica de evacuación de instalación fotovoltaica, cuya persona solicitante es Pañol Solar, SL. Número de expediente: S244-19-0718-2023.",VIA_PEC,True,VIA_PEC,,,True,resolución,"[""VIA_PEC""]","[""cuenca_jucar""]",0.95,"El texto menciona explícitamente ""vía pecuaria denominada Cañada Real de las Matas"" y ""ocupación de terrenos"", activando la categoría VIA_PEC. La provincia de Guadalajara pertenece a la cuenca del Júcar (CHJ), lo que activa la subcategoría cuenca_jucar.",67.441
97,borm,"Anuncio por el que se somete a información pública el pliego de condiciones que regirá en el expediente de ocupación de terrenos en la vía pecuaria denominada “Colada de Vera”, clasificada entre las del término municipal de Lorca, para acometidas de líneas subterráneas de media tensión a 20 kv para suministro eléctrico, solicitada por I-DE Redes Eléctricas Inteligentes, S.A.U.",VIA_PEC,True,VIA_PEC,,,True,anuncio,"[""VIA_PEC""]","[""cuenca_segura"", ""uso_urbano""]",0.95,"El texto menciona explícitamente ""vía pecuaria denominada 'Colada de Vera'"", lo que activa la categoría VIA_PEC. La provincia de Murcia indica la cuenca Segura (cuenca_segura). Aunque se refiere a suministros eléctricos, el expediente ocupa tierra pública para acometidas subterráneas y líneas eléctricas, no es una concesión de agua ni uso energético del agua, por lo que no activaría AGU_IND.",76.76
98,borm,"Anuncio por el que se somete a información pública el Pliego de Condiciones que regirá en el expediente de ocupación de terrenos en la vía pecuaria denominada “Cordel de La Flor”, clasificada entre las del término municipal de Yecla, para trabajos de fibra óptica en vía pecuaria, solicitada por Lyntia Networks SAU.",VIA_PEC,True,VIA_PEC,,,True,anuncio,"[""VIA_PEC""]",[],0.98,"El texto menciona explícitamente ""vía pecuaria denominada 'Cordel de La Flor'"" y ""ocupación de terrenos en la vía pecuaria"", lo que activa la categoría VIA_PEC según las señales léxicas clave. No hay información sobre uso de agua, cauces o vertidos que permita activar otras categorías hidrológicas.",62.601
99,docm,"Notificación de 17/02/2025, de la Delegación Provincial de Desarrollo Sostenible de Toledo, por la que se procede a la publicación del anuncio del inicio del deslinde de la vía pecuaria denominada Cañada Real de Alcázar, en el término municipal de Villanueva de Alcardete, provincia de Toledo en el tramo que no va a caballera con Corral de Almaguer.",VIA_PEC,True,VIA_PEC,,,True,notificación,"[""VIA_PEC""]",[],0.98,"El texto menciona explícitamente ""vía pecuaria denominada Cañada Real"" y la palabra ""Cañada"", activando la categoría VIA_PEC según la regla 8. No hay señales de uso del agua ni otras categorías ambientales (ESP_NAT, AGU_GEN, etc.). La confianza es alta porque la señal léxica es explícita y específica.",66.892
100,boa,"ANUNCIO del Instituto Aragonés de Gestión Ambiental, por el que se somete a información pública la concesión de ocupación temporal de terrenos de la vía pecuaria denominada como ""Cañada Real de Barcelona"" de titularidad de la Comunidad Autónoma de Aragón, en los términos municipales de Zaragoza y la Puebla de Alfindén (Zaragoza) para la alimentación de la nueva subestación ""Montepino"" a ejecutar en el polígono industrial Malpica, solicitada por Montepino Logística Zaragoza. (Número de Expediente: INAGA 500101/56/2024/10309).",VIA_PEC,True,VIA_PEC,,,True,anuncio,"[""VIA_PEC""]",[],0.95,"La descripción menciona explícitamente ""vía pecuaria denominada como Cañada Real de Barcelona"" y ""ocupación temporal de terrenos"", activando la categoría VIA_PEC. No hay mención de agua (ni concesión ni uso), residuos, montes, ni espacios naturales protegidos; el contexto industrial de la subestación no es una categoría de uso del agua.",67.016
101,docm,"Notificación de 17/02/2025, de la Delegación Provincial de Desarrollo Sostenible de Toledo, por la que se procede a la publicación del anuncio del inicio del deslinde de la vía pecuaria denominada Cañada Real de Alcázar, en el término municipal de Cabezamesada, provincia de Toledo en su totalidad en el municipio.",VIA_PEC,True,VIA_PEC,,,True,notificación,"[""VIA_PEC""]","[""cuenca_tajo""]",0.95,"El texto menciona explícitamente ""vía pecuaria"" y ""Cañada Real de Alcázar"", activando la categoría VIA_PEC. La provincia de Toledo se encuentra en la cuenca del Tajo, permitiendo inferir la subcategoría correspondiente.",60.749
102,docm,"Anuncio de 12/02/2025, de la Delegación Provincial de Desarrollo Sostenible de Guadalajara, por el que se ordena la publicación de solicitud de ocupación temporal de terrenos de la vía pecuaria Vereda de Ganados, en el término municipal de Sigüenza, según expediente S244-19-0550-2023 solicitado por Parques Intermodales Gran Europa SA, para interés particular.",VIA_PEC,True,VIA_PEC,,,True,anuncio,"[""VIA_PEC""]",[],0.95,"El texto menciona explícitamente ""vía pecuaria Vereda de Ganados"", lo que activa la categoría VIA_PEC según la regla 8 sobre ocupación o modificación de vías pecuarias. El motivo es una ""solicitud de ocupación temporal de terrenos"" en dicha vía, confirmando la relevancia del acto administrativo al dominio hídrico-natural monitorizado.",66.969
103,docm,"Resolución de 20/01/2025, de la Dirección General de Medio Natural y Biodiversidad, por la que se aprueba la renovación de ocupación de terrenos en la vía pecuaria denominada Cañada Real de los Chorros, en el término municipal de Rada de Haro, provincia de Cuenca, con destino a mantener cruzamiento de línea aérea de MT, cuya entidad beneficiaria es I-DE Redes Eléctricas Inteligentes, SAU. Expediente S244-16-0742-2023.",VIA_PEC,True,VIA_PEC,,,True,resolución,"[""VIA_PEC""]","[""cuenca_jucar""]",0.95,"El texto menciona explícitamente ""vía pecuaria denominada Cañada Real de los Chorros"", activando la categoría VIA_PEC. La provincia de Cuenca pertenece a la cuenca del Júcar.",61.104
104,docm,"Resolución de 27/02/2025, de la Dirección General de Medio Natural y Biodiversidad, por la que se aprueba la renovación de ocupación de terrenos en las vías pecuarias denominadas Vereda del Camino del Río y Vereda del Camino de La Roda, en el término municipal de La Gineta, provincia de Albacete, con destino a mantener doble cruce aéreo de LAMT 20 kV, según instalación LAMT 20 kV Montalvos-La Marmota, cuya entidad beneficiaria es I-DE Redes Eléctricas Inteligentes, SAU. Expediente: S244-02-0889-2024.",VIA_PEC,True,VIA_PEC,,,True,resolución,"[""VIA_PEC""]",[],0.95,"El texto menciona explícitamente ""vías pecuarias denominadas Vereda del Camino del Río y Vereda del Camino de La Roda"" (señal para VIA_PEC) y ocupa terrenos en ellas con destino a doble cruce aéreo, por lo que es una resolución sobre ocupación de vía pecuaria. No hay señales de uso de agua o categoría N2 adicional relevante.",71.786
105,boa,"ANUNCIO del Instituto Aragonés de Gestión Ambiental, por el que se somete a información pública la renovación de la concesión de uso privativo otorgada en el Número de Expediente: INAGA 220101/44/2016/04096, para la ocupación temporal de terrenos en el dominio público forestal del monte de utilidad pública número 59 denominado ""Gallinero, Canales, La Corba y Royera"", de titularidad de la entidad local menor de Liri, y situado en el término municipal de Castejón de Sos (Huesca), para mantener una superficie de despegues y docencia de parapente, promovida por el Ayuntamiento de Castejón de Sos. (Número de Expediente: INAGA 220101/44/2024/05778).",MON,True,MON,,,True,anuncio,"[""AGU_GEN"", ""MON""]","[""uso_mixto""]",0.9,"El texto menciona explícitamente ""monte de utilidad pública"" y ""dominio público forestal"", activando la categoría MON. Además, se trata de una ocupación temporal del DPH para actividades de parapente, lo que implica un uso del agua/terreno genérico sin especificación agrícola o industrial, activando AGU_GEN. La actividad combina usos recreativos/educativos, por lo que se asigna uso_mixto.",75.95
106,bocm,"Montes de utilidad pública
– Anuncio de 21 de febrero de 2025, de la Consejería de Medio Ambiente, Agricultura e Interior, por el que se somete a información pública la propuesta de desafectación de terrenos en el monte “Peña Hueca, Valdeyerno, Los Cerezos, El Tirón, Los Canales y Otros”, incluido en el Catálogo de Montes de Utilidad Pública de Madrid con el número 85, propiedad de Ayuntamiento de Lozoya, término municipal de Lozoya, y la afectación de terrenos para su inclusión en dicho monte de utilidad pública, promovido por el Ayuntamiento de Lozoya",MON,True,MON,,,True,anuncio,"[""MON""]",[],0.98,"El texto menciona explícitamente ""monte de utilidad pública"", cumpliendo el criterio para la categoría MON. El fragmento clave es: ""Catálogo de Montes de Utilidad Pública de Madrid con el número 85"". No hay señales para otras categorías.",52.291
107,boa,"ANUNCIO del Instituto Aragonés de Gestión Ambiental, por el que se somete a información pública y concurrencia competitiva el expediente de autorización administrativa de concesión de uso privativo del dominio público forestal para la ocupación temporal de terrenos del monte de utilidad pública número 237, denominado ""La Citora"", de titularidad del Ayuntamiento de La Puebla de Valverde (Teruel), y sito en su término municipal, motivado por el paso de la línea de evacuación subterránea de media tensión y sus centros de seccionamiento y/o interconexión de la central solar fotovoltaica y de almacenamiento hibridación ""Puerto Escandón"", promovido por Molinos del Jalón, SA. (Número de Expediente: INAGA 440101/44/2024/0664).",MON,True,MON,,,True,anuncio,"[""MON""]","[""cuenca_ebro"", ""uso_energetico""]",0.95,"La publicación menciona explícitamente ""dominio público forestal"" y ""monte de utilidad pública"", lo que activa la categoría MON. El uso energético (""central solar fotovoltaica"") y la cuenca del Ebro (Instituto Aragonés de Gestión Ambiental, Teruel) justifican las subcategorías correspondientes.",67.444
108,boa,"ORDEN MAT/279/2025, de 6 de marzo, por la que se resuelve autorizar la prórroga del expediente de permuta de terrenos del monte de utilidad pública número 181 ""El Pinar"", de la titularidad del Ayuntamiento de Manzanera, por terrenos de titularidad particular del término de Manzanera, solicitada por D.ª María Pilar Pérez Lizandra y D. Gaspar Baselga Escuder. Expediente TE/PER/10/2021.",MON,True,MON,,,True,orden,"[""MON""]",[],0.95,"La publicación autoriza la prórroga de expediente permuta sobre ""monte de utilidad pública"", activando la categoría MON por la señal explícita requerida. No hay términos de agua, vertidos o residuos presentes.",57.619
109,boa,"ORDEN MAT/277/2025, de 6 de marzo, por la que se resuelve autorizar la prórroga del expediente de permuta de terrenos del monte de utilidad pública número 181 ""El Pinar"", de la titularidad del Ayuntamiento de Manzanera, por terrenos de titularidad particular del término de Manzanera, solicitada por D. Enrique Peris Crespo. Expediente TE/PER/7/2021.",MON,True,MON,,,True,resolución,"[""MON""]",[],0.98,"El texto menciona explícitamente ""monte de utilidad pública"", activando la categoría MON. No hay otras señales que indiquen uso de agua, vertidos o vías pecuarias.",55.415
110,docm,"Resolución de 11/11/2024, de la Dirección General de Medio Natural y Biodiversidad, por la que se aprueba la ocupación temporal en el monte de utilidad pública Pinar de Ayna número 87 del catálogo de la provincia de Albacete, perteneciente al Ayuntamiento de Ayna y sito en su término municipal, para la instalación de la ocupación de una línea eléctrica de media tensión 20 kV, a favor de I-DE Redes Eléctricas Inteligentes SAU. Expediente: ID 3927-T 1653255.",MON,True,MON,,,False,resolución,[],[],1.0,"El texto describe una ""ocupación temporal en el monte de utilidad pública"" para instalar línea eléctrica, pero no menciona explícitamente ""monte de utilidad pública"" ni ""dominio público forestal"" como requerimiento para la etiqueta MON. Tampoco hay señales de aprovechamiento energético explícito (no es AGU_IND) ni mención a DPH/concesión de aguas sin uso específico (no es AGU_GEN). Por tanto, no activa ninguna categoría del dominio hídrico-natural y debe ser marcado como irrelevante.",164.793
111,docm,"Resolución de 09/12/2024, de la Dirección General de Medio Natural y Biodiversidad, por la que se aprueba la ocupación temporal en el monte de utilidad pública Riberas del río Segura número 110 del catálogo de la provincia de Albacete, perteneciente a la Junta de Comunidades de Castilla-La Mancha y sito en el término municipal de Yeste, para la instalación de la ocupación de una línea eléctrica aérea de media tensión 20 kV, a favor de I-DE Redes Eléctricas Inteligentes SAU. Expediente: ID 3907-T 1319930.",MON,True,MON,cuenca_segura,,True,resolución,"[""MON"", ""ESP_NAT""]","[""cuenca_segura""]",0.92,"El texto menciona explícitamente ""monte de utilidad pública"", activando la categoría MON, y sitúa el monte en el catálogo de la provincia de Albacete, que corresponde a la cuenca del Segura (CHS). Además, la entidad emisa es la Dirección General de Medio Natural y Biodiversidad, pero la señal explícita para ESP_NAT (""parque natural"", ""Red Natura"", etc.) no aparece en el texto; sin embargo, el contexto de la ocupación temporal en un monte protegido implica una relación con espacios naturales, aunque sin las señales léxicas explícitas requeridas para activar la etiqueta según la regla 4. Por tanto, la única categoría activa es MON. La cuenca se infiere del nombre del monte ""Riberas del río Segura"" y la ubicación en Albacete (cuenca Segura).",100.598
112,boa,"ANUNCIO del Servicio Provincial del Departamento de Medio Ambiente y Turismo en Teruel, por el que se somete a trámite de audiencia y vista el expediente de deslinde total administrativo del monte de utilidad pública número 96 del catálogo de Teruel, denominado ""Monte Pelarda y El Sabinar"", perteneciente al Ayuntamiento de Calamocha (Teruel), y situado en su término municipal.",MON,True,MON,,,True,anuncio,"[""MON""]",[],0.95,"El texto menciona explícitamente ""monte de utilidad pública"" en referencia al expediente de deslinde del monte número 96, lo que activa la categoría MON. No hay información sobre cuenca hidrográfica ni uso específico del agua en este expediente forestal.",60.599
113,docm,"Resolución de 19/12/2024, de la Dirección General de Medio Natural y Biodiversidad, por la que se aprueba la ocupación temporal en el monte de utilidad pública Dehesón del Encinar número 56 del catálogo de la provincia de Toledo, perteneciente a la Junta de Comunidades de Castilla-La Mancha y sito en el término municipal de Oropesa, para la instalación de la ocupación de una línea eléctrica aérea de media tensión 20 kV, a favor de I-DE Redes Eléctricas Inteligentes SAU. Expediente: ID 3937-T 2048222.",MON,True,MON,,,True,resolución,"[""MON""]","[""cuenca_tajo""]",0.95,"El texto menciona explícitamente ""monte de utilidad pública"" para la ocupación temporal, activando la categoría MON. La provincia de Toledo y la comunidad autónoma de Castilla-La Mancha sitúan el expediente en la cuenca del Tajo, por lo que se añade la subcategoría cuenca_tajo.",66.189
114,bocyl,"INFORMACIÓN pública relativa a la ocupación temporal de terrenos del monte de utilidad pública n.º 141 «Eriales de Torrescárcela», en el término municipal de Torrescárcela (Valladolid). Expte.: VA-M-23123-O.",MON,True,MON,,,True,información_pública,"[""MON""]","[""cuenca_duero""]",0.98,"El texto menciona explícitamente ""monte de utilidad pública"", activando la categoría MON, y se sitúa en Torrescárcela (Valladolid), lo que identifica la cuenca del Duero.",102.442
115,docm,"Resolución de 11/03/2025, de la Delegación Provincial de Desarrollo Sostenible de Ciudad Real, por la que se formula informe de impacto ambiental del proyecto: Transformación en regadío para riego de viñedo en espaldera en ZEPA (expediente: PRO-CR-19-1303), ubicado en el término municipal de Villanueva de los Infantes (Ciudad Real).",ESP_NAT,True,"ESP_NAT,AGU_RIE",uso_agricola,,True,resolución,"[""AGU_RIE"", ""ESP_NAT""]","[""uso_agricola"", ""cuenca_guadiana""]",0.95,"El texto menciona ""Transformación en regadío para riego de viñedo"", lo que activa AGU_RIE y uso_agricola. La ubicación en Ciudad Real pertenece a la cuenca del Guadiana. Además, se cita explícitamente ""ZEPA"" (Zona Especial de Protección para las Aves), activando la categoría ESP_NAT según las señales léxicas definidas.",75.301
116,bocyl,"INFORMACIÓN pública relativa a la solicitud de autorización de uso excepcional de suelo rústico y licencia urbanística, para la señalización y adecuación de puntos de observación de fauna en el parque natural «Montaña Palentina», en el término municipal de Polentinos (Palencia). Expte.: 1/2025.",ESP_NAT,True,ESP_NAT,,,True,información_pública,"[""ESP_NAT""]",[],0.95,"El texto contiene ""parque natural «Montaña Palentina»"", que activa la categoría ESP_NAT según las señales explícitas requeridas para esta etiqueta. No hay menciones a agua, vías pecuarias, montes, residuos ni otros usos del dominio hidráulico que activen otras categorías.",60.589
117,docm,"Resolución de 17/03/2025, de la Delegación Provincial de Desarrollo Sostenible de Ciudad Real, por la que se formula informe de impacto ambiental del proyecto: Transformación en regadío para riego de olivar en ZEPA (expediente: PRO-CR-19-1356), ubicado en el término municipal de Villanueva de los Infantes (Ciudad Real).",ESP_NAT,True,"ESP_NAT,AGU_RIE",uso_agricola,,True,resolución,"[""AGU_RIE"", ""ESP_NAT""]","[""uso_agricola"", ""cuenca_guadiana""]",0.95,"La publicación menciona explícitamente ""Transformación en regadío para riego de olivar"" lo que activa la categoría AGU_RIE y el uso agrícola. Además, indica que el proyecto está ubicado en una ZEPA (Zona Especial de Conservación), activando la categoría ESP_NAT. La provincia de Ciudad Real pertenece a la cuenca del Guadiana, por lo tanto, se infiere la subcategoría cuenca_guadiana.",77.717
118,dogc,"Resolución ACC/4775/2024, de 12 de enero, de declaración de impacto ambiental del Proyecto de accesibilidad, aparcamiento, edificio de servicios y reordenación de accesos en el Parque Natural de Cap de Creus, promovido y tramitado por el Departamento de Acción Climática, Alimentación y Agenda Rural (exp. OTAAGI20230194)",ESP_NAT,True,ESP_NAT,,,True,resolución,"[""ESP_NAT""]",[],0.95,"El texto menciona explícitamente ""Parque Natural de Cap de Creus"", activando la categoría ESP_NAT para espacios naturales protegidos/Red Natura. El tipo de acto es una ""Resolución"" declarativa del impacto ambiental, que es el primer token de la estructura. No hay términos clave para subcategorías (uso específico del agua, cuenca, etc.), por lo que las listas de subcategorías están vacías.",71.722
119,boja,"Resolución de 17 de marzo de 2025, de la Delegación Territorial de Sostenibilidad, Medio Ambiente y Economía Azul en Cádiz, por la que se regula el acceso con embarcaciones al Monumento Natural de la Punta del Boquerón y a la Isla de Sancti Petri del término municipal de San Fernando (Cádiz), dentro del Parque Natural Bahía de Cádiz.",ESP_NAT,True,ESP_NAT,,,True,resolución,"[""ESP_NAT""]",[],0.98,"La publicación se refiere al ""Monumento Natural de la Punta del Boquerón"", ""Isla de Sancti Petri"" y ""Parque Natural Bahía de Cádiz"", activando la categoría ESP_NAT con señales explícitas como ""Monumento Natural"" y ""Parque Natural"". No se detectan categorías de uso del agua (AGU) ni vías pecuarias, por lo que solo se asigna una subcategoría.",71.177
120,dogc,"Anuncio sobre aprobación de la convocatoria del proceso selectivo con el objeto de crear una bolsa de trabajo del perfil profesional de técnico/a medio/a de tecnologías de la información y administración electrónica, del grupo A, subgrupo A2, como personal funcionario interino / personal laboral temporal para cubrir necesidades actuales y futuras urgentes y sobrevenidas, así como posibles vacantes temporales y sustituciones que se puedan producir en el Consejo Comarcal y el Consorcio para la Gestión de Residuos de El Vallès Occidental (exp. 2262/2024)",RES,False,,,,False,anuncio,[],[],0.98,"La publicación es un anuncio de convocatoria de proceso selectivo para personal técnico en TIC y administración electrónica, no relacionado con agua, vías pecuarias, montes, espacios naturales, residuos o vertidos como actividades hídricas o gestión ambiental directa. No hay ninguna categoría N2 relevante para el dominio monitorizado.",62.294
121,dogc,Anuncio sobre aprobación inicial del Proyecto técnico para la implantación del nuevo punto limpio para el tratamiento de residuos,RES,True,RES,,,True,anuncio,"[""RES""]",[],0.92,"El texto menciona ""tratamiento de residuos"", que activa la categoría RES según las reglas. No hay señal explícita de vertidos (VER), ni uso de aguas (AGU_GEN, AGU_RIE, etc.), ni vías pecuarias, montes o espacios naturales protegidos.",59.099
122,bopv,"ANUNCIO del Director de Administración Ambiental, por el que se somete a información pública el proyecto técnico y el estudio de impacto ambiental presentado por la empresa PHS Serkonten, S.A.U. para la actividad de gestión de residuos peligrosos y no peligrosos, en el polígono industrial de Atxukarro n.º 2 de Arrigorriaga, para la obtención de la autorización ambiental única en la Comunidad Autónoma del País Vasco.
				
2025/00509",RES,True,RES,,,True,anuncio,"[""RES""]",[],0.98,"El texto menciona ""gestión de residuos peligrosos y no peligrosos"" (frase clave para la categoría RES) y la ""obtención de la autorización ambiental única"", lo cual encaja perfectamente con la gestión de residuos según la regla 5. No hay mención a agua, vertidos, vías pecuarias o espacios naturales protegidos que activen otras categorías.",66.331
123,bopv,"ANUNCIO del Director de Administración Ambiental, por el que se somete a información pública el proyecto técnico presentado por la empresa Intocast Ibérica, S.L. para la actividad de gestión de residuos no peligrosos, en el barrio de Andatza en el término municipal de Aia, promovido para la obtención de la autorización ambiental única en la Comunidad Autónoma del País Vasco.

				
2025/01166",RES,True,RES,,,True,anuncio,"[""RES""]",[],0.95,"La publicación menciona explícitamente ""actividad de gestión de residuos no peligrosos"", lo que activa la categoría RES según la regla 5 (se aplica a toda gestión de residuos). No se mencionan otros elementos del dominio hídrico-natural. El texto es claro y específico, justificando una alta confianza.",63.012
124,docm,"Anuncio de 12/02/2025, de la Dirección General de Economía Circular y Agenda 2030, por el que se da publicidad de la autorización para realizar operaciones de tratamiento de residuos, consistente en el almacenamiento de vehículos descontaminados, en su instalación ubicada en calle Camino de las Viñas, s/n 16003 Cuenca.",RES,True,RES,,,True,anuncio,"[""RES""]",[],0.98,"El texto menciona explícitamente ""tratar[amiento de residuos]"" y ""almacenamiento de vehículos descontaminados"", lo que activa la categoría RES según la regla 5. No hay señales para otras categorías N2 o subcategorías.",59.533
125,bopa,"Anuncio por el que se hace pública la Resolución de la Consejería de Transición Ecológica, Industria y Desarrollo Económico, de otorgamiento de autorización ambiental integrada simplificada a Julio Ron, S. L. U., para la instalación industrial denominada “Centro de gestión de residuos no peligrosos”, ubicada en la calle Augusto Barcia Trelles, s/n, concejo de Vegadeo. Expte. AAIS-021/23 (AUTO/2023/14296). [Cód. 2025-00630]",RES,True,RES,,,True,anuncio,"[""RES""]",[],0.95,"El texto menciona explícitamente ""instalación industrial denominada 'Centro de gestión de residuos no peligrosos'"" y ""autorización ambiental integrada simplificada"", lo que activa la categoría RES según la regla 5 (aplica a toda gestión de residuos). No se mencionan cuencas ni otros usos específicos del agua.",63.226
126,boib,"Resolución de la directora general de Armonización Urbanística y Evaluación Ambiental sobre la revisión de la Autorización Ambiental Integrada de la planta de tratamiento de aceite mineral usado en el TM Lloseta, promovida por WORP Islas Baleares SL, vista la Decisión de ejecución de la Comisión de 10 de agosto de 2018, por la que se establecen las conclusiones sobre las mejores técnicas disponibles (MTD) en el tratamiento de residuos (IPPC M05/2022)",RES,True,RES,cuenca_insular,,True,resolución,"[""RES""]",[],0.95,"El texto menciona explícitamente ""planta de tratamiento de aceite mineral usado"" y ""Autorización Ambiental Integrada"", lo que activa la categoría RES (Gestión de residuos). No hay señales para cuenca ni otras categorías del dominio hídrico-natural. La confianza es alta por la claridad en la descripción.",63.172
127,boib,"Resolución núm. 2025-1091 por la cual se aprueban las bases y la convocatoria para la constitución de una bolsa de trabajo de técnico/a superior en Química y Gestión de Residuos para cubrir con carácter temporal necesidades urgentes e inaplazables de prestación de servicios en el Ayuntamiento de Eivissa, mediante el sistema de concurso de méritos",RES,False,,,,True,resolución,"[""RES""]",[],0.75,"El texto menciona ""Gestión de Residuos"" en la descripción del puesto de trabajo, lo que activa la categoría RES según la señal explícita de gestión de residuos. La confianza es media-alta porque aunque el contexto es una convocatoria para un puesto laboral, el dominio se identifica claramente por el término clave.",63.52
128,dogv,"RESOLUCIÓN de 17 de septiembre de 2024, de la Dirección General de Urbanismo, Paisaje y Evaluación Ambiental, por la cual se formula declaración de impacto ambiental del Proyecto de almacén y gestión de residuos metálicos y de automoción, del término municipal de Aldaia (València). Expediente: (3502285) 253/2024/AIA.",RES,True,RES,,,True,resolución,"[""RES""]",[],0.95,"La publicación es una resolución sobre ""declaración de impacto ambiental del Proyecto de almacén y gestión de residuos metálicos y de automoción"", lo cual activa la categoría RES por mencionar ""gestión de residuos"" y ""almacén"". El texto cita explícitamente la gestión de estos residuos.",62.974
129,bocyl,"RESOLUCIÓN de 23 de diciembre de 2024, de la Delegación Territorial de Ávila, por la que se dicta informe de impacto ambiental del proyecto de una planta de tratamiento de residuos de construcción y demolición en la parcela 40.408 del polígono 506, en el término municipal de El Fresno (Ávila), promovido por «CYC Vías, S.L.». Expte.: E.I.A.S/2024/AV/017.",RES,True,RES,,,True,resolución,"[""RES""]",[],0.95,"El texto menciona ""planta de tratamiento de residuos"" y ""informe de impacto ambiental"", lo cual activa la categoría RES según la regla 5 para gestión de residuos. No hay indicios de uso del agua, vías pecuarias, espacios naturales protegidos u otras categorías N2. La confianza es alta (0.95) dado que las palabras clave son explícitas y el contexto administrativo está claro.",68.144
130,bopv,"ANUNCIO del Director de Administración Ambiental, por el que se somete a información pública el proyecto técnico y estudio de impacto ambiental presentado por la empresa Urteaga Quimica, S.L. para la actividad de gestión de residuos peligrosos, en el término municipal Vitoria-Gasteiz

				
2025/00416",RES,True,RES,,,True,anuncio,"[""RES""]",[],0.95,"El texto menciona explícitamente ""gestión de residuos peligrosos"", lo que activa la categoría RES. No hay menciones a usos del agua ni a vías pecuarias, montes o espacios naturales protegidos en el fragmento proporcionado. La confianza es alta porque las señales léxicas son claras y directas.",60.764
131,borm,"Servicio de Recogida, transporte y gestión de residuos domésticos, gestión del ecoparque fijo y limpieza viaria del municipio de Cieza (Murcia).",RES,False,,,,True,información_pública,"[""RES""]",[],0.95,"El texto menciona explícitamente ""gestión de residuos domésticos"" y ""ecoparque"", lo que activa la categoría RES según las señales clave definidas (gestión de residuos, planta/instalación de residuos). No hay mención a otros usos específicos del agua ni cuencas.",59.51
132,boa,"RESOLUCIÓN de 7 de enero de 2025, del Instituto Aragonés de Gestión Ambiental, por la que se decide no someter al procedimiento de evaluación de impacto ambiental ordinaria y se emite informe de impacto ambiental del proyecto de instalación de valorización de residuos no peligrosos para el tratamiento de residuos de rechazo de la fragmentación de vehículos fuera de uso, promovido por Ecoindustrial Aragón SL, ubicada en el polígono 26, parcela 320, paraje Valdepeñas, carretera N-IIa, Km 237, Calatayud (Zaragoza), (Número de expediente: INAGA 500301/01/2024/2662).",RES,True,RES,,,True,resolución,"[""RES""]",[],0.95,"El texto menciona explícitamente ""valorización de residuos no peligrosos"" y ""tratamiento de residuos de rechazo de la fragmentación de vehículos fuera de uso"", activando la categoría RES para gestión de residuos. No hay señal de vertido ni de agua, por lo que VER y AGU_ no aplican.",61.646
133,bon,"RESOLUCIÓN 555E/2024, de 16 de diciembre, del director del Servicio de Economía Circular e Innovación por la que se acepta el cambio solicitado de las condiciones de funcionamiento establecidas en la autorización ambiental unificada de la instalación de gestión de residuos, cuyo titular es Servicios y Suministros Saher SL, ubicada en término municipal de Tafalla.",RES,True,RES,,,True,resolución,"[""RES""]",[],0.98,"El texto menciona explícitamente ""autorización ambiental unificada de la instalación de gestión de residuos"", lo que activa la categoría RES para gestión de residuos (señal: ""gestión de residuos""). No se mencionan usos del agua, vertidos, ni vías pecuarias.",51.055
134,boib,Anuncio de cobranza del impuesto sobre vehículos de tracción mecánica y de la tasa por servicios relativos al tratamiento de residuos sólidos urbanos del Ayuntamiento de Palma correspondientes al ejercicio 2025,RES,False,,,,False,anuncio,[],[],1.0,"La publicación es un anuncio de cobranza de impuestos y tasas, sin mencionar gestión de residuos industrial ni autorización de instalaciones. Los referencias a tratamiento de residuos sólidos urbanos son en el contexto de una tasa administrativa, no una operación de gestión o instalación regulada por la DPH. No hay términos clave de las categorías N2 definidas (no es aguas, vías pecuarias, monte, espacio natural, etc.).",54.503
135,bopv,"ANUNCIO de la Agencia Vasca del Agua, por el que se somete a información pública una solicitud de autorización de vertido en el término municipal de Zestoa.
				
2025/00108",VER,True,VER,cuenca_cantabrico,,True,anuncio,"[""VER""]",[],0.95,"El texto menciona explícitamente ""solicitud de autorización de vertido"", lo cual activa la categoría VER según las señales léxicas definidas. No hay suficiente información sobre la cuenca hidrográfica para inferir una subcategoría geográfica específica, ya que solo se conoce el término municipal Zestoa (Guipúzcoa) y no el nombre completo del río o la demarcación donde podría ubicarse Zestoa dentro de la planificación hídrica vasca.",58.204
136,boe,"Anuncio de la Confederación Hidrográfica del Guadiana de sometimiento a información pública sobre autorización administrativa para la instalación provisional de asentamiento apícola, durante el periodo comprendido entre los meses de Mayo a Octubre de 2025 en zona en dominio público hidráulico del Río Gargáligas, en el T.M. Acedera (Badajoz).",VER,True,AGU_GEN,cuenca_guadiana,,True,anuncio,"[""AGU_GEN""]","[""cuenca_guadiana"", ""uso_urbano""]",0.98,"El texto menciona ""dominio público hidráulico"" y ""asentamiento apícola"", lo cual corresponde a una autorización de uso del cauce/ribera sin vertido, clasificándola como AGU_GEN. La cuenca se identifica por la mención explícita a la ""Confederación Hidrográfica del Guadiana"". El uso del asentamiento apícola puede considerarse urbano o mixto en el contexto de actividades humanas en el cauce.",61.169
137,boe,"Anuncio de la Confederación Hidrográfica del Miño-Sil, O.A. de información pública del expediente de autorización para la corta de 21 chopos en dominio público hidráulico del río Louro, en San Salvador de Budiño, término municipal de O Porriño (Pontevedra)A/36/13957.",VER,True,AGU_GEN,cuenca_mino_sil,,True,anuncio,"[""AGU_GEN""]","[""cuenca_mino_sil""]",0.98,"El texto menciona ""expediente de autorización para la corta de 21 chopos en dominio público hidráulico"", lo cual es una actuación de uso del cauce/ribera (autorización) sin especificar un vertido, por lo que corresponde a AGU_GEN. El emisor es la Confederación Hidrográfica del Miño-Sil y la ubicación es Pontevedra, por lo que pertenece a la cuenca mino-sil.",59.742
138,boe,Anuncio de la Confederación Hidrográfica del Tajo O.A. de la información pública de la solicitud de autorización de vertido en el término municipal de Brihuega (Guadalajara) Referencia AV-0233/2023.,VER,True,VER,cuenca_tajo,,True,anuncio,"[""VER""]","[""cuenca_tajo""]",0.95,"El texto menciona explícitamente ""autorización de vertido"", lo cual activa la categoría VER. Además, el organismo emisor es la Confederación Hidrográfica del Tajo, lo que indica la cuenca Tajo (cuenca_tajo).",49.374
139,boe,"Anuncio de la Confederación Hidrográfica del Miño-Sil, O.A. de información pública del expediente de autorización de vertido de aguas residuales de Gestor de residuos peligrosos y no peligrosos en Partovia, en Partovia , término municipal de O Carballiño (Ourense).",VER,True,VER,cuenca_mino_sil,,True,anuncio,"[""VER""]","[""uso_industrial"", ""cuenca_mino_sil""]",0.95,"El texto menciona explícitamente ""expediente de autorización de vertido de aguas residuales"", lo que activa la categoría VER. Además, se identifica el uso industrial por referencia a ""Gestor de residuos"" y la cuenca Mino-Sil por el organismo emisor ""Confederación Hidrográfica del Miño-Sil"".",54.895
140,bopv,"ANUNCIO por el que se somete a información pública el expediente de obras de construcción del túnel de Aginaga con afección al dominio público hidráulico y zona de policía de cauces de las regatas Txorkoa e Illumbe, en el término municipal de Usurbil (Gipuzkoa).

				
2025/00601",VER,True,AGU_GEN,cuenca_cantabrico,,False,anuncio,[],[],0.98,"La descripción indica ""afectación al dominio público hidráulico"" y a ""zona de policía de cauces"", pero no describe ninguna concesión, autorización ni gestión específica de agua (no se menciona abastecimiento, riego, captación ni vertido), sino una obra de infraestructura (túnel) en el que la DPH solo es un elemento de afectación. Por tanto no cumple con los criterios para activar ninguna categoría N2.",57.149
141,boe,Anuncio de la Confederación Hidrográfica del Tajo O.A. de la Información Pública de la Solicitud de Actuaciones en Dominio Público Hidráulico en el término municipal de Griñón (Madrid) Referencia O-0201/2024.,VER,True,AGU_GEN,cuenca_tajo,,True,anuncio,"[""AGU_GEN""]",[],0.75,"El texto menciona ""Dominio Público Hidráulico"" y ""Solicitud de Actuaciones en Dominio Público Hidráulico"", lo cual activa la categoría AGU_GEN según las señales léxicas para autorización o concesión en DPH sin uso específico. No hay indicación de un uso concreto (riego, abastecimiento, etc.) ni de una cuenca específica más allá del nombre de la Confederación Hidrográfica del Tajo, pero como no se especifica el uso final, no podemos inferir una subcategoría o activar otras categorías.",63.196
142,boe,"Anuncio de la Comisaría de Aguas de la Confederación Hidrográfica del Cantábrico, O.A. de información pública del procedimiento de autorización de vertido de Alojamiento rural y centro de interpretación e investigación de la sidra artesana en Hijas – La Panera Turismo Rural, S.L., término municipal de Puente Viesgo (Cantabria). Expediente V/39/01342.",VER,True,VER,cuenca_cantabrico,,True,anuncio,"[""VER""]","[""cuenca_cantabrico""]",0.95,"El texto menciona explícitamente ""autorización de vertido"", lo que activa la categoría VER. Además, el emisor es la Confederación Hidrográfica del Cantábrico y se refiere a un término municipal en Cantabria, lo que indica la cuenca_cantabrico. La justificación es: ""Autorización de vertido"" (categoría VER) y ""Confederación Hidrográfica del Cantábrico... Puente Viesgo (Cantabria)"" (subcategoria cuenca_cantabrico).",64.944
143,boe,"Anuncio de la Confederación Hidrográfica del Miño-Sil, O.A. de información pública del expediente de autorización de vertido de aguas residuales de Extracción de pizarras en La Calzada, en La Calzada San Vicente de Leira, término municipal de Vilamartín de Valdeorras (Ourense).",VER,True,VER,cuenca_mino_sil,,True,anuncio,"[""VER""]","[""uso_industrial"", ""cuenca_mino_sil""]",0.95,"La descripción contiene explícitamente ""autorización de vertido de aguas residuales"", activando la categoría VER. La actividad ""Extracción de pizarras"" indica uso industrial y la Confederación Hidrográfica del Miño-Sil asigna la cuenca_mino_sil.",52.404
144,boe,"Anuncio de la Confederación Hidrográfica del Miño-Sil, O.A. de información pública del expediente de autorización para la corta de 8 alisos y 2 sauces en dominio público hidráulico, 67 alisos, 60 fresnos, 6 castaños y 4 sauces en zona de servidumbre y 60 robles, 20 castaños y 50 pinos en zona de policía del regato da Lavandeira, en Loucía, término municipal de San Amaro (Ourense)A/32/32696.",VER,True,AGU_GEN,cuenca_mino_sil,,True,anuncio,"[""AGU_GEN"", ""MON""]","[""cuenca_mino_sil""]",0.85,"El texto menciona ""dominio público hidráulico"" y autorización para corta de árboles (señal AGU_GEN). Además, aparece explícitamente ""monte de utilidad pública"" en la descripción del área afectada y se cita a la Confederación Hidrográfica del Miño-Sil (señal MON y subcategoría cuenca_mino_sil).",58.104
145,boe,Anuncio de formalización de contratos de: Presidencia de la Confederación Hidrográfica del Miño-Sil. Objeto: Servicio para el soporte técnico en expedientes relativos a Aprovechamientos Hidroeléctricos en las cuencas de los ríos de la parte española de la Demarcación Hidrográfica del Miño-Sil. EL . Expediente: 90/24/CA/PA/SE.,PHD,False,,,,True,anuncio,"[""AGU_GEN"", ""AGU_IND""]","[""uso_energetico"", ""cuenca_mino_sil""]",0.95,"El texto menciona explícitamente ""Aprovechamientos Hidroeléctricos"" en la demarcación del Miño-Sil, lo que activa las categorías AGU_IND y uso_energetico, y cuenca_mino_sil por ser Demarcación Hidrográfica del Miño-Sil. Además, se menciona el soporte técnico en expedientes relativos a estos aprovechamientos, lo que implica una relación con el agua subterránea o aguas superficiales sin uso especificado, activando AGU_GEN como categoría residual cuando no hay un uso específico mencionado.",69.94
146,boca,"Consejo Insular de Aguas de El Hierro.- Anuncio de 15 de enero de 2025, por el que se inicia el periodo de consulta e información pública de los Documentos Iniciales del proceso de planificación hidrológica, ciclo 2027-2033, de la Demarcación Hidrográfica El Hierro.- Expte. 3-2025.",PHD,True,PHD,cuenca_insular,,True,anuncio,"[""PHD""]","[""cuenca_insular""]",0.98,"El texto menciona explícitamente ""proceso de planificación hidrológica"" y ""Demarcación Hidrográfica El Hierro"", activando la categoría PHD. Además, el organismo emisor es el ""Consejo Insular de Aguas"", lo que indica la cuenca insular (Canarias/Baleares).",54.607
147,dog,"RESOLUCIÓN de 13 de enero de 2025 por la que se hacen públicas las ayudas concedidas al amparo de la Resolución de 18 de marzo de 2024 por la que se aprueban las bases reguladoras para la concesión de subvenciones a asociaciones sin ánimo de lucro, en régimen de concurrencia competitiva, para el desarrollo de actuaciones y actividades de educación ambiental para la sustentabilidad de los ríos de la Demarcación Hidrográfica de Galicia-Costa, y se convocan para el año 2024 (código de procedimiento AU301G).",PHD,False,,,,False,resolución,[],[],0.85,"El texto describe una resolución sobre la publicación de ayudas para asociaciones sin ánimo de lucro para actividades de educación ambiental en ríos, pero no se trata de una concesión de aguas, autorización DPH o gestión de infraestructuras hídricas específicas. Es una subvención genérica a entidades para fines educativos/ambientales, sin cumplir los requisitos de las categorías N2 del dominio hidrológico-natural (no hay mención de AGU_GEN, uso concreto de agua, ni gestión de residuos/vertidos). La referencia a ""Demarcación Hidrográfica de Galicia-Costa"" solo indica el ámbito geográfico y temática ambiental general, no una actuación hidráulica específica regulable bajo la taxonomía N2.",70.965
148,dog,"EXTRACTO de la Resolución de 17 de febrero de 2025 por la que se aprueban las bases reguladoras para la concesión, en régimen de concurrencia no competitiva, de subvenciones destinadas a ayuntamientos para la instalación de sistemas de depuración autónomos en el ámbito territorial de la Demarcación Hidrográfica de Galicia-Costa y se convocan para el año 2025 (código de procedimiento AU300B).",PHD,False,,,,False,extracto,[],[],0.98,"El texto se refiere a una subvención para ""instalación de sistemas de depuración autónomos"" en el ámbito de la Demarcación Hidrográfica de Galicia-Costa, pero la etiqueta AGU_GEN (o cualquier otra categoría de agua) requiere que se trate de una concesión o autorización específica de uso del agua (como cauce, ribera, aguas subterráneas para riego/abastecimiento, etc.), no de una subvención genérica. La publicación es sobre gestión económica/ayudas públicas a ayuntamientos y no encaja en las categorías definidas para el dominio hídrico-natural monitorizado (concesiones, autorizaciones de uso, planes hidrológicos).",70.836
149,boca,"Consejo Insular de Aguas de Gran Canaria.- Anuncio de 28 de enero de 2025, por el que se inicia el periodo de consulta e información pública de los “Documentos Iniciales” del proceso de planificación hidrológica, ciclo 2027-2033, de la Demarcación Hidrográfica de Gran Canaria (ES120).",PHD,True,PHD,cuenca_insular,,True,anuncio,"[""PHD""]","[""cuenca_insular""]",0.95,"El texto menciona ""planificación hidrológica"" y ""Demarcación Hidrográfica de Gran Canaria"", lo que activa la categoría PHD. La ubicación en Gran Canaria indica la cuenca insular (Canarias).",49.662
150,boa,"RESOLUCIÓN de 19 de diciembre de 2024, del Servicio Provincial de Zaragoza, relativo a la autorización administrativa previa y de construcción, del proyecto planta solar fotovoltaica ""La Palma"" de 500 kW en el término municipal de Sástago. Expediente: G-Z-2023-150.",NEGATIVO,False,,,,False,resolución,[],[],0.98,"No se mencionan términos clave del dominio hídrico o natural: no hay concesión de agua para el uso energético (solo planta solar, sin mención a captación para refrigeración), no son residuos ni vertidos, y aunque es una resolución administrativa, el objeto es una planta solar fotovoltaica sin referencia explícita a la autorización de aguas.",51.831
151,boca,"Consejo Insular de Aguas de Tenerife.- Anuncio de 14 de enero de 2025, relativo a la solicitud de autorización administrativa para el tratamiento y vertido de las aguas residuales procedentes de una explotación equina (centro hípico), ubicado en Camino Bubango, Beltrán-Miradero, en el término municipal de Icod de los Vinos.- Expte. 2060_EDAR.",NEGATIVO,True,VER,cuenca_insular,,True,anuncio,"[""VER""]","[""uso_urbano"", ""cuenca_insular""]",0.95,"El texto menciona explícitamente ""autorización administrativa para el tratamiento y vertido de las aguas residuales"", lo que activa la categoría VER. Además, la mención a ""agua potable"" no es cierta, ya que se trata de aguas residuales; sin embargo, la subcategoría uso_urbano podría inferirse si el vertido está destinado a un sistema de abastecimiento urbano, pero en este caso parece ser tratamiento para reutilización o eliminación. La cuenca_insular se infiere del organismo emisor ""Consejo Insular de Aguas de Tenerife"".",68.156
152,boe,U.R. SUBASTAS MURCIA,NEGATIVO,False,,,,False,anuncio,[],[],0.95,"La publicación ""U.R. SUBASTAS MURCIA"" es un anuncio genérico de subastas administrativas que no menciona ningún elemento relacionado con el dominio hídrico o natural (agua, vías pecuarias, montes, espacios naturales protegidos, residuos, vertidos). Por tanto, is_relevant=False y no se pueden asignar categorías del dominio.",97.981
153,bor,Delegación de funciones para la celebración de matrimonios civiles,NEGATIVO,False,,,,False,otros,[],[],1.0,"La descripción menciona ""celebración de matrimonios civiles"", que no tiene relación con el dominio hídrico-natural, vías pecuarias, montes o espacios naturales protegidos. No hay señales léxicas relacionadas con agua, naturaleza ni gestión ambiental.",45.456
154,boe,U.R. SUBASTAS VALENCIA,NEGATIVO,False,,,,UnexpectedModelBehavior,97.117
155,boe,"Resolución de 4 de marzo de 2025, de la Universidad de Salamanca, por la que se nombra Catedrático de Universidad a don Javier Sánchez Zapatero.",NEGATIVO,False,,,,False,resolución,[],[],0.99,"La publicación trata sobre la designación de un catedrático universitario en Salamanca, sin mención alguna al agua, a vías pecuarias, montes ni espacios naturales protegidos. El fragmento que confirma esta ausencia es: ""por la que se nombra Catedrático de Universidad a don Javier Sánchez Zapatero"".",50.871
156,boe,U.R. SUBASTAS BALEARES,NEGATIVO,False,,,,False,otros,[],[],0.98,"La publicación se refiere a ""SUBASTAS BALEARES"", un proceso administrativo de subastas que no tiene relación con agua, naturaleza o gestión ambiental. No contiene ningún término clave de las categorías N2 definidas (AGU_GEN, AGU_RIE, etc., ni otras categorías como VIA_PEC, MON, ESP_NAT). Por tanto, is_relevant es False y no se asignan categorías ni subcategorías.",101.507
157,dogc,"Edicto de 3 de febrero de 2025, sobre un acuerdo de la Comisión de Territorio de Cataluña referente al municipio de Cubelles",NEGATIVO,False,,,,False,edicto,[],[],0.98,"La descripción es un edicto sobre un acuerdo de la Comisión de Territorio sin mención específica al agua, vías pecuarias, montes o espacios naturales protegidos. Es una publicación genérica de ámbito administrativo local y territorial en Cataluña que no se ajusta a las categorías del dominio hídrico-natural monitoreado.",50.017
158,docm,"Anuncio de 03/03/2025, del Ayuntamiento de Carrión de Calatrava (Ciudad Real), de información pública de modificación de proyecto de urbanización de los sectores SR2 y SR3 de las Normas Subsidiarias, de la localidad.",NEGATIVO,False,,,,False,información_pública,[],[],0.98,"La publicación trata sobre una ""modificación de proyecto de urbanización"" y ""Normas Subsidiarias"", que es materia de ordenación del territorio sin referencia explícita al Dominio Público Hidráulico, a vía pecuaria, monte ni espacios naturales protegidos. No cumple con los criterios del ámbito hídrico-natural.",51.559
159,boe,U.R. SUBASTAS ANDALUCIA 29,NEGATIVO,False,,,,False,otros,[],[],0.98,"El texto ""SUBASTAS ANDALUCIA 29"" no contiene ninguna señal léxica que indique una relación con agua, naturaleza o vías pecuarias según la taxonomía definida; se trata de una subasta genérica sin especificación del objeto.",45.847
160,dogc,Anuncio sobre aprobación definitiva de la plantilla de personal para el año 2025,NEGATIVO,False,,,,False,anuncio,[],[],1.0,"El texto menciona ""plantilla de personal"", que se refiere a recursos humanos, no a agua, vías pecuarias, montes, espacios naturales protegidos, residuos o vertidos. No hay ninguna señal léxica relacionada con el dominio hídrico-natural.",47.866
161,bopa,Anuncio. Lista provisional de aspirantes admitidos/excluidos de una plaza de Administrativo (C1). [Cód. 2025-01179],NEGATIVO,False,,,,False,anuncio,[],[],0.98,"La descripción se refiere a una ""Lista provisional de aspirantes"" para una ""plaza de Administrativo"", que es un proceso de selección del personal, no relacionado con el ámbito hídrico-natural (agua, montes, vías pecuarias, espacios naturales, etc.). No hay ninguna palabra clave ni indicio que active alguna categoría del dominio.",51.378
162,bon,Aprobación definitiva del presupuesto de 2025,NEGATIVO,False,,,,False,aprobación,[],[],1.0,"No hay señales de agua, medio ambiente o naturaleza en ""Aprobación definitiva del presupuesto de 2025"", se trata de un presupuesto administrativo general sin relación al dominio hídrico-natural.",43.073
163,bopa,"Resolución de 3 de febrero de 2025, de la Consejería de Presidencia, Reto Demográfico, Igualdad y Turismo, por la que se declara desierta la convocatoria para su provisión, por el sistema de libre designación, de un puesto de trabajo de Secretario/a de Despacho de la Dirección General de Estrategia Digital e Inteligencia Artificial. [Cód. 2025-00995]",NEGATIVO,False,,,,False,resolución,[],[],0.98,"La publicación se trata de una resolución que declara desierta una convocatoria para un puesto administrativo en una Dirección General, sin ninguna mención al dominio hídrico, natural o ambiental. Se ajusta a la descripción de un contrato o plantilla orgánica no relevante para el monitoreo del agua/naturaleza.",50.907
164,boja,"Acuerdo de 22 de enero de 2025, de la Delegación Territorial de Inclusión Social, Juventud, Familias e Igualdad en Córdoba, por el que se ordena la notificación por edicto de la resolución en materia de relaciones familiares.",NEGATIVO,False,,,,False,acuerdo,[],[],1.0,"El texto describe un acuerdo de relaciones familiares sin ninguna mención a agua, vías pecuarias, montes, espacios naturales protegidos, residuos o vertidos. No hay señal léxica que active ninguna categoría del dominio hídrico-natural.",46.833
165,boja,"Corrección de errores de la Resolución de 6 de febrero de 2025, de la Universidad de Jaén, por la que se convoca concurso público de acceso para la adjudicación de plazas de Profesor/a Ayudante Doctor/a (BOJA núm. 29, de 12.2.2025).",NEGATIVO,False,,,,False,corrección_errores,[],[],1.0,"El texto se refiere exclusivamente a una ""Corrección de errores"" de un concurso público para plazas docentes (Profesor/a Ayudante Doctor/a). No contiene ninguna mención al agua, vías pecuarias, montes, espacios naturales protegidos, residuos, vertidos o planes hidrológicos, por lo que no es relevante para el dominio hídrico-natural.",53.404
166,boe,"Orden TDF/284/2025, de 18 de marzo, por la que se aprueba la relación definitiva de personas admitidas y excluidas, respecto a las plazas adicionales a la Subescala de Secretaría, categoría de Entrada, convocadas por Orden TDF/1507/2024, de 23 de diciembre, del proceso selectivo en el marco de la estabilización de empleo temporal, para el acceso a la Escala de funcionarios de administración local con habilitación de carácter nacional, convocado por Orden HFP/1328/2022, de 23 de diciembre.",NEGATIVO,False,,,,False,orden,[],[],0.99,"El texto describe una orden de estabilización de empleo en la Administración local (Secretaría, categoría Entrada) y no contiene ninguna referencia al dominio hídrico, medio natural o gestión del agua. Cumple con el criterio de ser irrelevante según las reglas críticas.",49.375
167,bon,Recaudación ejecutiva Acto que se notifica: Providencia de apremioReferencia: A202000/00004/2025,NEGATIVO,False,,,,False,notificación,[],[],0.95,"La publicación describe una ""Recaudación ejecutiva"" y una ""Providencia de apremio"", que son actos de gestión económica/financiera sin ninguna mención a agua, medio ambiente o naturaleza.",45.481
168,boe,VALVERDE DEL CAMINO,NEGATIVO,False,,,,False,otros,[],[],0.8,"La descripción ""VALVERDE DEL CAMINO"" no contiene ningún término relacionado con aguas, vías pecuarias, espacios naturales, montes o gestión de residuos ni vertidos. Parece ser una referencia geográfica o un título que no cumple con los criterios del dominio hídrico-natural. Por tanto is_relevant=False y todas las categorías N2 están vacías.",50.179
169,dog,"ANUNCIO de 7 de enero de 2025, del Departamento Territorial de A Coruña, por el que se emplaza a la persona interesada para ser notificada por comparecencia en el expediente REC-CO-0012-2022-AGR.",NEGATIVO,False,,,,False,anuncio,[],[],0.98,"El texto describe un anuncio de emplazamiento para notificación en un expediente administrativo (REC-CO-0012-2022-AGR) sin mencionar ningún elemento relacionado con el dominio hídrico-natural, vías pecuarias o espacios naturales protegidos. No hay señales léxicas que permitan clasificarlo según la taxonomía de agua, montes o residuos.",53.882
