id,bulletin,description,grupo_muestreo,is_relevant_gt,categories_gt,subcategories_gt,notas_anotador,is_relevant_pred,act_type_pred,categories_pred,subcategories_pred,confidence,reasoning,duration_s
0,boe,Anuncio de la Confederación Hidrográfica del Guadiana de sometimiento a información pública de resolución de otorgamiento de concesión de aguas subterráneas en el término municipal de Bolaños de Calatrava (Ciudad Real)- 3482/2020.,AGU_GEN,True,AGU_GEN,cuenca_guadiana,,True,anuncio,"[""AGU_SND""]","[""cuenca_guadiana"", ""uso_agricola""]",0.95,"El texto menciona explícitamente ""concesión de aguas subterráneas"" (señal AGU_SND), y por el término municipal de Bolaños de Calatrava en Ciudad Real (territorio de la Confederación Hidrográfica del Guadiana) se infiere cuenca_guadiana. Dado que las aguas subterráneas suelen destinarse a riego agrícola, se asume uso_agricola con alta confianza por falta de otra especificación.",154.106
1,boe,"Anuncio de formalización de contratos de: Presidencia de la Confederación Hidrográfica del Guadiana. Objeto: Suministro de material y fungibles, y mantenimiento de equipos multifunción e impresoras en las oficinas de la Confederación Hidrográfica del Guadiana de Ciudad Real y Badajoz. Expediente: 202400000179.",AGU_GEN,False,,,,False,anuncio,[],[],0.98,"La publicación es un anuncio de formalización de contratos para el suministro de material y mantenimiento de equipos de oficina en la sede de la Confederación Hidrográfica del Guadiana. No se trata de una concesión, autorización ni gestión relacionada con el dominio hidráulico o natural (no menciona agua, riego, vertidos, montes, etc.), por lo que no cumple los criterios de relevancia según las reglas definidas.",72.376
2,boe,"Anuncio de formalización de contratos de: Presidencia de la Confederación Hidrográfica del Guadalquivir. Objeto: Contrato de servicios para el soporte técnico al Área de Calidad de Aguas de la Confederación Hidrográfica del Guadalquivir en el análisis de muestras de aguas subterráneas, aguas superficiales y vertidos. Expediente: CU(CO)-7100.",AGU_GEN,False,,,,False,anuncio,[],[],1.0,"Se trata de un ""contrato de servicios para soporte técnico"" (anuncio de formalización), que no es una concesión o autorización de uso de agua, ni gestión de residuos, ni plan hidrológico. Es una contratación administrativa de personal/técnico sin acto administrativo relevante en el dominio hídrico monitorizado. No hay categorías N2 aplicables por ser un servicio contractual y no una resolución/acto de gestión del recurso.",71.994
3,boe,"Anuncio de la Confederación Hidrográfica del Júcar, O.A. sobre información pública de una concesión de aguas subterráneas en el T.M. de Chiva (Valencia).",AGU_GEN,True,AGU_GEN,cuenca_jucar,,True,anuncio,"[""AGU_GEN""]",[],0.75,"""Anuncio de la Confederación Hidrográfica del Júcar"" indica que el agua es la materia y ""concesión de aguas subterráneas"" indica un tipo de concesión, pero el texto no especifica el uso concreto (no dice riego, abastecimiento, ni industria). Por lo tanto se usa la categoría residual AGU_GEN. La cuenca se infiere como Júcar por el organismo emisor ""Confederación Hidrográfica del Júcar"". No hay señal de captación puntual para activar AGU_SND en este anuncio informativo.""",78.631
4,boe,"Anuncio de la Confederación Hidrográfica del Duero, O.A., de información pública del expediente de modificación de características de concesión de un aprovechamiento de aguas subterráneas, de referencia MC-0219/2024 (INTEGRA-AYE) AV, con destino a riego en el término municipal de Constanzana (Ávila).",AGU_GEN,True,AGU_RIE,"uso_agricola,cuenca_duero",,True,anuncio,"[""AGU_GEN"", ""AGU_RIE""]","[""uso_agricola"", ""cuenca_duero""]",0.98,"La descripción menciona ""concesión de un aprovechamiento de aguas subterráneas"" (AGU_GEN) y específicamente indica ""con destino a riego"" (AGU_RIE), además del término municipal de Constanzana (Ávila), que pertenece a la Confederación Hidrográfica del Duero, indicando la cuenca.",72.563
5,boe,"Anuncio de la Confederación Hidrográfica del Duero, O.A., de resolución del expediente de concesión de un aprovechamiento de aguas subterráneas, de referencia C-0196/2022, con destino a riego en el término municipal de Torrelara (Burgos).",AGU_GEN,True,AGU_RIE,"uso_agricola,cuenca_duero",,True,anuncio,"[""AGU_RIE"", ""AGU_SND""]","[""uso_agricola"", ""cuenca_duero""]",0.95,"El texto menciona explícitamente ""concesión de un aprovechamiento de aguas subterráneas"" (señal de AGU_SND) y su ""destino a riego"" (señal de AGU_RIE). La mención de ""Confederación Hidrográfica del Duero"" permite inferir la cuenca duero. El uso es claramente agrícola por la referencia al ""riego"".",77.134
6,boe,Anuncio de licitación de: Presidencia de la Confederación Hidrográfica del Ebro. Objeto: Trabajos de impermeabilización a realizar en el embalse de Guiamets junto al estribo izquierdo de la presa. T/Els Guiamets. Expediente: 020/25-S.,AGU_GEN,False,,,,True,anuncio,"[""AGU_GEN""]","[""cuenca_ebro""]",0.85,"Se trata de una concesión/licencia para trabajos en un embalse perteneciente a la Confederación Hidrográfica del Ebro, lo que indica cuenca_ebro y uso de aguas genérico (AGU_GEN). No hay indicación específica de riego o abastecimiento.",70.954
7,boe,Anuncio de acuerdo de información pública de la Comisaría de Aguas de la Confederación Hidrográfica del Duero O.A. en el procedimiento de Aprovechamiento de pastos en el término municipal de Puebla de Lillo (León).,AGU_GEN,True,AGU_GEN,cuenca_duero,,True,información_pública,"[""AGU_GEN""]","[""cuenca_duero"", ""uso_agricola""]",0.85,"La publicación es un anuncio de información pública de la Confederación Hidrográfica del Duero sobre ""Aprovechamiento de pastos en el término municipal de Puebla de Lillo"". El término ""pastos"" y el contexto de aprovechamiento agrícola activan la subcategoría uso_agricola, mientras que la mención explícita de la ""Confederación Hidrográfica del Duero"" fija la cuenca. La etiqueta AGU_GEN es aplicable al ser un aprovechamiento general de aguas no especificado con detalle técnico, aunque el contexto sugiera uso agrícola o ganadero.",81.901
8,boe,"Anuncio de la Confederación Hidrográfica del Duero, O.A., de información pública del expediente de modificación de características de concesión de un aprovechamiento de aguas subterráneas, de referencia MC-0105/2024 (INTEGRA-AYE) ZA, con destino a riego en el término municipal de Peleas de Abajo (Zamora).",AGU_GEN,True,AGU_RIE,"uso_agricola,cuenca_duero",,True,anuncio,"[""AGU_SND"", ""AGU_RIE""]","[""uso_agricola"", ""cuenca_duero""]",0.92,"El texto menciona ""concesión de un aprovechamiento de aguas subterráneas"" y ""modificación de características"", lo que activa AGU_SND (sondeo/captación), y el destino ""a riego"" activa AGU_RIE. La referencia a ""Confederación Hidrográfica del Duero"" y la provincia ""Zamora"" permiten inferir la cuenca_duero.",76.385
9,boe,Anuncio de la Confederación Hidrográfica del Tajo O.A. de la resolución de la solicitud de una concesión de aguas en el término municipal de Utande (Guadalajara). Referencia C-0178/2023.,AGU_GEN,True,AGU_GEN,cuenca_tajo,,True,anuncio,"[""AGU_GEN""]","[""cuenca_tajo""]",0.95,"El texto menciona ""solicitud de una concesión de aguas"" sin especificar el uso, lo que enmarca la categoría AGU_GEN por defecto. Además, al tratarse de la Confederación Hidrográfica del Tajo, se infiere la subcategoría cuenca_tajo.",64.759
10,boe,Anuncio de la Confederación Hidrográfica del Tajo O.A. de la información pública de la solicitud de una concesión de aguas en el término municipal de Brozas (Cáceres). Referencia C-0249/2024.,AGU_GEN,True,AGU_GEN,cuenca_tajo,,True,anuncio,"[""AGU_GEN""]","[""cuenca_tajo""]",0.85,"Se menciona ""concesión de aguas"" sin especificar el uso concreto, por lo que se aplica AGU_GEN (uso no especificado). La organización emite es la Confederación Hidrográfica del Tajo, lo que implica la cuenca del Tajo. No hay señal explícita de riego, abastecimiento, industria o energía para activar etiquetas más específicas.",69.961
11,doe,"Resolución de 11 de enero de 2025, de la Dirección General de Sostenibilidad, por la que se formula informe de impacto ambiental del proyecto de construcción de un sondeo para el aprovechamiento de aguas subterráneas, en el término municipal de El Gordo (Cáceres), promovido por el Ayuntamiento de El Gordo. Expte.: IA24/0676.",AGU_GEN,True,AGU_SND,"uso_urbano,cuenca_tajo",,True,resolución,"[""AGU_SND""]",[],0.95,"El texto menciona ""sondeo para el aprovechamiento de aguas subterráneas"", activando la categoría AGU_SND (sondeo/captación). Se excluye uso urbano porque no se indica abastecimiento ni agua potable. Sin señal explícita de cuenca o tipo de uso agrícola, no se incluyen subcategorías adicionales.",68.604
12,boe,"Anuncio de la Confederación Hidrográfica del Miño-Sil, O.A. por el que se publica el inicio del trámite de competencia de proyectos para la creación de un área recreativa con zona de baño en ambas márgenes del río Cabe, en Ribasaltas, T.M. de Monforte de Lemos (Lugo).",AGU_GEN,True,AGU_GEN,cuenca_mino_sil,,False,anuncio,[],[],1.0,"La publicación es un anuncio sobre la creación de un área recreativa con zona de baño, pero no implica una concesión de aguas, uso específico del agua ni actividad regulada en el ámbito hidrológico; por tanto, no cumple con los criterios de relevancia para este dominio. La descripción no contiene señales léxicas asociadas a las categorías N2 (AGU_GEN, AGU_RIE, etc.) ni subcategorías.",71.507
13,boe,"Anuncio de la Confederación Hidrográfica del Júcar, O.A. sobre información pública de una concesión de aguas subterráneas en el T.M. de Vinaròs (Castellón).",AGU_GEN,True,AGU_GEN,cuenca_jucar,,True,anuncio,"[""AGU_GEN"", ""VIA_PEC""]","[""cuenca_jucar""]",0.85,"La descripción menciona ""Concesión de aguas subterráneas"" en Vinaròs, Castellón (CHJ/Júcar), lo que justifica AGU_GEN y cuenca_jucar. También cita ""O.A. sobre información pública"", que es una forma de acto administrativo relacionada con la gestión del dominio público hidráulico, activando el campo ACT_TYPE como anuncio. No se especifica un uso concreto como riego ni abastecimiento urbano, por lo que AGU_GEN es la etiqueta más apropiada.",77.043
14,boe,"Anuncio de la Confederación Hidrográfica del Duero, O.A., de información pública del expediente de modificación de características de concesión de un aprovechamiento de aguas, de referencia MC-0123/2024 (INTEGRA-AYE) VA, con destino a riego y abastecimiento en el término municipal de Siete Iglesias de Trabancos (Valladolid).",AGU_GEN,True,"AGU_RIE,AGU_ABS","uso_mixto,cuenca_duero",,True,anuncio,"[""AGU_RIE"", ""AGU_ABS""]","[""uso_agricola"", ""uso_urbano"", ""cuenca_duero""]",0.98,"La publicación es un anuncio de la Confederación Hidrográfica del Duero (cuenca duero) sobre una modificación de concesión con destino explícito a ""riego"" (activa AGU_RIE y uso_agricola) y ""abastecimiento"" (activa AGU_ABS y uso_urbano). El texto cita directamente el organismo de la cuenca del Duero.",78.291
15,boe,"Anuncio de la Confederación Hidrográfica del Miño-Sil, O.A. por el que se hace público el otorgamiento de la concesión para aprovechamiento de 1,665 l/s de agua procedente de tres (3) manantiales situados en la parroquia de Porqueirós (Santo André), término municipal de Muiños (Ourense), con destino a abastecimiento del núcleo de Porqueirós y extinción de incendios. Expediente: A/32/32701.",AGU_GEN,True,AGU_ABS,"uso_urbano,cuenca_mino_sil",,True,anuncio,"[""AGU_ABS""]","[""uso_urbano"", ""cuenca_mino_sil""]",0.95,"El anuncio otorga una concesión para ""abastecimiento del núcleo de Porqueirós"", lo que activa la categoría AGU_ABS (abastecimiento urbano). Además, el manifiesta claramente ""cuenca_mino_sil"" por mención explícita a la ""Confederación Hidrográfica del Miño-Sil"".",71.644
16,boe,Anuncio de la Comisaría de Aguas de la Confederación Hidrográfica del Cantábrico de información pública de procedimiento de concesión de aguas en el término municipal de Aller (Asturias). A/33/48530.,AGU_GEN,True,AGU_GEN,cuenca_cantabrico,,True,anuncio,"[""AGU_GEN""]","[""cuenca_cantabrico""]",0.95,"""Procedimiento de concesión de aguas en término municipal de Aller (Asturias) activa la cuenca cantábrica, y al no especificarse el uso del agua, se asigna AGU_GEN como categoría residual.""",60.002
17,boe,"Anuncio de la Confederación Hidrográfica del Duero, O.A., de información pública de la concesión de un aprovechamiento de aguas subterráneas para otros usos industriales, en el término municipal de San Miguel del Arroyo (Valladolid). Ref. expte.: C-0404/2024 (INTEGRA-AYE) VA.",AGU_GEN,True,AGU_IND,"uso_industrial,cuenca_duero",,True,anuncio,"[""AGU_GEN"", ""AGU_IND""]","[""uso_industrial"", ""cuenca_duero""]",0.95,"El texto menciona explícitamente ""aprovechamiento de aguas subterráneas"" para ""otros usos industriales"" y que emite la Confederación Hidrográfica del Duero, lo que activa las categorías AGU_IND (uso industrial) y cuenca_duero. Aunque el uso específico no está detallado más allá de ""industrial"", esta señal es suficiente para activar AGU_IND junto con AGU_GEN como concesión genérica sin tipo de uso especificado más allá de la industria.",80.202
18,boe,"Anuncio de la Comisaría de Aguas de la Confederación Hidrográfica del Guadalquivir de información pública del procedimiento de extinción del derecho de la concesión de aguas públicas con expediente de referencia X-5568/2024, en el término municipal de Puente Genil (Córdoba).",AGU_GEN,True,AGU_GEN,cuenca_guadalquivir,,True,anuncio,"[""AGU_GEN""]","[""cuenca_guadalquivir""]",0.95,"El texto menciona explícitamente ""Comisaría de Aguas de la Confederación Hidrográfica del Guadalquivir"", lo que indica una concesión de aguas genérica en el ámbito de cuenca del Guadalquivir. No se especifica un uso concreto como riego o abastecimiento, por lo que corresponde a la categoría AGU_GEN.",75.603
19,boe,"Anuncio del Servicio de Régimen de Usuarios de la Confederación Hidrográfica del Duero, O.A. de información pública sobre la tramitación de un procedimiento de extinción del derecho a un aprovechamiento subterráneas en el término municipal de Langa (Ávila). Expediente ED-0089/2024.",AGU_GEN,True,AGU_GEN,cuenca_duero,,True,anuncio,"[""AGU_GEN""]",[],0.85,"El texto describe un ""procedimiento de extinción del derecho a un aprovechamiento subterráneas"", lo que confirma la relevancia para el dominio hídrico (etiqueta AGU_GEN). No se especifica el uso concreto del agua ni la cuenca hidrográfica en el fragmento proporcionado, por lo que no hay base para subcategorías. La mención a ""Confederación Hidrográfica del Duero"" confirma que es un asunto de aguas y no una obra genérica o sin relación con el dominio hídrico.",79.147
20,boe,Anuncio de la Confederación Hidrográfica del Guadiana de sometimiento a información pública de resolución de otorgamiento de concesión de aguas subterráneas en el término municipal de El Robledo (Ciudad Real)- 3681/2018.,AGU_GEN,True,AGU_GEN,cuenca_guadiana,,True,anuncio,"[""AGU_SND""]","[""cuenca_guadiana""]",0.95,"El texto ""resolución de otorgamiento de concesión de aguas subterráneas"" activa la categoría AGU_SND (sondeo/captación puntual). La ""Confederación Hidrográfica del Guadiana"" permite inferir la cuenca_guadiana. El acto es un anuncio por la palabra clave ""Anuncio"".",67.226
21,boe,Anuncio de la Confederación Hidrográfica del Guadiana de sometimiento a información pública de solicitud de concesión de aguas subterráneas en el término municipal de Badajoz (Badajoz).,AGU_GEN,True,AGU_GEN,cuenca_guadiana,,True,anuncio,"[""AGU_SND""]","[""cuenca_guadiana""]",0.98,"La descripción menciona explícitamente ""concesión de aguas subterráneas"" y ""solicitación"", lo que activa la categoría AGU_SND (sondeo/captación puntual). Además, el organismo emisor es la ""Confederación Hidrográfica del Guadiana"" con ubicación en Badajoz, confirmando la cuenca del Guadiana. El documento es un anuncio de sometimiento a información pública, por lo que act_type es ""anuncio"".",74.327
22,boe,"Anuncio de la Confederación Hidrográfica del Duero, O.A., de información pública de la autorización de vertido de aguas residuales, en el término municipal de Arabayona de Mógica (Salamanca), referencia del expediente V-0095/2023 (Referencia del Servicio: 0081. -SA).",AGU_GEN,True,VER,cuenca_duero,,True,anuncio,"[""VER""]","[""cuenca_duero""]",0.95,"El texto menciona explícitamente ""autorización de vertido de aguas residuales"", lo que activa la categoría VER. La denominación de la Confederación Hidrográfica del Duero y el término municipal de Arabayona en Salamanca confirman la cuenca_duero como subcategoría.",66.774
23,boe,"Anuncio de la Comisaría de Aguas de la Confederación Hidrográfica del Guadalquivir de información pública del procedimiento de de la concesión de aguas públicas para abastecimiento de vivienda con un volumen de 182,5 m3/año, con captación subterránea en Sanlúcar la Mayor (Sevilla). Expediente 4463/2020.",AGU_GEN,True,AGU_ABS,"uso_urbano,cuenca_guadalquivir",,True,anuncio,"[""AGU_ABS""]","[""uso_urbano"", ""cuenca_guadalquivir""]",0.98,"El texto menciona ""abastecimiento de vivienda"" y ""agua potable"" lo que indica claramente el uso urbano (AGU_ABS). Además, el organismo emisor es la ""Confederación Hidrográfica del Guadalquivir"" ubicado en Sevilla, lo que identifica la cuenca. El acto es un anuncio de información pública para concesión.",64.384
24,boe,Anuncio de la Comisaría de Aguas de la Confederación Hidrográfica del Ebro sobre información pública de una solicitud de concesión de un aprovechamiento de aguas públicas subterráneas en el término municipal de Santo Domingo de la Calzada (La Rioja).,AGU_GEN,True,AGU_GEN,cuenca_ebro,,True,anuncio,"[""AGU_ABS""]","[""cuenca_ebro""]",0.95,"El texto menciona ""aprovechamiento de aguas públicas subterráneas"", lo que indica una concesión de abastecimiento (AGU_ABS). La referencia a la Confederación Hidrográfica del Ebro confirma la cuenca ebro. Aunque es solo anuncio, sigue siendo relevante según las reglas.",54.155
25,boe,Anuncio de la Comunidad de Regantes Pozo La Sierra de Torrent sobre convocatoria de Junta.,AGU_RIE,True,AGU_RIE,"uso_agricola,cuenca_jucar",,True,anuncio,"[""AGU_RIE""]","[""uso_agricola""]",0.98,"El texto menciona ""Comunidad de Regantes"", señal explícita para la categoría AGU_RIE (riego/regadío). No se indica un acuífero ni una zona regable específica, por lo que no hay información para subcategorías cuencas. La confianza es alta (0.98) porque el término ""Comunidad de Regantes"" clasifica inequívocamente la publicación como concesión de riego agrícola.",61.432
26,boe,"Anuncio de la Comisaría de Aguas de la Confederación Hidrográfica del Guadalquivir de información pública de procedimiento de extinción del derecho de una concesión de aguas públicas para abastecimiento, riego de 0,02 ha. y un volumen de 1.150 m3/año con captación en Pozo (Fuera de masa) en Pozoblanco (Córdoba). Expediente X-9076/2022-ing.",AGU_RIE,True,AGU_RIE,"uso_agricola,cuenca_guadalquivir",,True,anuncio,"[""AGU_GEN"", ""AGU_RIE"", ""AGU_ABS""]","[""uso_agricola"", ""uso_urbano"", ""cuenca_guadalquivir""]",0.9,"La descripción menciona explícitamente ""riego de 0,02 ha"" (señal para AGU_RIE/uso_agricola) y ""abastecimiento"" (señal para AGU_ABS/uso_urbano), así como la procedencia de la ""Comisaría de Aguas de la Confederación Hidrográfica del Guadalquivir"" (señal para AGU_GEN residual por ambigüedad inicial en el acto y cuenca_guadalquivir). El texto indica una extinción del derecho que hereda las categorías del original.",75.685
27,boe,Anuncio de la Comunidad de Regantes Las Almacidas sobre convocatoria de Junta General Ordinaria.,AGU_RIE,True,AGU_RIE,uso_agricola,,True,anuncio,"[""AGU_RIE""]","[""uso_agricola"", ""cuenca_segura""]",0.95,"""Comunidad de Regantes"" y ""Junta General"" activan AGU_RIE (uso agrícola). La cuenca Segura se infiere por ser la Confederación Hidrográfica del Segura la responsable administrativa de regadíos en esa región, siendo el único organismo que gestiona este tipo de expedientes. El anuncio es una convocatoria de junta general para tratar temas sobre gestión de riego y agua.""",60.407
28,boe,Anuncio de la Comunidad de Regantes de Ara sobre convocatoria de Asamblea General Ordinaria.,AGU_RIE,True,AGU_RIE,"uso_agricola,cuenca_ebro",,False,anuncio,[],[],1.0,"El texto describe una ""convocatoria de Asamblea General Ordinaria"" de una Comunidad de Regantes, que es un acto administrativo interno y organizativo de la entidad propia, no una concesión de agua, resolución administrativa sobre recursos hídricos o gestión del dominio público hidráulico por parte de la Administración pública. Por tanto, no cumple con los requisitos de ser relevante en el universo hidronatural monitorizado.",55.941
29,boe,"Anuncio de la Comisaría de Aguas, de la Confederación Hidrográfica del Guadalquivir, de competencia de proyectos sobre concesión de uso de reutilización de aguas para un volumen anual de 205.169 m3/año para uso Agropecuario - Regadío (otras berries para una superficie de 39,21 ha) en el T.M. de Hinojos (Huelva) con expediente A-6835/2017.",AGU_RIE,True,AGU_RIE,"uso_agricola,cuenca_guadalquivir",,True,anuncio,"[""AGU_RIE"", ""AGU_GEN""]","[""uso_agricola"", ""cuenca_guadalquivir""]",0.95,"El texto menciona explícitamente ""Concesión de uso de reutilización de aguas para un volumen anual... para uso Agropecuario - Regadío"", lo cual activa las etiquetas AGU_RIE (concesión para riego) y AGU_GEN como categoría genérica residual o complementaria cuando el uso principal se especifica pero queda bajo competencia general. El fragmento ""Conferencia Hidrográfica del Guadalquivir"" indica la cuenca correspondiente (cuenca_guadalquivir), y el uso específico es agrícola/regadío (uso_agricola).",73.113
30,boe,"Anuncio de la Comunidad de Regantes de Las Vegas de Ejea de los Caballeros, Zaragoza, sobre convocatoria de Junta.",AGU_RIE,True,AGU_RIE,"uso_agricola,cuenca_ebro",,False,anuncio,[],[],1.0,"La publicación es un ""Anuncio de la Comunidad de Regantes... sobre convocatoria de Junta"". Aunque menciona a una comunidad de regantes, la acción es simplemente convocar una reunión interna para discutir temas que no están especificados en el texto. No se trata de una concesión de aguas (ni genérica ni de riego), ni de una gestión del dominio público hidráulico (como una autorización o modificación), sino de un mero aviso interno de una entidad. Por lo tanto, no cumple con la condición de ser una publicación relativa a actos administrativos en materia hídrica según la taxonomía.",65.275
31,boe,Anuncio de la Comunidad de Regantes Armuña Fase 1 sobre convocatoria de Junta.,AGU_RIE,True,AGU_RIE,"uso_agricola,cuenca_duero",,True,anuncio,"[""AGU_RIE""]","[""uso_agricola"", ""cuenca_guadiana""]",0.9,"El texto menciona explícitamente ""Comunidad de Regantes Armuña Fase 1"" y la ""convocatoria de Junta"", lo que indica una actividad relacionada con riego (AGU_RIE). La cuenca Guadalquivir se infiere de la ubicación geográfica típica de comunidades como esta (Córdoba/Sevilla), aunque la descripción no especifica la cuenca explícitamente, la confianza es alta por el término ""regantes"" y el contexto agrícola.",63.913
32,boe,Anuncio de la Comunidad de Regantes del Valle de Benejama sobre convocatoria de Junta.,AGU_RIE,True,AGU_RIE,"uso_agricola,cuenca_jucar",,True,anuncio,"[""AGU_RIE""]","[""uso_agricola"", ""cuenca_segura""]",0.98,"La descripción menciona explícitamente ""Comunidad de Regantes del Valle de Benejama"" y ""convocatoria de Junta"", lo que activa la categoría AGU_RIE por su relación directa con el regadío y uso agrícola. La ubicación ""Valle de Benejama"" se asocia geográficamente a la cuenca hidrográfica del Segura (CHS), activando la subcategoría correspondiente.",61.739
33,boe,"Anuncio de la Confederación Hidrográfica del Duero, O.A., de información pública de la concesión de un aprovechamiento de aguas subterráneas para riego, en el término municipal Moral de la Reina (Valladolid). Ref. expte.: C-0417/2024 (INTEGRA-AYE) VA.",AGU_RIE,True,AGU_RIE,"uso_agricola,cuenca_duero",,True,anuncio,"[""AGU_RIE"", ""ESP_NAT""]","[""uso_agricola"", ""cuenca_duero""]",0.92,"La descripción menciona explícitamente ""aprovechamiento de aguas subterráneas para riego"" que activa la categoría AGU_RIE y uso agrícola, además de identificar a la ""Confederación Hidrográfica del Duero"", lo que confirma la cuenca duero. Se ha aplicado ESP_NAT por el código INTEGRA-AYE (Ayuntamiento) pero esto es incorrecto según las reglas; revisando, INTEGRA-AYE no parece ser un indicador directo de Red Natura sin más contexto en el texto. Reasignando: sin mención directa de espacios naturales protegidos ni referencias explícitas a la naturaleza en el snippet proporcionado (el código INTEGRA-AYE puede ser ambiguo sin más detalles), debo ajustar las categorías. Sin embargo, si asumimos que el usuario espera inferir ESP_NAT del contexto general o si hay un error en mi interpretación de INTEGRA-AYE, mantendré la precaución. Pero siguiendo estrictamente las reglas: solo usar etiquetas con señales explícitas. El texto dice ""aprovechamiento de aguas subterráneas para riego"" (AGU_RIE) y cede al Duero (cuenca duero). No hay señal de ESP_NAT. Ajusto categorías a [""AGU_RIE""] y subcategorías a [""uso_agricola"", ""cuenca_duero""]. Confianza 0.92 por la claridad del uso y cuenca.",115.18
34,boe,Anuncio de la Comunidad de Regantes del Río Tajo en Almoguera sobre convocatoria de Junta.,AGU_RIE,True,AGU_RIE,"uso_agricola,cuenca_tajo",,True,anuncio,"[""AGU_RIE""]","[""cuenca_tajo"", ""uso_agricola""]",0.95,"El texto menciona explícitamente ""Comunidad de Regantes"" que activa la categoría AGU_RIE, y el nombre ""Río Tajo"" indica la cuenca del Tajo; además, el uso es agrícola/riego por definición.",52.767
35,docm,"Resolución de 16/01/2025, de la Delegación Provincial de Desarrollo Sostenible de Guadalajara, por la que se formula el informe de impacto ambiental del proyecto denominado: Captación de aguas subterráneas para riego de carrascas truferas en Tordellego (Guadalajara) (expediente PRO-GU-24-0765), cuyo promotor es don Luis Martínez Martínez.",AGU_RIE,True,"AGU_SND,AGU_RIE","uso_agricola,cuenca_tajo",,True,resolución,"[""AGU_SND"", ""AGU_RIE""]","[""uso_agricola"", ""cuenca_tajo""]",0.98,"La descripción menciona explícitamente ""Captación de aguas subterráneas"" lo cual activa AGU_SND, y el propósito es para ""riego de carrascas truferas"" que activa AGU_RIE y uso_agricola. La provincia es Guadalajara (CHT), por tanto cuenca_tajo.",60.252
36,boe,"Anuncio de la Comunidad de Regantes La Moraña II, sobre la exposición pública de los estatutos.",AGU_RIE,True,AGU_RIE,"uso_agricola,cuenca_duero",,True,anuncio,"[""AGU_RIE""]","[""uso_agricola"", ""cuenca_guadalquivir""]",0.9,"La descripción menciona explícitamente ""Comunidad de Regantes"", lo que confirma la categoría AGU_RIE (riego). El anuncio se refiere a estatutos de una entidad de regantes, cuyo uso del agua es agrícola, por lo que se asigna uso_agricola. Dado que no se especifica la cuenca en el texto, asumo cuenca_guadalquivir como valor predeterminado por defecto para comunidades de regantes sin otra mención (esto podría ser una inferencia incorrecta si la Comunidad de Regantes La Moraña II pertenece a otra cuenca, pero es el único dato disponible).",71.49
37,boe,Anuncio de la Comunidad de Regantes de Alcolea de Tajo sobre convocatoria de Junta.,AGU_RIE,True,AGU_RIE,"uso_agricola,cuenca_tajo",,True,anuncio,"[""AGU_RIE""]","[""uso_agricola"", ""cuenca_tajo""]",0.95,"El texto menciona explícitamente ""Comunidad de Regantes"", señal inequívoca del uso agrícola/riego (AGU_RIE). La denominación ""Alcolea de Tajo"" sitúa la cuenca en el dominio del río Tajo, perteneciente a la Confederación Hidrográfica del Tajo (cuenca_tajo).",58.277
38,bocyl,"RESOLUCIÓN de 5 de febrero de 2025, de la Delegación Territorial de León, por la que se dicta el informe de impacto ambiental del proyecto de ejecución de un sondeo de captación de aguas para riego de árboles frutales y huerta en Corullón, en el término municipal de Corullón (León). Expte.: I.A. 035/2024.",AGU_RIE,True,"AGU_SND,AGU_RIE","uso_agricola,cuenca_mino_sil",,True,resolución,"[""AGU_SND"", ""AGU_RIE""]","[""uso_agricola"", ""cuenca_mino_sil""]",0.95,"El texto menciona explícitamente ""sondeo de captación de aguas subterráneas"" (activa AGU_SND) y ""riego de árboles frutales y huerta"" (activa AGU_RIE con uso agrícola). Corullón está en León, por lo que corresponde a la cuenca Miño-Sil.",61.589
39,boe,"Anuncio de la Comisaría de Aguas de la Confederación Hidrográfica del Guadalquivir de información pública de procedimiento de extinción del derecho de una concesión de aguas públicas para riego de 10,88 ha y un volumen de 16.320 m3/año con captación en Sondeo (Rumblar) en Bailén (Jaén). Expediente X-5548/2024-ing.",AGU_RIE,True,AGU_RIE,"uso_agricola,cuenca_guadalquivir",,True,anuncio,"[""AGU_RIE"", ""AGU_SND""]","[""uso_agricola"", ""cuenca_guadalquivir""]",0.95,"La publicación menciona explícitamente ""procedimiento de extinción del derecho de una concesión de aguas públicas para riego"", lo que activa la categoría AGU_RIE (concesión de riego). Además, se especifica ""captación en Sondeo"", que es señal clara de AGU_SND (sondeo/captación puntual de aguas subterráneas). El organismo emisor es ""Comisaría de Aguas de la Confederación Hidrográfica del Guadalquivir"", identificando la cuenca_cuenca_guadalquivir y el uso agrícola (riego).",74.217
40,boe,"Anuncio de la Confederación Hidrográfica del Duero, O.A., de la resolución del expediente de concesión de un aprovechamiento de aguas subterráneas, de referencia C-0192/2023, con destino a riego en el término municipal de Fermoselle (Zamora).",AGU_RIE,True,AGU_RIE,"uso_agricola,cuenca_duero",,True,anuncio,"[""AGU_RIE"", ""ESP_NAT""]","[""uso_agricola""]",0.95,"""Anuncio... resolución del expediente de concesión de un aprovechamiento de aguas subterráneas, de referencia C-0192/2023, con destino a riego en el término municipal de Fermoselle (Zamora)."" → AGU_RIE por ""destino a riego"". ESP_NAT incorrecto (no hay señal de zona protegida).",118.47
41,doe,"Acuerdo de 31 de octubre de 2024, de la Comisión de Urbanismo y Ordenación del Territorio de Extremadura, de aprobación definitiva de la modificación puntual n.º 1 del Plan General Municipal de Miajadas que afecta a la regulación de la altura de las edificaciones e instalaciones en Suelo No Urbanizable de Protección Natural (artículo 3.2.2.1), de Protección Estructural Regadíos (artículo 3.2.2.2), de Protección Ambiental Hidrológica (artículo 3.2.2.5) y Común (artículo 3.2.2.7).",AGU_RIE,False,,,,False,acuerdo,[],[],0.98,"La publicación es una modificación puntual de un Plan General Municipal regulando altura de edificaciones en Suelo No Urbanizable y Protección Ambiental Hidrológica, pero sin conceder ni regular directamente el uso de aguas (no hay concesión, sondeo o autorización), por lo que no califica como relevante según las reglas críticas para este dominio.",57.262
42,boe,"Anuncio de la Confederación Hidrográfica del Duero, O.A., de información pública del expediente de modificación de características de concesión de un aprovechamiento de aguas subterráneas, de referencia MC-0193/2024 (INTEGRA-AYE) AV, con destino a riego en el término municipal de Madrigal de las Altas Torres (Ávila).",AGU_RIE,True,AGU_RIE,"uso_agricola,cuenca_duero",,True,anuncio,"[""AGU_RIE""]","[""uso_agricola"", ""cuenca_duero""]",0.95,"La publicación es un ""Anuncio de la Confederación Hidrográfica del Duero"" con destino explícito a ""riego"", lo que activa la categoría AGU_RIE y la subcategoría uso_agricola. La mención a la ""Confederación Hidrográfica del Duero"" indica que pertenece a la cuenca duero (cuencad_duero). Se trata de un anuncio de información pública sobre modificación de concesión, por lo que es relevante.",64.282
43,doe,"Resolución de 19 de marzo de 2025, de la Dirección General de Sostenibilidad, por la que se formula informe de impacto ambiental del proyecto de transformación en regadío de 16,0369 ha de olivar en la finca Santa Ana, promovido por Aurelia Mancha Prieto, Elías, M.ª Aurelia, Demetrio y Guadalupe Carrasco Mancha, en los términos municipales de Don Álvaro y Valverde de Mérida. Expte.: IA21/1029.",AGU_RIE,True,AGU_RIE,"uso_agricola,cuenca_guadiana",,True,resolución,"[""AGU_RIE"", ""ESP_NAT""]","[""uso_agricola""]",0.85,"La descripción menciona explícitamente ""transformación en regadío de 16,0369 ha de olivar"", lo que activa la categoría AGU_RIE (uso agrícola para riego) y la subcategoría uso_agricola. Se infiere ESP_NAT debido a que el proyecto implica una transformación del suelo de olivar en un contexto ambiental sensible, dado que se formula un informe de impacto ambiental. El término ""Regadío"" es clave para activar AGU_RIE.",64.998
44,boe,Anuncio de la Comunidad de Regantes con Aguas Rodadas del Canal de Lodosa de Fréscano sobre convocatoria de Junta.,AGU_RIE,True,AGU_RIE,"uso_agricola,cuenca_ebro",,False,anuncio,[],[],0.95,"El texto describe una ""convocatoria de Junta"" de una comunidad de regantes, que es un acto de gobierno interno (Junta General) y no una concesión administrativa o resolución de la administración pública sobre el dominio hídrico ni un expediente con repercusión en los derechos administrativos. Por tanto, se clasifica como 'otros' dentro del dominio hídrico.",52.807
45,boe,Anuncio de la Comunidad de Regantes Heredamiento de aguas de Ceutí sobre convocatoria de Junta.,AGU_RIE,True,AGU_RIE,"uso_agricola,cuenca_segura",,True,anuncio,"[""AGU_RIE""]","[""uso_agricola"", ""cuenca_jucar""]",0.95,"La mención a ""Comunidad de Regantes"" y ""Heredamiento de aguas"" confirma una concesión para riego (AGU_RIE). La ubicación en Ceutí corresponde a la demarcación del Júcar (cuenca_jucar) y el uso es agrícola (uso_agricola).",54.15
46,dogc,"Edicto de 24 de febrero de 2025, por el que se somete a información pública el ""Proyecto constructivo de ejecución de las obras de la red de distribución de regadío del sistema Segarra-Garrigues. Sector 12. Red secundaria de apoyo del piso C. Perímetro II"" (exp. S12-XS08-24)",AGU_RIE,True,AGU_RIE,"uso_agricola,cuenca_ebro",,True,edicto,"[""AGU_RIE""]","[""uso_agricola"", ""cuenca_guadalquivir""]",0.9,"El texto menciona explícitamente ""regadío"" y ""red de distribución de regadío"", lo que activa la categoría AGU_RIE (concesión de aguas - riego). Aunque es un edicto, se trata de información pública sobre un proyecto constructivo relacionado con el agua. La cuenca Guadalquivir se infiere por ser Cataluña oriental pero sin mención directa de otra cuenca; sin embargo, el sistema Segarra-Garrigues está principalmente en la cuenca del Ter (Ebro), lo que sugiere una posible inconsistencia. No obstante, al no haber información suficiente para inferir con certeza otra cuenca, se mantiene ""cuenca_guadalquivir"" como inferencia por defecto si el organismo fuera CHG, aunque aquí podría ser más adecuado dejar subcategoría de cuenca vacía o inferir correctamente. Dado que la descripción dice ""sistema Segarra-Garrigues"", este sistema pertenece a la Confederación Hidrográfica del Ebro (CHE), por lo que la subcategoría correcta es cuenca_ebro. Ajusto: subcategorías [""uso_agricola"", ""cuenca_ebro""].",98.425
47,boe,Anuncio de la Comunidad de Regantes de Venta Micena sobre convocatoria de Junta.,AGU_RIE,True,AGU_RIE,"uso_agricola,cuenca_guadalquivir",,False,anuncio,[],[],1.0,"La publicación es un anuncio de convocatoria de una Junta de la Comunidad de Regantes de Venta Micena, pero no detalla ninguna resolución, concesión o acto administrativo del dominio hídrico que requiera etiquetado (como una resolución de concesión de agua). Es solo un anuncio informativo interno de una organización relacionada con el agua.",50.683
48,boe,"Anuncio de la Comisaría de Aguas de la Confederación Hidrográfica del Guadalquivir de información pública de procedimiento de modificación de características y novación de concesión de aguas públicas para, riego de 5,8 ha, abastecimiento, uso industrial y un volumen de 10.444 m3/año con captación en Sondeo (Aluvial del Guadalquivir - Curso Medio) en Adamuz (Córdoba). Expediente M-7618/2017-ing.",AGU_RIE,True,"AGU_RIE,AGU_ABS,AGU_IND","uso_mixto,cuenca_guadalquivir",,True,anuncio,"[""AGU_GEN"", ""AGU_RIE"", ""AGU_ABS"", ""AGU_IND""]","[""uso_agricola"", ""uso_urbano"", ""uso_industrial"", ""cuenca_guadalquivir""]",0.95,"La publicación es un anuncio de la CHG Guadalquivir sobre una concesión múltiple: riego (5,8 ha) y abastecimiento industrial, activando AGU_GEN (uso no específico en el contexto general), AGU_RIE (""riego de 5,8 ha""), AGU_ABS (""abastecimiento"") y AGU_IND (""uso industrial""). La cuenca es Guadalquivir por ""Comisaría de Aguas de la Confederación Hidrográfica del Guadalquivir"" y ""Aluvial del Guadalquivir"".",74.173
49,boe,Anuncio de la Comunidad de Regantes Nava de Arriba sobre convocatoria de Junta General.,AGU_RIE,True,AGU_RIE,uso_agricola,,True,anuncio,"[""AGU_RIE""]","[""uso_agricola"", ""cuenca_guadalquivir""]",0.95,"El texto menciona ""Comunidad de Regantes"" y ""convocatoria de Junta General"", lo cual activa claramente la categoría AGU_RIE (riego). Al no especificar la cuenca, se asume por defecto la cuenca del Guadalquivir que es la más común para este tipo de entidades en el BOE, aunque sin confirmación explícita podría ser una inferencia. La subcategoría ""uso_agricola"" es consistente con el riego.",63.081
50,dogv,"RESOLUCIÓN de 17 de septiembre de 2024, de la Dirección General de Urbanismo, Paisaje y Evaluación Ambiental, por la que se formula un informe de impacto ambiental del proyecto de sondeo para captación de aguas subterráneas en la parcela 113, polígono 4, partida Tarafes del término municipal de Xaló (Alicante). Expediente: (3593978) 215/2024/AIA.",AGU_SND,True,AGU_SND,cuenca_jucar,,True,resolución,"[""AGU_SND""]","[""uso_urbano"", ""cuenca_segura""]",0.92,"El texto menciona explícitamente ""sondeo para captación de aguas subterráneas"", lo que activa la categoría AGU_SND (no AGU_GEN). La provincia de Alicante y el término municipal de Xaló sitúan la ubicación en la cuenca del Segura, por lo tanto se asigna subcategoría cuenca_segura. El proyecto tiene fines de abastecimiento urbano para desarrollo urbanístico en zona costera, indicando uso_urbano aunque no esté escrito explícitamente como ""agua potable"", se infiere por contexto de desarrollo urbano.",68.316
51,boib,"Resolución de la directora general de Armonización Urbanística y Evaluación Ambiental por la cual se formula el informe de impacto ambiental sobre el Proyecto de una captación de aguas subterráneas (sondeo), en la finca «Penya Rotja», polígono 14, parcela 43 en el Término Municipal de Son Servera (Exp. 102a/2024)",AGU_SND,True,AGU_SND,cuenca_insular,,True,resolución,"[""AGU_SND""]","[""uso_urbano"", ""cuenca_insular""]",0.95,"""Captación de aguas subterráneas (sondeo)"" activa AGU_SND. La ubicación 'Son Servera' (Mallorca, Islas Baleares) determina cuenca_insular. El contexto de una finca municipal sugiere posible uso urbano/abastecimiento, pero la descripción no especifica el uso exacto del agua, por lo que uso_urbano es inferido como probable en esta zona insular, aunque sin señal explícita de abastecimiento municipal, podría ser más bien AGU_SND puro. Dado que no hay mención clara de uso (solo 'sondeo'), quizás solo AGU_SND y cuenca_insular. Reevaluando: el texto dice ""captación de aguas subterráneas"" -> AGU_SND. No especifica uso, así que sin usar AGU_GEN porque AGU_SND excluye AGU_GEN. Cuenca insular por ubicación Baleares.""",86.444
52,dogv,"RESOLUCIÓN de 26 de septiembre de 2024, del director general de Urbanismo, Paisaje y Evaluación Ambiental, por la cual se formula el informe de impacto ambiental del proyecto de sondeo para captación de aguas subterráneas en la parcela 379, polígono 12, del término municipal de Useras. Expediente: (3488985) 121/2024/AIA.",AGU_SND,True,AGU_SND,cuenca_jucar,,True,resolución,"[""AGU_SND""]","[""uso_agricola"", ""cuenca_jucar""]",0.95,"El texto menciona explícitamente ""sondeo para captación de aguas subterráneas"" (señal AGU_SND) y el proyecto está en Useras (Castellón), que pertenece a la Confederación Hidrográfica del Júcar. La referencia a impacto ambiental sugiere un uso agrícola típico de estos sondeos (uso_agricola).",58.549
53,dogv,"RESOLUCIÓN de 3 de febrero de 2025, de la Dirección General de Urbanismo, Paisaje y Evaluación Ambiental, por la que se formula el informe de impacto ambiental del Proyecto de sondeo para captación de aguas subterráneas, parcela 33 del polígono 40 del término municipal de Vistabella del Maestrat (Castellón). Expediente: (3524000) 147/2024/AIA.",AGU_SND,True,AGU_SND,cuenca_jucar,,True,resolución,"[""AGU_SND""]","[""uso_agricola"", ""cuenca_mino_sil""]",0.92,"El texto menciona ""sondeo para captación de aguas subterráneas"" lo que activa la categoría AGU_SND (no AGU_GEN). Se asigna uso_agricola por ser una captación puntual típica para riego, y cuenca_mino_sil porque el término municipal es de Castellón (territorio de la CHMS).",58.67
54,dogv,"RESOLUCIÓN de 20 de enero de 2025, de la Dirección General de Urbanismo, Paisaje y Evaluación Ambiental, por la cual se formula un informe de impacto ambiental del proyecto de sondeo para captación de aguas subterráneas en la parcela 159, polígono 13, del término municipal de Relleu . Expediente: (3487745) 131/2024/AIA.",AGU_SND,True,AGU_SND,cuenca_jucar,,True,información_pública,"[""AGU_SND""]",[],0.98,"La descripción menciona explícitamente ""sondeo para captación de aguas subterráneas"", lo que activa la categoría AGU_SND. No hay indicios de uso agrícola, urbano o industrial ni pertenencia a una Red Natura específica en el fragmento proporcionado. El documento es un informe de impacto ambiental (I.E.A.) asociado al expediente del sondeo.",56.261
55,dogv,"RESOLUCIÓN de 19 de febrero de 2025, de la Dirección General de Urbanismo, Paisaje y Evaluación Ambiental, por la cual se formula Informe de impacto ambiental del proyecto de sondeo para captación de aguas subterráneas en la parcela 71, polígono 13, del término municipal de Figueroles. Expediente: (3557724) 240/2024/AIA.",AGU_SND,True,AGU_SND,cuenca_jucar,,True,resolución,"[""AGU_SND""]",[],0.95,"El texto indica explícitamente ""sondeo para captación de aguas subterráneas"", lo que corresponde a la categoría AGU_SND según las señales léxicas definidas (""sondeo"", ""captación de aguas subterráneas""). No se menciona un uso concreto (como riego o abastecimiento), por lo que no se asignan etiquetas N3 y es solo una categoría.",57.664
56,dogv,"RESOLUCIÓN de 17 de enero de 2025, de la Dirección General de Urbanismo, Paisaje y Evaluación Ambiental, por la cual se formula informe de impacto ambiental del proyecto de sondeo para captación de aguas subterráneas en la parcela 11 del polígono 22, partida Garroferos, en el término municipal de Monforte del Cid (Alicante). Expediente: (3603557) 259/2024/AIA.",AGU_SND,True,AGU_SND,cuenca_jucar,,True,resolución,"[""AGU_SND""]","[""uso_urbano"", ""cuenca_segura""]",0.95,"El texto menciona explícitamente ""sondeo para captación de aguas subterráneas"", lo que corresponde a la categoría AGU_SND. La ubicación en Monforte del Cid (Alicante) indica que se trata de la cuenca del Segura, por lo que añadimos uso_urbano y cuenca_segura como subcategorías relevantes para el contexto.",59.418
57,docm,"Resolución de 12/03/2025, de la Delegación Provincial de Desarrollo Sostenible de Toledo, por la que se formula informe de impacto ambiental del proyecto: Captación de aguas subterráneas para riego de árboles variados y pequeña huerta (expediente PRO-TO-23-3262), en el término municipal de Menasalbas (Toledo).",AGU_SND,True,"AGU_SND,AGU_RIE","uso_agricola,cuenca_tajo",,True,resolución,"[""AGU_SND"", ""AGU_RIE""]","[""uso_agricola""]",0.92,"""Captación de aguas subterráneas"" activa AGU_SND como sondeo/captación puntual. ""para riego de árboles variados y pequeña huerta"" activa AGU_RIE y la subcategoría uso_agricola. La confianza es alta por las señales explícitas sin ambigüedad.""",56.332
58,dogv,"RESOLUCIÓN de 11 de julio de 2024, de la Dirección General de Urbanismo, Paisaje y Evaluación Ambiental, por la que se formula informe de impacto ambiental del Proyecto de captación de aguas subterráneas para abastecimiento hídrico de la parcela 296 del polígono 43, partida les Sutarraes en el término municipal de Vinaròs. Expediente: (3495540) 122/2024/AIA.",AGU_SND,True,AGU_SND,"uso_urbano,cuenca_jucar",,True,resolución,"[""AGU_GEN""]","[""uso_urbano"", ""cuenca_insular""]",0.95,"La resolución se refiere a un ""Proyecto de captación de aguas subterráneas para abastecimiento hídrico"", lo que indica una autorización de agua (AGU_GEN). El término ""abastecimiento"" señala el uso urbano. La ubicación Vinaròs es en las Islas Baleares, por lo que corresponde a la cuenca insular.",58.378
59,dogv,"RESOLUCIÓN de 17 de septiembre de 2024, de la Dirección General de Urbanismo, Paisaje y Evaluación Ambiental, por la que se formula el informe de impacto ambiental del proyecto de sondeo para captación de aguas subterráneas en el polígono 26, parcela 944, partida Las Arenas, del término municipal de Cabanes. Expediente: (3525940)188/2024/AIA.",AGU_SND,True,AGU_SND,cuenca_jucar,,True,resolución,"[""AGU_SND""]","[""uso_urbano"", ""cuenca_mino_sil""]",0.95,"El texto menciona explícitamente ""sondeo para captación de aguas subterráneas"", lo que activa la categoría AGU_SND sin necesidad de añadir AGU_GEN. El polígono y término municipal están en la provincia de Castellón, ubicada dentro de la Confederación Hidrográfica del Miño-Sil (cuenca_mino_sil). Además, el contexto de sondeo implica captación para posibles usos locales o municipales, por lo que uso_urbano es plausible como subcategoría.",66.087
60,dogv,"RESOLUCIÓN de 26 de septiembre de 2024, de la Dirección General de Urbanismo, Paisaje y Evaluación Ambiental, por la cual se formula informe de impacto ambiental del proyecto de sondeo para captación de aguas subterráneas en la parcela 509, polígono 4, partida Tarafes del término municipal de Beniarbeig (Alicante). Expediente: (3603591) 228/2024/AIA.",AGU_SND,True,AGU_SND,cuenca_jucar,,True,resolución,"[""AGU_SND""]","[""uso_urbano"", ""cuenca_segura""]",0.85,"La publicación menciona explícitamente ""sondeo para captación de aguas subterráneas"", lo que activa la categoría AGU_SND (sondeo/captación puntual). Se asigna uso_urbano por inferencia, dado que el contexto es un informe de impacto ambiental para una autorización administrativa de urbanismo, lo cual sugiere abastecimiento municipal. Se asigna cuenca_segura ya que la provincia mencionada es Alicante, perteneciente a la Confederación Hidrográfica del Segura.",65.668
61,bocyl,"RESOLUCIÓN de 5 de febrero de 2025, de la Delegación Territorial de León, por la que se dicta el informe de impacto ambiental del proyecto de ejecución de un sondeo de captación de aguas subterráneas para abastecimiento de agua potable en la localidad de Santiago Millas, en el término municipal de Santiago Millas (León), promovido por el Ayuntamiento. Expte.: I.A. 029/2024.",AGU_SND,True,"AGU_SND,AGU_ABS","uso_urbano,cuenca_duero",,True,resolución,"[""AGU_SND"", ""AGU_ABS""]","[""uso_urbano"", ""cuenca_mino_sil""]",0.95,"La descripción menciona explícitamente ""sondeo de captación de aguas subterráneas"" (etiqueta AGU_SND) y ""abastecimiento de agua potable"" (etiqueta AGU_ABS). Al ser un proyecto del Ayuntamiento en León, se asigna la cuenca_mino_sil por pertenencia geográfica al ámbito del Miño-Sil.",60.346
62,dogv,"RESOLUCIÓN de 21 de octubre de 2024, de la Dirección General de Urbanismo, Paisaje y Evaluación Ambiental, por la cual se formula el informe de impacto ambiental del proyecto de sondeo para la captación de aguas subterráneas en la parcela 581, polígono 3, del término municipal de Alfarp (Valencia). Expediente: (3563584) 224/2024/AIA.",AGU_SND,True,AGU_SND,cuenca_jucar,,True,resolución,"[""AGU_SND""]","[""uso_agricola""]",0.95,"La descripción menciona explícitamente ""sondeo para la captación de aguas subterráneas"", lo cual activa la categoría AGU_SND (Sondeo / captación puntual). Al tratarse de una parcela municipal en territorio continental, se infiere que el uso típico de estas captaciones es agrícola/riego.",55.15
63,dogv,"RESOLUCIÓN de 17 de enero de 2025, de la Dirección General de Urbanismo, Paisaje y Evaluación Ambiental, por la cual se formula un informe de impacto ambiental del proyecto de sondeo para la captación de aguas subterráneas, en la partida LG Venta Mina PL 04 123 del término municipal de Siete Aguas (Valencia). Expediente: (3326434) 171/2023/AIA.",AGU_SND,True,AGU_SND,cuenca_jucar,,True,resolución,"[""AGU_SND""]","[""uso_agricola"", ""cuenca_mino_sil""]",0.95,"La descripción menciona explícitamente ""sondeo para la captación de aguas subterráneas"", lo que activa la categoría AGU_SND (sondeo / captación puntual de aguas subterráneas). Se asigna uso agrícola por tratarse de una partida LG con terminología asociada a explotaciones mineras y agrícolas en Valencia, y cuenca del Mino-Sil ya que el proyecto está en Valencia (interior) donde corresponde a esta cuenca según la organización territorial. El texto cita directamente ""sondeo para la captación de aguas subterráneas"" que dispara AGU_SND.""",70.658
64,bocyl,"ANUNCIO del Servicio Territorial de Industria, Comercio y Economía de León, relativo a la aprobación del proyecto para la perforación de un sondeo para captación de aguas subterráneas, en el término municipal de San Andrés del Rabanedo (León). Expte.: 71155/23.",AGU_SND,True,AGU_SND,cuenca_duero,,True,anuncio,"[""AGU_SND""]","[""uso_agricola"", ""cuenca_mino_sil""]",0.95,"El texto describe un ""sondeo para captación de aguas subterráneas"", lo que corresponde a la categoría AGU_SND. La ubicación en San Andrés del Rabanedo (León), dentro de la Confederación Hidrográfica del Miño-Sil, implica la subcategoría cuenca_mino_sil. Al tratarse de una perforación y no especificarse el uso concreto, se mantiene el uso agrícola por defecto o genérico de aprovechamiento hídrico en zonas rurales, aunque también podría ser uso energético si la instalación lo permitiera. La confianza es alta por la claridad del término ""sondeo para captación"".",70.528
65,dogc,"Anuncio sobre aprobación definitiva de la modificación del anexo I de la Ordenanza núm. 16, reguladora de las prestaciones patrimoniales de carácter público no tributario, referida a la prestación del servicio de suministro de agua potable",AGU_ABS,True,AGU_ABS,uso_urbano,,True,anuncio,"[""AGU_ABS""]","[""uso_urbano"", ""cuenca_insular""]",0.95,"El texto menciona explícitamente ""suministro de agua potable"", lo que corresponde a la categoría AGU_ABS y subcategoría uso_urbano. Además, el ámbito autonómico con Boletín Oficial del Estado (DOGC) indica que se trata de una concesión en Baleares, correspondiente a cuenca_insular.",55.284
66,borm,Padrón correspondiente al listado cobratorio de abastecimiento de agua y alcantarillado correspondiente al cuarto trimestre de 2024.,AGU_ABS,False,,,,True,información_pública,"[""AGU_ABS""]","[""uso_urbano"", ""cuenca_insular""]",0.85,"El documento es un ""Padrón correspondiente al listado cobratorio de abastecimiento de agua"" que activa la categoría AGU_ABS para abastecimiento urbano. Se asigna cuenca_insular por tratarse del BORM (Boletín Oficial de las Islas), que cubre Canarias y Baleares, lo cual implica organismos hidráulicos insulares. El término ""alcantarillado"" se asocia al uso urbano en el contexto de servicios municipales básicos.",62.474
67,docm,"Resolución de 17/03/2025, de la Dirección General de Medio Natural y Biodiversidad, por la que se aprueba la ocupación de terrenos en la vía pecuaria denominada Abrevadero-Descansadero del Olivar (Cañada del Río), en el término municipal de Escalona, provincia de Toledo, con destino a instalación de tubo para captación de agua potable del río Alberche, cuya persona solicitante es Inversiones y Proyectos y Construcciones, SA. Número de expediente: S244-45-0259-2022.",AGU_ABS,True,"AGU_ABS,VIA_PEC","uso_urbano,cuenca_tajo",,True,resolución,"[""VIA_PEC"", ""AGU_ABS""]","[""uso_urbano"", ""cuenca_tajo""]",0.95,"La publicación aprueba la ocupación de terrenos en una vía pecuaria denominándose Abrevadero-Descansadero, activando la categoría VIA_PEC. Simultáneamente, el texto menciona ""captación de agua potable del río Alberche"", que es abastecimiento municipal (AGU_ABS). El río Alberche pertenece a la cuenca del Tajo y el organismo rector es la Dirección General de Medio Natural en Toledo, confirmando la subcuenca.",65.208
68,dogc,"Anuncio sobre aprobación definitiva del Proyecto de mejora de la red de abastecimiento de aguas, alcantarillado y pluviales de las calles Carnisseries y Segrià de Alcoletge",AGU_ABS,True,AGU_ABS,uso_urbano,,True,anuncio,"[""AGU_ABS""]","[""uso_urbano"", ""cuenca_insular""]",0.92,"El texto menciona ""Proyecto de mejora de la red de abastecimiento de aguas"" y ""alcantarillado"", lo cual es claramente señal de uso urbano para el uso_urbano. Al ser un Boletín Oficial de Cataluña (DOGC), se infiere que pertenece a una demarcación insular o autonómica, por lo tanto, cuenca_insular es la subcategoría adecuada.",58.96
69,borm,Información pública para la aprobación inicial del anteproyecto de construcción y explotación del contrato de concesión del servicio publico de abastecimiento de agua potable y saneamiento del municipio de Alcantarilla.,AGU_ABS,True,AGU_ABS,uso_urbano,,True,información_pública,"[""AGU_ABS""]","[""uso_urbano"", ""cuenca_segura""]",0.95,"El texto menciona explícitamente ""abastecimiento de agua potable"" (señal de AGU_ABS y uso urbano) y la ubicación ""Alcantarilla"", que es un municipio en la Región de Murcia, por lo que corresponde a la cuenca del Segura. El acto administrativo es una información pública para aprobación de anteproyecto.",56.302
70,boca,"Secretaría General Técnica.- Anuncio por el que se hace pública la Resolución de 14 de febrero de 2025, que acuerda la remisión a la Sala de lo Contencioso-administrativo, Sección Primera, del Tribunal Superior de Justicia de Canarias, en Las Palmas de Gran Canaria, del expediente administrativo relativo a la Resolución de 23 de octubre de 2024, de la Viceconsejería de Industria, Comercio y Consumo, por la que se desestima la modificación de las tarifas del servicio público de abastecimiento de agua a poblaciones para su aplicación en la isla de Lanzarote y La Graciosa, con motivo del recurso n.º 37/2025, interpuesto por la entidad Canal Gestión Lanzarote, S.A.U., y emplaza a los interesados en el mismo.",AGU_ABS,True,AGU_ABS,"uso_urbano,cuenca_insular",,True,anuncio,"[""AGU_ABS""]","[""uso_urbano"", ""cuenca_insular""]",0.95,"La publicación menciona ""abastecimiento de agua a poblaciones"" y el ámbito insular (Canarias, Lanzarote, La Graciosa), lo que activa las categorías AGU_ABS para uso urbano y cuenca_insular. El texto es un anuncio público de resolución sobre tarifas de abastecimiento, no una concesión genérica ni un plan hidrológico.",60.993
71,dogv,ANUNCIO por el que se somete a información pública la actualización de tarifas de suministro de agua potable de Segorbe.,AGU_ABS,True,AGU_ABS,"uso_urbano,cuenca_jucar",,True,anuncio,"[""AGU_ABS""]","[""uso_urbano"", ""cuenca_mino_sil""]",0.95,"""actualización de tarifas de suministro de agua potable"" activa la categoría AGU_ABS y uso_urbano; Segorbe (Castellón) pertenece a la cuenca del Júcar, pero la descripción no menciona explícitamente la Confederación Hidrográfica del Júcar ni su nombre. Sin embargo, en el contexto autonómico castellonense, esta área cae bajo gestión de la cuenca Júcar (CHJ), por lo que se asigna cuenca_jucar (no mino_sil). La justificación debe corregirse: el texto menciona ""agua potable"" → AGU_ABS y uso_urbano. Por falta de mención de cuenca, no se asigna ninguna subcategoría de cuenca.",74.743
72,dogc,Anuncio sobre aprobación del Proyecto constructivo para la renovación de la red de distribución de agua potable del municipio de Òdena (exp. 192/2025),AGU_ABS,True,AGU_ABS,uso_urbano,,True,anuncio,"[""AGU_ABS""]","[""uso_urbano"", ""cuenca_guadalquivir""]",0.95,"El texto menciona explícitamente ""red de distribución de agua potable"" y ""abastecimiento"" (uso urbano). Al tratarse de un anuncio de aprobación en DOGC (Cataluña), la cuenca asociada por defecto es la del Ebro, pero dado que se trata de una categoría específica y no se menciona la cuenca explícitamente, la inferencia más segura para Cataluña es la cuenca del Ebro. Revisando las reglas: ""confederación hidrográfica"" no es señal de AGU_GEN, aquí sí hay uso específico (agua potable). Por tanto, is_relevant=True con categoría AGU_ABS y subcategoría uso_urbano. La cuenca debería ser Ebro para Cataluña, pero como no se menciona explícitamente en el texto, la asignación de cuenca es inferencial y podría ser más segura sin ella si no hay datos geográficos claros. Sin embargo, las reglas dicen ""inferir desde el organismo emisor o la provincia/comunidad mencionada"". DOGC implica Cataluña, que corresponde a cuenca_ebro.",91.613
73,dogc,Anuncio sobre aprobación inicial del Proyecto constructivo de renovación de la red de abastecimiento de agua antigua del sector noreste de Sant Pere Pescador (exp. X2024001580),AGU_ABS,True,AGU_ABS,uso_urbano,,True,anuncio,"[""AGU_ABS""]","[""uso_urbano""]",0.95,"La descripción indica ""aprobación inicial del Proyecto constructivo de renovación de la red de abastecimiento de agua"", lo que activa la categoría AGU_ABS por referencia a abastecimiento urbano. El fragmento clave es ""red de abastecimiento de agua"".",50.288
74,boib,Aprobación inicial de la modificación de la ordenanza reguladora de la prestación patrimonial de carácter no tributario derivada de la gestión del servicio público de abastecimiento de agua potable y saneamiento en Sant Antoni de Portmany,AGU_ABS,True,AGU_ABS,"uso_urbano,cuenca_insular",,True,aprobación,"[""AGU_ABS""]","[""uso_urbano"", ""cuenca_insular""]",0.92,"El texto menciona explícitamente ""abastecimiento de agua potable"" (señal de AGU_ABS) y se refiere a ""Sant Antoni de Portmany"", un municipio de Ibiza (Baleares), lo que indica el organismo autónomo insular y, por tanto, la cuenca_insular. La ordenanza regula la prestación del servicio público de abastecimiento, confirmando la naturaleza urbana del uso del agua.",60.26
75,doe,"Decreto 8/2025, de 18 de febrero, sobre declaración de urgencia de la ocupación de terrenos para ejecución de las obras de ""Mejora del sistema de abastecimiento de agua para la eficiencia hídrica en Pozuelo de Zarzón (Cáceres)"".",AGU_ABS,True,AGU_ABS,"uso_urbano,cuenca_tajo",,True,decreto,"[""AGU_ABS""]","[""uso_urbano"", ""cuenca_tajo""]",0.95,"El texto menciona explícitamente ""sistema de abastecimiento de agua"" y la ubicación en Pozuelo de Zarzón, Cáceres (Cuenca del Tajo), lo que indica un uso urbano/abastecimiento. El acto es un Decreto declarando urgencia para obras relacionadas con este abastecimiento.",55.866
76,boib,Notificación colectiva de liquidaciones y anuncio de cobranza de la tasa por la prestación del servicio de suministro intermunicipal de agua potable correspondiente al año 2025 de la Mancomunidad Migjorn de Mallorca,AGU_ABS,True,AGU_ABS,"uso_urbano,cuenca_insular",,True,notificación,"[""AGU_ABS""]","[""uso_urbano"", ""cuenca_insular""]",0.95,"La descripción menciona ""prestación del servicio de suministro intermunicipal de agua potable"", lo cual activa la categoría AGU_ABS (abastecimiento urbano). La referencia a ""Mancomunidad Migjorn de Mallorca"" ubica el asunto en las Islas Baleares, correspondiendo a la cuenca insular.",54.395
77,boib,Aprobación de la revisión de precios de la concesión del Servicio Municipal de Abastecimiento de Agua Potable al municipio de Andratx,AGU_ABS,True,AGU_ABS,"uso_urbano,cuenca_insular",,True,aprobación,"[""AGU_ABS""]","[""uso_urbano"", ""cuenca_insular""]",0.98,"El texto menciona explícitamente ""abastecimiento de agua potable"" al municipio de Andratx, activando la categoría AGU_ABS y uso_urbano. La referencia a ""Municipal"", ""Servicio Municipal"" y la ubicación de Andratx en las Islas Baleares permiten inferir la cuenca_insular.",55.501
78,dogc,"Anuncio sobre aprobación inicial del Proyecto de obras para la sustitución de la tubería de abastecimiento de agua potable en la urbanización Royal Park, en el tramo del camino de Can Dansa al depósito Royal 1",AGU_ABS,True,AGU_ABS,uso_urbano,,True,anuncio,"[""AGU_ABS""]","[""uso_urbano"", ""cuenca_insular""]",0.95,"La descripción menciona explícitamente ""abastecimiento de agua potable"", lo que activa la categoría AGU_ABS y uso urbano. Dado que el boletín es DOGC (Diari Oficial de la Generalitat de Catalunya), se infiere la cuenca insular (Canarias o Baleares).",53.637
79,dogc,Anuncio sobre aprobación definitiva de la Ordenanza municipal reguladora de la prestación patrimonial de carácter no tributario del servicio de suministro de agua potable,AGU_ABS,True,AGU_ABS,uso_urbano,,True,anuncio,"[""AGU_ABS""]","[""uso_urbano"", ""cuenca_insular""]",0.92,"El texto menciona explícitamente ""servicio de suministro de agua potable"", lo que activa la categoría AGU_ABS y el subcatálogo uso_urbano. Dado que es una ordenanza municipal del BOGC (Cataluña, ámbito insular por el nombre), la cuenca es insular.",53.609
80,boe,"Anuncio del Área de Industria y Energía de la Subdelegación del Gobierno en Zaragoza por el que se somete a información pública la declaración de impacto ambiental y la solicitud de autorización administrativa previa del expediente CHidr-003 relativo al proyecto central hidroeléctrica reversible Dehesa de Ganaderos, de 95 MW en turbinación y 110 MW en bombeo, de potencia instalada y para su infraestructura de evacuación, en los términos municipales de La Muela y Zaragoza, en la provincia de Zaragoza.",AGU_IND,True,AGU_IND,"uso_energetico,cuenca_ebro",,True,anuncio,"[""AGU_IND""]","[""uso_energetico"", ""cuenca_ebro""]",0.98,"La descripción menciona explícitamente un ""proyecto central hidroeléctrica reversible"" y ""infraestructura de evacuación"", lo cual activa la categoría AGU_IND con el subtipo uso_energetico. La Subdelegación del Gobierno en Zaragoza está en la cuenca Ebro (CHidr-003), por lo que se asigna cuenca_ebro.",59.43
81,dog,"ANUNCIO de 6 de marzo de 2025, de la Comisaría de Augas de Galicia, por el que se somete al trámite de información pública el expediente de extinción de un título concesional con destino a aprovechamiento hidroeléctrico, titularidad de CH Electra Batán, S.L., en el río Calvar, ayuntamiento de Coristanco, A Coruña (clave 10/149/12).",AGU_IND,True,AGU_IND,"uso_energetico,cuenca_cantabrico",,True,anuncio,"[""AGU_IND""]","[""uso_energetico"", ""cuenca_cantabrico""]",0.95,"El texto menciona explícitamente ""aprovechamiento hidroeléctrico"" (señal de AGU_IND y uso_energetico). La entidad ""CH Electra Batán, S.L."" se emite bajo la Confederación Hidrográfica del Cantábrico (A Coruña) (cuenca_cantabrico).",58.135
82,boca,"Consejo Insular de Aguas de Lanzarote.- Anuncio de 25 de febrero de 2025, por el que se somete a información pública la solicitud de autorización administrativa para el uso de los pozos de captación y vertido de agua asociados a un aprovechamiento de agua para la mejora de la eficiencia mediante energía geotérmica de baja entalpía del sistema de refrigeración de las instalaciones del Rancho Texas Park, ubicado en Puerto del Carmen, en el término municipal de Tías.- Expte. 173-2025.",AGU_IND,True,AGU_IND,"uso_energetico,cuenca_insular",,True,anuncio,"[""AGU_IND"", ""ESP_NAT""]","[""uso_energetico"", ""cuenca_insular""]",0.95,"El texto menciona explícitamente ""aprovechamiento de agua para la mejora de la eficiencia mediante energía geotérmica"" (uso energético, AGU_IND) y la ubicación ""Puerto del Carmen en Tías"" (Canarias, cuenca insular). La mención a ""sistema de refrigeración"" refuerza el uso energético/industrial. También aparece ""Rancho Texas Park"", pero no hay señales explícitas de espacios naturales protegidos (como ""Reserva Natural"" o ""Parque Nacional""), por lo que la etiqueta ESP_NAT podría ser dudosa; sin embargo, dado que es un anuncio de información pública sobre una solicitud en Canarias, el uso principal es claramente energético.",76.391
83,bocyl,"INFORMACIÓN pública relativa a la solicitud de autorización administrativa previa y autorización administrativa de construcción para una instalación de producción de energía eléctrica, mediante tecnología fotovoltaica hibridada con central hidroeléctrica, denominada «FV Salto del Martinete» de 500 kW de potencia, en el término municipal de Palazuelos de Eresma (Segovia), como hibridación de la central hidroeléctrica existente denominada «CH Salto del Martinete» de 520 kW de potencia. Expte.: 40/FV/2869.",AGU_IND,True,AGU_IND,"uso_energetico,cuenca_duero",,True,información_pública,"[""AGU_IND"", ""ESP_NAT""]","[""uso_energetico"", ""cuenca_tajo""]",0.95,"La publicación menciona explícitamente una ""instalación de producción de energía eléctrica"" y ""central hidroeléctrica"", lo que activa la categoría AGU_IND con subcategoría uso_energetico. Al ubicarse en Palazuelos de Eresma (Segovia), corresponde a la Confederación Hidrográfica del Tajo, por tanto cuenca_tajo. Además, al tratarse de una central hidroeléctrica existente, existe una probable conexión con el dominio forestal o montes públicos para la gestión del embalse, aunque no se menciona explícitamente ""monte de utilidad pública"", solo es un contexto asociado que podría justificar la etiqueta ESP_NAT si tuviera algún carácter protegido, pero en este caso parece ser una inferencia débil. Sin embargo, la descripción no incluye mención a espacios naturales protegidos ni términos como zona ZEPA o ZEC, por lo que quizás no debería incluirse ESP_NAT. Revisando las señales léxicas: ""central hidroeléctrica"" es clara para AGU_IND. ""Palazuelos de Eresma (Segovia)"" ubica claramente en cuenca del Tajo. No hay señal de espacio natural protegido. Corregir: Solo AGU_IND y cuenca_tajo.",103.512
84,boe,"Anuncio de la Confederación Hidrográfica del Miño-Sil, O.A. de información pública del expediente de extinción del aprovechamiento de agua del arroyo Valdetimones, en el paraje Raniella de Sotillo de Cabrera, término municipal de Benuza, provincia de León, con destino a uso industrial (Refrigeración de hilo diamantado y riego accesos). A/24/04465/E.",AGU_IND,True,AGU_IND,"uso_industrial,cuenca_mino_sil",,UnexpectedModelBehavior,145.289
85,bocm,"Vías pecuarias
– Resolución de 9 de enero de 2025, del Director General de Agricultura, Ganadería y Alimentación, por la que se anuncia la exposición pública relativa a la autorización de ocupación temporal de la vía pecuaria Colada Galiana, en el término municipal de Torres de la Alameda, para la instalación de la línea de evacuación Subterránea LSMT Grillete, actuación promovida por Grillete Solar, S. L. U.",VIA_PEC,True,VIA_PEC,,,True,resolución,"[""VIA_PEC"", ""ESP_NAT""]",[],0.92,"La descripción menciona explícitamente ""vía pecuaria"" y ""Colada Galiana"", activando la categoría VIA_PEC. Además, al ser una vía pecuaria en términos municipales de España, está frecuentemente asociada a espacios naturales protegidos o zonas de especial protección (como se indica con el fragmento ""exposición pública relativa a la autorización de ocupación temporal de la vía pecuaria"", lo que implica una afección a un espacio de interés ambiental o natural).",123.232
86,bocm,"Vías pecuarias
– Resolución de 11 de diciembre de 2024, del Director General de Agricultura, Ganadería y Alimentación, por la que se anuncia la exposición pública relativa a la autorización de ocupación temporal de la vía pecuaria Descansadero de El Ardal, en el término municipal de San Agustín del Guadalix, para instalación de pantallas fonoabsorbentes en dos tramos independientes, actuación promovida por Neinor Península, S. L.",VIA_PEC,True,VIA_PEC,,,True,resolución,"[""VIA_PEC""]",[],0.98,"El texto menciona explícitamente ""Vías pecuarias"" y ""autorización de ocupación temporal de la vía pecuaria Descansadero de El Ardal"", lo que activa la categoría VIA_PEC correspondiente a vías pecuarias. No hay mención de uso específico del agua ni de demarcación hidrográfica, por lo que las subcategorías de cuenca quedan vacías y no se aplican etiquetas de aguas.",115.485
87,boa,"ANUNCIO del Instituto Aragonés de Gestión Ambiental, por el que se somete a información pública el expediente para la ocupación temporal de terrenos en la vía pecuaria ""Cordel de Liri a La Picada"", de titularidad de la Comunidad Autónoma de Aragón, en el municipio de Benasque (Huesca), para la construcción de las instalaciones de la telecabina monocable Benasque-Cerler, promovida por el Ayuntamiento de Benasque (Número de Expediente: INAGA 220101/56/2024/12281).",VIA_PEC,True,VIA_PEC,,,True,anuncio,"[""VIA_PEC""]","[""cuenca_ebro""]",0.95,"La descripción menciona explícitamente ""vía pecuaria 'Cordel de Liri a La Picada'"" y la ocupación de terrenos, lo que activa la categoría VIA_PEC. La cuenca Ebro se infiere por el contexto de Benasque (Huesca) y el Instituto Aragonés de Gestión Ambiental (INAGA), organismo de la Confederación Hidrográfica del Ebro.",59.578
88,bocyl,"INFORMACIÓN pública relativa a la ocupación temporal de terrenos en la vía pecuaria «Cañada de Extremadura a León», en el término municipal de La Mudarra (Valladolid). Expte.: VA-VP-24151-O.",VIA_PEC,True,VIA_PEC,,,True,información_pública,"[""VIA_PEC""]",[],0.98,"La publicación menciona ""ocupación temporal de terrenos en la vía pecuaria «Cañada de Extremadura a León»"", que activa claramente la categoría VIA_PEC por los términos ""vía pecuaria"" y ""cañada"". El acto es una ""INFORMACIÓN pública"", por lo que el act_type es información_pública. La cuenca no se especifica en el texto, aunque Valladolid pertenece a la cuenca del Duero (CHD), pero como no hay mención explícita de la Confederación Hidrográfica del Duero ni referencia directa al río Duero o sistema fluvial que permita inferirlo con seguridad absoluta sin suposiciones geográficas generales sobre la provincia, me abstengo de asignar una subcategoría de cuenca para evitar infirer más allá de lo que dice el texto.",77.321
89,docm,"Resolución de 04/02/2025, de la Delegación Provincial de Desarrollo Sostenible de Ciudad Real, por la que se convoca al levantamiento de actas previas a la ocupación de las fincas afectadas por el proyecto: Instalación solar fotovoltaica denominada FV Braza Cordel, infraestructuras auxiliares y de evacuación. Referencia: 13270209195.",VIA_PEC,True,VIA_PEC,,,False,resolución,[],[],0.98,"El texto menciona ""instalación solar fotovoltaica"" y ""ocupación de las fincas"", pero no hace referencia a agua, vías pecuarias, montes protegidos, espacios naturales o residuos. La ocupación para una central solar es infraestructura energética genérica sin relación con la normativa hídrica o de biodiversidad.",52.81
90,bocm,"Vías pecuarias
– Resolución de 26 de febrero de 2025, del Director General de Agricultura, Ganadería y Alimentación, por la que se anuncia la exposición pública relativa a la autorización de ocupación temporal de la vía pecuaria Colada de Montesinos, en el término municipal de Alcalá de Henares, para instalación de una acometida de telecomunicaciones con objeto de dar servicio a la parcela 30A desde la avenida de Daganzo, actuación promovida por Telefónica de España, S. A. U.",VIA_PEC,True,VIA_PEC,,,True,resolución,"[""VIA_PEC""]",[],1.0,"El texto menciona explícitamente ""vía pecuaria Colada de Montesinos"" y ""ocupación temporal de la vía pecuaria"", lo cual activa directamente la categoría VIA_PEC. No hay información que permita inferir un uso del agua ni una cuenca hidrográfica específica, por lo que las subcategorías N3 son vacías.",55.096
91,bocm,"Vías pecuarias
– Resolución de 11 de febrero de 2025, del Director General de Agricultura, Ganadería y Alimentación, por la que se anuncia la exposición pública relativa a la autorización de ocupación temporal, de las vías pecuarias Colada Camino del Monte y Cordel de la Matapiñonera al Arroyo de la Vega Tramo 3, en el término municipal de San Sebastián de los Reyes, para el entronque del suministro eléctrico del CS de avenida de Somosierra, número 10, con el CT de Abonado, actuación promovida por Aofi Rishon, S. L. U.",VIA_PEC,True,VIA_PEC,,,True,anuncio,"[""VIA_PEC""]",[],0.95,"El texto menciona explícitamente ""Vías pecuarias"", ""ocupación temporal"" y ""vías pecuarias Colada Camino del Monte y Cordel de la Matapiñonera"", lo que corresponde a la categoría VIA_PEC. No hay señales de uso de agua, espacios naturales protegidos ni otras categorías adicionales en el texto proporcionado.",55.598
92,docm,"Anuncio de 08/01/2025, de la Delegación Provincial de Desarrollo Sostenible de Ciudad Real, sobre ocupación de terrenos en vía pecuaria Vereda del Camino del Vicario y Cordel de Ciudad Real (S244-13-1099-2024), en el término municipal de Ciudad Real (Ciudad Real), con destino a paralelismo y cruzamiento subterráneo de línea eléctrica.",VIA_PEC,True,VIA_PEC,,,True,anuncio,"[""VIA_PEC""]",[],0.95,"El texto menciona explícitamente ""ocupación de terrenos en vía pecuaria Vereda del Camino del Vicario y Cordel de Ciudad Real"", lo que activa la categoría VIA_PEC. No hay mención a aguas, montes protegidos o espacios naturales.",50.774
93,dogv,ANUNCIO de la concesión demanial en vía pecuaria del término municipal de La Vall d'Uixó. Expediente VP_2024_225.,VIA_PEC,True,VIA_PEC,,,True,anuncio,"[""VIA_PEC""]",[],0.95,"El texto menciona explícitamente ""concesión demanial en vía pecuaria"", activando la categoría VIA_PEC. No hay referencias a cuenca hidrográfica ni uso de agua específico, por lo que no se asignan etiquetas de aguas ni subcategorías adicionales.",50.255
94,docm,"Resolución de 05/03/2025, de la Dirección General de Medio Natural y Biodiversidad, por la que se aprueba la renovación de ocupación de terrenos en la vía pecuaria denominada Cañada Real de la Mancha a Murcia, en los términos municipales de La Roda y Minaya, provincia de Albacete, con destino a mantener LAMT 20 kV SAT Escribano Cabañero, cuya entidad beneficiaria es I-DE Redes Eléctricas Inteligentes, SAU (número de expediente: S244-02-0913-2024).",VIA_PEC,True,VIA_PEC,,,True,resolución,"[""VIA_PEC""]","[""cuenca_jucar""]",0.98,"La descripción menciona ""ocupación de terrenos en la vía pecuaria denominada Cañada Real"", activando la etiqueta VIA_PEC con fragmentos como ""vía pecuaria"" y ""Cañada Real"". La provincia Albacete pertenece a la cuenca del Júcar, justificando la subcategoría cuenca_jucar.",56.324
95,docm,"Anuncio de 31/01/2025, de la Delegación Provincial de Desarrollo Sostenible de Toledo, de deslinde de la vía pecuaria denominada Cañada Real de Alcázar en el término municipal de Cabezamesada provincia de Toledo en su totalidad.",VIA_PEC,True,VIA_PEC,,,True,anuncio,"[""VIA_PEC""]",[],0.95,"El texto menciona ""vía pecuaria"" y ""Cañada Real"", activando la categoría VIA_PEC. No hay señales de subcategorías específicas ni conflictos con otras categorías.",45.913
96,docm,"Resolución de 17/03/2025, de la Dirección General de Medio Natural y Biodiversidad, por la que se aprueba la ocupación de terrenos en la vía pecuaria denominada Cañada Real de las Matas, en el término municipal de Guadalajara, provincia de Guadalajara, con destino a cruzamiento subterráneo de la vía pecuaria con línea eléctrica de evacuación de instalación fotovoltaica, cuya persona solicitante es Pañol Solar, SL. Número de expediente: S244-19-0718-2023.",VIA_PEC,True,VIA_PEC,,,True,resolución,"[""VIA_PEC""]",[],0.98,"El texto menciona explícitamente ""vía pecuaria denominada Cañada Real de las Matas"" y ""aprobación de la ocupación de terrenos en la vía pecuaria"", lo que activa la categoría VIA_PEC. No hay mención a uso de agua, espacios naturales protegidos ni gestión de residuos, por lo que solo se aplica esta etiqueta.",55.995
97,borm,"Anuncio por el que se somete a información pública el pliego de condiciones que regirá en el expediente de ocupación de terrenos en la vía pecuaria denominada “Colada de Vera”, clasificada entre las del término municipal de Lorca, para acometidas de líneas subterráneas de media tensión a 20 kv para suministro eléctrico, solicitada por I-DE Redes Eléctricas Inteligentes, S.A.U.",VIA_PEC,True,VIA_PEC,,,True,anuncio,"[""VIA_PEC""]",[],0.95,"El texto menciona explícitamente ""vía pecuaria denominada Colada de Vera"" y ""ocupación de terrenos"", activando la categoría VIA_PEC para ocupación/modificación de vías pecuarias, con un alto nivel de confianza. La mención a ""líneas subterráneas... suministro eléctrico"" se refiere al uso del cableado (infraestructura eléctrica) y no implica una concesión específica de aguas ni una modificación de las condiciones de la vía pecuaria en sí misma (como cambios de ancho o tipo), por lo que no activaría AGU_GEN, AGU_IND u otras etiquetas hídricas.",68.839
98,borm,"Anuncio por el que se somete a información pública el Pliego de Condiciones que regirá en el expediente de ocupación de terrenos en la vía pecuaria denominada “Cordel de La Flor”, clasificada entre las del término municipal de Yecla, para trabajos de fibra óptica en vía pecuaria, solicitada por Lyntia Networks SAU.",VIA_PEC,True,VIA_PEC,,,True,anuncio,"[""VIA_PEC""]",[],0.95,"El texto menciona explícitamente ""vía pecuaria denominada 'Cordel de La Flor'"", lo que activa la categoría VIA_PEC (ocupación o modificación). No hay referencias a uso de agua ni a naturaleza protegida.",47.901
99,docm,"Notificación de 17/02/2025, de la Delegación Provincial de Desarrollo Sostenible de Toledo, por la que se procede a la publicación del anuncio del inicio del deslinde de la vía pecuaria denominada Cañada Real de Alcázar, en el término municipal de Villanueva de Alcardete, provincia de Toledo en el tramo que no va a caballera con Corral de Almaguer.",VIA_PEC,True,VIA_PEC,,,True,notificación,"[""VIA_PEC""]",[],0.95,"El texto contiene explícitamente ""deslinde de la vía pecuaria denominada Cañada Real de Alcázar"", lo que activa la categoría VIA_PEC y hace is_relevant=True. La provincia de Toledo no permite inferir una cuenca específica (podría ser Tajo o Guadiana), por lo que no se asigna subcategoría.",55.851
100,boa,"ANUNCIO del Instituto Aragonés de Gestión Ambiental, por el que se somete a información pública la concesión de ocupación temporal de terrenos de la vía pecuaria denominada como ""Cañada Real de Barcelona"" de titularidad de la Comunidad Autónoma de Aragón, en los términos municipales de Zaragoza y la Puebla de Alfindén (Zaragoza) para la alimentación de la nueva subestación ""Montepino"" a ejecutar en el polígono industrial Malpica, solicitada por Montepino Logística Zaragoza. (Número de Expediente: INAGA 500101/56/2024/10309).",VIA_PEC,True,VIA_PEC,,,True,anuncio,"[""VIA_PEC""]",[],1.0,"El texto menciona explícitamente ""vía pecuaria"", ""Cañada Real de Barcelona"", y ""ocupación temporal de terrenos"", lo cual activa la categoría VIA_PEC. No hay señal de agua, residuos ni espacios protegidos. La confianza es alta debido a la terminología exacta del dominio hídrico-natural aplicada a vías pecuarias.",55.648
101,docm,"Notificación de 17/02/2025, de la Delegación Provincial de Desarrollo Sostenible de Toledo, por la que se procede a la publicación del anuncio del inicio del deslinde de la vía pecuaria denominada Cañada Real de Alcázar, en el término municipal de Cabezamesada, provincia de Toledo en su totalidad en el municipio.",VIA_PEC,True,VIA_PEC,,,True,anuncio,"[""VIA_PEC""]",[],0.98,"El texto menciona explícitamente ""vía pecuaria denominada Cañada Real de Alcázar"" y ""inicio del deslinde"", lo que encaja perfectamente con la categoría VIA_PEC. No hay mención a acuicultura, riego ni abastecimiento para activar otras categorías de agua.",51.713
102,docm,"Anuncio de 12/02/2025, de la Delegación Provincial de Desarrollo Sostenible de Guadalajara, por el que se ordena la publicación de solicitud de ocupación temporal de terrenos de la vía pecuaria Vereda de Ganados, en el término municipal de Sigüenza, según expediente S244-19-0550-2023 solicitado por Parques Intermodales Gran Europa SA, para interés particular.",VIA_PEC,True,VIA_PEC,,,True,anuncio,"[""VIA_PEC""]",[],0.95,"La publicación menciona explícitamente ""vía pecuaria Vereda de Ganados"", lo cual activa la categoría VIA_PEC según la señal léxica clave. No hay indicación de uso del agua, espacio natural protegido ni gestión de residuos, por lo que no se aplican otras categorías N2. La confianza es alta dado el término explícito en el texto.",56.448
103,docm,"Resolución de 20/01/2025, de la Dirección General de Medio Natural y Biodiversidad, por la que se aprueba la renovación de ocupación de terrenos en la vía pecuaria denominada Cañada Real de los Chorros, en el término municipal de Rada de Haro, provincia de Cuenca, con destino a mantener cruzamiento de línea aérea de MT, cuya entidad beneficiaria es I-DE Redes Eléctricas Inteligentes, SAU. Expediente S244-16-0742-2023.",VIA_PEC,True,VIA_PEC,,,True,resolución,"[""VIA_PEC""]",[],0.95,"La descripción menciona ""vía pecuaria denominada Cañada Real de los Chorros"" y ""ocupación de terrenos"", lo que activa la categoría VIA_PEC. No hay información sobre uso específico del agua ni cuenca, por lo que subcategorías vacías. El texto cita explícitamente el nombre de la vía pecuaria ocupada para mantener infraestructura eléctrica, lo cual es un caso claro de ocupación de vía pecuaria conforme a la definición.",61.411
104,docm,"Resolución de 27/02/2025, de la Dirección General de Medio Natural y Biodiversidad, por la que se aprueba la renovación de ocupación de terrenos en las vías pecuarias denominadas Vereda del Camino del Río y Vereda del Camino de La Roda, en el término municipal de La Gineta, provincia de Albacete, con destino a mantener doble cruce aéreo de LAMT 20 kV, según instalación LAMT 20 kV Montalvos-La Marmota, cuya entidad beneficiaria es I-DE Redes Eléctricas Inteligentes, SAU. Expediente: S244-02-0889-2024.",VIA_PEC,True,VIA_PEC,,,True,resolución,"[""VIA_PEC""]",[],0.98,"La descripción menciona explícitamente ""vías pecuarias"" y ""Vereda del Camino del Río"", activando la categoría VIA_PEC según las señales léxicas de ocupación o modificación de vía pecuaria. No hay indicios de uso agrícola, abastecimiento, industria ni espacios protegidos, por lo que no se asignan otras categorías.",57.534
105,boa,"ANUNCIO del Instituto Aragonés de Gestión Ambiental, por el que se somete a información pública la renovación de la concesión de uso privativo otorgada en el Número de Expediente: INAGA 220101/44/2016/04096, para la ocupación temporal de terrenos en el dominio público forestal del monte de utilidad pública número 59 denominado ""Gallinero, Canales, La Corba y Royera"", de titularidad de la entidad local menor de Liri, y situado en el término municipal de Castejón de Sos (Huesca), para mantener una superficie de despegues y docencia de parapente, promovida por el Ayuntamiento de Castejón de Sos. (Número de Expediente: INAGA 220101/44/2024/05778).",MON,True,MON,,,True,anuncio,"[""MON""]",[],0.95,"La publicación menciona explícitamente ""dominio público forestal del monte de utilidad pública número 59"", lo que activa la categoría MON. No hay referencias a aguas, vías pecuarias ni espacios naturales protegidos. El uso es para despegues y docencia de parapente sobre terreno forestal, no una actividad hídrica específica.",56.641
106,bocm,"Montes de utilidad pública
– Anuncio de 21 de febrero de 2025, de la Consejería de Medio Ambiente, Agricultura e Interior, por el que se somete a información pública la propuesta de desafectación de terrenos en el monte “Peña Hueca, Valdeyerno, Los Cerezos, El Tirón, Los Canales y Otros”, incluido en el Catálogo de Montes de Utilidad Pública de Madrid con el número 85, propiedad de Ayuntamiento de Lozoya, término municipal de Lozoya, y la afectación de terrenos para su inclusión en dicho monte de utilidad pública, promovido por el Ayuntamiento de Lozoya",MON,True,MON,,,True,anuncio,"[""MON""]",[],0.98,"El texto menciona explícitamente ""Montes de utilidad pública"", ""Catálogo de Montes de Utilidad Pública"" y terrenos incluidos en dicho catálogo, lo que activa la categoría MON según la regla 8 (menciona contexto forestal explícito con término exacto). La descripción se refiere a desafectación y afectación de terrenos en este catálogo específico.",54.927
107,boa,"ANUNCIO del Instituto Aragonés de Gestión Ambiental, por el que se somete a información pública y concurrencia competitiva el expediente de autorización administrativa de concesión de uso privativo del dominio público forestal para la ocupación temporal de terrenos del monte de utilidad pública número 237, denominado ""La Citora"", de titularidad del Ayuntamiento de La Puebla de Valverde (Teruel), y sito en su término municipal, motivado por el paso de la línea de evacuación subterránea de media tensión y sus centros de seccionamiento y/o interconexión de la central solar fotovoltaica y de almacenamiento hibridación ""Puerto Escandón"", promovido por Molinos del Jalón, SA. (Número de Expediente: INAGA 440101/44/2024/0664).",MON,True,MON,,,True,anuncio,"[""MON"", ""AGU_IND""]","[""uso_energetico"", ""cuenca_ebro""]",0.98,"El texto menciona ""dominio público forestal"" y ""monte de utilidad pública número 237"", lo que activa la categoría MON. Además, se trata de una concesión para la ocupación temporal del monte motivada por la obra de la central solar fotovoltaica ""Puerto Escandón"", indicando uso energético (AGU_IND). El término ""Instituto Aragonés de Gestión Ambiental"" y la central solar situaban en Aragón, cuenca Ebro.",66.495
108,boa,"ORDEN MAT/279/2025, de 6 de marzo, por la que se resuelve autorizar la prórroga del expediente de permuta de terrenos del monte de utilidad pública número 181 ""El Pinar"", de la titularidad del Ayuntamiento de Manzanera, por terrenos de titularidad particular del término de Manzanera, solicitada por D.ª María Pilar Pérez Lizandra y D. Gaspar Baselga Escuder. Expediente TE/PER/10/2021.",MON,True,MON,,,True,orden,"[""MON""]",[],0.95,"El texto menciona ""monte de utilidad pública"" y el expediente de permuta de terrenos del monte, lo que activa la categoría MON para ámbito forestal. No hay indicios de concesión de agua ni otras categorías hídricas o ambientales como ESP_NAT o RES en esta orden administrativa específica.",52.089
109,boa,"ORDEN MAT/277/2025, de 6 de marzo, por la que se resuelve autorizar la prórroga del expediente de permuta de terrenos del monte de utilidad pública número 181 ""El Pinar"", de la titularidad del Ayuntamiento de Manzanera, por terrenos de titularidad particular del término de Manzanera, solicitada por D. Enrique Peris Crespo. Expediente TE/PER/7/2021.",MON,True,MON,,,True,orden,"[""MON""]",[],0.95,"La publicación menciona ""monte de utilidad pública número 181 'El Pinar'"", activando la etiqueta MON según señal explícita. No hay indicios de uso del agua ni otras categorías hídricas.",48.02
110,docm,"Resolución de 11/11/2024, de la Dirección General de Medio Natural y Biodiversidad, por la que se aprueba la ocupación temporal en el monte de utilidad pública Pinar de Ayna número 87 del catálogo de la provincia de Albacete, perteneciente al Ayuntamiento de Ayna y sito en su término municipal, para la instalación de la ocupación de una línea eléctrica de media tensión 20 kV, a favor de I-DE Redes Eléctricas Inteligentes SAU. Expediente: ID 3927-T 1653255.",MON,True,MON,,,True,resolución,"[""MON""]","[""cuenca_guadalquivir""]",0.95,"La resolución aprueba la ""ocupación temporal en el monte de utilidad pública"" (fragmento: ""monte de utilidad pública""), lo que activa la categoría MON. El organismo emisor es la Dirección General de Medio Natural y Biodiversidad, y Albacete está dentro del ámbito de influencia de la cuenca Guadalquivir (cuenca_guadalquivir) según el mapa de cuencas de España.",59.769
111,docm,"Resolución de 09/12/2024, de la Dirección General de Medio Natural y Biodiversidad, por la que se aprueba la ocupación temporal en el monte de utilidad pública Riberas del río Segura número 110 del catálogo de la provincia de Albacete, perteneciente a la Junta de Comunidades de Castilla-La Mancha y sito en el término municipal de Yeste, para la instalación de la ocupación de una línea eléctrica aérea de media tensión 20 kV, a favor de I-DE Redes Eléctricas Inteligentes SAU. Expediente: ID 3907-T 1319930.",MON,True,MON,,,True,resolución,"[""MON""]","[""cuenca_segura""]",0.95,"La descripción contiene explícitamente ""monte de utilidad pública Riberas del río Segura"" y menciona la ocupación del monte para instalación eléctrica, lo que activa la categoría MON. La cuenca inferida es Segura debido a la mención de ""Riberas del río Segura"". No se considera AGU_IND porque no es una concesión de aguas (es un dominio público forestal utilizado para instalaciones), y la referencia a ""medio natural"" en el organismo emisor refuerza la relevancia del ámbito.",66.638
112,boa,"ANUNCIO del Servicio Provincial del Departamento de Medio Ambiente y Turismo en Teruel, por el que se somete a trámite de audiencia y vista el expediente de deslinde total administrativo del monte de utilidad pública número 96 del catálogo de Teruel, denominado ""Monte Pelarda y El Sabinar"", perteneciente al Ayuntamiento de Calamocha (Teruel), y situado en su término municipal.",MON,True,MON,,,True,anuncio,"[""MON""]",[],0.98,"El texto menciona ""monte de utilidad pública número 96"" y el expediente es de deslinde administrativo de dicho monte, lo que activa la categoría MON según las señales léxicas explícitas. No hay indicación de uso del agua ni de otras categorías. La confianza es muy alta (0.98) porque tanto ""monte de utilidad pública"" como el contexto de expediente forestal son evidentes.",57.779
113,docm,"Resolución de 19/12/2024, de la Dirección General de Medio Natural y Biodiversidad, por la que se aprueba la ocupación temporal en el monte de utilidad pública Dehesón del Encinar número 56 del catálogo de la provincia de Toledo, perteneciente a la Junta de Comunidades de Castilla-La Mancha y sito en el término municipal de Oropesa, para la instalación de la ocupación de una línea eléctrica aérea de media tensión 20 kV, a favor de I-DE Redes Eléctricas Inteligentes SAU. Expediente: ID 3937-T 2048222.",MON,True,MON,,,True,resolución,"[""MON""]",[],0.95,"El texto menciona explícitamente ""monte de utilidad pública Dehesón del Encinar"" y ""ocupación temporal en el monte de utilidad pública"", activando la etiqueta MON. No hay señal de agua, vertidos o vías pecuarias para otras categorías N2.",50.833
114,bocyl,"INFORMACIÓN pública relativa a la ocupación temporal de terrenos del monte de utilidad pública n.º 141 «Eriales de Torrescárcela», en el término municipal de Torrescárcela (Valladolid). Expte.: VA-M-23123-O.",MON,True,MON,,,UnexpectedModelBehavior,89.751
115,docm,"Resolución de 11/03/2025, de la Delegación Provincial de Desarrollo Sostenible de Ciudad Real, por la que se formula informe de impacto ambiental del proyecto: Transformación en regadío para riego de viñedo en espaldera en ZEPA (expediente: PRO-CR-19-1303), ubicado en el término municipal de Villanueva de los Infantes (Ciudad Real).",ESP_NAT,True,"ESP_NAT,AGU_RIE",uso_agricola,,True,resolución,"[""AGU_RIE"", ""ESP_NAT""]","[""uso_agricola"", ""cuenca_guadiana""]",0.95,"""Transformación en regadío para riego de viñedo"" → AGU_RIE, uso agrícola. ZEPA (Zona Especial de Conservación) → ESP_NAT. Ciudad Real está en la cuenca del Guadiana → cuenca_guadiana.""",55.981
116,bocyl,"INFORMACIÓN pública relativa a la solicitud de autorización de uso excepcional de suelo rústico y licencia urbanística, para la señalización y adecuación de puntos de observación de fauna en el parque natural «Montaña Palentina», en el término municipal de Polentinos (Palencia). Expte.: 1/2025.",ESP_NAT,True,ESP_NAT,,,True,información_pública,"[""ESP_NAT""]",[],0.98,"El texto menciona explícitamente ""parque natural «Montaña Palentina»"", activando la categoría ESP_NAT para espacios naturales protegidos. No hay señal de concesión de agua ni uso del agua, por lo que no se asignan categorías hidráulicas.",49.462
117,docm,"Resolución de 17/03/2025, de la Delegación Provincial de Desarrollo Sostenible de Ciudad Real, por la que se formula informe de impacto ambiental del proyecto: Transformación en regadío para riego de olivar en ZEPA (expediente: PRO-CR-19-1356), ubicado en el término municipal de Villanueva de los Infantes (Ciudad Real).",ESP_NAT,True,"ESP_NAT,AGU_RIE",uso_agricola,,True,resolución,"[""AGU_RIE"", ""ESP_NAT""]","[""uso_agricola"", ""cuenca_guadiana""]",0.95,"El texto menciona explícitamente ""Transformación en regadío para riego de olivar"" (señal AGU_RIE y subcategoría uso_agricola) y aparece ZEPA (señal ESP_NAT). Ciudad Real pertenece a la Confederación Hidrográfica del Guadiana, por lo que se asigna cuenca_guadiana. La confianza es alta dado el léxico explícito en ambas categorías.",64.344
118,dogc,"Resolución ACC/4775/2024, de 12 de enero, de declaración de impacto ambiental del Proyecto de accesibilidad, aparcamiento, edificio de servicios y reordenación de accesos en el Parque Natural de Cap de Creus, promovido y tramitado por el Departamento de Acción Climática, Alimentación y Agenda Rural (exp. OTAAGI20230194)",ESP_NAT,True,ESP_NAT,,,True,resolución,"[""ESP_NAT""]",[],0.95,"La descripción incluye explícitamente ""Parque Natural de Cap de Creus"" y menciona el ámbito autonómico con expediente ambiental, lo que activa la categoría ESP_NAT según las señales léxicas clave. No hay mención a concesión de aguas, vías pecuarias u otras categorías del dominio hídrico-natural.",53.675
119,boja,"Resolución de 17 de marzo de 2025, de la Delegación Territorial de Sostenibilidad, Medio Ambiente y Economía Azul en Cádiz, por la que se regula el acceso con embarcaciones al Monumento Natural de la Punta del Boquerón y a la Isla de Sancti Petri del término municipal de San Fernando (Cádiz), dentro del Parque Natural Bahía de Cádiz.",ESP_NAT,True,ESP_NAT,,,True,resolución,"[""ESP_NAT""]",[],1.0,"El texto menciona explícitamente ""Parque Natural Bahía de Cádiz"" y ""Monumento Natural"", lo que activa la categoría ESP_NAT. No hay señales para otras categorías (aguas, vías pecuarias, residuos). La confianza es 1.0 porque las etiquetas están claramente identificadas en el texto.",53.162
120,dogc,"Anuncio sobre aprobación de la convocatoria del proceso selectivo con el objeto de crear una bolsa de trabajo del perfil profesional de técnico/a medio/a de tecnologías de la información y administración electrónica, del grupo A, subgrupo A2, como personal funcionario interino / personal laboral temporal para cubrir necesidades actuales y futuras urgentes y sobrevenidas, así como posibles vacantes temporales y sustituciones que se puedan producir en el Consejo Comarcal y el Consorcio para la Gestión de Residuos de El Vallès Occidental (exp. 2262/2024)",RES,False,,,,False,anuncio,[],[],0.98,"La publicación es una convocatoria para bolsa de trabajo en tecnologías de la información y administración electrónica, sin ninguna relación con agua, vías pecuarias, montes o espacios naturales protegidos. Se excluye por tratarse de un proceso selectivo genérico administrativo.",49.215
121,dogc,Anuncio sobre aprobación inicial del Proyecto técnico para la implantación del nuevo punto limpio para el tratamiento de residuos,RES,True,RES,,,True,anuncio,"[""RES""]",[],0.95,"El texto menciona ""tratamiento de residuos"", lo que activa la categoría RES. No se especifica tipo de residuo ni cuenca, por lo que subcategories está vacío y no hay señal de uso del agua específico (no es abastecimiento, riego, etc.). La confianza es alta al estar explícitamente vinculado a gestión de residuos.",52.78
122,bopv,"ANUNCIO del Director de Administración Ambiental, por el que se somete a información pública el proyecto técnico y el estudio de impacto ambiental presentado por la empresa PHS Serkonten, S.A.U. para la actividad de gestión de residuos peligrosos y no peligrosos, en el polígono industrial de Atxukarro n.º 2 de Arrigorriaga, para la obtención de la autorización ambiental única en la Comunidad Autónoma del País Vasco.
				
2025/00509",RES,True,RES,,,True,anuncio,"[""RES""]",[],0.95,"El texto menciona explícitamente ""actividad de gestión de residuos peligrosos y no peligrosos"", lo que coincide con la categoría RES (Gestión de residuos). No hay mención a uso de agua, vía pecuaria, espacios naturales, ni planes hidrológicos.",50.575
123,bopv,"ANUNCIO del Director de Administración Ambiental, por el que se somete a información pública el proyecto técnico presentado por la empresa Intocast Ibérica, S.L. para la actividad de gestión de residuos no peligrosos, en el barrio de Andatza en el término municipal de Aia, promovido para la obtención de la autorización ambiental única en la Comunidad Autónoma del País Vasco.

				
2025/01166",RES,True,RES,,,True,anuncio,"[""RES""]",[],0.95,"La descripción menciona explícitamente ""actividad de gestión de residuos no peligrosos"", lo cual activa la categoría RES (Gestión de residuos) según las señales léxicas clave. Se trata de un anuncio de información pública sobre este proyecto técnico, por lo que es relevante para el dominio hídrico-natural.",52.545
124,docm,"Anuncio de 12/02/2025, de la Dirección General de Economía Circular y Agenda 2030, por el que se da publicidad de la autorización para realizar operaciones de tratamiento de residuos, consistente en el almacenamiento de vehículos descontaminados, en su instalación ubicada en calle Camino de las Viñas, s/n 16003 Cuenca.",RES,True,RES,,,True,anuncio,"[""RES""]",[],0.95,"El texto menciona explícitamente ""tratamiento de residuos"" y ""almacenamiento de vehículos"", activando la categoría RES (gestión de residuos). No hay referencia a aguas, vías pecuarias ni espacios naturales protegidos.",48.71
125,bopa,"Anuncio por el que se hace pública la Resolución de la Consejería de Transición Ecológica, Industria y Desarrollo Económico, de otorgamiento de autorización ambiental integrada simplificada a Julio Ron, S. L. U., para la instalación industrial denominada “Centro de gestión de residuos no peligrosos”, ubicada en la calle Augusto Barcia Trelles, s/n, concejo de Vegadeo. Expte. AAIS-021/23 (AUTO/2023/14296). [Cód. 2025-00630]",RES,True,RES,,,True,anuncio,"[""RES""]",[],0.95,"El texto menciona ""Centro de gestión de residuos no peligrosos"" y ""autorización ambiental integrada"", lo que activa claramente la categoría RES (Gestión de residuos). No hay mención explícita a uso agrícola, abastecimiento urbano, industrial en el sentido de extracción, ni vertidos directos de aguas residuales en este contexto específico de gestión. La subcategoría no se aplica porque el texto no especifica un tipo concreto de actividad económica más allá de la gestión de residuos en sí misma (no dice si es para uso agrícola, urbano o industrial).",64.767
126,boib,"Resolución de la directora general de Armonización Urbanística y Evaluación Ambiental sobre la revisión de la Autorización Ambiental Integrada de la planta de tratamiento de aceite mineral usado en el TM Lloseta, promovida por WORP Islas Baleares SL, vista la Decisión de ejecución de la Comisión de 10 de agosto de 2018, por la que se establecen las conclusiones sobre las mejores técnicas disponibles (MTD) en el tratamiento de residuos (IPPC M05/2022)",RES,True,RES,cuenca_insular,,True,resolución,"[""RES""]",[],0.92,"La publicación menciona explícitamente ""plantas de tratamiento de aceite mineral usado"" y ""gestión de residuos"" en el contexto de una planta de tratamiento, lo que activa la categoría RES. El fragmento clave es: ""Autorización Ambiental Integrada de la planta de tratamiento de aceite mineral usado"".",51.888
127,boib,"Resolución núm. 2025-1091 por la cual se aprueban las bases y la convocatoria para la constitución de una bolsa de trabajo de técnico/a superior en Química y Gestión de Residuos para cubrir con carácter temporal necesidades urgentes e inaplazables de prestación de servicios en el Ayuntamiento de Eivissa, mediante el sistema de concurso de méritos",RES,False,,,,False,resolución,[],[],0.95,"El texto es una convocatoria para constituir una bolsa de trabajo en ""Gestión de Residuos"", que implica gestión ambiental pero no se clasifica como RES según las reglas dadas (requiere gestión/tratamiento/vertedero explícito), y por ser oposiciones/bolsa laboral, es irrelevante.",52.287
128,dogv,"RESOLUCIÓN de 17 de septiembre de 2024, de la Dirección General de Urbanismo, Paisaje y Evaluación Ambiental, por la cual se formula declaración de impacto ambiental del Proyecto de almacén y gestión de residuos metálicos y de automoción, del término municipal de Aldaia (València). Expediente: (3502285) 253/2024/AIA.",RES,True,RES,,,True,resolución,"[""RES""]",[],0.95,"La publicación es una ""Resolución"" sobre un ""Proyecto de almacén y gestión de residuos metálicos y de automoción"", lo que activa claramente la categoría RES (Gestión de residuos). No se menciona uso del agua, vías pecuarias, montes o espacios naturales protegidos, por lo que no hay otras categorías aplicables.",54.191
129,bocyl,"RESOLUCIÓN de 23 de diciembre de 2024, de la Delegación Territorial de Ávila, por la que se dicta informe de impacto ambiental del proyecto de una planta de tratamiento de residuos de construcción y demolición en la parcela 40.408 del polígono 506, en el término municipal de El Fresno (Ávila), promovido por «CYC Vías, S.L.». Expte.: E.I.A.S/2024/AV/017.",RES,True,RES,,,False,resolución,[],[],1.0,"La publicación es una resolución de informe de impacto ambiental para una planta de tratamiento de residuos, pero NO corresponde a gestión de residuos (etiqueta RES) porque es solo un estudio de impacto ambiental y no la autorización o gestión operativa del residuo en sí; además, no se trata de un plan hidrológico, vertido, vía pecuaria, monte ni espacio natural protegido. No cumple con la definición de relevante según el dominio hídrico-natural monitorizado (solo incluye gestión activa de residuos, no estudios previos).",61.781
130,bopv,"ANUNCIO del Director de Administración Ambiental, por el que se somete a información pública el proyecto técnico y estudio de impacto ambiental presentado por la empresa Urteaga Quimica, S.L. para la actividad de gestión de residuos peligrosos, en el término municipal Vitoria-Gasteiz

				
2025/00416",RES,True,RES,,,True,anuncio,"[""RES""]",[],0.95,"La descripción menciona explícitamente ""gestión de residuos peligrosos"", lo que activa la categoría RES según las señales léxicas clave (""gestión de residuos""). El acto es un anuncio de información pública sobre un proyecto técnico y estudio de impacto ambiental para dicha actividad. No hay indicación específica de vertidos (VER) ni de otras categorías hídricas o naturales.",53.521
131,borm,"Servicio de Recogida, transporte y gestión de residuos domésticos, gestión del ecoparque fijo y limpieza viaria del municipio de Cieza (Murcia).",RES,False,,,,False,información_pública,[],[],0.98,"La descripción se refiere a gestión de residuos domésticos y limpieza viaria del municipio, pero no cumple los requisitos para la categoría RES (gestión de residuos) ya que el ámbito es municipal/local y no trata sobre autorización o gestión de plantas de tratamiento/vertederos de nivel autonómico/nacional con relevancia en boletines oficiales. Es un servicio local sin relevancia en el dominio hídrico-natural monitorizado por CHG/CHD/etc.",57.085
132,boa,"RESOLUCIÓN de 7 de enero de 2025, del Instituto Aragonés de Gestión Ambiental, por la que se decide no someter al procedimiento de evaluación de impacto ambiental ordinaria y se emite informe de impacto ambiental del proyecto de instalación de valorización de residuos no peligrosos para el tratamiento de residuos de rechazo de la fragmentación de vehículos fuera de uso, promovido por Ecoindustrial Aragón SL, ubicada en el polígono 26, parcela 320, paraje Valdepeñas, carretera N-IIa, Km 237, Calatayud (Zaragoza), (Número de expediente: INAGA 500301/01/2024/2662).",RES,True,RES,,,True,resolución,"[""RES""]",[],0.95,"La publicación se refiere explícitamente a la ""valorización de residuos no peligrosos"" para el tratamiento de residuos de vehículos fuera de uso, activando la categoría RES (gestión de residuos). No menciona riego, abastecimiento, usos industriales o energéticos del agua, ni montes o espacios naturales protegidos.",54.968
133,bon,"RESOLUCIÓN 555E/2024, de 16 de diciembre, del director del Servicio de Economía Circular e Innovación por la que se acepta el cambio solicitado de las condiciones de funcionamiento establecidas en la autorización ambiental unificada de la instalación de gestión de residuos, cuyo titular es Servicios y Suministros Saher SL, ubicada en término municipal de Tafalla.",RES,True,RES,,,True,resolución,"[""RES""]",[],0.98,"La publicación menciona explícitamente ""instalación de gestión de residuos"" y ""cambio solicitado de las condiciones de funcionamiento establecidas en la autorización ambiental"", lo que activa la categoría RES (Gestión de residuos). No hay mención a aguas, vías pecuarias, montes, espacios naturales ni planes hidrológicos.",52.998
134,boib,Anuncio de cobranza del impuesto sobre vehículos de tracción mecánica y de la tasa por servicios relativos al tratamiento de residuos sólidos urbanos del Ayuntamiento de Palma correspondientes al ejercicio 2025,RES,False,,,,False,anuncio,[],[],0.98,"El anuncio trata sobre el impuesto sobre vehículos y la tasa de tratamiento de residuos sólidos urbanos, pero no implica gestión, vertido ni dominio público hidráulico/forestal en el sentido del dominio monitorizado; es una mera cobro administrativo municipal sin relación con los ámbitos hídrico o natural protegidos.",50.093
135,bopv,"ANUNCIO de la Agencia Vasca del Agua, por el que se somete a información pública una solicitud de autorización de vertido en el término municipal de Zestoa.
				
2025/00108",VER,True,VER,cuenca_cantabrico,,True,anuncio,"[""VER""]",[],0.98,"El texto menciona explícitamente ""solicitud de autorización de vertido"", lo que activa la categoría VER. No hay indicación del uso específico del agua ni de una cuenca concreta, por lo que las subcategorías permanecen vacías y la confianza es alta debido a la claridad léxica.",50.74
136,boe,"Anuncio de la Confederación Hidrográfica del Guadiana de sometimiento a información pública sobre autorización administrativa para la instalación provisional de asentamiento apícola, durante el periodo comprendido entre los meses de Mayo a Octubre de 2025 en zona en dominio público hidráulico del Río Gargáligas, en el T.M. Acedera (Badajoz).",VER,True,VER,cuenca_guadiana,,False,anuncio,[],[],1.0,"La publicación describe una autorización para instalación de apicultura en dominio público hidráulico, no constituyendo una concesión o gestión del agua en sí misma. No se menciona aprovechamiento, captación, riego, abastecimiento ni actividad industrial que justifique las etiquetas AGU_*. Tampoco hay términos específicos como ""parque natural"" para ESP_NAT o ""vía pecuaria"" para VIA_PEC. El dominio hidráulico sin actividad hídrica explícita no activa categorías de uso del agua.",59.762
137,boe,"Anuncio de la Confederación Hidrográfica del Miño-Sil, O.A. de información pública del expediente de autorización para la corta de 21 chopos en dominio público hidráulico del río Louro, en San Salvador de Budiño, término municipal de O Porriño (Pontevedra)A/36/13957.",VER,True,VER,cuenca_mino_sil,,False,anuncio,[],[],1.0,"El texto describe la corta de árboles (chopos) en ""dominio público hidráulico"", pero la actividad es forestal/agricola y no gestión del agua como tal, ni corresponde a una categoría hídrica protegida según la taxonomía. No cumple con criterios de is_relevant=True bajo las definiciones dadas para AGU_GEN/AGU_RIE/etc., ya que ""dominio público hidráulico"" sin concesión explícita de uso aguas o gestión del recurso no lo activa como relevante hidrico-natural en este contexto específico.",61.519
138,boe,Anuncio de la Confederación Hidrográfica del Tajo O.A. de la información pública de la solicitud de autorización de vertido en el término municipal de Brihuega (Guadalajara) Referencia AV-0233/2023.,VER,True,VER,cuenca_tajo,,True,anuncio,"[""VER""]","[""cuenca_tajo""]",0.98,"El texto menciona explícitamente ""solicitud de autorización de vertido"", lo cual activa la categoría VER (Vertidos de aguas). Además, el organismo emisor es la Confederación Hidrográfica del Tajo, lo que permite inferir la cuenca_tajo.",50.131
139,boe,"Anuncio de la Confederación Hidrográfica del Miño-Sil, O.A. de información pública del expediente de autorización de vertido de aguas residuales de Gestor de residuos peligrosos y no peligrosos en Partovia, en Partovia , término municipal de O Carballiño (Ourense).",VER,True,VER,cuenca_mino_sil,,True,anuncio,"[""VER""]","[""uso_industrial"", ""cuenca_mino_sil""]",0.98,"El texto menciona explícitamente ""autorización de vertido de aguas residuales"", lo que activa la categoría VER y uso_industrial por referencia a ""residuos peligrosos y no peligrosos"". El emisor es la Confederación Hidrográfica del Miño-Sil, lo que indica la cuenca_mino_sil.",54.508
140,bopv,"ANUNCIO por el que se somete a información pública el expediente de obras de construcción del túnel de Aginaga con afección al dominio público hidráulico y zona de policía de cauces de las regatas Txorkoa e Illumbe, en el término municipal de Usurbil (Gipuzkoa).

				
2025/00601",VER,True,VER,cuenca_cantabrico,,True,anuncio,"[""AGU_GEN""]",[],0.65,"El texto menciona ""afección al dominio público hidráulico"" y ""cauces de las regatas"", lo que enmarca la publicación dentro del ámbito hidrico (usando AGU_GEN como categoría residual para afecciones genéricas sin uso específico de agua). No se especifica el tipo de concesión, solo la obra con afección.",52.664
141,boe,Anuncio de la Confederación Hidrográfica del Tajo O.A. de la Información Pública de la Solicitud de Actuaciones en Dominio Público Hidráulico en el término municipal de Griñón (Madrid) Referencia O-0201/2024.,VER,True,VER,cuenca_tajo,,True,anuncio,"[""AGU_GEN""]","[""cuenca_tajo""]",0.95,"El texto describe una ""Solicitud de Actuaciones en Dominio Público Hidráulico"" (fragmento: ""Información Pública de la Solicitud de Actuaciones en Dominio Público Hidráulico""), lo que activa la categoría AGU_GEN por ser un trámite genérico de agua. El organismo emisor es la Confederación Hidrográfica del Tajo, lo que permite inferir la subcategoría cuenca_tajo (fragmento: ""Confederación Hidrográfica del Tajo"").",61.113
142,boe,"Anuncio de la Comisaría de Aguas de la Confederación Hidrográfica del Cantábrico, O.A. de información pública del procedimiento de autorización de vertido de Alojamiento rural y centro de interpretación e investigación de la sidra artesana en Hijas – La Panera Turismo Rural, S.L., término municipal de Puente Viesgo (Cantabria). Expediente V/39/01342.",VER,True,VER,cuenca_cantabrico,,True,anuncio,"[""VER""]","[""uso_urbano"", ""cuenca_cantabrico""]",0.95,"El texto menciona explícitamente ""procedimiento de autorización de vertido"", lo que dispara la etiqueta VER. El término ""Alojamiento rural"" indica un uso urbano/residencial (subcategoría uso_urbano). La ""Confederación Hidrográfica del Cantábrico"" identifica la cuenca correspondiente (subcategoría cuenca_cantabrico).",59.419
143,boe,"Anuncio de la Confederación Hidrográfica del Miño-Sil, O.A. de información pública del expediente de autorización de vertido de aguas residuales de Extracción de pizarras en La Calzada, en La Calzada San Vicente de Leira, término municipal de Vilamartín de Valdeorras (Ourense).",VER,True,VER,cuenca_mino_sil,,True,anuncio,"[""VER""]","[""uso_industrial"", ""cuenca_mino_sil""]",0.95,"El texto menciona explícitamente ""autorización de vertido de aguas residuales"" activando VER. La entidad emisora es la Confederación Hidrográfica del Miño-Sil, indicando cuenca_mino_sil, y el uso de las aguas corresponde a una empresa extractiva (""Extracción de pizarras""), lo que define un uso industrial (uso_industrial).",56.992
144,boe,"Anuncio de la Confederación Hidrográfica del Miño-Sil, O.A. de información pública del expediente de autorización para la corta de 8 alisos y 2 sauces en dominio público hidráulico, 67 alisos, 60 fresnos, 6 castaños y 4 sauces en zona de servidumbre y 60 robles, 20 castaños y 50 pinos en zona de policía del regato da Lavandeira, en Loucía, término municipal de San Amaro (Ourense)A/32/32696.",VER,True,VER,cuenca_mino_sil,,True,anuncio,"[""AGU_GEN""]","[""cuenca_mino_sil""]",0.85,"El anuncio corresponde a una solicitud de autorización para corta de árboles en ""dominio público hidráulico"", lo cual implica gestión de aguas genéricas (AGU_GEN). La competencia emite es la Confederación Hidrográfica del Miño-Sil, identificando claramente la cuenca (cuenca_mino_sil). El texto menciona cortas en zonas de servidumbre y policía de un ""regato"", que es una corriente de agua, confirmando la relevancia hídrica.",62.953
145,boe,Anuncio de formalización de contratos de: Presidencia de la Confederación Hidrográfica del Miño-Sil. Objeto: Servicio para el soporte técnico en expedientes relativos a Aprovechamientos Hidroeléctricos en las cuencas de los ríos de la parte española de la Demarcación Hidrográfica del Miño-Sil. EL . Expediente: 90/24/CA/PA/SE.,PHD,False,,,,True,anuncio,"[""AGU_IND"", ""ESP_NAT""]","[""uso_energetico"", ""cuenca_mino_sil""]",0.95,"La descripción menciona explícitamente ""Aprovechamientos Hidroeléctricos"", lo que activa la categoría AGU_IND con subcategoría uso_energetico. También se cita ""Demarcación Hidrográfica del Miño-Sil"", indicando la cuenca_mino_sil como subcategoría correspondiente. La etiqueta ESP_NAT podría aplicarse si el anuncio estuviera vinculado a espacios naturales protegidos en la zona, pero no hay mención explícita en el texto proporcionado, por lo que solo se asignan las categorías claramente identificadas: AGU_IND y cuenca_mino_sil.",72.675
146,boca,"Consejo Insular de Aguas de El Hierro.- Anuncio de 15 de enero de 2025, por el que se inicia el periodo de consulta e información pública de los Documentos Iniciales del proceso de planificación hidrológica, ciclo 2027-2033, de la Demarcación Hidrográfica El Hierro.- Expte. 3-2025.",PHD,True,PHD,cuenca_insular,,True,anuncio,"[""PHD""]","[""cuenca_insular""]",1.0,"El texto menciona explícitamente ""planificación hidrológica"" y ""Demarcación Hidrográfica El Hierro"", activando la categoría PHD. Al ser Canarianas (Consejo Insular de Aguas de El Hierro), corresponde a cuenca_insular con 100% de confianza.",54.22
147,dog,"RESOLUCIÓN de 13 de enero de 2025 por la que se hacen públicas las ayudas concedidas al amparo de la Resolución de 18 de marzo de 2024 por la que se aprueban las bases reguladoras para la concesión de subvenciones a asociaciones sin ánimo de lucro, en régimen de concurrencia competitiva, para el desarrollo de actuaciones y actividades de educación ambiental para la sustentabilidad de los ríos de la Demarcación Hidrográfica de Galicia-Costa, y se convocan para el año 2024 (código de procedimiento AU301G).",PHD,False,,,,False,resolución,[],[],0.98,"La publicación es una resolución sobre la concesión de subvenciones a asociaciones sin ánimo de lucro para educación ambiental, no sobre agua o naturaleza directamente; no hay asignación de categorías del dominio hídrico-natural según las reglas. Fragmento clave: ""concesión de subvenciones a asociaciones... para el desarrollo de actuaciones y actividades de educación ambiental"".",54.488
148,dog,"EXTRACTO de la Resolución de 17 de febrero de 2025 por la que se aprueban las bases reguladoras para la concesión, en régimen de concurrencia no competitiva, de subvenciones destinadas a ayuntamientos para la instalación de sistemas de depuración autónomos en el ámbito territorial de la Demarcación Hidrográfica de Galicia-Costa y se convocan para el año 2025 (código de procedimiento AU300B).",PHD,False,,,,False,información_pública,[],[],0.85,"La publicación es una convocatoria de subvenciones para instalación de sistemas de depuración, pero no se trata de gestión de residuos (RES) ni de vertidos (VER), sino de infraestructura de tratamiento que podría estar relacionada con aguas. Sin embargo, al ser una subvención y no una resolución de concesión directa de un aprovechamiento hídrico o autorización de vertido específica, y no mencionarse explícitamente el agua en su uso o gestión directa bajo la categoría N2, se clasifica como no relevante según las reglas críticas. Además, aunque menciona Demarcación Hidrográfica de Galicia-Costa, no es una concesión individual de agua, ni plan hidrológico, ni gestión específica de residuos o vertidos.",72.739
149,boca,"Consejo Insular de Aguas de Gran Canaria.- Anuncio de 28 de enero de 2025, por el que se inicia el periodo de consulta e información pública de los “Documentos Iniciales” del proceso de planificación hidrológica, ciclo 2027-2033, de la Demarcación Hidrográfica de Gran Canaria (ES120).",PHD,True,PHD,cuenca_insular,,True,anuncio,"[""PHD""]","[""cuenca_insular""]",0.98,"El texto menciona ""proceso de planificación hidrológica"" y ""Demarcación Hidrográfica de Gran Canaria"", activando la categoría PHD. La mención a ""Gran Canaria"" (una isla) asigna correctamente la subcategoría cuenca_insular al organismo emisor.",53.099
150,boa,"RESOLUCIÓN de 19 de diciembre de 2024, del Servicio Provincial de Zaragoza, relativo a la autorización administrativa previa y de construcción, del proyecto planta solar fotovoltaica ""La Palma"" de 500 kW en el término municipal de Sástago. Expediente: G-Z-2023-150.",NEGATIVO,False,,,,False,resolución,[],[],1.0,"La publicación es una resolución sobre la autorización de construcción de una ""planta solar fotovoltaica"". No contiene señales léxicas de las categorías N2 (no hay concesión de aguas, vía pecuaria, monte, espacio natural, residuos o vertidos). Aunque es una instalación energética, para calificarla como AGU_IND se requiere señal explícita de ""aprovechamiento hidroeléctrico"", ""central hidroeléctrica"" o ""refrigeración industrial"", que no aparecen. Por tanto, no es relevante en el dominio monitorizado.",61.407
151,boca,"Consejo Insular de Aguas de Tenerife.- Anuncio de 14 de enero de 2025, relativo a la solicitud de autorización administrativa para el tratamiento y vertido de las aguas residuales procedentes de una explotación equina (centro hípico), ubicado en Camino Bubango, Beltrán-Miradero, en el término municipal de Icod de los Vinos.- Expte. 2060_EDAR.",NEGATIVO,True,VER,cuenca_insular,,True,anuncio,"[""VER"", ""AGU_GEN""]","[""uso_mixto""]",0.95,"La descripción contiene ""tratamiento y vertido de las aguas residuales"" (señal VER) y ""aprovechamiento de aguas"" para tratamiento de residuos sin uso específico adicional, por lo que se asigna AGU_GEN. El texto cita una explotación equina (centro hípico), sugiriendo un uso mixto. La confianza es alta (0.95) ya que las etiquetas están claramente señaladas en el texto.",60.983
152,boe,U.R. SUBASTAS MURCIA,NEGATIVO,False,,,,False,otros,[],[],0.95,"El texto ""SUBASTAS MURCIA"" es genérico y no hace referencia a agua, vías pecuarias, montes, espacios naturales, residuos ni vertidos; además, no contiene ninguna de las señales léxicas que activan las categorías del dominio hídrico-natural. Por tanto, is_relevant=False.",48.968
153,bor,Delegación de funciones para la celebración de matrimonios civiles,NEGATIVO,False,,,,False,resolución,[],[],1.0,"La descripción ""Delegación de funciones para la celebración de matrimonios civiles"" se refiere a un acto administrativo del ámbito matrimonial/civil, sin ninguna relación con el dominio hídrico-natural (agua, vías pecuarias, montes, espacios naturales, residuos o vertidos). No contiene señales léxicas clave para ninguna categoría N2 definida.",50.047
154,boe,U.R. SUBASTAS VALENCIA,NEGATIVO,False,,,,False,anuncio,[],[],0.15,"""SUBASTAS VALENCIA"" no menciona explícitamente agua, naturaleza ni vías pecuarias; se trata de subastas genéricas en Valencia que podrían concernir a bienes inmuebles, vehículos, etc., sin relación directa con el dominio hídrico-natural.",46.902
155,boe,"Resolución de 4 de marzo de 2025, de la Universidad de Salamanca, por la que se nombra Catedrático de Universidad a don Javier Sánchez Zapatero.",NEGATIVO,False,,,,False,resolución,[],[],1.0,"La publicación es una resolución de nombramiento académico en la Universidad de Salamanca y no menciona ningún aspecto relacionado con agua, vías pecuarias, montes, espacios naturales protegidos, residuos o vertidos; por tanto, no cumple los criterios de relevancia del dominio.",47.926
156,boe,U.R. SUBASTAS BALEARES,NEGATIVO,False,,,,False,información_pública,[],[],0.98,"El texto ""SUBASTAS BALEARES"" sin mención a concesión de aguas, riego, abastecimiento ni otros dominios hidrológicos/naturales, corresponde a un anuncio genérico de subastas en Baleares no relevante para el dominio monitorizado.",47.068
157,dogc,"Edicto de 3 de febrero de 2025, sobre un acuerdo de la Comisión de Territorio de Cataluña referente al municipio de Cubelles",NEGATIVO,False,,,,False,edicto,[],[],1.0,"La descripción se refiere a un ""Edicto"" sobre un ""acuerdo de la Comisión de Territorio"", pero no menciona ninguna temática específica relacionada con el dominio hídrico-natural (agua, vías pecuarias, montes, espacios naturales, residuos o vertidos). Por tanto, no se pueden asignar categorías del dominio.",50.819
158,docm,"Anuncio de 03/03/2025, del Ayuntamiento de Carrión de Calatrava (Ciudad Real), de información pública de modificación de proyecto de urbanización de los sectores SR2 y SR3 de las Normas Subsidiarias, de la localidad.",NEGATIVO,False,,,,False,anuncio,[],[],0.98,"La publicación es un ""anuncio de información pública"" del Ayuntamiento de Carrión de Calatrava sobre la ""modificación de proyecto de urbanización"" (Normas Subsidiarias). Según las reglas críticas, el urbanismo sin afección al dominio público hidráulico no es relevante para este dominio. No hay menciones a concesión de agua, montes de utilidad pública, espacios naturales protegidos ni gestión de residuos/vertidos, por lo que is_relevant=False y se devuelve lista vacía de categorías.",59.907
159,boe,U.R. SUBASTAS ANDALUCIA 29,NEGATIVO,False,,,,False,solicitud,[],[],0.0,"La descripción ""U.R. SUBASTAS ANDALUCIA 29"" no contiene ninguna señal léxica relacionada con el dominio hídrico-natural (agua, vías pecuarias, montes, espacios naturales protegidos, residuos o vertidos). Por tanto, es irrelevante para el monitoreo definido y carece de categorías.",49.859
160,dogc,Anuncio sobre aprobación definitiva de la plantilla de personal para el año 2025,NEGATIVO,False,,,,False,anuncio,[],[],1.0,"La descripción indica ""plantilla de personal"", lo cual se ajusta a la regla 2 del dominio (obras de infraestructura sin relación con agua o naturaleza, plantillas orgánicas). No hay mención alguna a términos clave de aguas, montes, vías pecuarias o espacios naturales.",49.377
161,bopa,Anuncio. Lista provisional de aspirantes admitidos/excluidos de una plaza de Administrativo (C1). [Cód. 2025-01179],NEGATIVO,False,,,,False,anuncio,[],[],1.0,"El texto describe una ""plaza de Administrativo (C1)"", que es una convocatoria para oposiciones administrativas y no tiene relación con aguas, vías pecuarias, montes o espacios naturales protegidos.",44.594
162,bon,Aprobación definitiva del presupuesto de 2025,NEGATIVO,False,,,,False,aprobación,[],[],1.0,"El texto describe ""Aprobación definitiva del presupuesto de 2025"", que es un acto financiero general sin ninguna mención a agua, montes, vías pecuarias, espacios naturales o residuos. Por tanto, no cumple con los criterios de relevancia para el dominio hídrico-natural.",47.902
163,bopa,"Resolución de 3 de febrero de 2025, de la Consejería de Presidencia, Reto Demográfico, Igualdad y Turismo, por la que se declara desierta la convocatoria para su provisión, por el sistema de libre designación, de un puesto de trabajo de Secretario/a de Despacho de la Dirección General de Estrategia Digital e Inteligencia Artificial. [Cód. 2025-00995]",NEGATIVO,False,,,,False,resolución,[],[],1.0,"La publicación describe la declaración de desierta una convocatoria para un puesto de trabajo administrativo en la Dirección General de Estrategia Digital e Inteligencia Artificial. No contiene ninguna referencia a agua, vías pecuarias, montes, espacios naturales protegidos, residuos o vertidos, por lo que no cumple con los criterios del dominio hídrico-natural.",53.186
164,boja,"Acuerdo de 22 de enero de 2025, de la Delegación Territorial de Inclusión Social, Juventud, Familias e Igualdad en Córdoba, por el que se ordena la notificación por edicto de la resolución en materia de relaciones familiares.",NEGATIVO,False,,,,False,acuerdo,[],[],1.0,"La publicación trata sobre ""relaciones familiares"" e ""Inclusión Social"", sin mención alguna a agua, vías pecuarias, montes, espacios naturales o residuos. Por tanto, no pertenece al dominio hidrico-natural monitorizado.",46.655
165,boja,"Corrección de errores de la Resolución de 6 de febrero de 2025, de la Universidad de Jaén, por la que se convoca concurso público de acceso para la adjudicación de plazas de Profesor/a Ayudante Doctor/a (BOJA núm. 29, de 12.2.2025).",NEGATIVO,False,,,,False,corrección_errores,[],[],1.0,"La publicación es una corrección de errores sobre la convocatoria de un concurso público para plazas de Profesor Ayudante Doctor, sin ninguna relación con aguas, naturaleza o vías pecuarias. El término ""Universidad de Jaén"" y ""BOJA núm. 29"" confirman que se trata de un acto administrativo académico, no hidrológico.",52.352
166,boe,"Orden TDF/284/2025, de 18 de marzo, por la que se aprueba la relación definitiva de personas admitidas y excluidas, respecto a las plazas adicionales a la Subescala de Secretaría, categoría de Entrada, convocadas por Orden TDF/1507/2024, de 23 de diciembre, del proceso selectivo en el marco de la estabilización de empleo temporal, para el acceso a la Escala de funcionarios de administración local con habilitación de carácter nacional, convocado por Orden HFP/1328/2022, de 23 de diciembre.",NEGATIVO,False,,,,False,orden,[],[],1.0,"La publicación es una orden que publica la relación definitiva de personas admitidas y excluidas en un proceso selectivo de funcionarios, lo cual se identifica como oposiciones o nombramientos administrativos sin ninguna referencia a agua, naturaleza o medio ambiente por lo que no pertenece al dominio hidrico-natural.",50.911
167,bon,Recaudación ejecutiva Acto que se notifica: Providencia de apremioReferencia: A202000/00004/2025,NEGATIVO,False,,,,False,notificación,[],[],1.0,"La publicación se refiere a una ""Providencia de apremio"" y ""Recaudación ejecutiva"", que son actos administrativos financieros/cobradores sin ninguna referencia a agua, vías pecuarias, montes o naturaleza. No cumple el criterio de pertenencia al dominio hídrico-natural.",49.865
168,boe,VALVERDE DEL CAMINO,NEGATIVO,False,,,,False,información_pública,[],[],0.65,"La entrada solo contiene un nombre de localidad (""VALVERDE DEL CAMINO"") sin ninguna señal léxica relacionada con agua, vías pecuarias, espacios naturales o gestión ambiental. El fragmento no cumple con ningún criterio para activar las categorías N2 definidas.",46.754
169,dog,"ANUNCIO de 7 de enero de 2025, del Departamento Territorial de A Coruña, por el que se emplaza a la persona interesada para ser notificada por comparecencia en el expediente REC-CO-0012-2022-AGR.",NEGATIVO,False,,,,False,anuncio,[],[],0.98,"La publicación es un anuncio de emplazamiento para notificación de comparecencia en un expediente administrativo (REC-CO-0012-2022-AGR). No se identifican términos ni conceptos relacionados con la gestión del agua, vías pecuarias, montes o espacios naturales protegidos. Se considera una publicación administrativa procedimental sin conexión directa con el dominio hídrico-natural supervisado.",55.061
