id,bulletin,description,grupo_muestreo,is_relevant_gt,categories_gt,subcategories_gt,notas_anotador,is_relevant_pred,act_type_pred,categories_pred,subcategories_pred,confidence,reasoning,duration_s
0,boe,Anuncio de la Confederación Hidrográfica del Guadiana de sometimiento a información pública de resolución de otorgamiento de concesión de aguas subterráneas en el término municipal de Bolaños de Calatrava (Ciudad Real)- 3482/2020.,AGU_GEN,True,AGU_GEN,cuenca_guadiana,,True,anuncio,"[""AGU_GEN""]",[],0.55,"La descripción menciona ""concesión de aguas subterráneas"" sin especificar el uso ni la existencia de explícitos términos como ""captación"", ""sondeo"" o ""pozo"". Sin una definición de uso claro, se clasifica como AGU_GEN por ser una concesión genérica en dominio público hídrico. Se asocia a cuenca_guadiana por la fuente ""Confederación Hidrográfica del Guadiana"".",249.912
1,boe,"Anuncio de formalización de contratos de: Presidencia de la Confederación Hidrográfica del Guadiana. Objeto: Suministro de material y fungibles, y mantenimiento de equipos multifunción e impresoras en las oficinas de la Confederación Hidrográfica del Guadiana de Ciudad Real y Badajoz. Expediente: 202400000179.",AGU_GEN,False,,,,False,anuncio,[],[],1.0,"Es un anuncio de formalización de contrato de suministro de material y mantenimiento para las oficinas de la CHG, sin ninguna mención a concesiones de aguas, gestión del dominio público hídrico, residuos o vertidos. Es un contrato de servicios administrativos genérico, por lo que is_relevant=False.",65.593
2,boe,"Anuncio de formalización de contratos de: Presidencia de la Confederación Hidrográfica del Guadalquivir. Objeto: Contrato de servicios para el soporte técnico al Área de Calidad de Aguas de la Confederación Hidrográfica del Guadalquivir en el análisis de muestras de aguas subterráneas, aguas superficiales y vertidos. Expediente: CU(CO)-7100.",AGU_GEN,False,,,,False,anuncio,[],[],1.0,"La publicación se refiere a un ""Contrato de servicios para el soporte técnico"" en el ámbito administrativo de la Confederación Hidrográfica del Guadalquivir, sin mención de concesión, autorización ni gestión directa de recursos hídricos o naturaleza como sujeto del acto. Por tanto, es una contratación administrativa y no entra en el dominio hídrico-natural regulado.",69.597
3,boe,"Anuncio de la Confederación Hidrográfica del Júcar, O.A. sobre información pública de una concesión de aguas subterráneas en el T.M. de Chiva (Valencia).",AGU_GEN,True,AGU_GEN,cuenca_jucar,,True,anuncio,"[""AGU_GEN""]",[],0.75,"La publicación es un anuncio sobre una concesión de aguas subterráneas, pero sin especificar el uso (rioego, abastecimiento, industrial) en la descripción proporcionada. El nombre de la Confederación Hidrográfica del Júcar indica que corresponde a la cuenca del Júcar (cuenca_jucar), aunque no se menciona explícitamente el uso en el texto breve, por lo que solo se asigna AGU_GEN como categoría N2 y sin subcategoría de uso.",76.29
4,boe,"Anuncio de la Confederación Hidrográfica del Duero, O.A., de información pública del expediente de modificación de características de concesión de un aprovechamiento de aguas subterráneas, de referencia MC-0219/2024 (INTEGRA-AYE) AV, con destino a riego en el término municipal de Constanzana (Ávila).",AGU_GEN,True,AGU_RIE,"uso_agricola,cuenca_duero",,True,anuncio,"[""AGU_RIE""]","[""uso_agricola"", ""cuenca_duero""]",0.98,"El texto indica ""con destino a riego"" (señal explícita para AGU_RIE), y la Confederación Hidrográfica del Duero junto con la provincia de Ávila identifican la cuenca_duero. La referencia MC-0219/2024 es el expediente específico.",136.183
5,boe,"Anuncio de la Confederación Hidrográfica del Duero, O.A., de resolución del expediente de concesión de un aprovechamiento de aguas subterráneas, de referencia C-0196/2022, con destino a riego en el término municipal de Torrelara (Burgos).",AGU_GEN,True,AGU_RIE,"uso_agricola,cuenca_duero",,True,anuncio,"[""AGU_RIE""]","[""uso_agricola"", ""cuenca_duero""]",0.98,"El texto especifica explícitamente ""con destino a riego"", activando la categoría AGU_RIE, y menciona ""Duero"" (Confederación Hidrográfica del Duero), identificando la cuenca duero. La mención de ""aprovechamiento de aguas subterráneas"" describe el medio pero no activa AGU_SND por falta de términos como ""captación"" o ""sondeo"".",65.338
6,boe,Anuncio de licitación de: Presidencia de la Confederación Hidrográfica del Ebro. Objeto: Trabajos de impermeabilización a realizar en el embalse de Guiamets junto al estribo izquierdo de la presa. T/Els Guiamets. Expediente: 020/25-S.,AGU_GEN,False,,,,True,anuncio,"[""AGU_GEN""]","[""cuenca_ebro""]",0.78,"El texto describe ""Trabajos de impermeabilización en el embalse"" que constituyen una actuación en DPH, pero no especifica un uso concreto del agua (ni riego, ni abastecimiento, ni industrial), por lo que se clasifica como AGU_GEN. La referencia a la ""Confederación Hidrográfica del Ebro"" identifica claramente la cuenca ebro.",62.788
7,boe,Anuncio de acuerdo de información pública de la Comisaría de Aguas de la Confederación Hidrográfica del Duero O.A. en el procedimiento de Aprovechamiento de pastos en el término municipal de Puebla de Lillo (León).,AGU_GEN,True,AGU_GEN,cuenca_duero,,True,anuncio,"[""AGU_GEN""]","[""cuenca_duero""]",0.95,"El texto menciona ""Aprovechamiento de pastos en el término municipal de Puebla de Lillo"" en relación con aguas subterráneas sin uso específico, activando AGU_GEN. La referencia a la ""Confederación Hidrográfica del Duero"" y la localidad de León identifica la cuenca duero como subcategoria.",55.657
8,boe,"Anuncio de la Confederación Hidrográfica del Duero, O.A., de información pública del expediente de modificación de características de concesión de un aprovechamiento de aguas subterráneas, de referencia MC-0105/2024 (INTEGRA-AYE) ZA, con destino a riego en el término municipal de Peleas de Abajo (Zamora).",AGU_GEN,True,AGU_RIE,"uso_agricola,cuenca_duero",,True,información_pública,"[""AGU_SND"", ""AGU_RIE""]","[""uso_agricola"", ""cuenca_duero""]",0.95,"Se menciona ""expediente de modificación de características de concesión"" y el texto incluye explícitamente ""concesión de un aprovechamiento de aguas subterráneas"" (activando AGU_SND según regla 4) y ""con destino a riego"" (activando AGU_RIE, que tiene prioridad sobre AGU_GEN). La cuenca es Duero por referencia a Zamora y la Confederación Hidrográfica del Duero.",66.595
9,boe,Anuncio de la Confederación Hidrográfica del Tajo O.A. de la resolución de la solicitud de una concesión de aguas en el término municipal de Utande (Guadalajara). Referencia C-0178/2023.,AGU_GEN,True,AGU_GEN,cuenca_tajo,,False,anuncio,[],[],0.95,"El texto describe una ""concesión de aguas en el término municipal de Utande (Guadalajara)"" pero no especifica ningún uso concreto del agua. Según las reglas, sin mención de uso agrícola, abastecimiento, industrial o energético, y dado que falta información para activar AGU_GEN por ausencia de detalles específicos sobre la concesión (como actos en DPH sin uso), se considera irrelevante porque no cumple los criterios mínimos de clasificación. La referencia C-0178/2023 y el organismo CHT confirman cuenca, pero sin categoría N2 válida por falta de señal léxica de uso o tipo de concesión.",68.846
10,boe,Anuncio de la Confederación Hidrográfica del Tajo O.A. de la información pública de la solicitud de una concesión de aguas en el término municipal de Brozas (Cáceres). Referencia C-0249/2024.,AGU_GEN,True,AGU_GEN,cuenca_tajo,,True,anuncio,"[""AGU_GEN""]","[""cuenca_tajo""]",0.95,"La publicación es un ""anuncio"" de la CH del Tajo sobre una ""concesión de aguas"". No se especifica el uso (ni riego, ni abastecimiento), por lo que corresponde a AGU_GEN como categoría residual. La cuenca es Tajo según el organismo emisor (CH del Tajo).",55.314
11,doe,"Resolución de 11 de enero de 2025, de la Dirección General de Sostenibilidad, por la que se formula informe de impacto ambiental del proyecto de construcción de un sondeo para el aprovechamiento de aguas subterráneas, en el término municipal de El Gordo (Cáceres), promovido por el Ayuntamiento de El Gordo. Expte.: IA24/0676.",AGU_GEN,True,AGU_SND,"uso_urbano,cuenca_tajo",,True,información_pública,"[""AGU_SND""]","[""cuenca_guadiana""]",0.95,"El texto contiene explícitamente ""sondeo para el aprovechamiento de aguas subterráneas"", activando la categoría AGU_SND según las señales clave de sondeo/captación/pozo en el contexto de concesión. La ubicación en El Gordo (Cáceres) corresponde a la cuenca del Guadiana. El acto es un ""informe de impacto ambiental"" (IIA), que se clasifica como información pública.",63.593
12,boe,"Anuncio de la Confederación Hidrográfica del Miño-Sil, O.A. por el que se publica el inicio del trámite de competencia de proyectos para la creación de un área recreativa con zona de baño en ambas márgenes del río Cabe, en Ribasaltas, T.M. de Monforte de Lemos (Lugo).",AGU_GEN,True,AGU_GEN,cuenca_mino_sil,,False,anuncio,[],[],1.0,"La publicación trata sobre un área recreativa con zona de baño, sin mención a concesión de aguas, usos del agua en DPH, ni protección ambiental específica que activen las categorías N2. Es una competencia de proyectos para uso recreativo/no clasificado según la taxonomía proporcionada.",52.541
13,boe,"Anuncio de la Confederación Hidrográfica del Júcar, O.A. sobre información pública de una concesión de aguas subterráneas en el T.M. de Vinaròs (Castellón).",AGU_GEN,True,AGU_GEN,cuenca_jucar,,True,información_pública,"[""AGU_GEN""]","[""cuenca_jucar""]",0.75,"El texto es un anuncio de información pública sobre una concesión de aguas subterráneas en el término municipal de Vinaròs (Castellón). Al no especificarse ningún uso concreto (ni riego, abastecimiento, industrial, etc.), se clasifica como AGU_GEN según la regla de que esta categoría es residual para autorizaciones/concesiones sin uso específico. El organismo emisor es la Confederación Hidrográfica del Júcar, por lo que se añade la subcategoría cuenca_jucar. La confianza es 0.75 debido a la ausencia de detalles sobre el uso del agua en el texto.",173.38
14,boe,"Anuncio de la Confederación Hidrográfica del Duero, O.A., de información pública del expediente de modificación de características de concesión de un aprovechamiento de aguas, de referencia MC-0123/2024 (INTEGRA-AYE) VA, con destino a riego y abastecimiento en el término municipal de Siete Iglesias de Trabancos (Valladolid).",AGU_GEN,True,"AGU_RIE,AGU_ABS","uso_mixto,cuenca_duero",,True,anuncio,"[""AGU_RIE""]","[""uso_agricola"", ""cuenca_duero""]",0.95,"El texto menciona ""con destino a riego"" que activa la categoría AGU_RIE y ""abastecimiento"" indicando uso urbano, aunque según las reglas críticas solo se asigna una etiqueta principal de uso (prioridad a riego). Además, la fuente es la Confederación Hidrográfica del Duero, lo que confirma la cuenca_duero.",74.959
15,boe,"Anuncio de la Confederación Hidrográfica del Miño-Sil, O.A. por el que se hace público el otorgamiento de la concesión para aprovechamiento de 1,665 l/s de agua procedente de tres (3) manantiales situados en la parroquia de Porqueirós (Santo André), término municipal de Muiños (Ourense), con destino a abastecimiento del núcleo de Porqueirós y extinción de incendios. Expediente: A/32/32701.",AGU_GEN,True,AGU_ABS,"uso_urbano,cuenca_mino_sil",,True,anuncio,"[""AGU_GEN"", ""MON""]","[""uso_mixto"", ""cuenca_mino_sil""]",0.95,"El texto indica ""otorgamiento de la concesión"" (acto administrativo) con ""destino a abastecimiento del núcleo"" y para ""extinción de incendios"", activando AGU_GEN como categoría principal por concesión sin uso específico dominante, y MON por el contexto de aprovechamiento en Ourense (cuenca Minho-Sil), aunque no se menciona explícitamente ""monte de utilidad pública"". El fragmento clave es ""destino a abastecimiento del núcleo de Porqueirós y extinción de incendios"", que señala AGU_GEN.",88.441
16,boe,Anuncio de la Comisaría de Aguas de la Confederación Hidrográfica del Cantábrico de información pública de procedimiento de concesión de aguas en el término municipal de Aller (Asturias). A/33/48530.,AGU_GEN,True,AGU_GEN,cuenca_cantabrico,,True,anuncio,"[""AGU_GEN""]","[""cuenca_cantabrico""]",0.85,"El texto indica una ""información pública de procedimiento de concesión de aguas"" sin especificar un uso particular, lo que corresponde a la categoría AGU_GEN. La mención de ""Confederación Hidrográfica del Cantábrico"" y el término municipal de Aller (Asturias) permiten inferir la cuenca cantábrica como subcategoría.",70.334
17,boe,"Anuncio de la Confederación Hidrográfica del Duero, O.A., de información pública de la concesión de un aprovechamiento de aguas subterráneas para otros usos industriales, en el término municipal de San Miguel del Arroyo (Valladolid). Ref. expte.: C-0404/2024 (INTEGRA-AYE) VA.",AGU_GEN,True,AGU_IND,"uso_industrial,cuenca_duero",,True,anuncio,"[""AGU_GEN"", ""AGU_IND""]","[""uso_industrial"", ""cuenca_duero""]",0.95,"El texto menciona explícitamente ""concesión de un aprovechamiento de aguas subterráneas para otros usos industriales"" y la fuente es ""Confederación Hidrográfica del Duero"". La categoría AGU_GEN se aplica a la concesión general de aguas sin uso específico (el agua no está destinada a riego, abastecimiento ni sondeo explícito), mientras que AGU_IND se activa por el uso industrial. Se excluye AGU_RIE o AGU_SND porque no hay mención de riego ni de captación/pozo/sondeo explícita, y la referencia al ""otro uso industrial"" lo encuadra en uso industrial. La cuenca es Duero por el nombre de la Confederación.",96.684
18,boe,"Anuncio de la Comisaría de Aguas de la Confederación Hidrográfica del Guadalquivir de información pública del procedimiento de extinción del derecho de la concesión de aguas públicas con expediente de referencia X-5568/2024, en el término municipal de Puente Genil (Córdoba).",AGU_GEN,True,AGU_GEN,cuenca_guadalquivir,,True,anuncio,"[""AGU_GEN""]",[],0.85,"La publicación es un anuncio de información pública sobre una concesión de aguas públicas del Guadalquivir (CHG). Al no especificarse el uso del agua, se clasifica como AGU_GEN residual. Se omite la subcategoría de cuenca porque las categorías N2 son exclusivas y la cuenca debe inferirse en otra capa o mediante otras etiquetas si fuera relevante junto a una categoría principal.",135.115
19,boe,"Anuncio del Servicio de Régimen de Usuarios de la Confederación Hidrográfica del Duero, O.A. de información pública sobre la tramitación de un procedimiento de extinción del derecho a un aprovechamiento subterráneas en el término municipal de Langa (Ávila). Expediente ED-0089/2024.",AGU_GEN,True,AGU_GEN,cuenca_duero,,True,información_pública,"[""AGU_GEN""]",[],0.85,"El anuncio trata sobre ""tramitación de un procedimiento de extinción del derecho a un aprovechamiento subterráneas"", lo que indica una gestión administrativa relacionada con aguas subterráneas sin especificar un uso concreto (no se menciona riego, abastecimiento ni industria), por lo tanto encaja en la categoría AGU_GEN. El organismo emisor es la Confederación Hidrográfica del Duero, lo que permite inferir la cuenca duero, pero no aparece explícitamente para asignar la subcategoría según las reglas.",77.671
20,boe,Anuncio de la Confederación Hidrográfica del Guadiana de sometimiento a información pública de resolución de otorgamiento de concesión de aguas subterráneas en el término municipal de El Robledo (Ciudad Real)- 3681/2018.,AGU_GEN,True,AGU_GEN,cuenca_guadiana,,True,anuncio,"[""AGU_GEN""]","[""cuenca_guadiana"", ""uso_industrial"", ""uso_mixto""]",0.85,"El texto indica ""concesión de aguas subterráneas"" sin usar palabras clave explícitas como ""captación"" o ""sondeo"", por lo que se clasifica como AGU_GEN (categoría residual para concesiones sin uso especificado). La subcategoría ""cuenca_guadiana"" es correcta por el organismo emisor (Confederación Hidrográfica del Guadiana). Las subcategorías de uso (industrial/mixto) se han inferido por defecto porque no hay indicación explícita en el texto de un uso concreto, pero la descripción ""aguas subterráneas"" por sí sola no activa automáticamente una categoría de uso específico.",75.673
21,boe,Anuncio de la Confederación Hidrográfica del Guadiana de sometimiento a información pública de solicitud de concesión de aguas subterráneas en el término municipal de Badajoz (Badajoz).,AGU_GEN,True,AGU_GEN,cuenca_guadiana,,True,anuncio,"[""AGU_GEN""]","[""cuenca_guadiana""]",0.95,"El texto menciona ""solicitud de concesión de aguas subterráneas"" en Badajoz, activando la categoría AGU_GEN por ser una solicitud sin uso específico declarado y cuenca_guadiana por el organismo CHG. No hay mención explícita a riego ni captación/pozo.",55.029
22,boe,"Anuncio de la Confederación Hidrográfica del Duero, O.A., de información pública de la autorización de vertido de aguas residuales, en el término municipal de Arabayona de Mógica (Salamanca), referencia del expediente V-0095/2023 (Referencia del Servicio: 0081. -SA).",AGU_GEN,True,VER,cuenca_duero,,UnexpectedModelBehavior,104.543
23,boe,"Anuncio de la Comisaría de Aguas de la Confederación Hidrográfica del Guadalquivir de información pública del procedimiento de de la concesión de aguas públicas para abastecimiento de vivienda con un volumen de 182,5 m3/año, con captación subterránea en Sanlúcar la Mayor (Sevilla). Expediente 4463/2020.",AGU_GEN,True,AGU_ABS,"uso_urbano,cuenca_guadalquivir",,True,información_pública,"[""AGU_ABS""]","[""uso_urbano"", ""cuenca_guadalquivir""]",0.95,"El texto indica explícitamente ""concesión de aguas públicas para abastecimiento de vivienda"", lo que activa la categoría AGU_ABS. La mención de ""Captación subterránea"" se refiere al método de obtención y no a un sondeo/pozo autónomo, por lo que no aplica AGU_SND. Al tratarse de abastecimiento para vivienda en Sanlúcar la Mayor (Sevilla), corresponde a la cuenca Guadalquivir y uso urbano.",67.306
24,boe,Anuncio de la Comisaría de Aguas de la Confederación Hidrográfica del Ebro sobre información pública de una solicitud de concesión de un aprovechamiento de aguas públicas subterráneas en el término municipal de Santo Domingo de la Calzada (La Rioja).,AGU_GEN,True,AGU_GEN,cuenca_ebro,,True,información_pública,"[""AGU_GEN""]","[""cuenca_ebro"", ""uso_agricola""]",0.85,"La publicación es una ""información pública de una solicitud de concesión de un aprovechamiento de aguas públicas subterráneas"" sin uso explícito mencionado, lo que indica una categoría AGU_GEN residual. La cuenca se infiere por el organismo emisor (Confederación Hidrográfica del Ebro) y la ubicación (La Rioja). Aunque no hay uso específico detallado en el texto, las aguas subterráneas para aprovechamiento suelen tener fines agrícolas o mixtos, pero dado que no se especifica, se asume un uso genérico. El fragmento clave es ""aprovechamiento de aguas públicas subterráneas"" sin indicación de uso específico, activando AGU_GEN.",74.903
25,boe,Anuncio de la Comunidad de Regantes Pozo La Sierra de Torrent sobre convocatoria de Junta.,AGU_RIE,True,AGU_RIE,"uso_agricola,cuenca_jucar",,True,anuncio,"[""AGU_RIE""]",[],0.95,"El texto menciona explícitamente ""Comunidad de Regantes"" y ""convocatoria de Junta"", lo cual activa la categoría AGU_RIE según la regla 8. No hay menciones a captación o sondeo, por lo que no se aplica AGU_SND. La cuenca hidrográfica no puede inferirse con certeza del texto proporcionado.",55.483
26,boe,"Anuncio de la Comisaría de Aguas de la Confederación Hidrográfica del Guadalquivir de información pública de procedimiento de extinción del derecho de una concesión de aguas públicas para abastecimiento, riego de 0,02 ha. y un volumen de 1.150 m3/año con captación en Pozo (Fuera de masa) en Pozoblanco (Córdoba). Expediente X-9076/2022-ing.",AGU_RIE,True,"AGU_RIE,AGU_ABS,AGU_SND","uso_mixto,cuenca_guadalquivir",,True,anuncio,"[""AGU_GEN""]","[""uso_urbano"", ""uso_agricola"", ""cuenca_guadalquivir""]",0.95,"El texto menciona explícitamente ""extinción del derecho de una concesión de aguas públicas para abastecimiento, riego"" (activa AGU_GEN como categoría residual por ser un expediente mixto donde no hay captación/sondeo explícito en el texto principal aunque se menciona pozo al final, y usa ""aguas públicas""). Además, la descripción detalla ""abastecimiento"" y ""riego"", activando las subcategorías de uso urbano y agrícola. Finalmente, el organismo emisor es la Confederación Hidrográfica del Guadalquivir y la ubicación es Pozoblanco (Córdoba), lo que confirma la cuenca Guadalquivir.",78.046
27,boe,Anuncio de la Comunidad de Regantes Las Almacidas sobre convocatoria de Junta General Ordinaria.,AGU_RIE,True,AGU_RIE,uso_agricola,,True,anuncio,"[""AGU_RIE""]",[],1.0,"""convocatoria de Junta General Ordinaria"" en el contexto de ""Comunidad de Regantes"" activa la categoría AGU_RIE según la regla 8. El texto es un anuncio, por lo que el tipo de acto es ""anuncio"". La confianza es alta porque la descripción es clara y directa sobre el propósito del anuncio (convocatoria de junta en una comunidad de regantes).",56.573
28,boe,Anuncio de la Comunidad de Regantes de Ara sobre convocatoria de Asamblea General Ordinaria.,AGU_RIE,True,AGU_RIE,"uso_agricola,cuenca_ebro",,True,anuncio,"[""AGU_RIE""]",[],0.98,"La descripción contiene ""Comunidad de Regantes"" y ""convocatoria de Asamblea"", que son señales explícitas para la categoría AGU_RIE según la regla 8 (convocatorias de asambleas = riego). No se mencionan usos específicos adicionales ni cuencas.",52.009
29,boe,"Anuncio de la Comisaría de Aguas, de la Confederación Hidrográfica del Guadalquivir, de competencia de proyectos sobre concesión de uso de reutilización de aguas para un volumen anual de 205.169 m3/año para uso Agropecuario - Regadío (otras berries para una superficie de 39,21 ha) en el T.M. de Hinojos (Huelva) con expediente A-6835/2017.",AGU_RIE,True,AGU_RIE,"uso_agricola,cuenca_guadalquivir",,True,anuncio,"[""AGU_RIE""]","[""uso_agricola"", ""cuenca_guadalquivir""]",0.98,"El texto menciona explícitamente ""concesión de uso de reutilización de aguas para... uso Agropecuario - Regadío"", lo que activa la categoría AGU_RIE por la señal ""Regadío"". También se indica el volumen y la ubicación en Huelva (T.M. de Hinojos, Huelva), perteneciente a la Confederación Hidrográfica del Guadalquivir.",63.524
30,boe,"Anuncio de la Comunidad de Regantes de Las Vegas de Ejea de los Caballeros, Zaragoza, sobre convocatoria de Junta.",AGU_RIE,True,AGU_RIE,"uso_agricola,cuenca_ebro",,True,anuncio,"[""AGU_RIE""]","[""uso_agricola"", ""cuenca_ebro""]",0.98,"El texto menciona explícitamente ""Comunidad de Regantes"" y ""convocatoria de Junta"", lo que activa la categoría AGU_RIE según la regla 8. La ubicación en Zaragoza indica la cuenca del Ebro, y el uso es agrícola por la naturaleza de la comunidad.",55.052
31,boe,Anuncio de la Comunidad de Regantes Armuña Fase 1 sobre convocatoria de Junta.,AGU_RIE,True,AGU_RIE,"uso_agricola,cuenca_duero",,True,anuncio,"[""AGU_RIE""]",[],0.95,"El texto menciona ""Comunidad de Regantes"" y ""convocatoria de Junta"", que son señales explícitas para la categoría AGU_RIE (anuncios de juntas de comunidades de regantes). No se especifica ningún tipo concreto de uso o cuenca, por lo que no hay subcategorías.",53.614
32,boe,Anuncio de la Comunidad de Regantes del Valle de Benejama sobre convocatoria de Junta.,AGU_RIE,True,AGU_RIE,"uso_agricola,cuenca_jucar",,True,anuncio,"[""AGU_RIE""]",[],0.95,"La descripción contiene explícitamente ""convocatoria de Junta"" de una ""Comunidad de Regantes"", lo que activa la categoría AGU_RIE según la regla 8 sobre convocatorias de asambleas y juntas. No hay mención de uso específico del agua ni de demarcación, por lo que no se asignan subcategorías.",54.985
33,boe,"Anuncio de la Confederación Hidrográfica del Duero, O.A., de información pública de la concesión de un aprovechamiento de aguas subterráneas para riego, en el término municipal Moral de la Reina (Valladolid). Ref. expte.: C-0417/2024 (INTEGRA-AYE) VA.",AGU_RIE,True,AGU_RIE,"uso_agricola,cuenca_duero",,UnexpectedModelBehavior,106.633
34,boe,Anuncio de la Comunidad de Regantes del Río Tajo en Almoguera sobre convocatoria de Junta.,AGU_RIE,True,AGU_RIE,"uso_agricola,cuenca_tajo",,True,anuncio,"[""AGU_RIE""]",[],0.95,"La descripción indica ""convocatoria de Junta"" de la ""Comunidad de Regantes del Río Tajo"". Según las reglas, las convocatorias de juntas/asambleas de comunidades de regantes activan la categoría AGU_RIE. El nombre del río no es suficiente para inferir cuenca (requiere datos administrativos explícitos).",54.418
35,docm,"Resolución de 16/01/2025, de la Delegación Provincial de Desarrollo Sostenible de Guadalajara, por la que se formula el informe de impacto ambiental del proyecto denominado: Captación de aguas subterráneas para riego de carrascas truferas en Tordellego (Guadalajara) (expediente PRO-GU-24-0765), cuyo promotor es don Luis Martínez Martínez.",AGU_RIE,True,"AGU_SND,AGU_RIE","uso_agricola,cuenca_tajo",,UnexpectedModelBehavior,272.089
36,boe,"Anuncio de la Comunidad de Regantes La Moraña II, sobre la exposición pública de los estatutos.",AGU_RIE,True,AGU_RIE,"uso_agricola,cuenca_duero",,True,anuncio,"[""AGU_RIE""]",[],0.92,"El texto menciona ""Comunidad de Regantes"" y exposición pública de estatutos, lo que activa la categoría AGU_RIE según las señales clave para convocatorias y asuntos de comunidades de regantes. No se menciona el uso del agua específico ni la cuenca.",51.115
37,boe,Anuncio de la Comunidad de Regantes de Alcolea de Tajo sobre convocatoria de Junta.,AGU_RIE,True,AGU_RIE,"uso_agricola,cuenca_tajo",,True,anuncio,"[""AGU_RIE""]",[],0.95,"El texto describe la ""convocatoria de Junta"" de una ""Comunidad de Regantes"", lo que activa directamente la categoría AGU_RIE según la regla 8, aludiendo a asuntos relativos al regadío sin necesidad de inferir una cuenca específica. La mención explícita de ""Comunidad de Regantes"" es la señal léxica determinante.",63.018
38,bocyl,"RESOLUCIÓN de 5 de febrero de 2025, de la Delegación Territorial de León, por la que se dicta el informe de impacto ambiental del proyecto de ejecución de un sondeo de captación de aguas para riego de árboles frutales y huerta en Corullón, en el término municipal de Corullón (León). Expte.: I.A. 035/2024.",AGU_RIE,True,"AGU_SND,AGU_RIE","uso_agricola,cuenca_mino_sil",,True,resolución,"[""AGU_SND"", ""AGU_RIE""]","[""uso_agricola"", ""cuenca_duero""]",0.95,"El texto menciona explícitamente ""sondeo de captación"" (señal para AGU_SND) y ""para riego de árboles frutales y huerta"" (señal para AGU_RIE). Además, León pertenece a la cuenca del Duero. La combinación es válida según las reglas cuando hay señal explícita de ambas categorías.",77.456
39,boe,"Anuncio de la Comisaría de Aguas de la Confederación Hidrográfica del Guadalquivir de información pública de procedimiento de extinción del derecho de una concesión de aguas públicas para riego de 10,88 ha y un volumen de 16.320 m3/año con captación en Sondeo (Rumblar) en Bailén (Jaén). Expediente X-5548/2024-ing.",AGU_RIE,True,AGU_RIE,"uso_agricola,cuenca_guadalquivir",,True,información_pública,"[""AGU_RIE"", ""AGU_SND""]","[""uso_agricola"", ""cuenca_guadalquivir""]",0.95,"La publicación menciona ""concesión de aguas públicas para riego"" (etiqueta AGU_RIE) y también indica ""captación en Sondeo"" (etiqueta AGU_SND). Además, el texto especifica una extensión de tierra cultivable (10,88 ha), confirmando el uso agrícola. La Confederación Hidrográfica del Guadalquivir implica la cuenca Guadalquivir.",80.836
40,boe,"Anuncio de la Confederación Hidrográfica del Duero, O.A., de la resolución del expediente de concesión de un aprovechamiento de aguas subterráneas, de referencia C-0192/2023, con destino a riego en el término municipal de Fermoselle (Zamora).",AGU_RIE,True,AGU_RIE,"uso_agricola,cuenca_duero",,True,anuncio,"[""AGU_RIE""]","[""uso_agricola"", ""cuenca_duero""]",0.98,"Texto que indica claramente ""con destino a riego"" activando AGU_RIE y menciona explícitamente la ""Confederación Hidrográfica del Duero"", lo que confirma la cuenca_duero. La subcategoría uso_agricola es directa por el uso de riego.",72.857
41,doe,"Acuerdo de 31 de octubre de 2024, de la Comisión de Urbanismo y Ordenación del Territorio de Extremadura, de aprobación definitiva de la modificación puntual n.º 1 del Plan General Municipal de Miajadas que afecta a la regulación de la altura de las edificaciones e instalaciones en Suelo No Urbanizable de Protección Natural (artículo 3.2.2.1), de Protección Estructural Regadíos (artículo 3.2.2.2), de Protección Ambiental Hidrológica (artículo 3.2.2.5) y Común (artículo 3.2.2.7).",AGU_RIE,False,,,,False,acuerdo,[],[],0.95,"El texto describe una modificación puntual del Plan General Municipal de Miajadas, que afecta a zonas protegidas con denominaciones hidrológicas (""Protección Ambiental Hidrológica"") pero no concede o regula una actuación específica sobre el agua, ni autoriza vertidos, uso industrial, etc. Se trata de un acto de planificación urbanística sin contenido hídrico/natural directo en su objeto regulador.",75.521
42,boe,"Anuncio de la Confederación Hidrográfica del Duero, O.A., de información pública del expediente de modificación de características de concesión de un aprovechamiento de aguas subterráneas, de referencia MC-0193/2024 (INTEGRA-AYE) AV, con destino a riego en el término municipal de Madrigal de las Altas Torres (Ávila).",AGU_RIE,True,AGU_RIE,"uso_agricola,cuenca_duero",,True,anuncio,"[""AGU_RIE""]","[""cuenca_duero"", ""uso_agricola""]",0.95,"""Conferencia Hidrográfica del Duero"" indica cuenca duero y ""con destino a riego"" activa la categoría AGU_RIE con uso agrícola. El fragmento ""expediente de modificación de características de concesión de un aprovechamiento de aguas subterráneas, de referencia MC-0193/2024 (INTEGRA-AYE) AV, con destino a riego en el término municipal de Madrigal de las Altas Torres (Ávila)"" confirma claramente la concesión con uso agrícola.",82.359
43,doe,"Resolución de 19 de marzo de 2025, de la Dirección General de Sostenibilidad, por la que se formula informe de impacto ambiental del proyecto de transformación en regadío de 16,0369 ha de olivar en la finca Santa Ana, promovido por Aurelia Mancha Prieto, Elías, M.ª Aurelia, Demetrio y Guadalupe Carrasco Mancha, en los términos municipales de Don Álvaro y Valverde de Mérida. Expte.: IA21/1029.",AGU_RIE,True,AGU_RIE,"uso_agricola,cuenca_guadiana",,True,resolución,"[""AGU_RIE""]","[""uso_agricola"", ""cuenca_guadiana""]",0.95,"El texto menciona ""proyecto de transformación en regadío"" y ""16,0369 ha de olivar"", lo que indica claramente un uso agrícola para riego (AGU_RIE). La mención de los municipios Don Álvaro y Valverde de Mérida sitúa la actuación en la cuenca del Guadiana (cuenca_guadiana).",73.402
44,boe,Anuncio de la Comunidad de Regantes con Aguas Rodadas del Canal de Lodosa de Fréscano sobre convocatoria de Junta.,AGU_RIE,True,AGU_RIE,"uso_agricola,cuenca_ebro",,UnexpectedModelBehavior,109.437
45,boe,Anuncio de la Comunidad de Regantes Heredamiento de aguas de Ceutí sobre convocatoria de Junta.,AGU_RIE,True,AGU_RIE,"uso_agricola,cuenca_segura",,True,anuncio,"[""AGU_RIE""]",[],0.95,"El texto ""Comunidad de Regantes"" y ""convocatoria de Junta"" activan claramente la categoría AGU_RIE (prioridad sobre AGU_GEN). No hay señal explícita de tipo de uso, captación o cuenca en esta descripción genérica.",60.986
46,dogc,"Edicto de 24 de febrero de 2025, por el que se somete a información pública el ""Proyecto constructivo de ejecución de las obras de la red de distribución de regadío del sistema Segarra-Garrigues. Sector 12. Red secundaria de apoyo del piso C. Perímetro II"" (exp. S12-XS08-24)",AGU_RIE,True,AGU_RIE,"uso_agricola,cuenca_ebro",,True,edicto,"[""AGU_RIE""]","[""uso_agricola"", ""cuenca_ebro""]",0.95,"""El texto menciona 'red de distribución de regadío del sistema Segarra-Garrigues', activando la categoría AGU_RIE (uso agrícola) y, por el sistema de regadío, cuenca Ebro. No hay señal explícita de captación/sondeo (AGU_SND), vertido (VER) ni monte/espacio natural (MON, ESP_NAT).""",74.477
47,boe,Anuncio de la Comunidad de Regantes de Venta Micena sobre convocatoria de Junta.,AGU_RIE,True,AGU_RIE,"uso_agricola,cuenca_guadalquivir",,True,anuncio,"[""AGU_RIE""]",[],0.95,"El texto menciona explícitamente ""Comunidad de Regantes de Venta Micena"" y ""convocatoria de Junta"", lo que activa directamente la categoría AGU_RIE según la regla 8 para convocatorias de asamblea/junta de comunidades de regantes. No hay mención de cuenca, así que no se asigna subcategoría.",65.316
48,boe,"Anuncio de la Comisaría de Aguas de la Confederación Hidrográfica del Guadalquivir de información pública de procedimiento de modificación de características y novación de concesión de aguas públicas para, riego de 5,8 ha, abastecimiento, uso industrial y un volumen de 10.444 m3/año con captación en Sondeo (Aluvial del Guadalquivir - Curso Medio) en Adamuz (Córdoba). Expediente M-7618/2017-ing.",AGU_RIE,True,"AGU_RIE,AGU_ABS,AGU_IND","uso_mixto,cuenca_guadalquivir",,True,información_pública,"[""AGU_RIE"", ""AGU_ABS"", ""AGU_IND"", ""AGU_SND""]","[""uso_agricola"", ""uso_urbano"", ""uso_industrial"", ""cuenca_guadalquivir""]",0.98,"El texto incluye explícitamente ""con destino a riego"" y ""riego de 5,8 ha"", activando AGU_RIE; ""abastecimiento"" activa AGU_ABS; ""uso industrial"" activa AGU_IND; y la mención de ""captación en Sondeo"" activa AGU_SND. La cuenca es Guadalquivir por el organismo emisor y la ubicación geográfica mencionada (Córdoba, Aluvial del Guadalquivir).",85.817
49,boe,Anuncio de la Comunidad de Regantes Nava de Arriba sobre convocatoria de Junta General.,AGU_RIE,True,AGU_RIE,uso_agricola,,True,anuncio,"[""AGU_RIE""]","[""uso_agricola"", ""cuenca_guadalquivir""]",0.98,"La publicación es un anuncio de convocatoria de Junta General de la Comunidad de Regantes Nava de Arriba, lo cual activa directamente la categoría AGU_RIE por la mención explícita de ""Comunidad de Regantes"". Se infiere uso agrícola para riego por el contexto de regadío y cuenca del Guadalquivir dado que esta comunidad está ubicada en dicha cuenca.",71.501
50,dogv,"RESOLUCIÓN de 17 de septiembre de 2024, de la Dirección General de Urbanismo, Paisaje y Evaluación Ambiental, por la que se formula un informe de impacto ambiental del proyecto de sondeo para captación de aguas subterráneas en la parcela 113, polígono 4, partida Tarafes del término municipal de Xaló (Alicante). Expediente: (3593978) 215/2024/AIA.",AGU_SND,True,AGU_SND,cuenca_jucar,,True,resolución,"[""AGU_SND"", ""AGU_GEN""]","[""uso_agricola"", ""cuenca_segura""]",0.92,"El texto contiene explícitamente ""sondeo para captación de aguas subterráneas"" (AGU_SND), y dado que Xaló es un municipio de Alicante, la provincia de Alicante pertenece a la cuenca del Segura. Como no se especifica un uso concreto en el fragmento proporcionado, pero es una concesión o autorización sobre aguas en DPH sin otro uso explícito mencionado (sin ""riego"", ""abastecimiento"", etc.), la etiqueta AGU_GEN también aplica como residual.",81.74
51,boib,"Resolución de la directora general de Armonización Urbanística y Evaluación Ambiental por la cual se formula el informe de impacto ambiental sobre el Proyecto de una captación de aguas subterráneas (sondeo), en la finca «Penya Rotja», polígono 14, parcela 43 en el Término Municipal de Son Servera (Exp. 102a/2024)",AGU_SND,True,AGU_SND,cuenca_insular,,True,resolución,"[""AGU_SND""]",[],0.95,"La publicación es una resolución sobre un informe de impacto ambiental para un ""sondeo"" de captación de aguas subterráneas, lo que coincide con la categoría AGU_SND según las señales explícitas. No se identifica uso específico del agua ni cuenca hidrográfica en el texto proporcionado.",65.015
52,dogv,"RESOLUCIÓN de 26 de septiembre de 2024, del director general de Urbanismo, Paisaje y Evaluación Ambiental, por la cual se formula el informe de impacto ambiental del proyecto de sondeo para captación de aguas subterráneas en la parcela 379, polígono 12, del término municipal de Useras. Expediente: (3488985) 121/2024/AIA.",AGU_SND,True,AGU_SND,cuenca_jucar,,True,resolución,"[""AGU_SND""]","[""uso_urbano"", ""cuenca_guadalquivir""]",0.95,"La publicación es una resolución de informe de impacto ambiental para un ""proyecto de sondeo para captación de aguas subterráneas"", lo que activa la categoría AGU_SND por las señales explícitas ""sondeo"" y ""captación"". Las subcategorías se infieren del municipio Useras (en la cuenca del Guadalquivir) y la naturaleza de una autorización de uso de aguas, que suele ser urbano si no se especifica otro uso.",76.923
53,dogv,"RESOLUCIÓN de 3 de febrero de 2025, de la Dirección General de Urbanismo, Paisaje y Evaluación Ambiental, por la que se formula el informe de impacto ambiental del Proyecto de sondeo para captación de aguas subterráneas, parcela 33 del polígono 40 del término municipal de Vistabella del Maestrat (Castellón). Expediente: (3524000) 147/2024/AIA.",AGU_SND,True,AGU_SND,cuenca_jucar,,True,resolución,"[""AGU_SND""]","[""uso_agricola"", ""cuenca_cantabrico""]",0.85,"El texto indica claramente ""Proyecto de sondeo para captación de aguas subterráneas"", lo que activa la categoría AGU_SND (sondeo). La cuenca cantábrica se infiere del término municipal de Vistabella del Maestrat en Castellón. No hay mención explícita del uso del agua, por lo que la asignación de ""uso_agricola"" es una inferencia común para sondeos subterráneos pero la certeza de is_relevant se basa únicamente en AGU_SND con un alto grado de confianza.",82.978
54,dogv,"RESOLUCIÓN de 20 de enero de 2025, de la Dirección General de Urbanismo, Paisaje y Evaluación Ambiental, por la cual se formula un informe de impacto ambiental del proyecto de sondeo para captación de aguas subterráneas en la parcela 159, polígono 13, del término municipal de Relleu . Expediente: (3487745) 131/2024/AIA.",AGU_SND,True,AGU_SND,cuenca_jucar,,True,resolución,"[""AGU_SND""]","[""uso_mixto""]",0.95,"El texto menciona explícitamente ""sondeo para captación de aguas subterráneas"", lo que activa la categoría AGU_SND según las reglas críticas (prioridad sobre otras categorías si hay señal explícita). No se especifica el uso del agua, por lo que la subcategoría es uso_mixto.",67.091
55,dogv,"RESOLUCIÓN de 19 de febrero de 2025, de la Dirección General de Urbanismo, Paisaje y Evaluación Ambiental, por la cual se formula Informe de impacto ambiental del proyecto de sondeo para captación de aguas subterráneas en la parcela 71, polígono 13, del término municipal de Figueroles. Expediente: (3557724) 240/2024/AIA.",AGU_SND,True,AGU_SND,cuenca_jucar,,True,resolución,"[""AGU_SND""]",[],0.95,"Texto dice explícitamente ""sondeo para captación de aguas subterráneas"", activando AGU_SND. No hay mención de uso específico (riego, abastecimiento, etc.), por lo que no se asigna una subcategoría de uso y la cuenca no es inferible del texto proporcionado.",67.067
56,dogv,"RESOLUCIÓN de 17 de enero de 2025, de la Dirección General de Urbanismo, Paisaje y Evaluación Ambiental, por la cual se formula informe de impacto ambiental del proyecto de sondeo para captación de aguas subterráneas en la parcela 11 del polígono 22, partida Garroferos, en el término municipal de Monforte del Cid (Alicante). Expediente: (3603557) 259/2024/AIA.",AGU_SND,True,AGU_SND,cuenca_jucar,,True,información_pública,"[""AGU_SND"", ""AGU_GEN""]","[""uso_agricola""]",0.82,"El texto contiene explícitamente ""sondeo para captación de aguas subterráneas"", lo que activa la categoría AGU_SND según la regla 4, ya que los términos ""captación"", ""sondeo"" o ""pozo"" están presentes. La subcategoría uso_agricola se infiere del contexto general de concesiones de agua en el DPH para usos comunes (si no se especifica otro uso), aunque en este caso la regla 4 sugiere que AGU_SND puede combinarse con AGU_RIE o AGU_ABS si hay uso específico. Como no se menciona un uso explícito (como ""para riego"" o ""abastecimiento""), y considerando que es una concesión de aguas subterráneas sin especificación del uso final, la clasificación más precisa es AGU_SND. Sin embargo, la categoría AGU_GEN también es relevante aquí porque se trata de una autorización en el DPH (Dominio Público Hídrico) para una acción concreta (sondeo) sin un uso específico declarado en el texto. La justificación se basa en los fragmentos ""sondeo para captación de aguas subterráneas"" (AGU_SND) y el contexto general de concesión/autorización en DPH (AGU_GEN).",123.615
57,docm,"Resolución de 12/03/2025, de la Delegación Provincial de Desarrollo Sostenible de Toledo, por la que se formula informe de impacto ambiental del proyecto: Captación de aguas subterráneas para riego de árboles variados y pequeña huerta (expediente PRO-TO-23-3262), en el término municipal de Menasalbas (Toledo).",AGU_SND,True,"AGU_SND,AGU_RIE","uso_agricola,cuenca_tajo",,True,resolución,"[""AGU_SND"", ""AGU_RIE""]","[""uso_agricola"", ""cuenca_tajo""]",0.95,"El texto menciona explícitamente ""Captación de aguas subterráneas"" (etiqueta AGU_SND) y con destino a ""riego de árboles variados y pequeña huerta"" (etiqueta AGU_RIE, uso agrícola). El término municipal de Toledo y la Delegación Provincial sitúan la publicación en la cuenca del Tajo.",71.113
58,dogv,"RESOLUCIÓN de 11 de julio de 2024, de la Dirección General de Urbanismo, Paisaje y Evaluación Ambiental, por la que se formula informe de impacto ambiental del Proyecto de captación de aguas subterráneas para abastecimiento hídrico de la parcela 296 del polígono 43, partida les Sutarraes en el término municipal de Vinaròs. Expediente: (3495540) 122/2024/AIA.",AGU_SND,True,"AGU_SND,AGU_ABS","uso_urbano,cuenca_jucar",,True,información_pública,"[""AGU_ABS"", ""AGU_SND""]","[""uso_urbano"", ""cuenca_cantabrico""]",0.85,"La publicación describe una resolución de informe de impacto ambiental para un proyecto de captación de aguas subterráneas explícitamente destinado al abastecimiento hídrico (uso urbano) y a la vez menciona ""Vinaròs"", territorio que pertenece a la cuenca cantábrica. El texto contiene las palabras clave ""captación"", ""aguas subterráneas"" y ""abastecimiento hídrico"".",77.113
59,dogv,"RESOLUCIÓN de 17 de septiembre de 2024, de la Dirección General de Urbanismo, Paisaje y Evaluación Ambiental, por la que se formula el informe de impacto ambiental del proyecto de sondeo para captación de aguas subterráneas en el polígono 26, parcela 944, partida Las Arenas, del término municipal de Cabanes. Expediente: (3525940)188/2024/AIA.",AGU_SND,True,AGU_SND,cuenca_jucar,,True,resolución,"[""AGU_SND"", ""AGU_ABS""]","[""uso_urbano"", ""cuenca_ebro""]",0.95,"La publicación es una Resolución de la Dirección General de Urbanismo, Paisaje y Evaluación Ambiental sobre un informe de impacto ambiental para un ""proyecto de sondeo para captación de aguas subterráneas"" (activa AGU_SND). Al no especificarse el uso del agua en la descripción, se asume el abastecimiento urbano como categoría residual. La cuenca del Ebro se infiere del municipio de Cabanes (Teruel, Aragón), ubicado en la zona de influencia del río Ebro.",81.397
60,dogv,"RESOLUCIÓN de 26 de septiembre de 2024, de la Dirección General de Urbanismo, Paisaje y Evaluación Ambiental, por la cual se formula informe de impacto ambiental del proyecto de sondeo para captación de aguas subterráneas en la parcela 509, polígono 4, partida Tarafes del término municipal de Beniarbeig (Alicante). Expediente: (3603591) 228/2024/AIA.",AGU_SND,True,AGU_SND,cuenca_jucar,,True,resolución,"[""AGU_SND""]","[""cuenca_segura""]",0.95,"La descripción contiene explícitamente ""proyecto de sondeo para captación de aguas subterráneas"", activando la categoría AGU_SND. Al mencionarse Beniarbeig (Alicante), se infiere que pertenece a la cuenca Segura. El texto del proyecto es específico y no incluye usos agrícolas o industriales, ni señales de vertidos, espacios naturales protegidos o vías pecuarias.",72.374
61,bocyl,"RESOLUCIÓN de 5 de febrero de 2025, de la Delegación Territorial de León, por la que se dicta el informe de impacto ambiental del proyecto de ejecución de un sondeo de captación de aguas subterráneas para abastecimiento de agua potable en la localidad de Santiago Millas, en el término municipal de Santiago Millas (León), promovido por el Ayuntamiento. Expte.: I.A. 029/2024.",AGU_SND,True,"AGU_SND,AGU_ABS","uso_urbano,cuenca_duero",,True,resolución,"[""AGU_ABS"", ""AGU_SND""]","[""uso_urbano"", ""cuenca_duero""]",0.95,"El texto menciona explícitamente ""sondeo de captación de aguas subterráneas"" (AGU_SND) y ""abastecimiento de agua potable"" (AGU_ABS). Al tratarse de Santiago Millas en León, pertenece a la cuenca del Duero. El fragmento clave es: ""sondeo de captación de aguas subterráneas para abastecimiento de agua potable"".",75.791
62,dogv,"RESOLUCIÓN de 21 de octubre de 2024, de la Dirección General de Urbanismo, Paisaje y Evaluación Ambiental, por la cual se formula el informe de impacto ambiental del proyecto de sondeo para la captación de aguas subterráneas en la parcela 581, polígono 3, del término municipal de Alfarp (Valencia). Expediente: (3563584) 224/2024/AIA.",AGU_SND,True,AGU_SND,cuenca_jucar,,True,resolución,"[""AGU_SND"", ""AGU_GEN""]","[""uso_agricola"", ""cuenca_cantabrico""]",0.85,"El texto menciona ""proyecto de sondeo para la captación de aguas subterráneas"" que activa AGU_SND y el informe de impacto ambiental sugiere un uso agrícola común en estas zonas, justificando uso_agricola. La cuenca cantábrica es inferible del territorio valenciano interior, pero podría ser incierto.",72.579
63,dogv,"RESOLUCIÓN de 17 de enero de 2025, de la Dirección General de Urbanismo, Paisaje y Evaluación Ambiental, por la cual se formula un informe de impacto ambiental del proyecto de sondeo para la captación de aguas subterráneas, en la partida LG Venta Mina PL 04 123 del término municipal de Siete Aguas (Valencia). Expediente: (3326434) 171/2023/AIA.",AGU_SND,True,AGU_SND,cuenca_jucar,,True,resolución,"[""AGU_SND"", ""AGU_GEN""]","[""uso_urbano""]",0.85,"El texto menciona ""sondeo para la captación de aguas subterráneas"", lo cual activa las categorías AGU_SND y AGU_GEN según las reglas críticas. Además, se cita un expediente ambiental (3326434) relacionado con agua potable o abastecimiento en términos municipales, lo que sugiere uso urbano. Sin embargo, no aparece explícitamente ""abastecimiento"" ni ""potable"", por lo que la subcategoría debe inferirse con cautela. La justificación se basa en las palabras clave presentes y el contexto del informe ambiental de captación.",84.858
64,bocyl,"ANUNCIO del Servicio Territorial de Industria, Comercio y Economía de León, relativo a la aprobación del proyecto para la perforación de un sondeo para captación de aguas subterráneas, en el término municipal de San Andrés del Rabanedo (León). Expte.: 71155/23.",AGU_SND,True,AGU_SND,cuenca_duero,,True,anuncio,"[""AGU_SND"", ""AGU_GEN""]","[""cuenca_duero""]",0.95,"El texto menciona explícitamente ""sondeo para captación de aguas subterráneas"" lo que activa la categoría AGU_SND (sondeo/captación). La ausencia de mención a un uso específico del agua hace que sea residualmente aplicable la categoría AGU_GEN. Al encontrarse en León, provincia de Castilla y León, corresponde a la cuenca del Duero.",63.16
65,dogc,"Anuncio sobre aprobación definitiva de la modificación del anexo I de la Ordenanza núm. 16, reguladora de las prestaciones patrimoniales de carácter público no tributario, referida a la prestación del servicio de suministro de agua potable",AGU_ABS,True,AGU_ABS,uso_urbano,,True,anuncio,"[""AGU_ABS""]","[""uso_urbano"", ""cuenca_insular""]",0.95,"El texto menciona explícitamente ""suministro de agua potable"" (fragmento: ""prestación del servicio de suministro de agua potable""), lo cual define la categoría AGU_ABS. Al tratarse del BOGC (Boletín Oficial de las Islas Baleares), se infiere la cuenca insular.",54.054
66,borm,Padrón correspondiente al listado cobratorio de abastecimiento de agua y alcantarillado correspondiente al cuarto trimestre de 2024.,AGU_ABS,False,,,,False,información_pública,[],[],0.85,"La publicación describe un ""Padrón correspondiente al listado cobratorio"" por el abastecimiento de agua y alcantarillado, que es una información pública de facturación y gestión tarifaria, no un acto administrativo de concesión, autorización o planificación hidrológica. No contiene términos clave de las categorías N2 como ""concesión"", ""autorización de vertido"", ""plan hidrológico"" ni señales de espacios naturales protegidos.",57.284
67,docm,"Resolución de 17/03/2025, de la Dirección General de Medio Natural y Biodiversidad, por la que se aprueba la ocupación de terrenos en la vía pecuaria denominada Abrevadero-Descansadero del Olivar (Cañada del Río), en el término municipal de Escalona, provincia de Toledo, con destino a instalación de tubo para captación de agua potable del río Alberche, cuya persona solicitante es Inversiones y Proyectos y Construcciones, SA. Número de expediente: S244-45-0259-2022.",AGU_ABS,True,"AGU_ABS,VIA_PEC","uso_urbano,cuenca_tajo",,True,resolución,"[""AGU_ABS"", ""VIA_PEC""]","[""uso_urbano"", ""cuenca_tajo""]",0.95,"El texto menciona explícitamente ""vía pecuaria"" y ""Cañada del Río"", activando la categoría VIA_PEC. Asimismo, cita ""abrevadero"" de captación de ""agua potable"" para el río Alberche (en Toledo), lo que indica abastecimiento urbano (AGU_ABS) en la cuenca Tajo.",59.332
68,dogc,"Anuncio sobre aprobación definitiva del Proyecto de mejora de la red de abastecimiento de aguas, alcantarillado y pluviales de las calles Carnisseries y Segrià de Alcoletge",AGU_ABS,True,AGU_ABS,uso_urbano,,True,anuncio,"[""AGU_ABS""]","[""uso_urbano"", ""cuenca_insular""]",0.85,"El texto menciona explícitamente ""red de abastecimiento de aguas"" y ""alcantarillado"", lo que activa la categoría AGU_ABS según la definición de suministro de agua para uso urbano (abastecimiento municipal/agua potable). El término ""alcantallado"" implica también el tratamiento de aguas pluviales, reforzando el uso urbano. La fuente DoGC (Diari Oficial de la Generalitat de Catalunya) indica que corresponde a la cuenca insular.",62.214
69,borm,Información pública para la aprobación inicial del anteproyecto de construcción y explotación del contrato de concesión del servicio publico de abastecimiento de agua potable y saneamiento del municipio de Alcantarilla.,AGU_ABS,True,AGU_ABS,uso_urbano,,True,información_pública,"[""AGU_ABS""]","[""uso_urbano"", ""cuenca_segura""]",0.95,"El texto menciona explícitamente ""abastecimiento de agua potable"" que activa la categoría AGU_ABS, y el municipio de Alcantarilla (Murcia) pertenece a la cuenca Segura. Además, se indica claramente un uso urbano al ser para un municipio.",103.636
70,boca,"Secretaría General Técnica.- Anuncio por el que se hace pública la Resolución de 14 de febrero de 2025, que acuerda la remisión a la Sala de lo Contencioso-administrativo, Sección Primera, del Tribunal Superior de Justicia de Canarias, en Las Palmas de Gran Canaria, del expediente administrativo relativo a la Resolución de 23 de octubre de 2024, de la Viceconsejería de Industria, Comercio y Consumo, por la que se desestima la modificación de las tarifas del servicio público de abastecimiento de agua a poblaciones para su aplicación en la isla de Lanzarote y La Graciosa, con motivo del recurso n.º 37/2025, interpuesto por la entidad Canal Gestión Lanzarote, S.A.U., y emplaza a los interesados en el mismo.",AGU_ABS,True,AGU_ABS,"uso_urbano,cuenca_insular",,False,anuncio,[],[],0.98,"La publicación es un anuncio de resolución sobre tarifas del servicio público de abastecimiento, pero el acto administrativo no pertenece al dominio del agua gestionado por la Confederación Hidrográfica (no menciona DPH ni gestión de recursos hídricos), sino a una regulación tarifaria administrativa. Por tanto, is_relevant=False y ninguna categoría se activa.",56.098
71,dogv,ANUNCIO por el que se somete a información pública la actualización de tarifas de suministro de agua potable de Segorbe.,AGU_ABS,True,AGU_ABS,"uso_urbano,cuenca_jucar",,True,anuncio,"[""AGU_ABS""]","[""uso_urbano""]",0.95,"El texto contiene ""suministro de agua potable"", lo que activa la categoría AGU_ABS y el subtipo uso_urbano (abastecimiento municipal). Es un anuncio sometido a información pública según dice el fragmento inicial.",48.659
72,dogc,Anuncio sobre aprobación del Proyecto constructivo para la renovación de la red de distribución de agua potable del municipio de Òdena (exp. 192/2025),AGU_ABS,True,AGU_ABS,uso_urbano,,True,anuncio,"[""AGU_ABS""]","[""uso_urbano"", ""cuenca_insular""]",0.95,"La publicación es un anuncio sobre la renovación de la red de distribución de agua potable (señal explícita para AGU_ABS y uso_urbano). Al ser DOGC, corresponde a una isla o balear, por lo que la cuenca es insular.",51.832
73,dogc,Anuncio sobre aprobación inicial del Proyecto constructivo de renovación de la red de abastecimiento de agua antigua del sector noreste de Sant Pere Pescador (exp. X2024001580),AGU_ABS,True,AGU_ABS,uso_urbano,,True,anuncio,"[""AGU_ABS""]","[""uso_urbano"", ""cuenca_insular""]",0.85,"La descripción contiene explícitamente ""abastecimiento de agua"" y ""red de abastecimiento"", lo que activa la categoría AGU_ABS para abastecimiento municipal. El ámbito ""Sant Pere Pescador"" en el BOGC corresponde al Consejo Insular de Aguas (Canarias), lo que indica cuenca_insular, y es un uso urbano por ser agua para consumo/abastecimiento.",58.834
74,boib,Aprobación inicial de la modificación de la ordenanza reguladora de la prestación patrimonial de carácter no tributario derivada de la gestión del servicio público de abastecimiento de agua potable y saneamiento en Sant Antoni de Portmany,AGU_ABS,True,AGU_ABS,"uso_urbano,cuenca_insular",,True,aprobación,"[""AGU_ABS""]","[""uso_urbano"", ""cuenca_insular""]",0.95,"El texto menciona explícitamente ""abastecimiento de agua potable"" en Sant Antoni de Portmany (Islas Baleares), lo que activa la categoría AGU_ABS y uso_urbano. La ubicación geográfica (Sant Antoni) indica que pertenece a cuenca_insular (Baleares).",54.63
75,doe,"Decreto 8/2025, de 18 de febrero, sobre declaración de urgencia de la ocupación de terrenos para ejecución de las obras de ""Mejora del sistema de abastecimiento de agua para la eficiencia hídrica en Pozuelo de Zarzón (Cáceres)"".",AGU_ABS,True,AGU_ABS,"uso_urbano,cuenca_tajo",,True,decreto,"[""AGU_ABS""]","[""uso_urbano"", ""cuenca_tajo""]",0.95,"El texto contiene explícitamente ""Mejora del sistema de abastecimiento de agua"" y ""para la eficiencia hídrica"", lo que activa la categoría AGU_ABS. La ubicación en Pozuelo de Zarzón (Cáceres) corresponde a la cuenca del Tajo. Se considera una obra de infraestructura hídrica con impacto directo en el agua, por lo que es relevante.",70.188
76,boib,Notificación colectiva de liquidaciones y anuncio de cobranza de la tasa por la prestación del servicio de suministro intermunicipal de agua potable correspondiente al año 2025 de la Mancomunidad Migjorn de Mallorca,AGU_ABS,True,AGU_ABS,"uso_urbano,cuenca_insular",,True,notificación,"[""AGU_ABS""]","[""uso_urbano"", ""cuenca_insular""]",0.95,"La descripción menciona explícitamente ""suministro intermunicipal de agua potable"" y ""prestación del servicio"", activando la categoría AGU_ABS (abastecimiento). El término ""intermunicipal"" indica uso urbano, y ""Mallorca"" corresponde a las Islas Baleares, por lo que se infiere la cuenca_insular.",69.728
77,boib,Aprobación de la revisión de precios de la concesión del Servicio Municipal de Abastecimiento de Agua Potable al municipio de Andratx,AGU_ABS,True,AGU_ABS,"uso_urbano,cuenca_insular",,True,aprobación,"[""AGU_ABS""]","[""uso_urbano"", ""cuenca_insular""]",0.95,"El texto menciona explícitamente ""Servicio Municipal de Abastecimiento de Agua Potable"" (señal AGU_ABS y uso_urbano) y el contexto del municipio de Andratx implica la cuenca insular de las islas Baleares. La publicación es una aprobación.",65.8
78,dogc,"Anuncio sobre aprobación inicial del Proyecto de obras para la sustitución de la tubería de abastecimiento de agua potable en la urbanización Royal Park, en el tramo del camino de Can Dansa al depósito Royal 1",AGU_ABS,True,AGU_ABS,uso_urbano,,True,anuncio,"[""AGU_ABS""]","[""uso_urbano""]",0.95,"El texto menciona explícitamente ""abastecimiento de agua potable"" en el contexto de una urbanización, lo que corresponde a la categoría AGU_ABS. La subcategoría uso_urbano se infiere por el contexto de abastecimiento a una zona residencial (urbanización).",62.485
79,dogc,Anuncio sobre aprobación definitiva de la Ordenanza municipal reguladora de la prestación patrimonial de carácter no tributario del servicio de suministro de agua potable,AGU_ABS,True,AGU_ABS,uso_urbano,,True,anuncio,"[""AGU_ABS""]","[""uso_urbano"", ""cuenca_insular""]",0.98,"La publicación es un anuncio sobre una ordenanza municipal para el suministro de agua potable, lo que corresponde claramente a la categoría AGU_ABS por las señales ""suministro de agua potable"". Dado que la fuente es el DOGC (Diari Oficial de la Generalitat de Catalunya), se infiere la cuenca insular.",67.006
80,boe,"Anuncio del Área de Industria y Energía de la Subdelegación del Gobierno en Zaragoza por el que se somete a información pública la declaración de impacto ambiental y la solicitud de autorización administrativa previa del expediente CHidr-003 relativo al proyecto central hidroeléctrica reversible Dehesa de Ganaderos, de 95 MW en turbinación y 110 MW en bombeo, de potencia instalada y para su infraestructura de evacuación, en los términos municipales de La Muela y Zaragoza, en la provincia de Zaragoza.",AGU_IND,True,AGU_IND,"uso_energetico,cuenca_ebro",,True,anuncio,"[""AGU_IND""]","[""uso_energetico"", ""cuenca_ebro""]",0.95,La publicación trata sobre una central hidroeléctrica reversible (señal explícita para AGU_IND y uso energético) y la demarcación correspondiente es el Ebro (Zaragoza) por lo que se infiere cuenca_ebro.,66.006
81,dog,"ANUNCIO de 6 de marzo de 2025, de la Comisaría de Augas de Galicia, por el que se somete al trámite de información pública el expediente de extinción de un título concesional con destino a aprovechamiento hidroeléctrico, titularidad de CH Electra Batán, S.L., en el río Calvar, ayuntamiento de Coristanco, A Coruña (clave 10/149/12).",AGU_IND,True,AGU_IND,"uso_energetico,cuenca_cantabrico",,True,anuncio,"[""AGU_IND""]","[""uso_energetico"", ""cuenca_mino_sil""]",0.95,"El texto menciona explícitamente ""aprovechamiento hidroeléctrico"" y a la empresa titular ""CH Electra Batán"", lo cual activa la categoría AGU_IND (uso energético). Además, la Comisaría de Augas de Galicia emite en esta cuenca, por lo que corresponde cuenca_mino_sil.",69.42
82,boca,"Consejo Insular de Aguas de Lanzarote.- Anuncio de 25 de febrero de 2025, por el que se somete a información pública la solicitud de autorización administrativa para el uso de los pozos de captación y vertido de agua asociados a un aprovechamiento de agua para la mejora de la eficiencia mediante energía geotérmica de baja entalpía del sistema de refrigeración de las instalaciones del Rancho Texas Park, ubicado en Puerto del Carmen, en el término municipal de Tías.- Expte. 173-2025.",AGU_IND,True,AGU_IND,"uso_energetico,cuenca_insular",,True,anuncio,"[""AGU_IND"", ""ESP_NAT""]","[""uso_energetico"", ""cuenca_insular""]",0.85,"La publicación menciona ""aprovechamiento de agua para la mejora de la eficiencia mediante energía geotérmica"" lo que activa AGU_IND con uso_energetico. Aunque es un parque, el texto no usa las señales explícitas como ""parque natural"" o ""Red Natura"", pero sí indica ""sistema de refrigeración de las instalaciones del Rancho Texas Park"" y la actividad de ""vertido de agua"", lo que junto con la mención de ""energía geotérmica"" confirma el uso energético. Además, al ser del Consejo Insular de Aguas de Lanzarote (Canarias), corresponde a la cuenca insular. No hay señal explícita de ESP_NAT en el nombre o contenido, aunque es un parque, lo cual podría generar ambigüedad. Sin embargo, siguiendo las reglas críticas, ESP_NAT requiere señal EXPLÍCITA como ""parque natural"", ""Red Natura"", etc., por lo que no se asigna. Por tanto, solo AGU_IND con uso_energetico y cuenca_insular son correctos según las reglas dadas.",113.581
83,bocyl,"INFORMACIÓN pública relativa a la solicitud de autorización administrativa previa y autorización administrativa de construcción para una instalación de producción de energía eléctrica, mediante tecnología fotovoltaica hibridada con central hidroeléctrica, denominada «FV Salto del Martinete» de 500 kW de potencia, en el término municipal de Palazuelos de Eresma (Segovia), como hibridación de la central hidroeléctrica existente denominada «CH Salto del Martinete» de 520 kW de potencia. Expte.: 40/FV/2869.",AGU_IND,True,AGU_IND,"uso_energetico,cuenca_duero",,True,información_pública,"[""AGU_GEN"", ""AGU_IND""]","[""uso_mixto"", ""cuenca_duero""]",0.85,"El texto menciona una instalación fotovoltaica hibridada con central hidroeléctrica existente y la solicitud de autorización, lo que activa AGU_GEN (por la petición en DPH) y AGU_IND (central hidroeléctrica). Además, Palazuelos de Eresma (Segovia) sitúa el asunto en cuenca Duero.",140.58
84,boe,"Anuncio de la Confederación Hidrográfica del Miño-Sil, O.A. de información pública del expediente de extinción del aprovechamiento de agua del arroyo Valdetimones, en el paraje Raniella de Sotillo de Cabrera, término municipal de Benuza, provincia de León, con destino a uso industrial (Refrigeración de hilo diamantado y riego accesos). A/24/04465/E.",AGU_IND,True,AGU_IND,"uso_industrial,cuenca_mino_sil",,True,anuncio,"[""AGU_IND"", ""AGU_GEN""]","[""uso_industrial""]",0.85,"El texto menciona explícitamente ""con destino a uso industrial"" por lo que se activa la categoría AGU_IND. Además, la mención de ""Extinción del aprovechamiento de agua"" en el ámbito de una Confederación Hidrográfica implica una gestión directa sobre concesiones o autorizaciones en DPH, activando también AGU_GEN como acto administrativo genérico sobre aguas subterráneas/superficiales. La subcategoría correspondiente es uso_industrial por la mención explícita a la refrigeración de hilo diamantado.",80.217
85,bocm,"Vías pecuarias
– Resolución de 9 de enero de 2025, del Director General de Agricultura, Ganadería y Alimentación, por la que se anuncia la exposición pública relativa a la autorización de ocupación temporal de la vía pecuaria Colada Galiana, en el término municipal de Torres de la Alameda, para la instalación de la línea de evacuación Subterránea LSMT Grillete, actuación promovida por Grillete Solar, S. L. U.",VIA_PEC,True,VIA_PEC,,,True,resolución,"[""VIA_PEC""]",[],0.98,"El título de la publicación es ""Vías pecuarias"" y el cuerpo textual menciona explícitamente ""autorización de ocupación temporal de la vía pecuaria Colada Galiana"". Esto activa la categoría VIA_PEC según las señales léxicas definidas (""vía pecuaria""). No hay mención de agua, usos del agua o espacios naturales protegidos en el fragmento proporcionado.",70.38
86,bocm,"Vías pecuarias
– Resolución de 11 de diciembre de 2024, del Director General de Agricultura, Ganadería y Alimentación, por la que se anuncia la exposición pública relativa a la autorización de ocupación temporal de la vía pecuaria Descansadero de El Ardal, en el término municipal de San Agustín del Guadalix, para instalación de pantallas fonoabsorbentes en dos tramos independientes, actuación promovida por Neinor Península, S. L.",VIA_PEC,True,VIA_PEC,,,True,anuncio,"[""VIA_PEC""]",[],0.95,"El texto menciona explícitamente ""vía pecuaria"" y ""autorización de ocupación temporal de la vía pecuaria Descansadero de El Ardal"", activando la categoría VIA_PEC conforme a las señales léxicas clave. No hay mención de uso del agua, espacio natural protegido ni otras categorías del dominio.",66.444
87,boa,"ANUNCIO del Instituto Aragonés de Gestión Ambiental, por el que se somete a información pública el expediente para la ocupación temporal de terrenos en la vía pecuaria ""Cordel de Liri a La Picada"", de titularidad de la Comunidad Autónoma de Aragón, en el municipio de Benasque (Huesca), para la construcción de las instalaciones de la telecabina monocable Benasque-Cerler, promovida por el Ayuntamiento de Benasque (Número de Expediente: INAGA 220101/56/2024/12281).",VIA_PEC,True,VIA_PEC,,,True,anuncio,"[""VIA_PEC""]","[""cuenca_ebro""]",0.98,"La publicación menciona explícitamente la ""vía pecuaria 'Cordel de Liri a La Picada'"", activando la categoría VIA_PEC, y se ubica en Huesca (Aragón), que corresponde a la cuenca del Ebro. El resto de elementos como las instalaciones de telecabina o la promoción por el Ayuntamiento son detalles contextuales que no implican otras categorías hídricas, ambientales o de residuos según la taxonomía.",76.185
88,bocyl,"INFORMACIÓN pública relativa a la ocupación temporal de terrenos en la vía pecuaria «Cañada de Extremadura a León», en el término municipal de La Mudarra (Valladolid). Expte.: VA-VP-24151-O.",VIA_PEC,True,VIA_PEC,,,True,información_pública,"[""VIA_PEC""]","[""cuenca_duero""]",0.98,"El texto menciona explícitamente ""vía pecuaria"" y ""Cañada de Extremadura a León"", activando la categoría VIA_PEC. La ubicación en Valladolid (término municipal de La Mudarra) sitúa el asunto dentro de la cuenca del Duero, activa la subcategoría correspondiente.",67.11
89,docm,"Resolución de 04/02/2025, de la Delegación Provincial de Desarrollo Sostenible de Ciudad Real, por la que se convoca al levantamiento de actas previas a la ocupación de las fincas afectadas por el proyecto: Instalación solar fotovoltaica denominada FV Braza Cordel, infraestructuras auxiliares y de evacuación. Referencia: 13270209195.",VIA_PEC,True,VIA_PEC,,,False,resolución,[],[],0.95,"La publicación es una resolución sobre la ocupación de fincas para una instalación solar fotovoltaica (FV Braza Cordel). No existe ninguna mención a agua, vertidos, montes públicos o vías pecuarias en el texto proporcionado. Por tanto, no pertenece al dominio hídrico-natural monitorizado.",130.591
90,bocm,"Vías pecuarias
– Resolución de 26 de febrero de 2025, del Director General de Agricultura, Ganadería y Alimentación, por la que se anuncia la exposición pública relativa a la autorización de ocupación temporal de la vía pecuaria Colada de Montesinos, en el término municipal de Alcalá de Henares, para instalación de una acometida de telecomunicaciones con objeto de dar servicio a la parcela 30A desde la avenida de Daganzo, actuación promovida por Telefónica de España, S. A. U.",VIA_PEC,True,VIA_PEC,,,True,anuncio,"[""VIA_PEC""]",[],0.98,"La descripción contiene explícitamente ""vía pecuaria"" y ""Colada de Montesinos"", que activan la categoría VIA_PEC según las señales léxicas clave (""vía pecuaria"", ""cañada"", ""cordel"", ""vereda"", ""colada""). No hay mención de uso de agua ni otras categorías relevantes.",67.101
91,bocm,"Vías pecuarias
– Resolución de 11 de febrero de 2025, del Director General de Agricultura, Ganadería y Alimentación, por la que se anuncia la exposición pública relativa a la autorización de ocupación temporal, de las vías pecuarias Colada Camino del Monte y Cordel de la Matapiñonera al Arroyo de la Vega Tramo 3, en el término municipal de San Sebastián de los Reyes, para el entronque del suministro eléctrico del CS de avenida de Somosierra, número 10, con el CT de Abonado, actuación promovida por Aofi Rishon, S. L. U.",VIA_PEC,True,VIA_PEC,,,True,resolución,"[""VIA_PEC""]",[],0.98,"El texto menciona explícitamente ""vías pecuarias Colada Camino del Monte y Cordel de la Matapiñonera"", activando la categoría VIA_PEC (reglas 9). La cuenca se infiere como Cantábrica o Júcar por el término municipal de San Sebastián de los Reyes (Madrid), pero el organismo emisor no especifica demarcación, por lo que no asigno subcategoría. La infraestructura es para suministro eléctrico, pero no hay categoría IND/ENERGÉTICA porque no es una concesión de agua energética, sino ocupación de vía pecuaria para entronque eléctrico.",83.848
92,docm,"Anuncio de 08/01/2025, de la Delegación Provincial de Desarrollo Sostenible de Ciudad Real, sobre ocupación de terrenos en vía pecuaria Vereda del Camino del Vicario y Cordel de Ciudad Real (S244-13-1099-2024), en el término municipal de Ciudad Real (Ciudad Real), con destino a paralelismo y cruzamiento subterráneo de línea eléctrica.",VIA_PEC,True,VIA_PEC,,,True,anuncio,"[""VIA_PEC""]",[],0.98,"El texto menciona explícitamente ""vía pecuaria Vereda del Camino"" y ""Cordel de Ciudad Real"", activando la categoría VIA_PEC (Regla 9). No hay referencia a agua, montes ni residuos, por lo que is_relevant=True solo con esta etiqueta.",64.545
93,dogv,ANUNCIO de la concesión demanial en vía pecuaria del término municipal de La Vall d'Uixó. Expediente VP_2024_225.,VIA_PEC,True,VIA_PEC,,,True,anuncio,"[""VIA_PEC""]",[],0.98,"El texto contiene explícitamente la frase ""vía pecuaria"", activando la categoría correspondiente según el criterio 9 del dominio. El fragmento clave es: ""concesión demanial en vía pecuaria"".",58.442
94,docm,"Resolución de 05/03/2025, de la Dirección General de Medio Natural y Biodiversidad, por la que se aprueba la renovación de ocupación de terrenos en la vía pecuaria denominada Cañada Real de la Mancha a Murcia, en los términos municipales de La Roda y Minaya, provincia de Albacete, con destino a mantener LAMT 20 kV SAT Escribano Cabañero, cuya entidad beneficiaria es I-DE Redes Eléctricas Inteligentes, SAU (número de expediente: S244-02-0913-2024).",VIA_PEC,True,VIA_PEC,,,True,resolución,"[""VIA_PEC""]","[""cuenca_jucar"", ""uso_energetico""]",0.95,"El texto menciona explícitamente ""vía pecuaria denominada Cañada Real"" lo que activa la categoría VIA_PEC. Además, al tratarse de una autorización en Albacete (comunidad autónoma perteneciente a la cuenca del Jucar) y con destino a mantener una línea eléctrica (LAMT 20 kV) para uso energético, se asignan las subcategorías correspondientes.",74.611
95,docm,"Anuncio de 31/01/2025, de la Delegación Provincial de Desarrollo Sostenible de Toledo, de deslinde de la vía pecuaria denominada Cañada Real de Alcázar en el término municipal de Cabezamesada provincia de Toledo en su totalidad.",VIA_PEC,True,VIA_PEC,,,True,anuncio,"[""VIA_PEC""]","[""cuenca_tajo""]",0.98,"El texto menciona ""Cañada Real de Alcázar"" que es una vía pecuaria, activando la categoría VIA_PEC. La provincia de Toledo pertenece a la cuenca del Tajo (cuenca_tajo).",60.457
96,docm,"Resolución de 17/03/2025, de la Dirección General de Medio Natural y Biodiversidad, por la que se aprueba la ocupación de terrenos en la vía pecuaria denominada Cañada Real de las Matas, en el término municipal de Guadalajara, provincia de Guadalajara, con destino a cruzamiento subterráneo de la vía pecuaria con línea eléctrica de evacuación de instalación fotovoltaica, cuya persona solicitante es Pañol Solar, SL. Número de expediente: S244-19-0718-2023.",VIA_PEC,True,VIA_PEC,,,True,resolución,"[""VIA_PEC""]","[""cuenca_guadalquivir"", ""uso_mixto""]",0.92,"El texto menciona explícitamente ""vía pecuaria"" y ""Cañada Real de las Matas"", lo que activa la etiqueta VIA_PEC (regla 9). La mención a ""instalación fotovoltaica"" indica un uso energético, y aunque no hay señal explícita de uso mixto en el texto original, la ocupación para cruzamiento subterráneo de vía pecuaria con línea eléctrica sugiere una infraestructura que podría coexistir con otros usos (regla 4 AGU_GEN). Sin embargo, dado que no hay un uso agrícola o urbano explícito mencionado junto con el energético, y considerando que la ocupación es para ""cruzamiento subterráneo"", la subcategoría de uso más apropiada sería ""uso_mixto"" si hubiera otros usos, pero en este caso solo se menciona energía. Revisando las señales: ""ocupación de terrenos en la vía pecuaria"" → VIA_PEC. ""instalación fotovoltaica"" → uso energético (subcategoría). La cuenca es Guadalajara, que corresponde a la cuenca del Guadiana. Confianza alta por identificación clara de vía pecuaria.",118.793
97,borm,"Anuncio por el que se somete a información pública el pliego de condiciones que regirá en el expediente de ocupación de terrenos en la vía pecuaria denominada “Colada de Vera”, clasificada entre las del término municipal de Lorca, para acometidas de líneas subterráneas de media tensión a 20 kv para suministro eléctrico, solicitada por I-DE Redes Eléctricas Inteligentes, S.A.U.",VIA_PEC,True,VIA_PEC,,,True,anuncio,"[""VIA_PEC""]","[""cuenca_segura""]",0.98,"El texto menciona explícitamente ""vía pecuaria denominada “Colada de Vera”"", lo que activa la categoría VIA_PEC según la regla 9 (señal ""colada""). La cuenca segura se infiere por la ubicación geográfica del término municipal de Lorca en la provincia de Murcia, asociada a la cuenca Segura.",68.601
98,borm,"Anuncio por el que se somete a información pública el Pliego de Condiciones que regirá en el expediente de ocupación de terrenos en la vía pecuaria denominada “Cordel de La Flor”, clasificada entre las del término municipal de Yecla, para trabajos de fibra óptica en vía pecuaria, solicitada por Lyntia Networks SAU.",VIA_PEC,True,VIA_PEC,,,True,anuncio,"[""VIA_PEC""]",[],0.95,"El texto menciona explícitamente ""vía pecuaria"" y ""Cordel de La Flor"", lo que activa la categoría VIA_PEC. No hay mención a usos del agua, espacios naturales protegidos ni gestión de residuos.",57.78
99,docm,"Notificación de 17/02/2025, de la Delegación Provincial de Desarrollo Sostenible de Toledo, por la que se procede a la publicación del anuncio del inicio del deslinde de la vía pecuaria denominada Cañada Real de Alcázar, en el término municipal de Villanueva de Alcardete, provincia de Toledo en el tramo que no va a caballera con Corral de Almaguer.",VIA_PEC,True,VIA_PEC,,,True,notificación,"[""VIA_PEC""]","[""cuenca_tajo""]",0.98,"La publicación es una notificación sobre el inicio del deslinde de la ""Cañada Real de Alcázar"", lo que activa la categoría VIA_PEC por mención a vía pecuaria y término municipal en Toledo (cuenca Tajo).",63.864
100,boa,"ANUNCIO del Instituto Aragonés de Gestión Ambiental, por el que se somete a información pública la concesión de ocupación temporal de terrenos de la vía pecuaria denominada como ""Cañada Real de Barcelona"" de titularidad de la Comunidad Autónoma de Aragón, en los términos municipales de Zaragoza y la Puebla de Alfindén (Zaragoza) para la alimentación de la nueva subestación ""Montepino"" a ejecutar en el polígono industrial Malpica, solicitada por Montepino Logística Zaragoza. (Número de Expediente: INAGA 500101/56/2024/10309).",VIA_PEC,True,VIA_PEC,,,True,anuncio,"[""VIA_PEC""]",[],0.98,"La publicación es un anuncio sobre ocupación de terrenos de la ""vía pecuaria denominada como 'Cañada Real de Barcelona'"", lo que activa la categoría VIA_PEC según la señal explícita en el texto. No hay menciones a aguas ni vertidos, por lo que las demás categorías no se aplican.",65.872
101,docm,"Notificación de 17/02/2025, de la Delegación Provincial de Desarrollo Sostenible de Toledo, por la que se procede a la publicación del anuncio del inicio del deslinde de la vía pecuaria denominada Cañada Real de Alcázar, en el término municipal de Cabezamesada, provincia de Toledo en su totalidad en el municipio.",VIA_PEC,True,VIA_PEC,,,True,notificación,"[""VIA_PEC""]",[],0.95,"El texto menciona explícitamente ""deslinde de la vía pecuaria denominada Cañada Real de Alcázar"", lo que activa la categoría VIA_PEC. No hay indicaciones de agua, vertidos, ni otras etiquetas aplicables.",52.877
102,docm,"Anuncio de 12/02/2025, de la Delegación Provincial de Desarrollo Sostenible de Guadalajara, por el que se ordena la publicación de solicitud de ocupación temporal de terrenos de la vía pecuaria Vereda de Ganados, en el término municipal de Sigüenza, según expediente S244-19-0550-2023 solicitado por Parques Intermodales Gran Europa SA, para interés particular.",VIA_PEC,True,VIA_PEC,,,True,anuncio,"[""VIA_PEC""]","[""cuenca_jucar""]",0.95,"El texto contiene explícitamente ""vía pecuaria Vereda de Ganados"" lo que activa la categoría VIA_PEC. La provincia de Guadalajara y el término municipal de Sigüenza sitúan la actuación en la cuenca Júcar (CHJ).",51.833
103,docm,"Resolución de 20/01/2025, de la Dirección General de Medio Natural y Biodiversidad, por la que se aprueba la renovación de ocupación de terrenos en la vía pecuaria denominada Cañada Real de los Chorros, en el término municipal de Rada de Haro, provincia de Cuenca, con destino a mantener cruzamiento de línea aérea de MT, cuya entidad beneficiaria es I-DE Redes Eléctricas Inteligentes, SAU. Expediente S244-16-0742-2023.",VIA_PEC,True,VIA_PEC,,,True,resolución,"[""VIA_PEC""]",[],0.95,"La publicación es una ""Resolución"" que aprueba la renovación de ocupación en la ""vía pecuaria denominada Cañada Real de los Chorros"", lo cual activa claramente la etiqueta VIA_PEC por mención a ""Cañada"". No hay indicación de uso de agua específico, ni vertidos, ni espacios naturales protegidos (aunque aparece ""Medio Natural y Biodiversidad"" en el organismo emisor, no es señal de espacio natural).",60.554
104,docm,"Resolución de 27/02/2025, de la Dirección General de Medio Natural y Biodiversidad, por la que se aprueba la renovación de ocupación de terrenos en las vías pecuarias denominadas Vereda del Camino del Río y Vereda del Camino de La Roda, en el término municipal de La Gineta, provincia de Albacete, con destino a mantener doble cruce aéreo de LAMT 20 kV, según instalación LAMT 20 kV Montalvos-La Marmota, cuya entidad beneficiaria es I-DE Redes Eléctricas Inteligentes, SAU. Expediente: S244-02-0889-2024.",VIA_PEC,True,VIA_PEC,,,True,resolución,"[""VIA_PEC""]","[""cuenca_jucar""]",0.98,"La descripción menciona ""renovación de ocupación de terrenos en las vías pecuarias denominadas Vereda del Camino del Río y Vereda del Camino de La Roda"", activando la categoría VIA_PEC por la presencia explícita de ""vías pecuarias"" y ""Vereda"". El término ""Albacete"" sitúa el asunto dentro de la cuenca Júcar.",60.332
105,boa,"ANUNCIO del Instituto Aragonés de Gestión Ambiental, por el que se somete a información pública la renovación de la concesión de uso privativo otorgada en el Número de Expediente: INAGA 220101/44/2016/04096, para la ocupación temporal de terrenos en el dominio público forestal del monte de utilidad pública número 59 denominado ""Gallinero, Canales, La Corba y Royera"", de titularidad de la entidad local menor de Liri, y situado en el término municipal de Castejón de Sos (Huesca), para mantener una superficie de despegues y docencia de parapente, promovida por el Ayuntamiento de Castejón de Sos. (Número de Expediente: INAGA 220101/44/2024/05778).",MON,True,MON,,,True,anuncio,"[""MON""]",[],0.95,"El texto menciona explícitamente ""monte de utilidad pública"" en la descripción del dominio público forestal, lo cual activa la categoría MON. No se detectan señales de otras categorías como AGU_RIE, AGU_GEN o ESP_NAT, ya que el uso es para parapente y no hay concesión de aguas ni mención a espacios naturales protegidos.",57.388
106,bocm,"Montes de utilidad pública
– Anuncio de 21 de febrero de 2025, de la Consejería de Medio Ambiente, Agricultura e Interior, por el que se somete a información pública la propuesta de desafectación de terrenos en el monte “Peña Hueca, Valdeyerno, Los Cerezos, El Tirón, Los Canales y Otros”, incluido en el Catálogo de Montes de Utilidad Pública de Madrid con el número 85, propiedad de Ayuntamiento de Lozoya, término municipal de Lozoya, y la afectación de terrenos para su inclusión en dicho monte de utilidad pública, promovido por el Ayuntamiento de Lozoya",MON,True,MON,,,True,anuncio,"[""MON""]",[],0.98,"El texto menciona explícitamente ""Montes de utilidad pública"" y la ""afectación de terrenos para su inclusión en dicho monte de utilidad pública"", lo cual cumple con el criterio definido para la categoría MON. No hay indicios de otras categorías como agua, vías pecuarias o espacios naturales protegidos (aunque es en Madrid, no se menciona una cuenca específica ni una red Natura).",56.867
107,boa,"ANUNCIO del Instituto Aragonés de Gestión Ambiental, por el que se somete a información pública y concurrencia competitiva el expediente de autorización administrativa de concesión de uso privativo del dominio público forestal para la ocupación temporal de terrenos del monte de utilidad pública número 237, denominado ""La Citora"", de titularidad del Ayuntamiento de La Puebla de Valverde (Teruel), y sito en su término municipal, motivado por el paso de la línea de evacuación subterránea de media tensión y sus centros de seccionamiento y/o interconexión de la central solar fotovoltaica y de almacenamiento hibridación ""Puerto Escandón"", promovido por Molinos del Jalón, SA. (Número de Expediente: INAGA 440101/44/2024/0664).",MON,True,MON,,,True,anuncio,"[""ESP_NAT""]",[],0.85,"Se clasifica como ESP_NAT porque el texto se refiere al dominio público forestal (""monte de utilidad pública"") y a una concesión para ocupación temporal por infraestructura solar fotovoltaica, que es un acto administrativo relacionado con gestión de espacios naturales. No hay señal explícita de agua (no menciona concesión de aguas ni aprovechamiento hídrico), por lo que no se asignan categorías del agua. La confianza es moderada debido a la ausencia de términos clave de agua en el texto proporcionado.",64.98
108,boa,"ORDEN MAT/279/2025, de 6 de marzo, por la que se resuelve autorizar la prórroga del expediente de permuta de terrenos del monte de utilidad pública número 181 ""El Pinar"", de la titularidad del Ayuntamiento de Manzanera, por terrenos de titularidad particular del término de Manzanera, solicitada por D.ª María Pilar Pérez Lizandra y D. Gaspar Baselga Escuder. Expediente TE/PER/10/2021.",MON,True,MON,,,True,orden,"[""MON""]",[],0.98,"El texto menciona ""monte de utilidad pública"", que activa la categoría MON según las señales léxicas clave. No hay indicación de uso del agua ni de vía pecuaria en el fragmento proporcionado.",47.836
109,boa,"ORDEN MAT/277/2025, de 6 de marzo, por la que se resuelve autorizar la prórroga del expediente de permuta de terrenos del monte de utilidad pública número 181 ""El Pinar"", de la titularidad del Ayuntamiento de Manzanera, por terrenos de titularidad particular del término de Manzanera, solicitada por D. Enrique Peris Crespo. Expediente TE/PER/7/2021.",MON,True,MON,,,True,orden,"[""MON""]",[],0.95,"El texto menciona explícitamente ""monte de utilidad pública"", lo cual activa la categoría MON según las reglas críticas. No hay información sobre uso del agua, vertidos o vías pecuarias en el fragmento proporcionado.",48.127
110,docm,"Resolución de 11/11/2024, de la Dirección General de Medio Natural y Biodiversidad, por la que se aprueba la ocupación temporal en el monte de utilidad pública Pinar de Ayna número 87 del catálogo de la provincia de Albacete, perteneciente al Ayuntamiento de Ayna y sito en su término municipal, para la instalación de la ocupación de una línea eléctrica de media tensión 20 kV, a favor de I-DE Redes Eléctricas Inteligentes SAU. Expediente: ID 3927-T 1653255.",MON,True,MON,,,False,resolución,[],[],0.95,"La publicación se refiere a ""ocupación de monte de utilidad pública"" y línea eléctrica, pero según las reglas MON requiere el término explícito ""monte de utilidad pública"" en combinación con expediente forestal específico. Además, las instalaciones eléctricas caen bajo usos industriales/energéticos del agua solo si se menciona aprovechamiento hídrico o refrigeración industrial explícita, lo cual no ocurre aquí. Se clasifica como is_relevant=False porque no cumple con los criterios de uso hidrológico-natural del dominio monitorizado según la taxonomía proporcionada para este tipo de autorizaciones de infraestructura sin relación directa con agua o naturaleza en su forma actual de clasificación.",69.598
111,docm,"Resolución de 09/12/2024, de la Dirección General de Medio Natural y Biodiversidad, por la que se aprueba la ocupación temporal en el monte de utilidad pública Riberas del río Segura número 110 del catálogo de la provincia de Albacete, perteneciente a la Junta de Comunidades de Castilla-La Mancha y sito en el término municipal de Yeste, para la instalación de la ocupación de una línea eléctrica aérea de media tensión 20 kV, a favor de I-DE Redes Eléctricas Inteligentes SAU. Expediente: ID 3907-T 1319930.",MON,True,MON,cuenca_segura,,True,resolución,"[""MON""]",[],0.95,"La descripción menciona explícitamente ""monte de utilidad pública"" y la ocupación temporal, lo que cumple los criterios para la categoría MON. No hay señales de agua subterránea, riego, vertidos ni otras categorías del dominio hídrico relevante.",52.82
112,boa,"ANUNCIO del Servicio Provincial del Departamento de Medio Ambiente y Turismo en Teruel, por el que se somete a trámite de audiencia y vista el expediente de deslinde total administrativo del monte de utilidad pública número 96 del catálogo de Teruel, denominado ""Monte Pelarda y El Sabinar"", perteneciente al Ayuntamiento de Calamocha (Teruel), y situado en su término municipal.",MON,True,MON,,,True,anuncio,"[""MON""]",[],0.95,"El texto menciona explícitamente ""expediente de deslinde total administrativo del monte de utilidad pública"", activando la categoría MON por la expresión clave ""monte de utilidad pública"". No se mencionan otros usos del agua, vertidos o gestión de residuos.",50.285
113,docm,"Resolución de 19/12/2024, de la Dirección General de Medio Natural y Biodiversidad, por la que se aprueba la ocupación temporal en el monte de utilidad pública Dehesón del Encinar número 56 del catálogo de la provincia de Toledo, perteneciente a la Junta de Comunidades de Castilla-La Mancha y sito en el término municipal de Oropesa, para la instalación de la ocupación de una línea eléctrica aérea de media tensión 20 kV, a favor de I-DE Redes Eléctricas Inteligentes SAU. Expediente: ID 3937-T 2048222.",MON,True,MON,,,True,resolución,"[""MON""]","[""cuenca_tajo""]",0.98,"El texto menciona explícitamente ""monte de utilidad pública"", activando la categoría MON. La provincia de Toledo y la Comunidad de Castilla-La Mancha pertenecen a la cuenca del Tajo (cuenca_tajo). No hay señales de agua ni espacios naturales protegidos específicos en el contenido.",53.958
114,bocyl,"INFORMACIÓN pública relativa a la ocupación temporal de terrenos del monte de utilidad pública n.º 141 «Eriales de Torrescárcela», en el término municipal de Torrescárcela (Valladolid). Expte.: VA-M-23123-O.",MON,True,MON,,,True,información_pública,"[""MON""]","[""cuenca_duero""]",0.98,"El texto menciona explícitamente ""monte de utilidad pública"", lo cual activa la categoría MON (señal exacta). La cuenca es Duero por ser Valladolid (CHD).",47.048
115,docm,"Resolución de 11/03/2025, de la Delegación Provincial de Desarrollo Sostenible de Ciudad Real, por la que se formula informe de impacto ambiental del proyecto: Transformación en regadío para riego de viñedo en espaldera en ZEPA (expediente: PRO-CR-19-1303), ubicado en el término municipal de Villanueva de los Infantes (Ciudad Real).",ESP_NAT,True,"ESP_NAT,AGU_RIE",uso_agricola,,True,resolución,"[""AGU_RIE"", ""ESP_NAT""]","[""uso_agricola"", ""cuenca_guadiana""]",0.96,"El texto menciona explícitamente ""Transformación en regadío para riego de viñedo"" que dispara la categoría AGU_RIE con subcategoría uso_agricola, y ""ZEPA"" que activa ESP_NAT. Ciudad Real está en cuenca Guadiana. La confianza es alta ya que todos los indicadores están presentes.",59.425
116,bocyl,"INFORMACIÓN pública relativa a la solicitud de autorización de uso excepcional de suelo rústico y licencia urbanística, para la señalización y adecuación de puntos de observación de fauna en el parque natural «Montaña Palentina», en el término municipal de Polentinos (Palencia). Expte.: 1/2025.",ESP_NAT,True,ESP_NAT,,,True,información_pública,"[""ESP_NAT""]","[""cuenca_duero""]",0.95,"El texto menciona explícitamente ""parque natural «Montaña Palentina»"", activando la categoría ESP_NAT. Por la ubicación en Palencia, se infiere la cuenca del Duero. El act_type es información pública y el dominio es ambiental/natural.",51.484
117,docm,"Resolución de 17/03/2025, de la Delegación Provincial de Desarrollo Sostenible de Ciudad Real, por la que se formula informe de impacto ambiental del proyecto: Transformación en regadío para riego de olivar en ZEPA (expediente: PRO-CR-19-1356), ubicado en el término municipal de Villanueva de los Infantes (Ciudad Real).",ESP_NAT,True,"ESP_NAT,AGU_RIE",uso_agricola,,True,resolución,"[""AGU_RIE"", ""ESP_NAT""]","[""uso_agricola"", ""cuenca_guadiana""]",0.98,"La publicación es una resolución sobre un proyecto de ""Transformación en regadío para riego de olivar"", lo que activa la categoría AGU_RIE y el subcategoria uso_agricola. Además, se menciona explícitamente ""ZEPA"" y el proyecto está en Ciudad Real (CHG), activando ESP_NAT y cuenca_guadiana.",60.436
118,dogc,"Resolución ACC/4775/2024, de 12 de enero, de declaración de impacto ambiental del Proyecto de accesibilidad, aparcamiento, edificio de servicios y reordenación de accesos en el Parque Natural de Cap de Creus, promovido y tramitado por el Departamento de Acción Climática, Alimentación y Agenda Rural (exp. OTAAGI20230194)",ESP_NAT,True,ESP_NAT,,,True,resolución,"[""ESP_NAT""]",[],0.95,"El texto incluye la frase ""Parque Natural de Cap de Creus"", que activa explícitamente la categoría ESP_NAT según las reglas (señal de espacio protegido). El acto es una resolución de declaración de impacto ambiental en este contexto. No hay señales de otras categorías N2.",51.927
119,boja,"Resolución de 17 de marzo de 2025, de la Delegación Territorial de Sostenibilidad, Medio Ambiente y Economía Azul en Cádiz, por la que se regula el acceso con embarcaciones al Monumento Natural de la Punta del Boquerón y a la Isla de Sancti Petri del término municipal de San Fernando (Cádiz), dentro del Parque Natural Bahía de Cádiz.",ESP_NAT,True,ESP_NAT,,,True,resolución,"[""ESP_NAT""]",[],0.98,"El texto menciona explícitamente ""Parque Natural Bahía de Cádiz"" y ""Monumento Natural"", lo que activa la categoría ESP_NAT según las señales léxicas definidas. No hay indicios de uso específico del agua (riego, abastecimiento, etc.), ni referencias a vías pecuarias, montes, vertidos o gestión de residuos.",56.25
120,dogc,"Anuncio sobre aprobación de la convocatoria del proceso selectivo con el objeto de crear una bolsa de trabajo del perfil profesional de técnico/a medio/a de tecnologías de la información y administración electrónica, del grupo A, subgrupo A2, como personal funcionario interino / personal laboral temporal para cubrir necesidades actuales y futuras urgentes y sobrevenidas, así como posibles vacantes temporales y sustituciones que se puedan producir en el Consejo Comarcal y el Consorcio para la Gestión de Residuos de El Vallès Occidental (exp. 2262/2024)",RES,False,,,,False,anuncio,[],[],1.0,"El texto describe una convocatoria de proceso selectivo para personal (técnico/a medio/a), no tiene ninguna referencia a agua, gestión hídrica, montes, espacios naturales o vías pecuarias. No cumple con las categorías del dominio.",48.598
121,dogc,Anuncio sobre aprobación inicial del Proyecto técnico para la implantación del nuevo punto limpio para el tratamiento de residuos,RES,True,RES,,,True,anuncio,"[""RES""]",[],0.95,"El texto menciona ""tratamiento de residuos"", lo que activa la categoría RES según la definición (gestión de residuos). No se detectan otras categorías del dominio hídrico-natural como agua, vías pecuarias o espacios naturales.",47.05
122,bopv,"ANUNCIO del Director de Administración Ambiental, por el que se somete a información pública el proyecto técnico y el estudio de impacto ambiental presentado por la empresa PHS Serkonten, S.A.U. para la actividad de gestión de residuos peligrosos y no peligrosos, en el polígono industrial de Atxukarro n.º 2 de Arrigorriaga, para la obtención de la autorización ambiental única en la Comunidad Autónoma del País Vasco.
				
2025/00509",RES,True,RES,,,True,anuncio,"[""RES""]",[],0.95,"El texto menciona ""gestión de residuos peligrosos y no peligrosos"" y ""obtención de la autorización ambiental única"", lo que corresponde claramente a la categoría de gestión de residuos (RES). No hay mención de aguas, vías pecuarias, montes o espacios naturales protegidos.",51.375
123,bopv,"ANUNCIO del Director de Administración Ambiental, por el que se somete a información pública el proyecto técnico presentado por la empresa Intocast Ibérica, S.L. para la actividad de gestión de residuos no peligrosos, en el barrio de Andatza en el término municipal de Aia, promovido para la obtención de la autorización ambiental única en la Comunidad Autónoma del País Vasco.

				
2025/01166",RES,True,RES,,,True,anuncio,"[""RES""]",[],0.95,"El texto menciona ""actividad de gestión de residuos no peligrosos"" y ""obtención de la autorización ambiental única"", lo cual activa claramente la categoría RES según la regla 7. No hay mención a agua, vertidos ni montes.",49.39
124,docm,"Anuncio de 12/02/2025, de la Dirección General de Economía Circular y Agenda 2030, por el que se da publicidad de la autorización para realizar operaciones de tratamiento de residuos, consistente en el almacenamiento de vehículos descontaminados, en su instalación ubicada en calle Camino de las Viñas, s/n 16003 Cuenca.",RES,True,RES,,,True,anuncio,"[""RES""]",[],0.95,"El texto menciona explícitamente ""autorización para realizar operaciones de tratamiento de residuos"" y ""almacenamiento de vehículos descontaminados"", lo que activa la categoría RES (gestión de residuos). No se menciona agua, cauce, o espacio natural protegido.",50.531
125,bopa,"Anuncio por el que se hace pública la Resolución de la Consejería de Transición Ecológica, Industria y Desarrollo Económico, de otorgamiento de autorización ambiental integrada simplificada a Julio Ron, S. L. U., para la instalación industrial denominada “Centro de gestión de residuos no peligrosos”, ubicada en la calle Augusto Barcia Trelles, s/n, concejo de Vegadeo. Expte. AAIS-021/23 (AUTO/2023/14296). [Cód. 2025-00630]",RES,True,RES,,,True,anuncio,"[""RES""]",[],0.95,"La descripción menciona ""autorización ambiental integrada simplificada"" para la instalación de un ""Centro de gestión de residuos no peligrosos"", lo que corresponde a la categoría RES (Gestión de residuos). No hay mención de agua, vertidos, montes o espacios naturales protegidos. La confianza es alta por el uso explícito del término ""gestión de residuos"".",55.145
126,boib,"Resolución de la directora general de Armonización Urbanística y Evaluación Ambiental sobre la revisión de la Autorización Ambiental Integrada de la planta de tratamiento de aceite mineral usado en el TM Lloseta, promovida por WORP Islas Baleares SL, vista la Decisión de ejecución de la Comisión de 10 de agosto de 2018, por la que se establecen las conclusiones sobre las mejores técnicas disponibles (MTD) en el tratamiento de residuos (IPPC M05/2022)",RES,True,RES,cuenca_insular,,True,resolución,"[""RES""]",[],0.98,"La descripción menciona explícitamente ""Autorización Ambiental Integrada"" de una ""planta de tratamiento de aceite mineral usado"", lo que encaja con la categoría RES (gestión de residuos). El fragmento ""revisión de la Autorización Ambiental Integrada de la planta de tratamiento de aceite mineral usado"" activa esta etiqueta.",53.512
127,boib,"Resolución núm. 2025-1091 por la cual se aprueban las bases y la convocatoria para la constitución de una bolsa de trabajo de técnico/a superior en Química y Gestión de Residuos para cubrir con carácter temporal necesidades urgentes e inaplazables de prestación de servicios en el Ayuntamiento de Eivissa, mediante el sistema de concurso de méritos",RES,False,,,,False,resolución,[],[],1.0,"La publicación trata sobre una convocatoria para bolsas de trabajo en Química y Gestión de Residuos como personal temporal, no es una gestión de residuos RES ni otra actuación hídrica o ambiental relevante según la descripción. El texto es claramente un anuncio de contratación pública.",48.923
128,dogv,"RESOLUCIÓN de 17 de septiembre de 2024, de la Dirección General de Urbanismo, Paisaje y Evaluación Ambiental, por la cual se formula declaración de impacto ambiental del Proyecto de almacén y gestión de residuos metálicos y de automoción, del término municipal de Aldaia (València). Expediente: (3502285) 253/2024/AIA.",RES,True,RES,,,True,resolución,"[""RES""]",[],0.98,"Texto que cita ""gestión de residuos metálicos y de automoción"" activando la categoría RES según señal explícita de gestión de residuos, sin mencionar agua, naturaleza o infraestructuras hidráulicas.",47.655
129,bocyl,"RESOLUCIÓN de 23 de diciembre de 2024, de la Delegación Territorial de Ávila, por la que se dicta informe de impacto ambiental del proyecto de una planta de tratamiento de residuos de construcción y demolición en la parcela 40.408 del polígono 506, en el término municipal de El Fresno (Ávila), promovido por «CYC Vías, S.L.». Expte.: E.I.A.S/2024/AV/017.",RES,True,RES,,,True,resolución,"[""RES""]",[],0.98,"La descripción menciona ""planta de tratamiento de residuos de construcción y demolición"", lo que activa directamente la categoría RES según las reglas críticas (regla 7). El resto del texto no contiene señales para otras categorías.",48.057
130,bopv,"ANUNCIO del Director de Administración Ambiental, por el que se somete a información pública el proyecto técnico y estudio de impacto ambiental presentado por la empresa Urteaga Quimica, S.L. para la actividad de gestión de residuos peligrosos, en el término municipal Vitoria-Gasteiz

				
2025/00416",RES,True,RES,,,True,anuncio,"[""RES""]",[],0.95,"La publicación se refiere a ""gestión de residuos peligrosos"", activando la categoría RES según las señales léxicas clave para gestión de residuos. El tipo de acto es anuncio por someter a información pública un proyecto técnico y estudio ambiental.",47.241
131,borm,"Servicio de Recogida, transporte y gestión de residuos domésticos, gestión del ecoparque fijo y limpieza viaria del municipio de Cieza (Murcia).",RES,False,,,,True,otros,"[""RES""]",[],0.95,"La publicación menciona explícitamente ""gestión de residuos domésticos"", activando la categoría RES (gestión de residuos). No hay indicios de concesión hídrica, montes o espacios naturales protegidos; el término ""ecoparque"" se refiere a gestión de residuos.",49.115
132,boa,"RESOLUCIÓN de 7 de enero de 2025, del Instituto Aragonés de Gestión Ambiental, por la que se decide no someter al procedimiento de evaluación de impacto ambiental ordinaria y se emite informe de impacto ambiental del proyecto de instalación de valorización de residuos no peligrosos para el tratamiento de residuos de rechazo de la fragmentación de vehículos fuera de uso, promovido por Ecoindustrial Aragón SL, ubicada en el polígono 26, parcela 320, paraje Valdepeñas, carretera N-IIa, Km 237, Calatayud (Zaragoza), (Número de expediente: INAGA 500301/01/2024/2662).",RES,True,RES,,,True,resolución,"[""RES""]",[],0.95,"El texto menciona ""instalación de valorización de residuos no peligrosos"" y ""tratamiento de residuos"", lo cual activa la categoría RES según las reglas. No hay señales de agua, vertidos, vías pecuarias, montes o espacios naturales. La confianza es alta ya que las palabras clave para gestión de residuos están explícitamente nombradas en el texto (""valorización de residuos"", ""tratamiento de residuos"").",59.79
133,bon,"RESOLUCIÓN 555E/2024, de 16 de diciembre, del director del Servicio de Economía Circular e Innovación por la que se acepta el cambio solicitado de las condiciones de funcionamiento establecidas en la autorización ambiental unificada de la instalación de gestión de residuos, cuyo titular es Servicios y Suministros Saher SL, ubicada en término municipal de Tafalla.",RES,True,RES,,,True,resolución,"[""RES""]",[],0.95,"La publicación es una resolución sobre ""autorización ambiental unificada de la instalación de gestión de residuos"", lo que encaja claramente con la categoría RES (Gestión de residuos). El texto menciona explícitamente la gestión de residuos, activando esta etiqueta.",49.807
134,boib,Anuncio de cobranza del impuesto sobre vehículos de tracción mecánica y de la tasa por servicios relativos al tratamiento de residuos sólidos urbanos del Ayuntamiento de Palma correspondientes al ejercicio 2025,RES,False,,,,False,anuncio,[],[],1.0,"El anuncio trata sobre el cobro de impuestos por vehículos y tasas de tratamiento de residuos urbanos, sin ninguna relación con aguas o espacios naturales protegidos. No contiene señales léxicas que activen categorías del dominio hídrico-natural.",46.247
135,bopv,"ANUNCIO de la Agencia Vasca del Agua, por el que se somete a información pública una solicitud de autorización de vertido en el término municipal de Zestoa.
				
2025/00108",VER,True,VER,cuenca_cantabrico,,True,anuncio,"[""VER""]",[],0.95,"El texto menciona explícitamente una ""solicitud de autorización de vertido"", que activa la categoría VER. Se refiere a un término municipal en Bizkaia, lo que corresponde a la cuenca cantábrica, pero esta es una subcategoría geográfica y no se solicita en las instrucciones para incluirla si no hay señal explícita de ""demarcación"" o nombre de cuenca. La confianza es alta debido a la claridad del texto.",58.233
136,boe,"Anuncio de la Confederación Hidrográfica del Guadiana de sometimiento a información pública sobre autorización administrativa para la instalación provisional de asentamiento apícola, durante el periodo comprendido entre los meses de Mayo a Octubre de 2025 en zona en dominio público hidráulico del Río Gargáligas, en el T.M. Acedera (Badajoz).",VER,True,AGU_GEN,cuenca_guadiana,,True,anuncio,"[""AGU_GEN""]","[""cuenca_guadiana""]",0.9,"La publicación es un ""Anuncio"" sobre una ""autonomización administrativa para la instalación provisional de asentamiento apícola en zona en dominio público hidráulico"", lo que indica una autorización en DPH sin uso específico mencionado, por lo que corresponde a AGU_GEN. La cuenca se infiere del organismo emisor ""Confederación Hidrográfica del Guadiana"" y la localidad ""Acedera (Badajoz)"", asignando cuenca_guadiana.",60.241
137,boe,"Anuncio de la Confederación Hidrográfica del Miño-Sil, O.A. de información pública del expediente de autorización para la corta de 21 chopos en dominio público hidráulico del río Louro, en San Salvador de Budiño, término municipal de O Porriño (Pontevedra)A/36/13957.",VER,True,AGU_GEN,cuenca_mino_sil,,True,anuncio,"[""AGU_GEN""]",[],0.95,"El texto se refiere a ""autorización para la corta de 21 chopos en dominio público hidráulico"" (fragmento: ""expediente de autorización para la corta de 21 chopos en dominio público hidráulico""), lo que implica una intervención directa sobre el cauce o su ribera. Al no especificarse un uso del agua (como riego, abastecimiento, etc.), se clasifica como AGU_GEN, ya que es una autorización administrativa dentro del DPH sin fin productivo definido. La confianza es alta por la mención explícita de ""autorización"" y ""dominio público hidráulico"".",66.295
138,boe,Anuncio de la Confederación Hidrográfica del Tajo O.A. de la información pública de la solicitud de autorización de vertido en el término municipal de Brihuega (Guadalajara) Referencia AV-0233/2023.,VER,True,VER,cuenca_tajo,,True,anuncio,"[""VER""]",[],0.95,"El texto menciona explícitamente ""solicitud de autorización de vertido"" en Brihuega (Guadalajara), lo cual activa la categoría VER. La cuenca Tajo se infiere del organismo emisor, Confederación Hidrográfica del Tajo, por lo que se añade subcategoría cuenca_tajo.",51.493
139,boe,"Anuncio de la Confederación Hidrográfica del Miño-Sil, O.A. de información pública del expediente de autorización de vertido de aguas residuales de Gestor de residuos peligrosos y no peligrosos en Partovia, en Partovia , término municipal de O Carballiño (Ourense).",VER,True,VER,cuenca_mino_sil,,True,anuncio,"[""VER""]","[""cuenca_mino_sil""]",0.95,"El texto menciona explícitamente ""expediente de autorización de vertido de aguas residuales"", lo que activa la categoría VER según las reglas críticas. La cuenca se infiere del organismo emisor, Confederación Hidrográfica del Miño-Sil, correspondiendo a cuenca_mino_sil.",52.251
140,bopv,"ANUNCIO por el que se somete a información pública el expediente de obras de construcción del túnel de Aginaga con afección al dominio público hidráulico y zona de policía de cauces de las regatas Txorkoa e Illumbe, en el término municipal de Usurbil (Gipuzkoa).

				
2025/00601",VER,True,AGU_GEN,cuenca_cantabrico,,False,anuncio,[],[],0.98,"El texto menciona ""afuición al dominio público hidráulico"" pero se refiere a una obra de construcción de túnel (infraestructura vial) sin conceder ni regular un uso específico del agua, ni habilitar ningún aprovechamiento hidrológico. No es una concesión de aguas ni gestión de cauce en sentido hidrológico/administrativo relevante para el dominio DPH. Por tanto, is_relevant=False.",55.754
141,boe,Anuncio de la Confederación Hidrográfica del Tajo O.A. de la Información Pública de la Solicitud de Actuaciones en Dominio Público Hidráulico en el término municipal de Griñón (Madrid) Referencia O-0201/2024.,VER,True,AGU_GEN,cuenca_tajo,,True,anuncio,"[""AGU_GEN""]","[""cuenca_tajo"", ""uso_mixto""]",0.85,Es un anuncio sobre solicitud de actuaciones en Dominio Público Hidráulico (señal clara para AGU_GEN). La fuente es la Confederación Hidrográfica del Tajo (subcategoría cuenca_tajo) y el término Griñón puede implicar usos mixtos típicos (urbano/uso recreativo) aunque no se especifique con detalle.,56.565
142,boe,"Anuncio de la Comisaría de Aguas de la Confederación Hidrográfica del Cantábrico, O.A. de información pública del procedimiento de autorización de vertido de Alojamiento rural y centro de interpretación e investigación de la sidra artesana en Hijas – La Panera Turismo Rural, S.L., término municipal de Puente Viesgo (Cantabria). Expediente V/39/01342.",VER,True,VER,cuenca_cantabrico,,True,anuncio,"[""VER""]","[""uso_mixto"", ""cuenca_cantabrico""]",0.98,"La descripción menciona explícitamente ""autorización de vertido"" en relación con un alojamiento rural y centro de investigación, activando la categoría VER. El uso mixto se infiere por el doble destino (alojamiento turístico y centro de investigación). La cuenca cantábrico está confirmada por la referencia a Cantabria y a la Confederación Hidrográfica del Cantábrico.",59.487
143,boe,"Anuncio de la Confederación Hidrográfica del Miño-Sil, O.A. de información pública del expediente de autorización de vertido de aguas residuales de Extracción de pizarras en La Calzada, en La Calzada San Vicente de Leira, término municipal de Vilamartín de Valdeorras (Ourense).",VER,True,VER,cuenca_mino_sil,,True,anuncio,"[""VER""]","[""uso_industrial"", ""cuenca_mino_sil""]",0.98,"El texto menciona explícitamente ""autorización de vertido de aguas residuales"" (señal de VER) y el ámbito territorial de Ourense corresponde a la cuenca del Miño-Sil (cuenca_mino_sil). El proyecto es para la extracción de pizarras, un proceso industrial (uso_industrial).",55.566
144,boe,"Anuncio de la Confederación Hidrográfica del Miño-Sil, O.A. de información pública del expediente de autorización para la corta de 8 alisos y 2 sauces en dominio público hidráulico, 67 alisos, 60 fresnos, 6 castaños y 4 sauces en zona de servidumbre y 60 robles, 20 castaños y 50 pinos en zona de policía del regato da Lavandeira, en Loucía, término municipal de San Amaro (Ourense)A/32/32696.",VER,True,AGU_GEN,cuenca_mino_sil,,True,anuncio,"[""AGU_GEN"", ""MON""]","[""cuenca_mino_sil""]",0.95,"El texto menciona ""corta de... en dominio público hidráulico"" y refiere árboles (alisos, sauces, fresnos) típicos de bosques o zonas forestales, lo cual activa la categoría MON por relación con monte de utilidad pública. Además, la Confederación Hidrográfica del Miño-Sil indica claramente el uso del agua de esa demarcación (cuenca_mino_sil), y las actividades en DPH sin vertidos ni otros usos específicos activan AGU_GEN.",64.377
145,boe,Anuncio de formalización de contratos de: Presidencia de la Confederación Hidrográfica del Miño-Sil. Objeto: Servicio para el soporte técnico en expedientes relativos a Aprovechamientos Hidroeléctricos en las cuencas de los ríos de la parte española de la Demarcación Hidrográfica del Miño-Sil. EL . Expediente: 90/24/CA/PA/SE.,PHD,False,,,,False,anuncio,[],[],0.98,"La publicación es un ""Anuncio de formalización de contratos"" para un servicio técnico en expedientes sobre aprovechamientos hidroeléctricos, lo que la convierte en un contrato de servicios administrativos sin ser una concesión o autorización específica del DPH. Según las reglas, los contratos administrativos y servicios son is_relevant=False.",52.65
146,boca,"Consejo Insular de Aguas de El Hierro.- Anuncio de 15 de enero de 2025, por el que se inicia el periodo de consulta e información pública de los Documentos Iniciales del proceso de planificación hidrológica, ciclo 2027-2033, de la Demarcación Hidrográfica El Hierro.- Expte. 3-2025.",PHD,True,PHD,cuenca_insular,,True,anuncio,"[""PHD""]","[""cuenca_insular""]",0.98,"""La publicación es un anuncio del Consejo Insular de Aguas sobre los Documentos Iniciales del proceso de planificación hidrológica (PHD) para el ciclo 2027-2033 en la Demarcación Hidrográfica El Hierro. La señal 'proceso de planificación hidrológica' confirma la categoría PHD y 'El Hierro' indica la cuenca insular.""",58.454
147,dog,"RESOLUCIÓN de 13 de enero de 2025 por la que se hacen públicas las ayudas concedidas al amparo de la Resolución de 18 de marzo de 2024 por la que se aprueban las bases reguladoras para la concesión de subvenciones a asociaciones sin ánimo de lucro, en régimen de concurrencia competitiva, para el desarrollo de actuaciones y actividades de educación ambiental para la sustentabilidad de los ríos de la Demarcación Hidrográfica de Galicia-Costa, y se convocan para el año 2024 (código de procedimiento AU301G).",PHD,False,,,,False,resolución,[],[],0.98,"El texto describe una resolución sobre subvenciones a asociaciones sin ánimo de lucro para educación ambiental, no una concesión de aguas ni gestión hídrica específica. Aunque menciona ""sustentabilidad de los ríos"", se trata de un acto administrativo de tipo subvención genérica sin vinculación directa con las categorías monitoreadas (AGU_GEN/RIE/SND/ABS/IND/VER/MON/VIA_PEC). No hay autorización de uso de agua, concesión, vertido ni gestión de residuos.",62.045
148,dog,"EXTRACTO de la Resolución de 17 de febrero de 2025 por la que se aprueban las bases reguladoras para la concesión, en régimen de concurrencia no competitiva, de subvenciones destinadas a ayuntamientos para la instalación de sistemas de depuración autónomos en el ámbito territorial de la Demarcación Hidrográfica de Galicia-Costa y se convocan para el año 2025 (código de procedimiento AU300B).",PHD,False,,,,False,extracto,[],[],0.98,"El texto es un extracto sobre la convocatoria de subvenciones para la instalación de depuración autónoma, lo cual se considera una subvención genérica y no una concesión directa de agua ni gestión de residuos según las reglas de clasificación. No hay señal léxica explícita de ninguna categoría (AGU_GEN, AGU_RIE, RES, etc.), por lo que is_relevant es False. El fragmento clave es ""convocatoria... para la instalación de sistemas de depuración autónomos"" en el contexto de una subvención a ayuntamientos.",65.083
149,boca,"Consejo Insular de Aguas de Gran Canaria.- Anuncio de 28 de enero de 2025, por el que se inicia el periodo de consulta e información pública de los “Documentos Iniciales” del proceso de planificación hidrológica, ciclo 2027-2033, de la Demarcación Hidrográfica de Gran Canaria (ES120).",PHD,True,PHD,cuenca_insular,,True,anuncio,"[""PHD""]","[""cuenca_insular""]",0.98,"El texto menciona explícitamente ""proceso de planificación hidrológica"" y ""Demarcación Hidrográfica de Gran Canaria"", lo que activa la categoría PHD. La referencia a ""Gran Canaria"" y ""Consejo Insular de Aguas"" permite inferir la subcategoría cuenca_insular. El acto es un anuncio sobre el inicio del periodo de consulta.",57.563
150,boa,"RESOLUCIÓN de 19 de diciembre de 2024, del Servicio Provincial de Zaragoza, relativo a la autorización administrativa previa y de construcción, del proyecto planta solar fotovoltaica ""La Palma"" de 500 kW en el término municipal de Sástago. Expediente: G-Z-2023-150.",NEGATIVO,False,,,,False,resolución,[],[],1.0,"La publicación trata sobre una planta solar fotovoltaica (energía) y no hay ninguna mención a aguas, cauces o dominio público hidráulico. Por tanto, no encaja en las categorías de agua, montes ni espacios naturales. No es relevante.",47.472
151,boca,"Consejo Insular de Aguas de Tenerife.- Anuncio de 14 de enero de 2025, relativo a la solicitud de autorización administrativa para el tratamiento y vertido de las aguas residuales procedentes de una explotación equina (centro hípico), ubicado en Camino Bubango, Beltrán-Miradero, en el término municipal de Icod de los Vinos.- Expte. 2060_EDAR.",NEGATIVO,True,VER,cuenca_insular,,True,anuncio,"[""VER""]","[""uso_urbano"", ""cuenca_insular""]",0.92,"La publicación es un ""Anuncio... relativo a la solicitud de autorización administrativa para el tratamiento y vertido de las aguas residuales"" lo que activa la categoría VER. El organismo emisor es el ""Consejo Insular de Aguas de Tenerife"", lo cual indica inequívocamente la cuenca insular (Tenerife, Canarias). La descripción menciona aguas residuales de una explotación equina, lo cual se alinea con un uso urbano/residencial o recreativo, aunque no especifica un uso agrícola explícito.",65.865
152,boe,U.R. SUBASTAS MURCIA,NEGATIVO,False,,,,False,otros,[],[],1.0,"La descripción ""U.R. SUBASTAS MURCIA"" no contiene ninguna señal léxica relacionada con agua, naturaleza o residuos según la taxonomía definida (no menciona concesiones, montes, vías pecuarias, espacios naturales, ni gestión de residuos). Se clasifica como un acto administrativo genérico (otros) fuera del ámbito monitorizado.",100.848
153,bor,Delegación de funciones para la celebración de matrimonios civiles,NEGATIVO,False,,,,False,otros,[],[],0.98,"La publicación trata sobre delegación de funciones para matrimonios civiles, no tiene ninguna relación con el dominio hídrico-natural, ni contiene señales léxicas de las categorías definidas (agua, vía pecuaria, monte, espacio natural, residuos, vertidos).",45.969
154,boe,U.R. SUBASTAS VALENCIA,NEGATIVO,False,,,,False,otros,[],[],1.0,"La publicación es una ""SUBASTA"" genérica y no contiene ninguna referencia a agua, vertidos, vías pecuarias, espacios naturales o montes, por lo que no cumple criterios de relevancia para este dominio.",43.79
155,boe,"Resolución de 4 de marzo de 2025, de la Universidad de Salamanca, por la que se nombra Catedrático de Universidad a don Javier Sánchez Zapatero.",NEGATIVO,False,,,,False,resolución,[],[],0.98,"El texto describe una resolución de nombramiento de un Catedrático en la Universidad de Salamanca, que no tiene ninguna relación con el ámbito hídrico o natural según la taxonomía definida (no menciona agua, vías pecuarias, montes, etc.). Por lo tanto, is_relevant es False y todas las listas de categorías están vacías.",52.573
156,boe,U.R. SUBASTAS BALEARES,NEGATIVO,False,,,,False,otros,[],[],1.0,"El texto ""U.R. SUBASTAS BALEARES"" se refiere a una subasta de bienes, sin ninguna relación con el dominio hídrico-natural ni con las categorías definidas en la taxonomía (no hay agua, montes, vías pecuarias, espacios naturales, etc.).",47.347
157,dogc,"Edicto de 3 de febrero de 2025, sobre un acuerdo de la Comisión de Territorio de Cataluña referente al municipio de Cubelles",NEGATIVO,False,,,,False,edicto,[],[],0.95,"El texto ""Edicto de 3 de febrero de 2025, sobre un acuerdo de la Comisión de Territorio de Cataluña referente al municipio de Cubelles"" no contiene señales léxicas que indiquen una relación con el dominio hídrico-natural (como términos relativos a agua, montes, vías pecuarias o espacios naturales protegidos). Se clasifica como is_relevant=False por falta de información clave en el fragmento proporcionado.",56.778
158,docm,"Anuncio de 03/03/2025, del Ayuntamiento de Carrión de Calatrava (Ciudad Real), de información pública de modificación de proyecto de urbanización de los sectores SR2 y SR3 de las Normas Subsidiarias, de la localidad.",NEGATIVO,False,,,,False,información_pública,[],[],0.95,"La publicación trata sobre una modificación de proyecto de urbanización (sectores SR2 y SR3) en Ciudad Real, sin mención alguna a agua, cauces, espacios naturales, o dominio público hídrico/forestal. Por tanto, no cumple los criterios del dominio hídrico-natural monitorizado y se clasifica como is_relevant=False.",52.602
159,boe,U.R. SUBASTAS ANDALUCIA 29,NEGATIVO,False,,,,False,información_pública,[],[],0.95,"La descripción ""U.R. SUBASTAS ANDALUCIA 29"" es demasiado genérica y no contiene ninguna señal léxica relacionada con agua, naturaleza, vías pecuarias, residuos o cualquier otro aspecto del dominio hidrológico-natural monitorizado (como ""aprovechamiento de aguas"", ""vía pecuaria"", ""residuos"", ""parque natural"", etc.). Por lo tanto, no cumple los criterios para ser relevante.",61.398
160,dogc,Anuncio sobre aprobación definitiva de la plantilla de personal para el año 2025,NEGATIVO,False,,,,False,anuncio,[],[],1.0,"La descripción ""plantilla de personal"" se refiere a recursos humanos y administración general, sin ninguna mención al agua, naturaleza, vías pecuarias o residuos. No contiene señales léxicas clave para activar ninguna categoría del dominio monitorizado (N2). Por lo tanto, is_relevant=False.",61.303
161,bopa,Anuncio. Lista provisional de aspirantes admitidos/excluidos de una plaza de Administrativo (C1). [Cód. 2025-01179],NEGATIVO,False,,,,False,anuncio,[],[],0.99,"Se trata de un anuncio sobre plazas de Administrativo (C1), sin ninguna mención al agua, naturaleza, vías pecuarias, montes o residuos. Por tanto, is_relevant=False y no se asignan categorías ni subcategorías del dominio hidrico-natural.",59.77
162,bon,Aprobación definitiva del presupuesto de 2025,NEGATIVO,False,,,,False,aprobación,[],[],1.0,"El texto ""Aprobación definitiva del presupuesto de 2025"" no contiene ninguna señal léxica relacionada con el dominio hídrico-natural (agua, vías pecuarias, montes, espacios naturales). Es una aprobación presupuestaria genérica, por lo que is_relevant=False y no se asignan categorías.",59.294
163,bopa,"Resolución de 3 de febrero de 2025, de la Consejería de Presidencia, Reto Demográfico, Igualdad y Turismo, por la que se declara desierta la convocatoria para su provisión, por el sistema de libre designación, de un puesto de trabajo de Secretario/a de Despacho de la Dirección General de Estrategia Digital e Inteligencia Artificial. [Cód. 2025-00995]",NEGATIVO,False,,,,False,resolución,[],[],0.98,"La publicación es una resolución sobre provisión de un puesto de trabajo administrativo (Secretario/a) y no contiene ninguna mención a agua, vías pecuarias, montes, espacios naturales, residuos ni vertidos. Por tanto, no se activan ninguna categoría del dominio hídrico-natural.",61.871
164,boja,"Acuerdo de 22 de enero de 2025, de la Delegación Territorial de Inclusión Social, Juventud, Familias e Igualdad en Córdoba, por el que se ordena la notificación por edicto de la resolución en materia de relaciones familiares.",NEGATIVO,False,,,,False,acuerdo,[],[],1.0,"La publicación trata sobre ""relaciones familiares"" y no contiene ninguna referencia a agua, naturaleza o las categorías del dominio hídrico (vías pecuarias, montes, espacios naturales).",53.798
165,boja,"Corrección de errores de la Resolución de 6 de febrero de 2025, de la Universidad de Jaén, por la que se convoca concurso público de acceso para la adjudicación de plazas de Profesor/a Ayudante Doctor/a (BOJA núm. 29, de 12.2.2025).",NEGATIVO,False,,,,False,corrección_errores,[],[],0.98,"Texto sobre concurso público de plazas de Profesor Ayudante Doctor de la Universidad de Jaén, sin mención alguna a agua, vías pecuarias, montes, espacios naturales o residuos. No cumple con los criterios del dominio hídrico-natural monitorizado.",58.457
166,boe,"Orden TDF/284/2025, de 18 de marzo, por la que se aprueba la relación definitiva de personas admitidas y excluidas, respecto a las plazas adicionales a la Subescala de Secretaría, categoría de Entrada, convocadas por Orden TDF/1507/2024, de 23 de diciembre, del proceso selectivo en el marco de la estabilización de empleo temporal, para el acceso a la Escala de funcionarios de administración local con habilitación de carácter nacional, convocado por Orden HFP/1328/2022, de 23 de diciembre.",NEGATIVO,False,,,,False,orden,[],[],1.0,"El texto describe una orden de admisión y exclusión de plazas adicionales en la Subescala de Secretaría, lo cual es un procedimiento administrativo de personal sin ninguna relación con agua, vías pecuarias, montes o espacios naturales protegidos. No se identifican ni siquiera las señales mínimas para activar alguna categoría del dominio hídrico-natural.",64.497
167,bon,Recaudación ejecutiva Acto que se notifica: Providencia de apremioReferencia: A202000/00004/2025,NEGATIVO,False,,,,False,notificación,[],[],1.0,"La descripción se refiere a una ""Recaudación ejecutiva"" y ""Providencia de apremio"", que son procedimientos administrativos financieros (recursos públicos), sin ninguna relación con agua, medio ambiente o naturaleza según las señales léxicas requeridas.",56.849
168,boe,VALVERDE DEL CAMINO,NEGATIVO,False,,,,False,otros,[],[],0.98,"No se identifican categorías N2: la descripción ""VALVERDE DEL CAMINO"" es un nombre topográfico sin mención a agua, vías pecuarias, montes o espacios naturales protegidos; es una entidad geográfica sin contenido administrativo relevante para el dominio hídrico-natural.",56.664
169,dog,"ANUNCIO de 7 de enero de 2025, del Departamento Territorial de A Coruña, por el que se emplaza a la persona interesada para ser notificada por comparecencia en el expediente REC-CO-0012-2022-AGR.",NEGATIVO,False,,,,False,anuncio,[],[],1.0,"No se detecta ninguna categoría del dominio hídrico-natural; el texto es una notificación administrativa genérica sin mención de agua, vertidos, montes o vías pecuarias.",51.874
