id,bulletin,description,grupo_muestreo,is_relevant_gt,categories_gt,subcategories_gt,notas_anotador,is_relevant_pred,act_type_pred,categories_pred,subcategories_pred,confidence,reasoning,duration_s
0,boja,"Resolución de 16 de enero de 2025, de la Delegación Territorial de Fomento, Articulación del Territorio y Vivienda en Málaga, por la que se dispone la publicación de la Resolución de 11 de diciembre de 2024, que ordena proceder al registro y publicación de la «Modificación del Plan General de Ordenación Urbana (PGOU) de Mijas».",PGOU,True,MOD_PUN,fase_definitiva,Publicacion registro Modificacion PGOU Mijas,True,resolución,"[""MOD_PUN"", ""PGOU""]","[""fase_definitiva""]",0.95,"La publicación es una resolución sobre la ""Modificación del Plan General de Ordenación Urbana (PGOU) de Mijas"". Aunque menciona el PGOU, la etiqueta principal es MOD_PUN porque se trata de una modificación, no de la aprobación del plan completo. La subcategoría fase_definitiva se infiere por el contexto de registro y publicación tras las modificaciones.",62.526
1,bocm,"Plan general de urbanismo
– Acuerdo de 12 de marzo de 2025, del Consejo de Gobierno, por el que se aprueba definitivamente la Decimoctava Modificación Puntual del Plan General de Ordenación Urbana de Getafe, en el ámbito ZOI 04, “Los Olivos”",PGOU,True,MOD_PUN,fase_definitiva,Decimoctava Modificacion Puntual PGOU Getafe,True,acuerdo,"[""MOD_PUN""]","[""fase_definitiva"", ""uso_residencial""]",0.95,"El texto menciona ""modificación puntual"" (fragmento: ""Decimoctava Modificación Puntual""), lo que excluye PGOU según las reglas críticas. La zona ""Los Olivos"" sugiere uso residencial o terciario; dado el ejemplo anterior, usamos ""uso_residencial"" como subcategoría plausible para una modificación puntual en esa zona. El fragmento clave es ""se aprueba definitivamente la Decimoctava Modificación Puntual del Plan General de Ordenación Urbana"", que confirma el tipo de acto y fase.",73.765
2,docm,"Anuncio de 28/01/2025, del Ayuntamiento de Villar de Olalla (Cuenca), sobre exposición pública del Plan Especial de Reforma Interior de Mejora (Perim) en el entorno de la senda de las Pernalosas-sectores U.2A y U.2B de las Normas Subsidiarias de Villar de Olalla (Cuenca).",PGOU,True,PLAN_ESP,fase_ip,PERIM exposicion publica - Plan Especial Reforma Interior Mejora,True,anuncio,"[""PGOU""]","[""fase_ip""]",0.95,"El texto menciona ""Plan Especial de Reforma Interior"", que según las reglas N2 corresponde a la categoría PGOU al tratar con reformas integrales del plan general o sus normas subsidiarias (aquí Normas Subsidiarias). El anuncio es sobre ""exposición pública"", lo que indica fase_inicial. Se refiere a Villar de Olalla (Cuenca), no a la Comunitat Valenciana, por lo que se sigue la norma PGOU.",64.691
3,docm,"Anuncio de 27/12/2024, del Ayuntamiento de Albacete, de la Gerencia Municipal de Urbanismo y Vivienda, sobre información pública del contenido de la plica presentada por la mercantil, Albaluz German Capital SL, a su propia alternativa técnica de Programa de Actuación Urbanizadora presentada para el desarrollo de las determinaciones urbanísticas de la Ordenanza de Transformación 10.11 carretera Madrid I del Plan General de Ordenación Urbana de Albacete.",PGOU,True,PROY_URB,fase_ip,PAU en CLM = PROY_URB,True,anuncio,"[""PGOU""]","[""fase_ip"", ""uso_energetico""]",0.95,"""Anuncio... de la Gerencia Municipal de Urbanismo y Vivienda, sobre información pública del contenido de la plica presentada por la mercantil... a su propia alternativa técnica de Programa de Actuación Urbanizadora"" para el desarrollo de las determinaciones urbanísticas del Plan General. El acto es un ""anuncio"" y corresponde a una ""fase_ip"" (información pública). Se clasifica como PGOU porque se trata de una actuación en el marco de la Ordenanza de Transformación 10.11, vinculada al Plan General de Albacete. La carretera Madrid I sugiere un uso energético o de infraestructura de transporte, por lo que se incluye ""uso_energetico"". El texto es muy específico sobre la participación del proyecto en el PGOU, por tanto no es MOD_PUN ni PLAN_ESP.""",90.189
4,boca,"Viceconsejería de Planificación Territorial y Reto Demográfico.- Anuncio por el que se hace pública la Resolución de 14 de febrero de 2025, que da publicidad al Acuerdo de la Comisión Autonómica de Evaluación Ambiental de 12 de febrero de 2025, para la emisión del Informe Ambiental Estratégico en el Procedimiento de Evaluación Ambiental Estratégica Simplificada de la Modificación Menor del Plan General de Ordenación de Güímar - Unidad de Actuación 16.2 El Tablado.- Expte. 2022/0014990 (5940).",PGOU,True,MOD_PUN,fase_ip,IAE Modificacion Menor PGO Guimar Canarias,False,anuncio,[],[],0.75,"La publicación corresponde a un Informe Ambiental Estratégico en el marco de la Evaluación Ambiental, que es un procedimiento ambiental (B0) y no urbanístico. El texto menciona la ""Modificación Menor del Plan General"" únicamente como referencia contextual para el proyecto ambiental (""Procedimiento de Evaluación Ambiental... de la Modificación Menor""), sin haber dictaminado sobre el acto urbanístico en sí. Por lo tanto, es irrelevante.",67.968
5,doe,"Anuncio de 20 de febrero de 2025 sobre aprobación inicial del Programa de Ejecución de la UE3, de la zona 3 de las Normas Subsidiarias.",PGOU,True,PROY_URB,fase_inicial,Proyecto Ejecucion UE3 NNSS = PROY_URB,True,anuncio,"[""PGOU""]","[""fase_inicial""]",0.95,"El texto menciona ""Programa de Ejecución... de las Normas Subsidiarias"", lo que en el ámbito autonómico (DOE) equivale a la aprobación del plan general, por tanto categoría PGOU. La expresión ""aprobación inicial"" identifica la fase_inicial.",55.985
6,dogc,"Anuncio sobre aprobación inicial de la modificación puntual del Plan general de ordenación municipal de Lliçà de Vall referente al ámbito de la UA del polígono industrial de Can Coll, Tèxtil Torres",PGOU,True,MOD_PUN,"fase_inicial,uso_industrial",Mod puntual PGO municipal poligono industrial Can Coll,True,anuncio,"[""MOD_PUN""]","[""fase_inicial"", ""uso_industrial""]",0.95,"El texto menciona explícitamente ""modificación puntual del Plan general de ordenación municipal"" y ""ámbito de la UA del polígono industrial"", lo que activa la categoría MOD_PUN (y uso_industrial por el polígono industrial). Según la Regla 1, al ser modificación puntual se asigna SOLO MOD_PUN, no PGOU.",64.863
7,dogv,"EDICTO de aprobación del informe ambiental y territorial estratégico, por el procedimiento simplificado, de la modificación puntual de la ordenación detallada del Plan general de ordenación urbana de la redistribución del suelo dotacional en la UE-1 insertada en suelo urbano.",PGOU,True,MOD_PUN,"fase_ip,uso_equipamiento",IAE mod puntual PGOU redistribucion suelo dotacional,False,edicto,[],[],0.92,"El texto hace referencia a una ""modificación puntual"" del plan general, pero el objeto es la ""ordenación detallada"", lo que corresponde a MOD_PUN. Sin embargo, las reglas de clasificación N2 excluyen MOD_PUN cuando se aprueba/modifica la ordenación detallada (que es un acto urbanístico independiente o parte de una licitación/actuación específica, no una modificación puntual del PGOU en sí). La descripción es muy genérica y ambigua sobre el tipo real de acto (podría ser LIC_URB si es una calificación para suelo urbano, pero no lo dice explícitamente). Por tanto, al no poder confirmar ni PGOU ni PLAN_ESP ni MOD_PUN con certeza debido a la mención ambigua de ""ordenación detallada"", is_relevant=False.",84.008
8,boc,"Informe Ambiental Estratégico de la Modificación Puntual número 1, del Plan General de Ordenación Urbana, de San Miguel de Aguayo. Protección de los valores naturales y paisajísticos y adaptación a la LOTUCA.",PGOU,True,MOD_PUN,fase_ip,IAE Modificacion Puntual 1 PGOU San Miguel de Aguayo,True,información_pública,"[""MOD_PUN""]","[""fase_ip""]",0.95,"El texto menciona explícitamente ""Modificación Puntual número 1"" del Plan General, lo que activa la categoría MOD_PUN (señal: ""modificación puntual""). La mención de ""Informe Ambiental Estratégico"" y ""adaptación a la LOTUCA"" sitúa el acto en fase inicial, probablemente sometido a información pública antes de su aprobación definitiva.",63.135
9,boca,"ANUNCIO de 6 de noviembre de 2024, por el que se somete a información pública la aprobación inicial de la “Modificación Menor del Plan General de Ordenación, modificación de la Ficha del SG-SP 1.13.045 Aparcamiento del Campo de Fútbol Los Pozos”.",PGOU,True,MOD_PUN,"fase_inicial,uso_equipamiento",IP aprobacion inicial Mod Menor PGO aparcamiento campo futbol,True,anuncio,"[""MOD_PUN""]","[""fase_inicial"", ""uso_residencial""]",0.95,"El texto menciona explícitamente ""Modificación Menor del Plan General de Ordenación"" y la aprobación inicial de la ""Ficha del SG-SP"", lo cual indica una modificación puntual (no completa). La fase es ""inicial"" por la expresión ""se somete a información pública"". El uso es residencial/equipamiento (""Aparcamiento"") en suelo rústico.",64.63
10,dogv,"ANUNCIO del Acuerdo de 25 de noviembre de 2024, de la Junta de Gobierno Local, del informe ambiental y territorial estratégico favorable sobre la modificación puntual del Plan general de ordenación urbana de Benicarló para la calificación como equipación (SQE) de terrenos calificados como espacio libre (E1) y viario (V1), colindantes con la unidad de actuación 7 de suelo urbano, para la construcción del Colegio de Educación Infantil y Primaria número 5.",PGOU,True,MOD_PUN,"fase_ip,uso_equipamiento",IAE mod puntual PGOU Benicarlo suelo dotacional CEIP,True,anuncio,"[""MOD_PUN""]","[""fase_ip"", ""uso_equipamiento""]",0.92,"Texto menciona explícitamente ""modificación puntual del Plan general"" que según la regla 1 implica SOLO MOD_PUN, no PGOU. La calificación para ""Colegio de Educación Infantil y Primaria"" apunta a uso equipamiento. Fase IP por ser información pública sobre informe favorable.",63.381
11,bocyl,INFORMACIÓN pública relativa a la aprobación inicial del proyecto de urbanización del sector 7 de suelo urbanizable del Plan General de Ordenación Urbana de Cabezón de Pisuerga (Valladolid). Expte.: 1168/2021.,PGOU,True,PROY_URB,fase_inicial,Aprobacion inicial proyecto urbanizacion sector 7 PGOU,True,información_pública,"[""PROY_URB""]","[""fase_inicial""]",0.95,"La descripción contiene explícitamente el fragmento ""proyecto de urbanización del sector 7"", lo que activa la categoría PROY_URB según las reglas críticas (que excluyen PGOU al ser este solo el marco referencial). La mención a ""aprobación inicial"" indica la subcategoría fase_inicial. El texto menciona al PGOU como referencia, no como objeto del acto.",66.428
12,boa,"RESOLUCIÓN de 28 de enero de 2025, del Instituto Aragonés de Gestión Ambiental, por la que se formula la declaración ambiental estratégica del Plan General de Ordenación Urbana Simplificado de Jarque de Moncayo (Zaragoza), promovido por el Ayuntamiento de Jarque de Moncayo. (Número de Expediente: INAGA 500201/71/2024/09313).",PGOU,True,PGOU,fase_ip,DAE Plan General Ordenacion Urbana Simplificado Jarque de Moncayo,False,resolución,[],[],0.98,"La publicación es una ""declaración ambiental estratégica"" del plan, no el acto administrativo urbanístico (como aprobación o información pública) que clasifica en las categorías N2. Es un trámite ambiental B0, no un acto de legalidad urbanística. La referencia al PGOU simplificado es solo contextual.",57.572
13,boja,"Acuerdo de 25 de noviembre de 2024, del Ayuntamiento de Almedinilla, por el que se aprueba definitivamente el documento de revisión parcial del Plan General de Ordenación Urbanística de Almedinilla. Fuente Grande-Venta de Las Navas. (PP. 10317/2024).",PGOU,True,PGOU,fase_definitiva,Aprobacion definitiva revision parcial PGOU Almedinilla,True,acuerdo,"[""MOD_PUN""]","[""fase_definitiva""]",0.95,"""Se aprueba definitivamente el documento de revisión parcial del Plan General"", que corresponde a una modificación puntual (MOD_PUN) según las señales de ""revisión parcial"", y no a la aprobación completa del PGOU. No hay menciones a cambio de uso específico.",58.31
14,boca,"Gerencia Municipal de Urbanismo.- Anuncio de 29 de enero de 2025, por el que se somete a información pública la aprobación inicial de la Modificación Menor del Plan General de Ordenación para la protección del inmueble sito en la Avenida Lucas Vega, n.º 100.",PGOU,True,MOD_PUN,fase_inicial,IP aprobacion inicial Modificacion Menor PGO proteccion inmueble,True,anuncio,"[""MOD_PUN""]","[""fase_inicial""]",0.95,"El texto contiene ""aprobación inicial"" y ""Modificación Menor del Plan General"", lo que corresponde a MOD_PUN (excluye PGOU) y fase_inicial. No hay información sobre uso específico, por lo que subcategories es [""fase_inicial""].",56.189
15,bocyl,"ACUERDO de 18 de febrero de 2025, del Pleno del Ayuntamiento de Saldaña de Burgos (Burgos), por el que se aprueba definitivamente el proyecto de actuación de la unidad de actuación única del sector de suelo urbano no consolidado Golf Saldaña de las Normas Urbanísticas Municipales.",PGOU,True,PROY_URB,fase_definitiva,Aprobacion definitiva proyecto actuacion UE Golf Saldana NUM,True,acuerdo,"[""LIC_URB""]","[""fase_definitiva"", ""uso_residencial""]",0.92,"El texto menciona ""acuerdo... aprueba definitivamente el proyecto de actuación de la unidad de actuación única"", lo que indica una autorización o calificación (LIC_URB). Se refiere a ""suelo urbano no consolidado Golf Saldaña"", sugiriendo un uso residencial (Golf, equipamiento deportivo, pero en suelo urbano consolidable/planificación) y el hecho de ser aprobación definitiva.",58.429
16,dogv,ANUNCIO por el que se somete a información pública la modificación puntual número 2 del Plan general de ordenación urbana.,PGOU,True,MOD_PUN,fase_ip,IP modificacion puntual num 2 PGOU,True,anuncio,"[""MOD_PUN""]","[""fase_ip""]",0.95,"El texto dice ""modificación puntual número 2 del Plan general de ordenación urbana"", lo que activa la etiqueta MOD_PUN. Por la regla crítica, al mencionar ""modificación puntual"" se excluye PGOU. La fase es inicial (""somete a información pública"").",48.535
17,bocm,"Plan general de urbanismo
– Acuerdo de 12 de febrero de 2025, del Consejo de Gobierno, por el que se aprueba definitivamente la modificación del Plan General de Ordenación Urbana de Madrid para la creación del Área de Planeamiento Específico 10.24 “Paseo de la Ermita del Santo”, distrito de Latina, que incluye la delimitación de una única Unidad de Ejecución",PGOU,True,MOD_PUN,fase_definitiva,Aprobacion definitiva mod PGOU Madrid APE 10.24 Paseo Ermita Santo,True,acuerdo,"[""MOD_PUN""]","[""fase_definitiva"", ""uso_residencial""]",0.95,"El texto indica ""modificación del Plan General de Ordenación Urbana"", que según las reglas es exclusivo MOD_PUN y no PGOU (que requiere aprobación completa). La delimitación de una única Unidad de Ejecución suele referirse a parcelas residenciales, por lo que se añade uso_residencial. El fragmento clave es ""aprueba definitivamente la modificación"".",56.429
18,bocyl,"ACUERDO de 27 de febrero de 2025, de la Comisión Territorial de Medio Ambiente y Urbanismo de Salamanca, por el que se aprueba definitivamente la modificación n.º 2 de las Normas Urbanísticas Municipales de Miranda de Azán (Salamanca). Expte.: 24-037.",PGOU,True,MOD_PUN,fase_definitiva,Aprobacion definitiva modificacion n2 NUM Miranda de Azan,True,acuerdo,"[""MOD_PUN""]","[""fase_definitiva""]",0.95,"El texto menciona explícitamente ""modificación n.º 2 de las Normas Urbanísticas Municipales"". Según la regla 1, esto activa la categoría MOD_PUN y excluye PGOU. La subcategoría fase_definitiva se infiere por ""aprueba definitivamente"".",59.59
19,bocm,"Normas urbanísticas
– Orden 878/2025, de 7 de marzo, de la Consejería de Medio Ambiente, Agricultura e Interior, por la que se aprueba definitivamente la Modificación Puntual de las Normas Subsidiarias de ámbito municipal de Buitrago del Lozoya, con el fin de adecuar las condiciones urbanísticas del Matadero Frigorífico Comarcal de Buitrago a su condición de equipamiento de interés social",PGOU,True,MOD_PUN,"fase_definitiva,uso_equipamiento",Aprobacion definitiva Mod Puntual NNSS Buitrago matadero a equipamiento,True,orden,"[""MOD_PUN""]","[""fase_definitiva"", ""uso_equipamiento""]",0.98,"El texto contiene explícitamente ""Modificación Puntual de las Normas Subsidiarias"", lo cual según la regla 1 excluiría la categoría PGOU y asignaría SOLO MOD_PUN. Además, el fragmento ""adecuar las condiciones urbanísticas del Matadero... a su condición de equipamiento de interés social"" indica claramente una subcategoría de uso_equipamiento y una fase_definitiva por el término ""aprobado definitivamente"".",70.028
20,bocyl,"INFORMACIÓN pública relativa a la aprobación inicial de la modificación n.º 5 del Plan General de Ordenación Urbana de Villamayor (Salamanca), nueva delimitación del yacimiento arqueológico «Teso de San Miguel» y modificación de la normativa de protección. Expte.: 185/2025.",PGOU,True,MOD_PUN,fase_inicial,IP aprobacion inicial mod 5 PGOU Villamayor yacimiento arqueologico,True,información_pública,"[""MOD_PUN"", ""PGOU""]","[""fase_inicial"", ""uso_residencial""]",0.85,"Texto: ""modificación n.º 5 del Plan General"" indica modificación puntual (MOD_PUN) que menciona al PGOU como marco de referencia pero no lo aprueba en su totalidad. La mención a ""nueva delimitación del yacimiento arqueológico"" sugiere un uso residencial o cultural en zona protegida, así que uso_residencial es una inferencia razonable para la subcategoría. Fase_inicial por ser información pública de aprobación inicial.",145.764
21,docm,"Anuncio de 30/01/2025, del Ayuntamiento de Ciudad Real, sobre información pública de la alternativa técnica presentada por la mercantil Aikon Energía, SL del Programa de Actuación Urbanizadora de la Unidad de Ejecución del Plan General de Ordenación Urbana, denominada UE-VCAR.",PGOU,True,PROY_URB,fase_ip,IP alternativa tecnica PAU UE-VCAR PGOU Albacete,True,anuncio,"[""PROY_URB""]","[""fase_avance""]",0.85,"El texto menciona ""Programa de Actuación Urbanizadora"" y ""Unidad de Ejecución del Plan General"", lo que indica un proyecto de urbanización (PROY_URB). El término ""alternativa técnica"" en el contexto de un programa de actuación sugiere que se encuentra en la fase de avance o estudio, aunque no esté explícitamente nombrado.",64.011
22,boib,"Acuerdo de aprobación definitiva con prescripciones relativa a la Modificación puntual nº. 3 de las Normas Subsidiarias de planeamiento del municipio de Mancor de la Vall consistente en la modificación de alineaciones, usos y parámetros edificatorios y ordenanzas de estética",PGOU,True,MOD_PUN,fase_definitiva,Aprobacion definitiva Mod Puntual 3 NNSS Mancor de la Vall,True,acuerdo,"[""MOD_PUN""]","[""fase_definitiva"", ""uso_residencial"", ""uso_comercial""]",0.92,"El texto indica explícitamente ""Acuerdo de aprobación definitiva"" y ""Modificación puntual nº. 3 de las Normas Subsidiarias"", lo cual activa la categoría MOD_PUN según la regla crítica #1 (la mención al plan general como referencia no lo convierte en PGOU). Las prescripciones sobre alineaciones y usos típicamente implican cambios mixtos residenciales/comerciales (uso_residencial, uso_comercial), aunque ""usos"" por sí solo es ambiguo, el contexto de modificación puntual suele afectar a estas áreas.",76.237
23,dogv,ANUNCIO por el que se somete a información pública la modificación puntual número 10 del Plan general de ordenación urbana de Montaverner (expediente 389/2021).,PGOU,True,MOD_PUN,fase_ip,IP modificacion puntual num 10 PGOU Montaverner,True,anuncio,"[""MOD_PUN""]","[""fase_ip""]",0.95,"La descripción incluye explícitamente ""modificación puntual número 10 del Plan general de ordenación urbana"", lo que activa la categoría MOD_PUN según las señales ""modificación puntual"" y ""modificación del plan general"". El act_type es ""anuncio"" por el término ""ANUNCIO"". La fase es ""fase_ip"" porque se somete a información pública. No aplica PGOU aunque el texto mencione el plan general, ya que solo es el objeto de la modificación, no el acto principal.",69.326
24,boib,Modificación puntual de las normas subsidiarias de Consell para la delimitación y ordenación de un aparcamiento disuasivo,PGOU,True,MOD_PUN,uso_equipamiento,Mod puntual NNSS Consell aparcamiento disuasivo,True,modificación,"[""MOD_PUN""]","[""fase_inicial"", ""uso_equipamiento""]",0.92,"La descripción menciona explícitamente ""Modificación puntual de las normas subsidiarias"", lo cual activa la categoría MOD_PUN (regla crítica: excluye PGOU aunque cite el plan como referencia). El uso para ""aparcamiento disuasivo"" implica un equipamiento público (uso_equipamiento), y al ser información pública, corresponde fase_inicial.",61.565
25,bopa,"Resolución de 3 de febrero de 2025, de la Consejería de Transición Ecológica, Industria y Desarrollo Económico, por la que se formula el informe ambiental estratégico de nueva delimitación y Plan Parcial del Área de Planeamiento Propuesto S-R-CBÑ 2 “Cabueñes Residencial” (APP-S-R-CBÑ2) (Gijón) (IA-PP-0141/2024//AUTO/2024/12984). [Cód. 2025-00970]",PLAN_ESP,True,PLAN_ESP,"fase_ip,uso_residencial",IAE Plan Parcial Cabueñes Residencial,True,resolución,"[""PLAN_ESP""]","[""fase_avance"", ""uso_residencial""]",0.95,"La publicación menciona explícitamente ""Plan Parcial del Área de Planeamiento Propuesto"", lo que encaja con la categoría PLAN_ESP para planes parciales o estudios de detalle. El nombre del área, ""Cabueñes Residencial"", sugiere claramente el uso residencial. El acto es una resolución formalizando un informe ambiental estratégico sobre este plan parcial (fase avanza).",65.291
26,bon,Aprobación definitiva del Plan Especial de Actuación Urbana de las unidades UE-9 y UE-10,PLAN_ESP,True,PLAN_ESP,fase_definitiva,Aprobacion definitiva Plan Especial Actuacion Urbana UE-9 y UE-10,True,aprobación,"[""PLAN_ESP""]","[""fase_definitiva""]",0.95,"El texto menciona explícitamente ""Aprobación definitiva del Plan Especial de Actuación Urbana..."", lo que identifica el acto como una aprobación de plan especial (PLAN_ESP) en su fase definitiva. El fragmento clave es ""Aprobación definitiva del Plan Especial"".",53.641
27,bocyl,"INFORMACIÓN pública relativa a la aprobación inicial del estudio de detalle, promovido por «Decoración Muebles Cagigal, S.A.», para la modificación de los parámetros de ordenación detallada de la parcela del Callejón Los Tochos n.º 1, en el término municipal de Aguilar de Campoo (Palencia). Expte.: 1373/2024.",PLAN_ESP,True,PLAN_ESP,fase_inicial,Aprobacion inicial estudio detalle parcela Callejon Los Tochos,True,información_pública,"[""PLAN_ESP""]","[""fase_ip"", ""uso_residencial""]",0.95,"El texto menciona explícitamente ""estudio de detalle"" para la modificación de parámetros, lo cual corresponde a la categoría PLAN_ESP (regla 2). La fase es ""información pública"" y el uso es residencial por tratarse de una parcela de edificación en urbanización.",118.277
28,bopv,"RESOLUCIÓN de 27 de enero de 2025, del Director de Administración Ambiental, por la que se formula informe ambiental estratégico del Plan Parcial del sector Ipintza Z1.5 de Zumarraga (Gipuzkoa).
				
2025/00772",PLAN_ESP,True,PLAN_ESP,fase_ip,IAE Plan Parcial sector Ipintza Z1.5 Zumarraga,True,resolución,"[""PLAN_ESP""]","[""fase_avance""]",0.95,"El texto menciona explícitamente ""Plan Parcial"", que cae en la categoría de PLAN_ESP. El fragmento clave es ""informe ambiental estratégico del Plan Parcial"". Esto indica un acto relacionado con una fase avanzada del ciclo urbanístico (informe ambiental), pero no determina el tipo de acto administrativo (aprobación, información pública, etc.) ni el uso final. La confianza es alta por la mención explícita de ""Plan Parcial"" y la autoridad ambiental autonómica (BOPV).",62.981
29,bopa,"Anuncio público a personas interesadas desconocidas en el procedimiento de evaluación ambiental estratégica simplificada. Plan Parcial del sector urbanizable UZ2-La Vega-U, Villabona (Llanera). Expte. IA-PP-0236/2024//AUTO/2024/18789. [Cód. 2025-01744]",PLAN_ESP,True,PLAN_ESP,fase_ip,EAE simplificada Plan Parcial UZ2-La Vega-U Villabona,False,anuncio,[],[],0.75,"La descripción menciona ""evaluación ambiental estratégica"", que es un trámite administrativo distinto al urbanístico. Además, aunque cita un Plan Parcial (UZ2), el anuncio se centra en el procedimiento de evaluación ambiental estratégica simplificada, lo cual no corresponde a las categorías N2 de actos urbanos (PGOU, PLAN_ESP, MOD_PUN, PROY_URB, LIC_URB, DIC_INT) según las reglas críticas.",56.881
30,bocyl,"ACUERDO de 20 de diciembre de 2024, del Pleno del Ayuntamiento de Burgos, relativo a la aprobación definitiva del «Estudio de detalle naves nido C/ López Bravo, 11B, polígono industrial. Villalonquejar (Burgos)», promovido por «Santaolalla Ambiental, S.L.». Expte.: 4/2024 EST-PGOU.",PLAN_ESP,True,PLAN_ESP,"fase_definitiva,uso_industrial",Aprobacion definitiva ED naves nido poligono industrial Villalonquejar,True,acuerdo,"[""PLAN_ESP""]","[""fase_definitiva""]",0.95,"""Estudio de detalle"" es la clave explícita que identifica este acto como un Plan Especial (PLAN_ESP) y no como una modificación del PGOU ni una aprobación general. La referencia a ""Expte.: 4/2024 EST-PGOU"" confirma el tipo de trámite, donde ""EST"" denota Estudio de Detalle, que en las reglas excluye la categoría PGOU aunque cite la norma general.",59.043
31,borm,"Aprobación inicial del Programa de Actuación, del cambio de sistema de gestión y de los estatutos de la Junta de Compensación de la Unidad de Ejecución n.º I.b del Plan Parcial “Usos Terciarios de Carretera de Sucina”.",PLAN_ESP,True,"PLAN_ESP,PROY_URB","fase_inicial,uso_comercial",IP PA + Junta Compensacion Plan Parcial Usos Terciarios Sucina,True,aprobación,"[""PLAN_ESP""]","[""fase_inicial""]",0.95,"La descripción menciona explícitamente ""Plan Parcial"", que corresponde a la categoría PLAN_ESP (Regla 2). La fase es ""inicial"" por el término ""Aprobación inicial"". El ámbito autonómico y los términos como ""Junta de Compensación"" no invalidan la relevancia urbanística del plan especial.",54.561
32,dogc,Edicto sobre aprobación inicial del Plan especial urbanístico autónomo de la vía verde del Fluvià de ámbito supramunicipal entre Sant Ferriol y La Vall de Bianya,PLAN_ESP,True,PLAN_ESP,fase_inicial,Aprobacion inicial Plan especial via verde Fluvia supramunicipal,True,edicto,"[""PLAN_ESP""]","[""fase_inicial"", ""uso_rustico""]",0.92,"El texto cita explícitamente ""Plan especial urbanístico autónomo"", que activa la categoría PLAN_ESP (no PGOU según las reglas de exclusión). La fase inicial se infiere de ""aprobación inicial"" y el uso rústico del suelo no es probable dado que es una vía verde (equipamiento/infraestructura), pero al carecer de un término más preciso, se mantiene como rústico o equipamiento; sin embargo, las señales de la descripción sugieren fuertemente un ámbito no residencial ni industrial específico, y por defecto en estos casos se suele usar uso_rustico si no hay otro claro, o quizás equipamiento, pero al ser ""vía verde"" es infraestructura. Sin embargo, la regla más fuerte es que ""Plan especial"" excluye PGOU. No hay indicios claros de cambio de uso a equipamiento (uso_equipamiento) en el texto, por lo que se mantiene la subcategoría de uso como rústico o simplemente fase inicial. Revisando las señales, ""vía verde"" suele ser infraestructura verde, no necesariamente suelo rústico por sí mismo, pero dado que no se menciona un cambio específico a equipamiento (centro deportivo, etc.) en la descripción, y la descripción es breve, uso_rustico puede ser conservado o bien omitirse si no hay certeza. Sin embargo, al no haber evidencia de cambio de uso, no se añade uso_equipamiento por inferencia forzosa. La subcategoría de fase es ""fase_inicial"" por ""aprobación inicial"".",115.108
33,doe,Anuncio de 29 de enero de 2025 sobre aprobación inicial del Estudio de Detalle de la parcela EEC-1 del SUB CC-9.2.4.,PLAN_ESP,True,PLAN_ESP,fase_inicial,Aprobacion inicial ED parcela EEC-1 SUB CC-9.2.4,True,anuncio,"[""PLAN_ESP""]","[""fase_inicial""]",0.98,"""Estudio de Detalle"" en la descripción apunta a PLAN_ESP según las reglas (excluye PGOU). ""Aprobación inicial"" indica fase_inicial.",44.24
34,bon,"Aprobación definitiva de Estudio de Detalle en la parcela 2564 del polígono 7/Z-1 U.I. X Landaben, para ampliación de edificio anexo a Mutua Navarra",PLAN_ESP,True,PLAN_ESP,"fase_definitiva,uso_equipamiento",Aprobacion definitiva ED Landaben ampliacion Mutua Navarra,True,aprobación,"[""PLAN_ESP""]","[""fase_definitiva"", ""uso_equipamiento""]",0.95,"El texto menciona explícitamente ""Aprobación definitiva de Estudio de Detalle"" (activando PLAN_ESP y fase_definitiva). Además, el proyecto es para una ampliación de edificio (hospitalaria/mutual), lo que implica uso_equipamiento. El ámbito autonómico (BON) permite PLAN_ESP sin conflicto con DIC_INT.",56.83
35,bocyl,"INFORMACIÓN pública relativa a la aprobación inicial del estudio de detalle para la modificación de la alteración existente en la calle Juan Bravo n.º 25-27, en el término municipal de Cantalejo (Segovia). Expte.: 1422/2024.",PLAN_ESP,True,PLAN_ESP,fase_inicial,Aprobacion inicial ED calle Juan Bravo 25-27 Cantalejo,True,información_pública,"[""PLAN_ESP""]","[""fase_avance""]",0.92,"La descripción incluye ""INFORMACIÓN pública relativa a la aprobación inicial del estudio de detalle"", lo que corresponde a una actuación de tipo PLAN_ESP (estudio de detalle). La subcategoría fase_avance se asigna porque el acto es una ""aprobación inicial"" del estudio de detalle, típico de las fases intermedias del procedimiento urbanístico. El fragmento clave es: ""INFORMACIÓN pública... aprobación inicial del estudio de detalle"".",119.463
36,bon,Aprobación inicial de Estudio de Detalle en la parcela 218 del polígono 4,PLAN_ESP,True,PLAN_ESP,fase_inicial,Aprobacion inicial ED parcela 218 poligono 4,True,aprobación,"[""PLAN_ESP""]","[""fase_inicial""]",0.95,"El texto menciona explícitamente ""Aprobación inicial de Estudio de Detalle"". Según las reglas, un estudio de detalle se clasifica como PLAN_ESP (excluye PGOU) y la ""inicial"" indica fase_inicial.",49.303
37,bon,Aprobación definitiva de Estudio de Detalle en la parcela 104 del polígono 1,PLAN_ESP,True,PLAN_ESP,fase_definitiva,Aprobacion definitiva ED parcela 104 poligono 1,True,aprobación,"[""PLAN_ESP""]","[""fase_definitiva""]",0.95,"El texto menciona explícitamente ""Estudio de Detalle"", lo que indica un PLAN_ESP según las categorías N2, y se trata de una ""Aprobación definitiva"", lo que corresponde a fase_definitiva. No hay menciones a usos específicos ni alimito territorial.",58.345
38,bocyl,"ACUERDO de 18 de noviembre de 2024, del Pleno del Ayuntamiento de Aldearrubia (Salamanca), relativo a la aprobación definitiva del estudio de detalle para el solar de la calle Camino de los Partidos 3C.",PLAN_ESP,True,PLAN_ESP,fase_definitiva,Aprobacion definitiva ED solar calle Camino Partidos 3C Aldearrubia,True,acuerdo,"[""PLAN_ESP""]","[""fase_definitiva"", ""uso_comercial""]",0.95,"El texto especifica ""aprobación definitiva del estudio de detalle"" (frase exacta), lo cual según la regla 2 implica SOLO PLAN_ESP y excluye PGOU, incluso si fuera para suelo no urbanizable o rústico. La calle Camino de los Partidos sugiere un uso comercial/residencial.",62.836
39,bon,Aprobación inicial de Estudio de Detalle en la parcela 33 del polígono 1 de Unciti (Valle de Unciti),PLAN_ESP,True,PLAN_ESP,fase_inicial,Aprobacion inicial ED parcela 33 poligono 1 Unciti,True,aprobación,"[""PLAN_ESP""]","[""fase_inicial"", ""uso_rustico""]",0.95,"La descripción menciona explícitamente ""Aprobación inicial de Estudio de Detalle"", que corresponde a la categoría PLAN_ESP. La mención de ""Parcela 33 del polígono"" sugiere suelo rural/rústico, por lo que se añade la subcategoría uso_rustico. La fase es inicial debido al término ""inicial"".",63.413
40,bopa,Edicto. Aprobación definitiva del Plan Parcial del ámbito urbanizable Altos de Santo Medero. Expte. 1191-080005. [Cód. 2025-02014],PLAN_ESP,True,PLAN_ESP,fase_definitiva,Aprobacion definitiva Plan Parcial Altos de Santo Medero,True,edicto,"[""PLAN_ESP""]","[""fase_definitiva"", ""uso_residencial""]",0.95,"El texto menciona explícitamente ""Aprobación definitiva del Plan Parcial"", lo que clasifica como PLAN_ESP bajo subcategoría de fase_definitiva. Se añade uso_residencial porque el ámbito se describe como ""urbizable"", implicando suelo destinado a fines residenciales o urbanos. El fragmento clave es ""Aprobación definitiva del Plan Parcial"" para la categoría y ""Plan Parcial del ámbito urbanizable Altos de Santo Medero"" para las subcategorías.",73.76
41,bon,Corrección de errores de la aprobación definitiva de Estudio de Detalle de la parcela 154 del polígono 12 (Unidad U4) de Idocin (Valle de Ibargoiti),PLAN_ESP,True,PLAN_ESP,fase_correccion,Correccion errores aprobacion definitiva ED Idocin,True,corrección_errores,"[""PLAN_ESP""]","[""fase_definitiva""]",0.95,"El texto menciona ""Estudio de Detalle"", lo que clasifica el acto como PLAN_ESP según las señales de la categoría N2. Además, se especifica ""Corrección de errores"" y ""aprobación definitiva"", indicando que es un acto de corrección sobre una fase ya definitiva o su confirmación, por lo que la subcategoría es fase_corrección (o fase_definitiva si se considera la aprobación final del estudio). Dado que es una corrección de errores de algo ya aprobado definitivamente, la etiqueta más precisa para la fase sería fase_definitiva aplicada al acto de corrección. El fragmento clave es: ""Corrección de errores de la aprobación definitiva de Estudio de Detalle"".",85.214
42,bopv,"RESOLUCIÓN de 28 de enero de 2025, del Director de Administración Ambiental, por la que se formula informe ambiental estratégico del Plan Especial Guardería Canina Bi-Lagun en Hondarribia.
				
2025/00886",PLAN_ESP,True,PLAN_ESP,"fase_ip,uso_equipamiento",IAE Plan Especial Guarderia Canina Bi-Lagun Hondarribia,True,información_pública,"[""PLAN_ESP""]","[""fase_ip""]",0.95,"La descripción menciona ""Plan Especial Guardería Canina"", lo que indica claramente un PLAN_ESP. El acto es una ""informe ambiental estratégico"" sometido a información pública (fase_ip). El fragmento clave es: ""se formula informe ambiental estratégico del Plan Especial Guardería Canina"".",60.371
43,bon,Aprobación inicial de Estudio de Detalle en la parcela  522 del polígono 1,PLAN_ESP,True,PLAN_ESP,fase_inicial,Aprobacion inicial ED parcela 522 poligono 1,True,aprobación,"[""PLAN_ESP""]","[""fase_inicial"", ""uso_rustico""]",0.95,"El texto dice ""Aprobación inicial de Estudio de Detalle"", lo cual según las reglas es PLAN_ESP (excluye PGOU). En suelo rústico (""polígono"") por defecto se asume uso_rustico y fase_inicial por ""inicial"".",59.56
44,bon,Aprobación inicial de Estudio de Detalle en las parcelas 570 y 571 del área de reparto AR2,PLAN_ESP,True,PLAN_ESP,fase_inicial,Aprobacion inicial ED parcelas 570 y 571 area reparto AR2,True,aprobación,"[""PLAN_ESP""]","[""fase_inicial""]",0.95,"El texto menciona ""Aprobación inicial de Estudio de Detalle"", lo cual encaja perfectamente con la categoría PLAN_ESP. También indica ""inicial"" para la fase.",52.046
45,borm,Anuncio de aprobación provisional de cuenta de liquidación definitiva del proyecto de urbanización del Plan Parcial “Cañada de la Morra Norte” de Archena.,PLAN_ESP,True,PROY_URB,fase_provisional,Aprobacion provisional cuenta liquidacion PU Plan Parcial Cañada Morra Norte,True,anuncio,"[""PLAN_ESP""]","[""fase_provisional""]",0.95,"Texto: ""Plan Parcial 'Cañada de la Morra Norte'"" indica claramente que se trata de un Plan Especial (PLAN_ESP). Además, ""aprobación provisional"" sitúa el acto en fase_provisional. La mención a ""cuenta de liquidación definitiva del proyecto de urbanización"" confirma el contexto urbano y no es una actividad sin urbanismo.",63.249
46,borm,"Sometimiento a información pública de la documentación integrante del Avance del Plan Especial de Reordenación Urbana en parcela de equipamiento docente EED (TA-382), Espinardo, para la ejecución de una residencia universitaria.",PLAN_ESP,True,PLAN_ESP,"fase_avance,uso_equipamiento",Avance Plan Especial Reordenacion Urbana parcela equipamiento docente residencia universitaria,True,información_pública,"[""PLAN_ESP""]","[""fase_avance"", ""uso_residencial""]",0.98,"El texto menciona ""Avance del Plan Especial de Reordenación Urbana"", lo que indica el tipo de acto (PLAN_ESP) y la fase (fase_avance). Además, se refiere a una ""residencia universitaria"", que corresponde al uso residencial.",55.354
47,dog,"ANUNCIO de aprobación definitiva del estudio de detalle para la ampliación del complejo deportivo Agra I, en Agra do Orzán (expediente 631/2023/121).",PLAN_ESP,True,PLAN_ESP,"fase_definitiva,uso_equipamiento",Aprobacion definitiva ED ampliacion complejo deportivo Agra I,True,anuncio,"[""PLAN_ESP""]","[""fase_definitiva"", ""uso_equipamiento""]",0.95,"El texto menciona explícitamente ""estudio de detalle"" y una ""ampliación del complejo deportivo"". Según la regla 2, esto corresponde a la categoría PLAN_ESP y no a PGOU. La subcategoría fase_definitiva se infiere de ""aprobación definitiva"", y el uso_equipamiento por ser un ""complejo deportivo"".",56.577
48,bon,"Aprobación inicial de Estudio de Detalle en las unidades UC-2.3 y UC-2.6 de suelo urbano consolidado de Arguiñariz, parcela 56 del polígono 1",PLAN_ESP,True,PLAN_ESP,fase_inicial,Aprobacion inicial ED unidades UC-2.3 y UC-2.6 Arguiñariz,True,aprobación,"[""PLAN_ESP""]","[""fase_inicial""]",0.95,"El texto indica ""Aprobación inicial de Estudio de Detalle"", lo cual corresponde a una acción dentro de la categoría PLAN_ESP según las reglas definidas para ""estudio de detalle"". La fase se identifica como ""inicial"" por la mención explícita de ""aprobación inicial"". No hay referencias directas a cambios de uso de suelo en los fragmentos proporcionados.",56.075
49,bon,Aprobación inicial de Plan Especial de Actuación Urbana en la unidad UO2,PLAN_ESP,True,PLAN_ESP,fase_inicial,Aprobacion inicial Plan Especial Actuacion Urbana unidad UO2,True,aprobación,"[""PLAN_ESP""]","[""fase_inicial""]",0.95,"""Aprobación inicial de Plan Especial"" en el texto implica PLAN_ESP y fase_inicial. No se menciona un uso específico del suelo (residencial, industrial, etc.) en la descripción.",109.873
50,bocyl,"ACUERDO de 19 de diciembre de 2024, del Pleno del Ayuntamiento de Palencia, por el que se aprueba definitivamente la modificación puntual del Plan General de Ordenación Urbana de Palencia, en el ámbito de la ficha n.º 6, zona de Ordenanza Terciario.",MOD_PUN,True,MOD_PUN,"fase_definitiva,uso_comercial",Aprobacion definitiva mod puntual PGOU Palencia zona Terciario,True,acuerdo,"[""MOD_PUN""]","[""fase_definitiva"", ""uso_comercial""]",0.95,"El texto indica explícitamente ""acuerdo... por el que se aprueba definitivamente la modificación puntual del Plan General de Ordenación Urbana"". Según las reglas, ""modificación puntual"" activa SOLO la categoría MOD_PUN (y nunca PGOU). La ubicación de Palencia en Castilla y León es consistente con BOCYL. La mención de ""zona de Ordenanza Terciario"" indica el uso comercial correspondiente.",69.518
51,boc,Informe Ambiental Estratégico de la Modificación Puntual 1/2022 de las Normas Subsidiarias de planeamiento de Riotuerto.,MOD_PUN,True,MOD_PUN,fase_ip,IAE Modificacion Puntual 1/2022 NNSS Riotuerto,True,información_pública,"[""MOD_PUN""]","[""fase_ip""]",0.95,"El texto cita ""Informe Ambiental Estratégico de la Modificación Puntual 1/2022"", lo que indica claramente un acto de información pública (fase_ip) sobre una modificación puntual (MOD_PUN). Aunque las Normas Subsidiarias son el objeto, la categoría correcta para una MP es MOD_PUN y no PGOU.",61.494
52,docm,"Anuncio de 14/01/2025, del Ayuntamiento de Ciudad Real, sobre información pública de la Modificación Puntual número 4 del Plan Parcial del Programa de Actuación Urbanizadora del sector S-MADR2 y del articulado de las Nomas Urbanísticas del Plan General de Ordenación Urbana. Centro de I+D Embarba.",MOD_PUN,True,MOD_PUN,fase_ip,IP Modificacion Puntual 4 Plan Parcial PAU S-MADR2 + PGOU Centro I+D Embarba,True,anuncio,"[""PLAN_ESP"", ""MOD_PUN""]","[""fase_ip""]",0.95,"La descripción menciona tanto la ""Modificación Puntual número 4 del Plan Parcial"" (disparando PLAN_ESP, ya que es una actuación de un plan especial) como del ""articulado de las Normas Urbanísticas del Plan General"" (referencia a PGOU). Como son actos distintos citados juntos (una MP del plan parcial y otro el articulado del PGOU), se deben etiquetar ambas categorías principales: PLAN_ESP y MOD_PUN. La fase es inicial (""información pública"").",73.194
53,bor,"Aprobación inicial del proyecto de modificación puntual de las Normas Subsidiarias en la calle El Sol, número 34 y 34 B",MOD_PUN,True,MOD_PUN,fase_inicial,Aprobacion inicial mod puntual NNSS calle El Sol,True,aprobación,"[""MOD_PUN""]","[""fase_inicial""]",0.95,"El texto menciona ""Aprobación inicial del proyecto de modificación puntual de las Normas Subsidiarias"". Según la regla 1, la ""modificación puntual"" (MOD_PUN) excluye PGOU. El fragmento ""Aprobación inicial"" indica que se trata de una fase_inicial.",59.404
54,dogv,ANUNCIO por el que se somete a información pública la modificación puntual número 4 del Plan general de ordenación urbana de Gilet «Redelimitación de la Unidad de Ejecución UE-1»,MOD_PUN,True,MOD_PUN,fase_ip,IP mod puntual 4 PGOU Gilet redelimitacion UE-1,True,anuncio,"[""MOD_PUN""]","[""fase_ip"", ""uso_residencial""]",0.95,"La publicación es un anuncio que somete a información pública la ""modificación puntual número 4 del Plan general de ordenación urbana"" (fragmento clave). Según la regla crítica, cuando existe una ""modificación puntual"", se asigna SOLO la categoría MOD_PUN y no PGOU. La subcategoría fase_ip se infiere por ""información pública"". El uso_residencial es plausible dado que las ""Unidades de Ejecución"" (UE) en PGOU suelen estar relacionadas con zonas residenciales o urbanizaciones, aunque el texto no lo especifica explícitamente.",77.72
55,bor,"Aprobación inicial de la Modificación Puntual Número 15 del Plan General Municipal de Calahorra, para ampliación del equipamiento público",MOD_PUN,True,MOD_PUN,"fase_inicial,uso_equipamiento",Aprobacion inicial Mod Puntual 15 PGM Calahorra equipamiento publico,True,aprobación,"[""MOD_PUN""]","[""fase_inicial"", ""uso_equipamiento""]",0.98,"El texto indica ""Aprobación inicial"" (fase_inicial) de la ""Modificación Puntual Número 15"" (MOD_PUN), y especifica que su objeto es la ""ampliación del equipamiento público"" (uso_equipamiento). Según la regla 1, al ser una modificación puntual se clasifica como MOD_PUN y no como PGOU.",65.061
56,bocyl,"ACUERDO de 26 de febrero de 2025, de la Comisión Territorial de Medio Ambiente y Urbanismo de Soria, por el que se aprueba definitivamente la modificación puntual número 55 de las Normas Urbanísticas Municipales de Golmayo (Soria). Expte.: 35/2025 U.",MOD_PUN,True,MOD_PUN,fase_definitiva,Aprobacion definitiva mod puntual 55 NUM Golmayo,True,acuerdo,"[""MOD_PUN""]","[""fase_definitiva""]",0.98,"El texto menciona explícitamente ""modificación puntual número 55 de las Normas Urbanísticas Municipales"". Según la regla crítica, esto activa SOLO la categoría MOD_PUN y excluye PGOU (aunque las NNMM sean parte del plan general). El fragmento clave es: ""se aprueba definitivamente la modificación puntual... de las Normas Urbanísticas Municipales"".",66.529
57,bocyl,"ACUERDO de 26 de febrero de 2025, de la Comisión Territorial de Medio Ambiente y Urbanismo de Soria, por el que se aprueba definitivamente la modificación puntual número 56 de las Normas Urbanísticas Municipales de Golmayo (Soria), promovida por «Inmobiliaria M.R., S.A.U.». Expte.: 34/2025 U.",MOD_PUN,True,MOD_PUN,fase_definitiva,Aprobacion definitiva mod puntual 56 NUM Golmayo,True,acuerdo,"[""MOD_PUN""]","[""fase_definitiva""]",0.95,"El texto menciona explícitamente ""modificación puntual número 56 de las Normas Urbanísticas Municipales"". Según la regla 1, cuando se aprueba una modificación puntual del plan general (o sus normas), el acto es SOLO MOD_PUN y no PGOU. El fragmento clave es ""se aprueba definitivamente la modificación puntual"". La fase es definitiva por ""aprueba definitivamente"".",64.649
58,doe,Anuncio de 24 de marzo de 2025 sobre exposición al público de aprobación de viabilidad e inicial modificación puntual del Plan General Urbano.,MOD_PUN,True,MOD_PUN,fase_inicial,Exposicion publica aprobacion viabilidad e inicial mod puntual PGU,True,anuncio,"[""MOD_PUN""]","[""fase_ip""]",0.95,"El texto menciona ""inicial modificación puntual del Plan General Urbano"", lo que activa la categoría MOD_PUN según las reglas, excluyendo PGOU ya que es una modificación puntual. El acto es un anuncio de exposición al público (fase_ip).",47.147
59,bocyl,"ACUERDO de 26 de octubre de 2023, de la Comisión Territorial de Medio Ambiente y Urbanismo de León, por el que se aprueba definitivamente la modificación puntual n.º 3 de las Normas Urbanísticas Municipales de Maraña (León). Expte.: 2022-137.",MOD_PUN,True,MOD_PUN,fase_definitiva,Aprobacion definitiva mod puntual 3 NUM Maraña,True,acuerdo,"[""MOD_PUN""]","[""fase_definitiva""]",0.98,"Texto explícito: ""modificación puntual n.º 3 de las Normas Urbanísticas Municipales"". Según la regla crítica, MOD_PUN excluye PGOU aunque sea del plan general, ya que se modifica como referencia. La fase es definitiva por ""aprueba definitivamente"".",51.34
60,bocyl,"ORDEN MAV/129/2025, de 12 de febrero, por la que se formula el informe ambiental estratégico de la modificación puntual n.º 9 del Plan General de Ordenación Urbana de Dueñas (Palencia). EAES/2024/110.",MOD_PUN,True,MOD_PUN,fase_ip,IAE mod puntual 9 PGOU Dueñas,True,orden,"[""MOD_PUN""]",[],0.95,"La descripción contiene explícitamente ""modificación puntual n.º 9 del Plan General de Ordenación Urbana"", lo que activa la categoría MOD_PUN según las reglas críticas (la modificación puntual excluye PGOU como objeto). No hay información suficiente para determinar subcategorías de fase o uso específico, y el documento es una orden, no un informe público en sí mismo.",54.597
61,docm,"Anuncio de 27/01/2025, del Ayuntamiento de Esquivias (Toledo), sobre información pública de la Modificación Puntual número 5 de las Normas Subsidiarias de Planeamiento Municipal (ordenación detallada) de los artículos 4.3.1, 4.3.2, 5.6.4, 5.6.5, 5.6.6, 5.6.7, 5.7.4, 5.7.5, 5.7.6, 5.7.7, incluidos en las normas generales de la edificación y ordenanzas de suelo urbano de las mismas.",MOD_PUN,True,MOD_PUN,fase_ip,IP Modificacion Puntual 5 NNSS Esquivias normativa edificacion,True,anuncio,"[""MOD_PUN""]","[""fase_ip""]",0.98,"El texto menciona explícitamente ""Modificación Puntual"" de las Normas Subsidiarias, lo que corresponde a la categoría MOD_PUN según la regla crítica 1. El acto es un anuncio sobre información pública, situando en la fase inicial (fase_ip). No se trata de una aprobación completa del PGOU/NNSS.",55.298
62,doe,"Anuncio de 24 de enero de 2025 sobre aprobación inicial de la modificación puntual 2/2024/OD, modificación de la alineación de la avenida de la Paz en su encuentro con calle Luis Chamizo.",MOD_PUN,True,MOD_PUN,fase_inicial,Aprobacion inicial mod puntual 2/2024/OD modificacion alineacion av Paz,True,anuncio,"[""MOD_PUN""]","[""fase_inicial"", ""uso_comercial""]",0.95,"El texto menciona explícitamente ""modificación puntual 2/2024/OD"" de la alineación urbana, lo cual corresponde a un acto administrativo del tipo MOD_PUN según las reglas críticas (excluye PGOU). La aprobación inicial indica fase_inicial. Al tratarse de una avenida y calle, se infiere uso_comercial (infraestructura viaria en zona urbana).",57.92
63,bocyl,"ORDEN MAV/55/2025, de 24 de enero, por la que se formula el informe ambiental estratégico de la modificación puntual de las Normas Urbanísticas Municipales de Valle de Mena (Burgos), sector SUNC-04 en Villasana de Mena. Expte.: EAES/2024/080.",MOD_PUN,True,MOD_PUN,fase_ip,IAE mod puntual NUM Valle de Mena sector SUNC-04,True,orden,"[""MOD_PUN""]","[""fase_ip"", ""uso_rustico""]",0.92,"""modificación puntual de las Normas Urbanísticas Municipales"" confirma MOD_PUN, no PGOU (regla 1). En BOCYL (Castilla y León) se asigna LIC_URB solo si es autorización excepcional, pero aquí es modificación. Se cita ""informe ambiental estratégico"" -> fase_ip. El sector ""SUNC-04"" implica suelo rústico o no urbanizable, por lo que se añade uso_rustico.",60.748
64,bocyl,"ORDEN MAV/91/2025, de 4 de febrero, por la que se formula el informe ambiental estratégico de la modificación puntual de las Normas Urbanísticas Municipales de Bermillo de Sayago, reclasificación parcela 22 y parte de la parcela 9013 del polígono 107, de Torrefrades (Zamora). Expte.: EAES/2024/087.",MOD_PUN,True,MOD_PUN,fase_ip,IAE mod puntual NUM Bermillo de Sayago reclasificacion parcela,True,orden,"[""MOD_PUN"", ""LIC_URB""]","[""fase_ip"", ""uso_residencial""]",0.85,"""modificación puntual de las Normas Urbanísticas Municipales"" indica el tipo de acto MOD_PUN, aunque menciona NNMM como objeto. La ""reclasificación parcela 22 y parte de la parcela 9013"" implica un trámite urbanístico concreto sobre suelo (LIC_URB). El informe ambiental estratégico se refiere a una fase de evaluación durante la aprobación (fase_ip). Se asume uso residencial por ser una reclasificación sin mención específica de otro uso.",62.952
65,bocyl,"ORDEN MAV/108/2025, de 7 de febrero, por la que se formula la declaración ambiental estratégica de la modificación puntual n.º 2/2021 de las Normas Urbanísticas Municipales de Ayllón (Segovia), división del suelo urbanizable de uso industrial SUR-7 «La Mesa» en los sectores SUR-7A y SUR-7B y ordenación detallada del sector SUR-7A. EAEO/2024/018.",MOD_PUN,True,MOD_PUN,"fase_ip,uso_industrial",DAE mod puntual 2/2021 NUM Ayllón SUR-7 uso industrial,True,orden,"[""MOD_PUN""]","[""fase_inicial"", ""uso_industrial""]",0.95,"La publicación es una ORDEN que formula la ""declaración ambiental estratégica"" de una ""modificación puntual n.º 2/2021 de las Normas Urbanísticas Municipales"", lo que activa la categoría MOD_PUN según el ejemplo proporcionado. La orden corresponde a un estudio o fase inicial del proyecto y menciona claramente su uso industrial (""división del suelo urbanizable de uso industrial"").",59.422
66,dog,"ANUNCIO de información pública relativa a la aprobación inicial de la modificación puntual de las normas subsidiarias de planeamiento de ámbito municipal, para la delimitación de un área de núcleo rural de Vilar do Mato (MPNNSSPP/SNR Vilar do Mato).",MOD_PUN,True,MOD_PUN,fase_inicial,Aprobacion inicial mod puntual NNSS delimitacion nucleo rural Vilar do Mato,True,anuncio,"[""MOD_PUN""]","[""fase_inicial"", ""uso_rustico""]",0.95,"El texto menciona explícitamente ""modificación puntual de las normas subsidiarias"" y ""aprobación inicial"", lo que define el acto como MOD_PUN en fase_inicial. Además, el ámbito es de Vilar do Mato (Galicia), confirmando que se trata de suelo rústico (núcleo rural) donde la modificación se aplica.",55.703
67,boib,Aprobación inicial de la modificación puntual nº 3 de las vigentes normas subsidiarias,MOD_PUN,True,MOD_PUN,fase_inicial,Aprobacion inicial mod puntual 3 NNSS vigentes,True,aprobación,"[""MOD_PUN""]","[""fase_inicial""]",0.98,"El texto menciona explícitamente ""modificación puntual nº 3 de las vigentes normas subsidiarias"". La categoría MOD_PUN se aplica porque modifica el plan de referencia (normas subsidiarias) y no lo aprueba en su totalidad. La fase es inicial por ""Aprobación inicial"".",49.982
68,boja,"Edicto de 29 de enero de 2025, de la Gerencia Municipal de Urbanismo del Excmo. Ayuntamiento de Almería, de información pública del procedimiento de Evaluación Ambiental Estratégica de la 78.ª modificación puntual del PGOU de Almería. (PP. 230/2025).",MOD_PUN,True,MOD_PUN,fase_ip,IP EAE 78 mod puntual PGOU Almeria,True,edicto,"[""MOD_PUN""]","[""fase_ip""]",0.95,"El texto menciona ""modificación puntual del PGOU"" (regla 1), lo que define el acto como una modificación y no como un plan general completo. Se trata de ""información pública"", por lo que corresponde la subcategoría fase_inicial (fase_ip). El término ""Evaluación Ambiental Estratégica"" se refiere al procedimiento ambiental, no cambia la naturaleza urbanística del acto.",56.528
69,doe,Anuncio de 28 de enero de 2025 sobre aprobación de la modificación puntual n.º 2 a-b-c-e del Plan General Municipal.,MOD_PUN,True,MOD_PUN,,Aprobacion mod puntual 2 a-b-c-e PGM sin fase explicita,True,anuncio,"[""MOD_PUN""]",[],0.95,"El texto contiene explícitamente ""modificación puntual"" del Plan General, lo que según las reglas críticas obliga a etiquetar SOLO MOD_PUN y no PGOU, ya que el plan general es el objeto modificado, no el acto aprobado. No hay información suficiente para determinar fase o uso específico.",49.03
70,bocyl,INFORMACIÓN pública relativa a la aprobación inicial de la modificación puntual n.º 4 de las Normas Urbanísticas Municipales de San Cristóbal de Segovia (Segovia). Expte.: 318/2025.,MOD_PUN,True,MOD_PUN,fase_inicial,IP aprobacion inicial mod puntual 4 NUM San Cristobal de Segovia,True,anuncio,"[""MOD_PUN""]","[""fase_ip""]",0.98,"Texto explícito ""modificación puntual n.º 4 de las Normas Urbanísticas Municipales"", lo que activa la categoría MOD_PUN (Regla 1). Fase inicial identificada por ""INFORMACIÓN pública relativa a la aprobación inicial"".",49.256
71,dog,ANUNCIO de la aprobación definitiva de la modificación puntual del Plan general de ordenación municipal y del PE-1 en el ámbito de la parcela EM-FE (O Espiño) (expediente 2024/00051617M).,MOD_PUN,True,MOD_PUN,fase_definitiva,Aprobacion definitiva mod puntual PGOM y PE-1 parcela EM-FE O Espiño,True,anuncio,"[""MOD_PUN""]","[""fase_definitiva""]",0.95,"Texto dice explícitamente ""aprobación definitiva de la modificación puntual del Plan general"", lo cual activa MOD_PUN (no PGOU según regla 1). La referencia al PE-1 es solo marco, no implica PLAN_ESP como categoría principal porque el acto es la modificación. Subcategoría fase_definitiva por ""aprobación definitiva"".",54.632
72,dogv,ANUNCIO de la modificación puntual del Plan general de ordenación urbana 82 en la avenida del Parador y calles del Rèmol y del Corball.,MOD_PUN,True,MOD_PUN,,Anuncio mod puntual PGOU 82 av del Parador sin fase explicita,True,anuncio,"[""MOD_PUN""]","[""fase_definitiva"", ""uso_comercial""]",0.95,"El texto cita explícitamente ""modificación puntual del Plan general de ordenación urbana"", que según las reglas críticas 1 se asigna SOLO a la categoría MOD_PUN, excluyendo PGOU incluso si el plan es mencionado como objeto. La fase es definitivamente ""definitiva"" por la naturaleza del anuncio de aprobación y el uso comercial sugiere infraestructuras o servicios en una avenida principal.",56.108
73,borm,Aprobación inicial de la modificación puntual n.º 8 del Plan Especial de Ordenación y Protección del Conjunto Histórico de Cartagena en parcela 78342-11 C/ Real 12. Mercantil Dentro y Fuera SL.,MOD_PUN,True,MOD_PUN,fase_inicial,Aprobacion inicial mod puntual 8 Plan Especial Conjunto Historico Cartagena,True,aprobación,"[""MOD_PUN"", ""PLAN_ESP""]","[""fase_inicial"", ""uso_comercial""]",0.92,"Texto indica ""aprobación inicial"" -> fase_inicial, y ""modificación puntual n.º 8 del Plan Especial"" -> MOD_PUN (prioritariamente por las reglas de exclusión) dentro del marco de un PLAN_ESP (""Plan Especial""). El uso ""Mercantil"" sugiere uso_comercial.",55.117
74,doe,"Acuerdo de 30 de noviembre de 2023, de la Comisión de Urbanismo y Ordenación del Territorio de Extremadura, de aprobación definitiva de la modificación puntual n.º 1 del Plan General Municipal de Malpartida de Cáceres para la delimitación de la Unidad de Actuación UA-AU-10.1 del polígono industrial ""Las Arenas"", con el objetivo de eliminar la discontinuidad existente compactando la misma.",MOD_PUN,True,MOD_PUN,"fase_definitiva,uso_industrial",Aprobacion definitiva mod puntual 1 PGM Malpartida poligono industrial Las Arenas,True,acuerdo,"[""MOD_PUN""]","[""fase_definitiva"", ""uso_industrial""]",0.95,"El texto indica explícitamente ""modificación puntual n.º 1 del Plan General Municipal"", por lo que según la regla crítica, la categoría es MOD_PUN y no PGOU. La ubicación en ""polígono industrial"" asigna el uso industrial, y la aprobación definitiva corresponde a la fase_definitiva.",54.336
75,bocyl,"INFORMACIÓN pública relativa a la solicitud de autorización de uso excepcional de suelo rústico, para la ejecución del proyecto de urbanización de calles y plazas, en el término municipal de Pozaldez (Valladolid), obra incluida en el Plan Diputación-Ayuntamientos 2024-2025. Expte.: 1/2025.",PROY_URB,True,"PROY_URB,LIC_URB",uso_rustico,IP autorizacion uso excepcional suelo rustico para proyecto urbanizacion calles Pozaldez,True,información_pública,"[""LIC_URB""]","[""fase_ip"", ""uso_equipamiento"", ""uso_rustico""]",0.95,"Texto: ""autorización de uso excepcional de suelo rústico"" en BOCYL (Castilla y León) clasifica como LIC_URB (regla 4). Fase IP por ""INFORMACIÓN pública"". Uso equipamiento (""calles y plazas"") y uso_rustico (""suelo rústico"").",56.254
76,doe,Anuncio de 19 de febrero de 2025 sobre aprobación inicial del Proyecto de Urbanización que afecta al Sector Urbanizable SUB-1 de las Normas Subsidiarias Municipales.,PROY_URB,True,PROY_URB,fase_inicial,Aprobacion inicial Proyecto Urbanizacion sector SUB-1 NNSS,True,anuncio,"[""PROY_URB""]","[""fase_inicial""]",0.95,"Texto: ""Aprobación inicial del Proyecto de Urbanización que afecta al Sector Urbanizable SUB-1 de las Normas Subsidiarias Municipales."" -> La mención explícita a ""Proyecto de Urbanización"" activa la categoría PROY_URB y ""aprobación inicial"" indica fase_inicial. Se cita el PGOU/NNSS como marco de referencia, no como objeto aprobado (regla 3).",56.412
77,boja,"Anuncio de 14 de marzo de 2025, de la Dirección General de Ordenación del Territorio, Urbanismo y Agenda Urbana, por el que se notifica acuerdo de inicio de procedimiento sancionador por adquisición de cuotas y porcentajes de propiedad en parcelación urbanística, en el término municipal de Dos Hermanas (Sevilla).",PROY_URB,True,PROY_URB,,Inicio procedimiento sancionador parcelacion urbanistica ilegal Dos Hermanas,True,anuncio,"[""PROY_URB""]","[""fase_inicial""]",0.95,"El texto menciona ""procedimiento sancionador por adquisición de cuotas y porcentajes de propiedad en parcelación urbanística"", lo que se alinea con la categoría PROY_URB según la regla 6, ya que incluye actos relacionados con la legalidad urbanística. La fase es inicial (""inicio de procedimiento"") y no hay mención de uso específico del suelo.",55.552
78,bor,"Modificado al Proyecto de Urbanización en UE N 7-10 ""Río San Miguel"" proveniente del PERI 41 Río San Miguel. Aprobación inicial. 09.3. Expediente URB07-2024/0007",PROY_URB,True,PROY_URB,fase_inicial,Aprobacion inicial Modificado Proyecto Urbanizacion UE N7-10 Rio San Miguel,True,aprobación,"[""PROY_URB""]","[""fase_inicial"", ""uso_industrial""]",0.75,"Texto: ""Modificado al Proyecto de Urbanización"" indica claramente la categoría PROY_URB y ""Aprobación inicial"" sugiere fase_inicial. El nombre del proyecto podría implicar una zona residencial (""Río""), pero sin confirmación en el texto, uso_industrial es una inferencia razonable para proyectos urbanísticos grandes (uso industrial como subcategoría genérica por defecto). Se prioriza PROY_URB sobre PGOU ya que se modifica un proyecto concreto.",62.608
79,boja,"Anuncio de 20 de diciembre de 2024, de la Dirección General de Ordenación del Territorio, Urbanismo y Agenda Urbana, por el que se requiere el cumplimiento de la resolución finalizadora de procedimiento de restablecimiento de la legalidad territorial por parcelación urbanística, en el t.m. de San Roque (Cádiz).",PROY_URB,True,PROY_URB,,Requerimiento cumplimiento legalidad territorial parcelacion urbanistica San Roque,True,anuncio,"[""PROY_URB""]","[""fase_definitiva""]",0.95,"El texto menciona ""restablecimiento de la legalidad territorial por parcelación urbanística"", lo cual activa la categoría PROY_URB según la regla 6, ya que incluye actos de legalidad urbanística relacionados con parcelaciones ilegales o procedimientos sancionadores. El fragmento clave es ""requiere el cumplimiento de la resolución finalizadora de procedimiento de restablecimiento de la legalidad territorial por parcelación urbanística"".",58.254
80,boc,"Aprobación definitiva de la modificación del ámbito de la Unidad de Ejecución R-06 de Renedo, así como estimación y desestimación de alegaciones. Expediente 2023/8287.",PROY_URB,True,PROY_URB,fase_definitiva,Aprobacion definitiva modificacion ambito UE R-06 Renedo,True,aprobación,"[""PROY_URB""]","[""fase_definitiva""]",0.92,"La publicación menciona ""Aprobación definitiva de la modificación del ámbito de la Unidad de Ejecución R-06"", lo cual corresponde a una unidad de ejecución en el marco urbanístico (PROY_URB). La aprobación de la modificación del ámbito confirma la fase definitiva. El fragmento clave es: ""aprobación definitiva de la modificación del ámbito de la Unidad de Ejecución R-06"".",57.979
81,bocyl,"APROBACIÓN definitiva del Convenio Urbanístico de obtención de terrenos para su destino de dotación pública establecido en el Planeamiento Urbanístico vigente, ejecutando su urbanización según el proyecto de urbanización de la calle Menéndez Pidal en Villaobispo de las Regueras, en el término municipal de Villaquilambre (León).",PROY_URB,True,PROY_URB,"fase_definitiva,uso_equipamiento",Aprobacion definitiva Convenio Urbanistico + PU calle Menendez Pidal dotacion publica,True,aprobación,"[""PROY_URB""]","[""fase_definitiva"", ""uso_equipamiento""]",0.95,"El texto menciona explícitamente ""proyecto de urbanización"" para la calle Menéndez Pidal, lo que indica un acto de PROY_URB según las categorías N2. Se trata de una aprobación definitiva (fase_definitiva) y el destino es ""dotación pública"" (uso_equipamiento). No hay mención a modificación puntual, plan especial o declaración de interés comunitario (exclusiva en DOGV).",62.413
82,dogv,"ANUNCIO de la modificación puntual del Plan parcial de la unidad de ejecución número 1 del sector O-1 Las Filipinas, del Plan general municipal de ordenación urbana de Orihuela.",PROY_URB,True,MOD_PUN,,Modificacion puntual Plan Parcial UE1 sector O-1 Las Filipinas Orihuela,True,anuncio,"[""PLAN_ESP""]","[""fase_inicial""]",0.95,"El texto menciona ""modificación puntual del Plan parcial"", lo que según las reglas implica la categoría PLAN_ESP, excluyendo PGOU aunque se cite el plan general como referencia. El ""ANUNCIO"" indica fase_inicial (sometimiento a información pública).",55.881
83,dogv,ANUNCIO en relación a la información pública de la aprobación inicial del proyecto de reparcelación voluntaria modificada de la unidad de ejecución del plan de reforma interior UE 4.2. Montesano.,PROY_URB,True,PROY_URB,fase_inicial,IP aprobacion inicial proyecto reparcelacion voluntaria UE 4.2 Montesano,True,anuncio,"[""PROY_URB""]","[""fase_ip"", ""uso_residencial""]",0.92,"El texto menciona explícitamente ""proyecto de reparcelación voluntaria"", lo que activa la categoría PROY_URB según las reglas críticas (excluye PGOU y PLAN_ESP). Además, al estar en fase de ""información pública"" corresponde a fase_ip. La referencia a ""unidad de ejecución del plan de reforma interior UE 4.2. Montesano"" implica un contexto urbano con uso residencial o equipamiento habitual asociado a viviendas unifamiliares en zonas de expansión, por lo que se asocia uso_residencial.""",75.17
84,boja,"Anuncio de 30 de enero de 2025, de la Dirección General de Ordenación del Territorio, Urbanismo y Agenda Urbana, por el que se notifica acuerdo de inicio de procedimiento sancionador por adquisición de cuotas y porcentajes de propiedad en parcelación urbanística, en el término municipal de Dos Hermanas (Sevilla).",PROY_URB,True,PROY_URB,,Inicio procedimiento sancionador parcelacion urbanistica Dos Hermanas duplicado,True,anuncio,"[""PROY_URB""]","[""fase_inicial""]",0.85,"El texto menciona ""procedimiento sancionador por... parcelación urbanística"" en el término municipal de Dos Hermanas (Sevilla, BOJA), lo cual corresponde a un acto de legalidad urbanística relacionado con la parcela urbana o ilegal. Según las reglas, este tipo de actos se clasifican bajo PROY_URB (Regla 6). ""Inicio de procedimiento sancionador"" indica que estamos en fase inicial del trámite (fase_inicial).",69.59
85,bon,Denominación de la vía pública y numeración de las parcelas resultantes del proyecto de reparcelación del Sector 1 de Arazuri,PROY_URB,True,PROY_URB,,Denominacion via publica numeracion parcelas proyecto reparcelacion Sector 1 Arazuri,True,anuncio,"[""PROY_URB""]","[""fase_inicial"", ""uso_rustico""]",0.92,"La descripción menciona explícitamente ""proyecto de reparcelación del Sector 1 de Arazuri"" (señal PROY_URB) y alude a un proyecto de urbanización/reparcelación, lo que en la práctica suele afectar a suelo rústico o no urbanizado sin mención de uso específico. El acto es de ""anuncio"".",64.538
86,boja,"Anuncio de 20 de diciembre de 2024, de la Dirección General de Ordenación del Territorio, Urbanismo y Agenda Urbana, por el que se requiere el cumplimiento de la resolución finalizadora de procedimiento de restablecimiento de la legalidad territorial por parcelación urbanística, en el t.m. de San Roque (Cádiz).",PROY_URB,True,PROY_URB,,Requerimiento legalidad territorial parcelacion San Roque duplicado,True,anuncio,"[""PROY_URB""]","[""fase_inicial""]",0.95,"El texto menciona ""restablecimiento de la legalidad territorial por parcelación urbanística"", lo que según las reglas críticas clasifica como PROY_URB (regla 6). La subcategoría es fase_inicial por ser un anuncio de requerimiento/cumplimiento en procedimiento.",61.579
87,bocyl,APROBACIÓN definitiva del proyecto de urbanización de la UA1 de Bernuy de Porreros (Segovia). Expte.: 259/2024.,PROY_URB,True,PROY_URB,fase_definitiva,Aprobacion definitiva proyecto urbanizacion UA1 Bernuy de Porreros,True,aprobación,"[""PROY_URB""]","[""fase_definitiva""]",0.95,"El texto menciona ""APROBACIÓN definitiva del proyecto de urbanización"", lo cual es una señal explícita para la categoría PROY_URB (fase_definitiva). No se mencionan normas urbanísticas o un plan general como objeto principal, por lo que no aplica PGOU ni MOD_PUN.",60.6
88,borm,"Anuncio de aprobación inicial del programa de actuación, el proyecto de reparcelación y el proyecto de urbanización de las Unidades de Actuación n.º 3A y 3B de las Normas Subsidiarias de Planeamiento.",PROY_URB,True,PROY_URB,fase_inicial,Aprobacion inicial PA + proyecto reparcelacion + PU UA 3A y 3B NNSS,True,anuncio,"[""PROY_URB""]","[""fase_inicial"", ""uso_residencial""]",0.95,"El texto menciona explícitamente ""proyecto de reparcelación"" y ""proyecto de urbanización"", que son actos exclusivos bajo la categoría PROY_URB. La referencia a las Normas Subsidiarias indica que el PGOU es solo el marco, no el objeto del acto. Se considera ""fase_inicial"" por el término ""aprobación inicial"" y se añade ""uso_residencial"" como subcategoría típica de urbanización estándar (inferencia basada en ausencia de uso específico).",72.828
89,dog,"ANUNCIO de 22 de enero de 2025, de la Dirección General de Calidad Ambiental y Sostenibilidad, por el que se hace público el informe de impacto ambiental del proyecto de urbanización para la ampliación del parque tecnológico y logístico de Vigo, en el ayuntamiento de Vigo (Pontevedra) (expediente 2023/0100).",PROY_URB,True,PROY_URB,"fase_ip,uso_industrial",IAA proyecto urbanizacion ampliacion parque tecnologico logistico Vigo,True,anuncio,"[""PROY_URB""]","[""fase_avance""]",0.95,"El texto menciona explícitamente ""proyecto de urbanización"" para la ampliación de un parque tecnológico, lo que clasifica el acto como PROY_URB. El informe de impacto ambiental corresponde a una fase previa, siendo el informe de impacto ambiental (IA) un elemento clave de la fase de avance antes de la aprobación definitiva del proyecto.",64.017
90,dogc,"Anuncio por el que se somete a información pública la solicitud de autorización administrativa previa, autorización administrativa de construcción, autorización del proyecto de actuación específica de interés público en suelo no urbanizable y evaluación de impacto ambiental del proyecto de la planta solar fotovoltaica denominada PS Eguzki Alt Empordà, de 4,95 MW sobre terreno en suelo no urbanizable, en el término municipal de L'Escala, en la provincia de Girona, y su infraestructura de evacuación, líneas soterradas a 25 kV, líneas aéreas a 25 kV y centro de medida, en los términos municipales de L'Escala y Albons (exp. FUE-2024-03915984, ref. 3095)",LIC_URB,True,LIC_URB,"fase_ip,uso_energetico,uso_rustico","IP actuacion especifica interes publico suelo no urbanizable solar FV 4,95 MW L'Escala",False,anuncio,[],[],0.98,"El texto describe un trámite administrativo energético (solicitud de autorización administrativa, proyecto solar fotovoltaico) que no tiene naturaleza urbanística B1/B2 ni cae en las categorías N2/LIC_URB según la regla sobre proyectos energéticos sin calificación urbanística específica. El DOGC no es DOGV (Comunitat Valenciana), por lo que ""autorización de uso excepcional"" aquí sería LIC_URB solo si hubiera esa frase concreta y suelo rústico, pero se trata de un trámite energético (plantas solares) que excluye las categorías urbanísticas B2.",74.687
91,dogc,"Anuncio por el que se somete a información pública la solicitud de autorización administrativa previa, autorización administrativa de construcción, autorización del proyecto de actuación específica de interés público en suelo no urbanizable y evaluación de impacto ambiental del proyecto de la planta solar fotovoltaica denominada Can Bou, de 4.950 kW en suelo no urbanizable, en el término municipal de Subirats, en la provincia de Barcelona, y su infraestructura de evacuación, líneas soterradas a 25 kV, en el término municipal de Subirats (exp. FUE-2024-03662271, ref. 02921)",LIC_URB,True,LIC_URB,"fase_ip,uso_energetico,uso_rustico",IP actuacion especifica suelo no urbanizable solar FV Can Bou 4950 kW Subirats,True,anuncio,"[""LIC_URB""]","[""fase_ip"", ""uso_energetico"", ""uso_rustico""]",0.95,"El texto menciona ""solicitud de autorización administrativa previa, autorización administrativa de construcción... en suelo no urbanizable"" y ""proyecto de la planta solar fotovoltaica"". Según la regla 4, en Cataluña (DOGC), esto se clasifica como LIC_URB. Además, las subcategorías son fase_inicial (fase_ip) por el anuncio de información pública, uso_energetico por ser una planta solar fotovoltaica, y uso_rustico al estar en suelo no urbanizable (regla 8).",67.165
92,bocyl,"ORDEN MAV/239/2025, de 11 de marzo, por la que se aprueba definitivamente la modificación del Plan General de Ordenación Urbana de Burgos, para cambio de calificación urbanística de la parcela situada en la calle López Bravo n.º 53 (polígono Villalonquéjar).",LIC_URB,True,MOD_PUN,"fase_definitiva,uso_industrial",Aprobacion definitiva mod PGOU Burgos cambio calificacion urbanistica parcela Lopez Bravo,True,orden,"[""PGOU""]","[""fase_definitiva""]",0.98,"El texto indica ""se aprueba definitivamente la modificación del Plan General de Ordenación Urbana"". Aunque menciona una parcela específica, es una modificación de las normas urbanísticas (NNSS), no solo una licencia puntual ni una modificación puntual. Por tanto, se clasifica como PGOU en fase definitiva.",51.581
93,bocyl,"CORRECCIÓN de errores de la información pública relativa a la solicitud de autorización de uso excepcional de suelo rústico de entorno urbano, para la instalación de un depósito de abastecimiento de agua para agricultores en la parcela 5086 del polígono 501, en el término municipal de Doñinos de Salamanca (Salamanca). Expte.: 783/2024.",LIC_URB,True,LIC_URB,"fase_correccion,uso_rustico",Correccion errores IP autorizacion uso excepcional suelo rustico deposito agua agricultores,True,corrección_errores,"[""LIC_URB""]","[""fase_ip"", ""uso_rustico""]",0.92,"Texto de ""CORRECCIÓN de errores"" (act_type) sobre solicitud de ""autorización de uso excepcional de suelo rústico"" en Castilla y León (BOCYL), lo que define la categoría LIC_URB. La subcategoría uso_rustico es explícita por la mención a ""suelo rústico"". Se infiere fase_inicial por ""solicitud"" e ""información pública"".",129.179
94,boe,"Anuncio complementario del Departament d'Acció Climàtica, Alimentació i Agenda Rural - Serveis Territorials a les Terres de l'Ebre de la Generalitat de Catalunya, por el cual se somete a información pública la solicitud de autorización administrativa previa, autorización administrativa de construcción, de declaración de utilidad pública y de autorización del proyecto de actuación específica de interés público en suelo no urbanizable y evaluación de impacto ambiental del proyecto del parque solar denominado Flix-Ascó II de 16,06 MW sobre terreno en suelo no urbanizable, en el término municipal de Flix, en la comarca de la Ribera d'Ebre y su infraestructura de evacuación, línea soterrada en 30 kV que conecta la instalación de producción a la SET ERCAM 30/132 kV en el término municipal de Flix, en la comarca de la Ribera d'Ebre. (Expediente: FUE-2022-02595207).",LIC_URB,True,LIC_URB,"fase_ip,uso_energetico,uso_rustico",IP actuacion especifica suelo no urbanizable solar FV Flix-Asco II 16 MW,False,anuncio,[],[],1.0,"El texto describe una autorización administrativa previa para un parque solar (Flix-Ascó II), que es un trámite de energía/ambiental (tipo B0). Según la regla 5, esto no se clasifica como DIC_INT. Al tratarse de BOE y no ser urbanismo estricto (es energía), is_relevant es False.",55.9
95,bocyl,"INFORMACIÓN pública relativa a la solicitud de autorización de uso excepcional de suelo rústico y licencia urbanística, para la instalación de una torre de telecomunicaciones en la parcela 456 del polígono 22, Horretona, en el término municipal de San Vicente de la Cabeza (Zamora).",LIC_URB,True,LIC_URB,"fase_ip,uso_rustico",IP autorizacion uso excepcional suelo rustico torre telecomunicaciones,True,información_pública,"[""LIC_URB""]","[""fase_ip"", ""uso_rustico""]",0.95,"Texto menciona explícitamente ""licencia urbanística"" y ""autorización de uso excepcional de suelo rústico"" en BOCYL (Castilla y León), lo que corresponde a LIC_URB. La fase es información pública y el uso es rústico. No es DIC_INT por ser fuera de la Comunidad Valenciana.",55.515
96,bocyl,"INFORMACIÓN pública relativa a la solicitud de autorización de uso excepcional de suelo rústico y licencia urbanística, para el despliegue de fibra óptica entre Villaquirán de los Infantes y Los Balbases, en el término municipal de Los Balbases (Burgos). Expte.: 57/2024.",LIC_URB,True,LIC_URB,"fase_ip,uso_rustico",IP autorizacion uso excepcional suelo rustico fibra optica Villaquiran-Los Balbases,True,información_pública,"[""LIC_URB""]","[""fase_ip"", ""uso_rustico"", ""uso_comercial""]",0.98,"El texto menciona ""licencia urbanística"" y ""autorización de uso excepcional de suelo rústico"", disparando la categoría LIC_URB. Se trata de un acto en Información Pública (""INFORMACIÓN pública""), por lo que corresponde fase_ip. El uso es claramente ""uso_rustico"" y, dada la infraestructura de telecomunicaciones, se añade el uso comercial.",64.932
97,bocyl,"INFORMACIÓN pública relativa a la solicitud de autorización de uso excepcional de suelo rústico, promovida por «Adamo Telecom Iberia, S.A.U.», para el proyecto de obra civil para la interconexión de fibra óptica entre Barromán-05_05023_000064, en el término municipal de Barromán (Ávila). Expte.: 75/2024.",LIC_URB,True,LIC_URB,"fase_ip,uso_rustico",IP autorizacion uso excepcional suelo rustico fibra optica Barroman,True,información_pública,"[""LIC_URB""]","[""fase_ip"", ""uso_rustico""]",0.95,"El texto menciona ""licencia urbanística"" implícita a través de la ""autorización de uso excepcional de suelo rústico"". La descripción incluye explícitamente las frases clave que disparan esta etiqueta y fase.
Fragmento: ""información pública relativa a la solicitud de autorización de uso excepcional de suelo rústico"".
Fragmento para subcategoría: ""suelo rústico"" -> uso_rustico; ""información pública"" -> fase_ip.
Se aplica la Regla 4: en Castilla y León (BOCYL), esto es LIC_URB y no DIC_INT.",80.464
98,bocyl,"INFORMACIÓN pública relativa a la solicitud de autorización de uso excepcional de suelo rústico para una instalación solar fotovoltaica de autoconsumo conectada a red con excedentes en la parcela 48 del polígono 5, en el término municipal de Lumbrales (Salamanca). Expte.: 70/2024.",LIC_URB,True,LIC_URB,"fase_ip,uso_energetico,uso_rustico",IP autorizacion uso excepcional suelo rustico solar FV autoconsumo Lumbrales,True,información_pública,"[""LIC_URB""]","[""fase_ip"", ""uso_rustico"", ""uso_energetico""]",0.95,"Texto: ""INFORMACIÓN pública"" → fase_ip y act_type información_pública; ""autorización de uso excepcional de suelo rústico"" en BOCYL (Castilla y León) según Regla 4 implica LIC_URB, no DIC_INT; ""solar fotovoltaica"" → uso_energetico sobre suelo_rustico.",130.629
99,bocyl,"INFORMACIÓN pública relativa a la solicitud de autorización de uso excepcional, licencia de obras, licencia de actividad y autorización para la implantación de un servicio terciario de ocupación de tiempo de ocio para niños y hostelero en las naves del polígono Nuestra Señora de la Asunción 28-29, en el término municipal de Villalobón (Palencia).",LIC_URB,True,LIC_URB,"fase_ip,uso_comercial",IP autorizacion uso excepcional licencias servicio ocio hostelero naves poligono,True,información_pública,"[""LIC_URB""]","[""fase_ip"", ""uso_equipamiento"", ""uso_comercial""]",0.95,"Texto menciona explícitamente ""licencia urbanística"" y ""licencia de actividad"". Se trata de un servicio terciario (ocio/hostelería) que implica equipamiento y uso comercial. La fase es información pública (""INFORMACIÓN pública""). En Castilla y León (bocyl), esto es LIC_URB, no DIC_INT.",66.065
100,bocyl,"INFORMACIÓN pública relativa a la solicitud de autorización de uso excepcional de suelo rústico, promovida por «Adamo Telecom Iberia, S.A.», para la interconexión de fibra óptica en el tramo comprendido entre La Higuera y Lanzahíta, en el término municipal de Lanzahíta (Ávila). Expte.: 32/2023.",LIC_URB,True,LIC_URB,"fase_ip,uso_rustico",IP autorizacion uso excepcional suelo rustico fibra optica La Higuera-Lanzahita,True,información_pública,"[""LIC_URB""]","[""fase_ip"", ""uso_rustico""]",0.98,"La descripción menciona explícitamente ""licencia urbanística"" implícita en la solicitud de ""autorización de uso excepcional de suelo rústico"", que según las reglas para Castilla y León (BOCYL) se clasifica como LIC_URB. La subcategoría es fase_inicial por estar en información pública y el uso es claramente rústico (""suelo rústico"").",68.831
101,bocyl,"INFORMACIÓN pública relativa a la solicitud de autorización de uso excepcional de suelo rústico / protección natural / forestal (SR/PN/F) y afectado como protección cultural / Bic Zona Arqueológica Las Médulas (SR/PC/BIC ZAM), promovida por el Ayuntamiento, para la instalación de una caseta prefabricada de madera en el aparcamiento de Mirador de Orellán en la parcela 1997 del polígono 34, paraje Souto Ribeiro, en el término municipal de Borrenes (León).",LIC_URB,True,LIC_URB,"fase_ip,uso_rustico",IP autorizacion uso excepcional suelo rustico Las Medulas caseta aparcamiento Mirador Orellan,True,información_pública,"[""LIC_URB""]","[""fase_ip"", ""uso_rustico""]",0.95,"El texto menciona explícitamente ""solicitud de autorización de uso excepcional de suelo rústico"" en un Boletín Oficial de Castilla y León (BOCYL). Según las reglas críticas, esto se clasifica como LIC_URB y no como DIC_INT (que es exclusivo del DOGV). La fase es información pública (""INFORMACIÓN pública"") y el uso es suelo rústico.",136.792
102,bocyl,"INFORMACIÓN pública relativa a la solicitud de autorización de uso excepcional de suelo rústico y licencia urbanística para la instalación de línea eléctrica subterránea a 3,3 kW, para acometida eléctrica a la parcela 69 del polígono 7, en el término municipal de Matilla de los Caños del Río (Salamanca). Expte.: 13/2025.",LIC_URB,True,LIC_URB,"fase_ip,uso_rustico",IP autorizacion uso excepcional suelo rustico linea electrica subterranea,True,información_pública,"[""LIC_URB""]","[""fase_ip"", ""uso_rustico"", ""uso_energetico""]",0.95,"""información pública relativa a la solicitud de autorización de uso excepcional de suelo rústico y licencia urbanística"" dispara LIC_URB. El contexto de ""suelo rústico"", instalación eléctrica para acceso (uso energético) en Salamanca (no Valencia) confirma que no es DIC_INT (que es exclusivo de DOGV), sino un trámite urbanístico general en Castilla y León con la etiqueta uso_rustico y uso_energetico según la regla 8.",74.246
103,docm,"Anuncio de 07/02/2025, del Ayuntamiento de Fuentealbilla (Albacete), sobre información pública del expediente de calificación urbanística para ejecución de instalación de autoconsumo agrovoltaico para alimentar sistema de riego en Fuentealbilla, a instancia de Huerto Tornasol, SL.",LIC_URB,True,LIC_URB,"fase_ip,uso_energetico,uso_rustico",IP calificacion urbanistica suelo rustico instalacion agrovoltaica riego Fuentealbilla,True,anuncio,"[""LIC_URB""]","[""fase_ip"", ""uso_rustico"", ""uso_energetico""]",0.92,"El texto menciona ""calificación urbanística"" (señal de LIC_URB) y se refiere a una instalación en suelo rústico para autoconsumo agrovoltaico, lo que indica el uso energético y rústico. El acto es un anuncio sobre información pública (fase_ip). Según la regla 4, no es DIC_INT porque no es DOGV.",57.918
104,bocyl,"INFORMACIÓN pública relativa a la solicitud de autorización de uso excepcional de suelo rústico, para la construcción de una pista de pádel en la parcela 5164 del polígono 6, en el término municipal de Quintanilla del Molar (Valladolid). Expte.: 9/2025.",LIC_URB,True,LIC_URB,"fase_ip,uso_rustico,uso_equipamiento",IP autorizacion uso excepcional suelo rustico pista padel Quintanilla del Molar,True,información_pública,"[""LIC_URB""]","[""fase_ip"", ""uso_rustico"", ""uso_comercial""]",0.95,"El texto menciona explícitamente ""autorización de uso excepcional de suelo rústico"" en BOCYL (Castilla y León), lo que corresponde a la categoría LIC_URB según la regla de equivalencia con suelo rústico. El fragmento ""para la construcción de una pista de pádel"" indica un uso comercial/deporte, por tanto se añade ""uso_comercial"". La fase es información pública (""INFORMACIÓN pública"").",67.255
105,bocyl,"INFORMACIÓN pública relativa a la solicitud de autorización de uso excepcional de suelo rústico y licencia urbanística, para la construcción de una nave agrícola de 328,02 m² en las parcelas 264, 266 y 267 del polígono 12, en el término municipal de Camponaraya (León). Expte.: 1238/2024.",LIC_URB,True,LIC_URB,"fase_ip,uso_rustico",IP autorizacion uso excepcional suelo rustico nave agricola Camponaraya,True,información_pública,"[""LIC_URB""]","[""fase_ip"", ""uso_rustico""]",0.95,"El texto menciona explícitamente ""autorización de uso excepcional de suelo rústico y licencia urbanística"" (señal LIC_URB) en una fase de información pública (""información pública""). Se trata de un acto en Castilla y León (BOCYL), por lo que corresponde a LIC_URB y no a DIC_INT que es exclusivo del DOGV.",140.082
106,bocyl,"INFORMACIÓN pública relativa a la solicitud de autorización de uso excepcional de suelo rústico y licencia urbanística, promovida por «American Tower España, S.L.», para el establecimiento de una estación base de telefonía móvil en la parcela 5064 del polígono 3, en el término municipal de Navalilla (Segovia). Expte.: 9/2025.",LIC_URB,True,LIC_URB,"fase_ip,uso_rustico",IP autorizacion uso excepcional suelo rustico estacion base telefonia Navalilla,True,información_pública,"[""LIC_URB""]","[""fase_ip"", ""uso_rustico""]",0.98,"El texto menciona ""información pública"" (fase IP) y ""autorización de uso excepcional de suelo rústico"" en BOCYL (Castilla y León), que según la regla 4 es LIC_URB, no DIC_INT. No hay mención de uso energético ni comercial explícito para calificarlo así, aunque sea una antena móvil.",66.626
107,bocyl,"INFORMACIÓN pública relativa a la solicitud de autorización de uso excepcional de suelo rústico y licencia urbanística, para la construcción de cuatro edificaciones destinadas al alojamiento rural y dos de servicios comunes en la parcela 70 del polígono 29, en el término municipal de Arenas de San Pedro (Ávila). Expte.: 1737/2023.",LIC_URB,True,LIC_URB,"fase_ip,uso_rustico,uso_residencial",IP autorizacion uso excepcional suelo rustico alojamiento rural Arenas de San Pedro,True,información_pública,"[""LIC_URB""]","[""fase_ip"", ""uso_residencial"", ""uso_rustico""]",0.95,"El texto menciona explícitamente ""información pública"" y ""autorización de uso excepcional de suelo rústico"", lo que corresponde a la categoría LIC_URB según las reglas para Castilla y León. Las subcategorías se deducen de la fase de información pública y el uso residencial (alojamiento rural) en suelo rústico.",67.067
108,bocyl,"INFORMACIÓN pública relativa a la solicitud de autorización de uso excepcional de suelo rústico, licencia urbanística y licencia ambiental, promovido por «Norsol Eléctrica, S.L», para la instalación generadora fotovoltaica «FV Saldaña II», centro de transformación y línea de evacuación en la parcela 57 del polígono 502 , en el término municipal de Saldaña de Burgos (Burgos).",LIC_URB,True,LIC_URB,"fase_ip,uso_energetico,uso_rustico",IP autorizacion uso excepcional suelo rustico + lic ambiental FV Saldana II,True,información_pública,"[""LIC_URB""]","[""fase_ip"", ""uso_rustico"", ""uso_energetico""]",0.98,"Texto: ""INFORMACIÓN pública relativa a la solicitud de autorización de uso excepcional de suelo rústico, licencia urbanística"". En BOCYL (Castilla y León), esto es LIC_URB. Las palabras clave son ""autorización de uso excepcional"" y ""licencia urbanística"", disparando las etiquetas correspondientes. La descripción del proyecto fotovoltaico (""generadora fotovoltaica"") indica el uso energético sobre suelo rústico.",72.687
109,bocyl,"INFORMACIÓN pública relativa a la solicitud de autorización de uso excepcional de suelo rústico y licencia urbanística, promovido por «Avatel Telecom, S.A.», para la instalación de fibra óptica subterránea, en el término municipal de Fuentes de Valdepero (Palencia). Expte.: 1/2025.",LIC_URB,True,LIC_URB,"fase_ip,uso_rustico",IP autorizacion uso excepcional suelo rustico fibra optica Fuentes de Valdepero,True,información_pública,"[""LIC_URB""]","[""fase_ip"", ""uso_rustico""]",0.98,"Texto: ""licencia urbanística"" y ""autorización de uso excepcional de suelo rústico"" en BOCYL (Castilla y León) -> LIC_URB + uso_rustico. Fase: ""INFORMACIÓN pública"" -> fase_ip. No es DIC_INT porque eso es exclusivo de DOGV (Comunitat Valenciana).",66.445
110,bocyl,"INFORMACIÓN pública relativa a la solicitud de autorización de uso excepcional de suelo rústico y licencia urbanística, para la construcción de una vivienda unifamiliar aislada en la calle Tierra n.º 8, área de regularización PE-2, en el término municipal de Valverdón (Salamanca). Expte.: 26/2025.",LIC_URB,True,LIC_URB,"fase_ip,uso_rustico,uso_residencial",IP autorizacion uso excepcional suelo rustico vivienda unifamiliar Valverdon,True,información_pública,"[""LIC_URB""]","[""fase_ip"", ""uso_residencial"", ""uso_rustico""]",0.98,"La publicación describe una ""INFORMACIÓN pública"" sobre una ""solicitud de autorización de uso excepcional de suelo rústico y licencia urbanística"". En BOCYL (Castilla y León), esto corresponde a LIC_URB. El uso es para una ""vivienda unifamiliar aislada"" (uso_residencial) en ""suelo rústico"" (uso_rustico). La fase es información pública (fase_ip). No aplica DIC_INT por ser fuera de Valencia.",147.546
111,bocyl,"INFORMACIÓN pública relativa a la solicitud de autorización de uso excepcional de suelo rústico y licencia urbanística, para la implantación de una estación de recarga ultrarrápida de vehículos eléctricos en la parcela 601 del polígono 20, en el término municipal de Cobreros (Zamora). Expte.: 247/2024.",LIC_URB,True,LIC_URB,"fase_ip,uso_rustico",IP autorizacion uso excepcional suelo rustico estacion recarga VE Cobreros,True,información_pública,"[""LIC_URB""]","[""fase_ip"", ""uso_rustico"", ""uso_comercial""]",0.95,"La descripción cita explícitamente ""autorización de uso excepcional de suelo rústico y licencia urbanística"" en el BOCYL (Castilla y León), lo que se clasifica como LIC_URB según la regla 4 (excluyendo DIC_INT reservado al DOGV). Se añade fase_inicial por ser ""información pública"" y uso_comercial/al uso energético del suelo para una estación de recarga, además del uso_rustico del suelo.",125.232
112,bocyl,"INFORMACIÓN pública relativa a la solicitud de autorización de uso excepcional de suelo rústico y uso provisional de suelo urbanizable, promovida por «Telefónica de España, S.A.U.», para el proyecto de canalización soterrada y tendido de cable de fibra óptica desde el registro existente en la calle Francisco Salinas hasta la EB-TME Fuentebermeja, en el término municipal de Burgos. Expte.: 000005/2024 EXC-URB.",LIC_URB,True,LIC_URB,"fase_ip,uso_rustico",IP autorizacion uso excepcional suelo rustico fibra optica Burgos,True,información_pública,"[""LIC_URB""]","[""fase_ip"", ""uso_rustico""]",0.95,"Texto: ""solicitud de autorización de uso excepcional de suelo rústico"" (Bocyl = Castilla y León) → LIC_URB, no DIC_INT. Fase: información pública (""INFORMACIÓN pública""). Uso: suelo rústico explícito. El segundo trámite (""uso provisional de suelo urbanizable"") es un paso adicional que se refiere a la condición del suelo pero el acto principal (autorización excepcional) lo califica como LIC_URB sobre suelo rústico; no hay mención de uso energético, solo cable de fibra óptica en infraestructura de telecomunicaciones.",69.214
113,bocyl,"INFORMACIÓN pública relativa a la solicitud de autorización de uso excepcional de suelo rústico, licencia urbanística y licencia ambiental, para una instalación fotovoltaica de 100 kW de autoconsumo con venta de excedentes para regadío en la parcela 10006 del polígono 1, en el término municipal de Santovenia de Pisuerga (Valladolid). Expte.: 366/2022.",LIC_URB,True,LIC_URB,"fase_ip,uso_energetico,uso_rustico",IP autorizacion uso excepcional suelo rustico FV 100 kW autoconsumo Santovenia,True,información_pública,"[""LIC_URB""]","[""fase_ip"", ""uso_rustico"", ""uso_energetico""]",0.98,"""información pública relativa a la solicitud de autorización de uso excepcional de suelo rústico, licencia urbanística"": corresponde a LIC_URB en BOCYL (Castilla y León). El uso para instalación fotovoltaica (""instalación fotovoltaica"") indica uso_energetico sobre suelo rústico.",55.276
114,docm,"Anuncio de 05/02/2025, del Ayuntamiento de Maranchón (Guadalajara), sobre exposición pública de la calificación urbanística en suelo rústico no urbanizable de especial protección del proyecto: Explotación avícola de selección para 64.000 abuelas reproductoras en fase de cría-recría en La Velasca-Clares (Maranchón).",LIC_URB,True,LIC_URB,"fase_ip,uso_rustico,uso_industrial",IP calificacion urbanistica suelo rustico explotacion avicola 64000 reproductoras Maranchon,True,anuncio,"[""LIC_URB""]","[""fase_ip"", ""uso_rustico""]",0.95,"El texto menciona explícitamente ""calificación urbanística"" y ""exposición pública"", lo que encaja con la subcategoría fase_ip. Además, se especifica ""suelo rústico no urbanizable de especial protección"", por lo que uso_rustico es aplicable. El acto es un anuncio.",54.685
115,bocyl,"INFORMACIÓN pública relativa a la solicitud de autorización de uso excepcional de suelo rústico y licencia urbanística, para la instalación de 10 ecodomos o domos geodésicos en la localidad de Puentedey, en el término municipal de Merindad de Valdeporres (Burgos). Expte.: 413/2022.",LIC_URB,True,LIC_URB,"fase_ip,uso_rustico,uso_residencial",IP autorizacion uso excepcional suelo rustico ecodomos Puentedey,True,información_pública,"[""LIC_URB""]","[""fase_ip"", ""uso_rustico""]",0.95,"El texto cita explícitamente ""solicitud de autorización de uso excepcional de suelo rústico y licencia urbanística"" en el Boletín Oficial de Castilla y León (BOCYL), lo cual corresponde a la categoría LIC_URB según la regla 4 (en Castilla y León no es DIC_INT). La subcategoría es fase_inicial por estar en ""Información pública"" y uso_rústico por ser suelo rústico.",60.67
116,bocyl,"INFORMACIÓN pública relativa a la solicitud de autorización de uso excepcional de suelo rústico y licencia urbanística, para la construcción de una nave-almacén de uso agrícola en las parcelas 5048 y 5050 del polígono 30, en el término municipal de Fuentes de Nava (Palencia). Expte.: 344/2024.",LIC_URB,True,LIC_URB,"fase_ip,uso_rustico",IP autorizacion uso excepcional suelo rustico nave almacen agricola Fuentes de Nava,True,información_pública,"[""LIC_URB""]","[""fase_ip"", ""uso_equipamiento"", ""uso_rustico""]",0.95,"Texto explicita ""solicitud de autorización de uso excepcional de suelo rústico y licencia urbanística"" en BOCYL (Palencia), correspondiendo a LIC_URB. La subcategoría ""uso_rustico"" se infiere del suelo rústico y ""uso_equipamiento"" por la nave-almacén, ambas presentes implícitamente. El acto es claramente de información pública (""INFORMACIÓN pública"").",61.137
117,bocyl,"INFORMACIÓN pública relativa a la solicitud de autorización de uso excepcional de suelo rústico y licencia urbanística, para TLC 13819031 instalación reconectador telecontrolado LAMT CLL704 en la parcela 9014 del polígono 13, en el término municipal de Vallelado (Segovia). Expte.: 149/2024.",LIC_URB,True,LIC_URB,"fase_ip,uso_rustico",IP autorizacion uso excepcional suelo rustico reconectador telecontrolado LAMT Vallelado,True,información_pública,"[""LIC_URB""]","[""fase_ip"", ""uso_rustico""]",0.95,"""INFORMACIÓN pública relativa a la solicitud de autorización de uso excepcional de suelo rústico y licencia urbanística"" (fragmento clave). En Castilla y León (bocyl), esto corresponde a LIC_URB, no a DIC_INT. Se identifica la fase de información pública por el texto ""INFORMACIÓN pública"". El uso es rústico por la mención explícita ""suelo rústico"".",59.496
118,bocyl,"INFORMACIÓN pública relativa a la solicitud de autorización de uso excepcional de suelo rústico y licencia urbanística, promovida por «Adamo Telecom Iberia, S.A.U.», para la interconexión mediante un enlace backhaul de fibra óptica entre Santibáñez de Vidriales y torre antena 49_49206_000277, en el término municipal de Santibáñez de Vidriales (Zamora). Expte.: 244/2024.",LIC_URB,True,LIC_URB,"fase_ip,uso_rustico",IP autorizacion uso excepcional suelo rustico backhaul fibra optica Santibañez de Vidriales,True,información_pública,"[""LIC_URB""]","[""fase_ip"", ""uso_rustico""]",0.95,"El texto menciona explícitamente ""licencia urbanística"" y ""autorización de uso excepcional de suelo rústico"". Al estar en BOCYL (Castilla y León), según las reglas, esta autorización corresponde a la categoría LIC_URB. La subcategoría de fase es inicial (""información pública"") y el uso del suelo es rústico (""suelo rústico"").",116.929
119,docm,"Anuncio de 06/02/2025, del Ayuntamiento de Villaluenga de la Sagra (Toledo), sobre información pública de expediente de calificación urbanística de suelo rústico, licencia de obra y actividad para el proyecto denominado: Planta solar fotovoltaica para autoconsumo sin excedentes, ubicado en las parcelas 9, 12, 13 del polígono 16 y parcelas 1, 2, 7 del polígono 17.",LIC_URB,True,LIC_URB,"fase_ip,uso_energetico,uso_rustico",IP calificacion urbanistica suelo rustico solar FV autoconsumo Villaluenga de la Sagra,True,anuncio,"[""LIC_URB""]","[""fase_ip"", ""uso_energetico"", ""uso_rustico""]",0.98,"El texto menciona ""calificación urbanística de suelo rústico"" y ""licencia de obra y actividad"" (fragmento clave: ""expediente de calificación urbanística de suelo rústico, licencia de obra""), lo cual en Castilla-La Mancha (bocyl) corresponde a la categoría LIC_URB. Además, al tratarse de una ""Planta solar fotovoltaica"" (fragmento clave: ""Planta solar fotovoltaica"") se identifican los usos específicos de energía y suelo rústico.",66.837
120,dogv,"ANUNCIO por el que se somete a información pública la declaración de interés comunitario para una atribución de uso y aprovechamiento en suelo no urbanizable, para actividad de centro deportivo en la parcela 44, del polígono 15, del término municipal de Mutxamel. (Referencia DIC- 24/0720).",DIC_INT,True,DIC_INT,"fase_ip,uso_equipamiento,uso_rustico",IP DIC centro deportivo suelo no urbanizable Mutxamel,True,anuncio,"[""DIC_INT""]","[""fase_ip"", ""uso_equipamiento"", ""uso_rustico""]",1.0,"La publicación es un anuncio de ""declaración de interés comunitario"" (DIC_INT) en el DOGV (Comunitat Valenciana). El uso es para ""centro deportivo"" (uso_equipamiento) en ""suelo no urbanizable"", lo que implica suelo rústico. La fase es información pública (""somete a información pública"").",56.686
121,dogv,"ANUNCIO de la solicitud de declaración de interés comunitario de regularización de actividad industrial en suelo no urbanizable de taller de mantenimiento de vehículos y logística de empresa de transporte, al amparo de la disposición transitoria vigesimocuarta (DT 24) del texto refundido de la Ley de ordenación del territorio, urbanismo y paisaje, aprobado por el Decreto Legislativo 1/2021, de 18 de junio (en adelante TRLOTUP) en la parcela 137 del polígono 19 del término municipal de Benicarló (expediente GVA-DIC-3817455.C20250053).",DIC_INT,True,DIC_INT,"fase_ip,uso_industrial,uso_rustico",IP solicitud DIC taller mantenimiento vehiculos logistica suelo no urbanizable Benicarlo,True,anuncio,"[""DIC_INT""]","[""fase_ip"", ""uso_industrial"", ""uso_rustico""]",0.98,"El texto menciona ""declaración de interés comunitario"" en el DOGV (Comunitat Valenciana), que corresponde a la categoría DIC_INT. Las subcategorías son fase_inicial (información pública) y uso industrial/rústico por referencia al taller y suelo no urbanizable. El fragmento clave es: ""declaración de interés comunitario de regularización... en suelo no urbanizable"".",61.137
122,dogv,"ANUNCI de la declaración de interés comunitario para una atribución de uso y aprovechamiento en suelo no urbanizable relativa a la ampliación de la declaración de interés comunitario (DIQUE) (expediente 3462944), en el término municipal de Olocau, que se situará en las parcelas 123, 124 y 132 del polígono 13.",DIC_INT,True,DIC_INT,fase_ip,IP DIC ampliacion DIC DIQUE Olocau suelo no urbanizable,True,anuncio,"[""DIC_INT""]","[""fase_ip"", ""uso_equipamiento"", ""uso_rustico""]",0.95,"La publicación es un ""ANUNCI de la declaración de interés comunitario"" en DOGV, que corresponde a la categoría DIC_INT exclusivamente en Comunitat Valenciana (regla 4). Las subcategorías se infieren del contexto: fase de información pública (""ANUNCI""), uso equipamiento (centro deportivo) y suelo no urbanizable/rústico.",57.946
123,dogv,"ANUNCIO de la solicitud de ampliación de declaración de interés comunitario de una actividad de camping temático, al amparo del artículo 211.1.f apartado 3.º del texto refundido de la Ley de ordenación del territorio, urbanismo y paisaje, aprobado por el Decreto Legislativo 1/2021, de 18 de junio (en adelante TRLOTUP) en las parcelas 22, 23, 100, 101, y 215 del polígono 12 del suelo no urbanizable del municipio de San Jorge (expediente GVA-DIC-3712878.C20240393).

",DIC_INT,True,DIC_INT,"fase_ip,uso_comercial,uso_rustico",IP solicitud ampliacion DIC camping tematico suelo no urbanizable San Jorge,True,anuncio,"[""DIC_INT""]","[""fase_ip"", ""uso_rustico"", ""uso_comercial""]",0.92,"El texto es un ""ANUNCIO"" de solicitud de ""ampliación de declaración de interés comunitario"" (D.I.C.), lo que corresponde a la categoría DIC_INT específica del DOGV. La actividad de camping en suelo no urbanizable se clasifica como uso_rustico y, por naturaleza de centro recreativo/comercial, también incluye uso_comercial.",58.859
124,dogv,"ANUNCIO por el cual se somete a información pública la declaración de interés comunitario para una atribución de uso y aprovechamiento en suelo no urbanizable relativa a la regularización de una actividad industrial hortofrutícola (expediente 3773582) en el término municipal de Alcàntera de Xúquer, situada en el polígono 12, parcela 88.",DIC_INT,True,DIC_INT,"fase_ip,uso_industrial,uso_rustico",IP DIC regularizacion actividad industrial hortofruticola suelo no urbanizable,True,anuncio,"[""DIC_INT""]","[""fase_ip"", ""uso_industrial"", ""uso_rustico""]",0.98,"El texto menciona explícitamente ""declaración de interés comunitario"" en el DOGV (Comunitat Valenciana), lo que define la categoría DIC_INT según las reglas críticas. Las subcategorías se infieren del contenido: ""información pública"" indica fase_inicial, y ""actividad industrial hortofrutícola"" implica uso_industrial sobre suelo no urbanizable (uso_rustico).",59.235
125,bocyl,"CORRECCIÓN de errores del anuncio de información pública relativa a la solicitud de autorización de uso excepcional de suelo rústico y licencia ambiental, promovida por «La Arguijuela Solar, Sociedad Limitada», para la instalación de la planta fotovoltaica «Alba» de 1 MW de potencia, en las parcelas 295 y 5058 del polígono 503, en el término municipal de Coca de Alba (Salamanca). Expte.: 36/2024.",MULTILABEL_FV,True,LIC_URB,"fase_correccion,uso_energetico,uso_rustico",Correccion errores IP uso excepcional suelo rustico FV Alba 1 MW Coca de Alba,True,corrección_errores,"[""LIC_URB""]","[""uso_energetico"", ""uso_rustico""]",0.95,"Es una corrección de errores del anuncio de información pública para solicitud de autorización de uso excepcional de suelo rústico y licencia ambiental en Castilla y León (BOCYL), por lo que se clasifica como LIC_URB con usos energéticos y rurales. El texto menciona explícitamente ""licencia ambiental"" y ""autorización de uso excepcional de suelo rústico"", y se refiere a una planta fotovoltaica.",64.933
126,bocyl,"INFORMACIÓN pública relativa a la solicitud de autorización de uso excepcional de suelo rústico, licencia de obras y licencia ambiental, para una instalación eléctrica de BT y AT para una instalación fotovoltaica de producción de energía eléctrica para venta a red para «Ibeas Solar, S.L.», en el término municipal de Ibeas de Juarros (Burgos). Expte.: 271/2023.",MULTILABEL_FV,True,LIC_URB,"fase_ip,uso_energetico,uso_rustico",IP uso excepcional suelo rustico instalacion electrica BT/AT para FV Ibeas Solar,True,información_pública,"[""LIC_URB""]","[""fase_ip"", ""uso_energetico"", ""uso_rustico""]",0.98,"Texto: ""INFORMACIÓN pública relativa a la solicitud de autorización de uso excepcional de suelo rústico, licencia de obras"" en BOCYL (Castilla y León). La DUP energética es un trámite B0, no DIC_INT. -> LIC_URB + uso_energetico (solar) + uso_rustico (terreno).",131.072
127,docm,"Anuncio de 01/03/2025, del Ayuntamiento de Albacete, de la Gerencia Municipal de Urbanismo y Vivienda, sobre información pública de la calificación y de la correspondiente licencia urbanística de nueva planta para instalación fotovoltaica aislada 26,46 kWp destinada a riego agrícola, en polígono 59, parcela 9 (referencia catastral: 02900A059000090000JT), de este término municipal, en suelo rústico de especial protección CP-3, y cuya promotora es Las Carreteras CB.",MULTILABEL_FV,True,LIC_URB,"fase_ip,uso_energetico,uso_rustico","IP calificacion + licencia urbanistica FV aislada 26,46 kWp riego agricola suelo rustico",True,anuncio,"[""LIC_URB""]","[""fase_ip"", ""uso_energetico"", ""uso_rustico""]",0.95,"El texto indica claramente que es sobre ""calificación y de la correspondiente licencia urbanística"" (disparando LIC_URB) para instalación fotovoltaica en ""suelo rústico"" (usos energético y rustico). La fecha y la mención a ""información pública"" confirman la fase IP.",68.586
128,boe,"Anuncio de los Servicios Territoriales del Departamento de Territorio, Vivienda y Transición Ecológica en Tarragona por el que se somete a información pública la solicitud de declaración de utilidad pública, en concreto, del proyecto de la planta solar fotovoltaica llamada PS Montblanc de 9,99 MW sobre terreno en suelo no urbanizable, en el término municipal de Montblanc, en la comarca de la Conca de Barberà y su infraestructura de evacuación a 25 kV (expte.FUE-2022-02871677; ref. 02553).",MULTILABEL_FV,True,LIC_URB,"fase_ip,uso_energetico,uso_rustico","IP declaracion utilidad publica + actuacion especifica suelo no urbanizable solar FV PS Montblanc 9,99 MW",True,anuncio,"[""LIC_URB""]","[""fase_ip"", ""uso_energetico"", ""uso_rustico""]",0.95,"El texto menciona explícitamente la solicitud de ""declaración de utilidad pública"" para un proyecto fotovoltaico sobre ""suelo no urbanizable"". Según las reglas, esto es una autorización de uso excepcional (LIC_URB) porque el trámite principal es energético y la ubicación en suelo rústico lo hace relevante urbanísticamente. La confianza es alta ya que todas las etiquetas están claramente soportadas por el texto.",72.026
129,boe,"Anuncio complementario del Departamento de Territorio, Vivienda y Transición Ecológica de la Generalitat de Cataluña por el cual se somete a información pública la solicitud de autorización administrativa previa, autorización administrativa de construcción, de declaración de utilidad pública y de autorización del proyecto de actuación específica de interés público en suelo no urbanizable y evaluación de impacto ambiental del proyecto del parque solar denominado Les Planetes de 4,95 MWn y 5,692 MWp sobre terreno en suelo no urbanizable, en el término municipal de Riba-roja d’Ebre, en la comarca de la Ribera d’Ebre y su infraestructura de evacuación, línea soterrada de 25 kV que conecta la instalación de producción a otra planta solar fotovoltaica denominada Mas de Piquer, al término municipal de Riba-roja d’Ebre, en la comarca de la Ribera d’Ebre (Expediente: FUE-2023-03196021).",MULTILABEL_FV,True,LIC_URB,"fase_ip,uso_energetico,uso_rustico","IP actuacion especifica suelo no urbanizable solar FV Les Planetes 4,95 MW",False,anuncio,[],[],0.98,"La publicación pertenece al BOE (estatal) y trata sobre un proyecto de parque solar fotovoltaico, que es un trámite energético (B0), no urbanístico. Aunque menciona ""autorización del proyecto de actuación específica de interés público"", en suelo no urbanizable por una planta solar se entiende como autorización administrativa previa para energía (trámite B0), no una licencia urbanística (LIC_URB) ni declaración de interés comunitario (DIC_INT, exclusivo de DOGV). El texto cita ""autorización del proyecto de actuación específica de interés público en suelo no urbanizable"" pero el contexto es claramente energético en suelo rústico/nou, no urbanístico. Por tanto, is_relevant=False.",86.811
130,dogc,"Resolución TER/58/2025, de 14 de enero, por la que se otorga a Els Plans Planta Fotovoltaica, SL, la segunda modificación de la autorización administrativa previa y de construcción y declaración de utilidad pública del proyecto de la planta solar fotovoltaica denominada Els Plans Planta Fotovoltaica, de 2,16 MW sobre terreno en suelo no urbanizable, y su infraestructura de evacuación, en el término municipal de Sarral, en la comarca de La Conca de Barberà (exp. FUE-2024-04171840)",MULTILABEL_FV,True,LIC_URB,"uso_energetico,uso_rustico","Segunda modificacion AAP+AAC solar FV Els Plans 2,16 MW suelo no urbanizable",False,resolución,[],[],0.98,"La publicación trata sobre una resolución administrativa relativa a una planta fotovoltaica, incluyendo ""autorización previa y de construcción"" y ""declaración de utilidad pública"". Según las reglas críticas (Regla 5), estos trámites son de ámbito energético (trámite B0) y no corresponden a actos del ciclo urbanístico clasificados en las categorías N2 definidas (PGOU, PLAN_ESP, MOD_PUN, PROY_URB, LIC_URB, DIC_INT). Por tanto, is_relevant=False.",72.297
131,dogc,"Anuncio complementario por el que se somete a información pública la solicitud de autorización administrativa previa, autorización administrativa de construcción, de declaración de utilidad pública y de autorización del proyecto de actuación específica de interés público en suelo no urbanizable y evaluación de impacto ambiental del proyecto del parque solar denominado Flix-Ascó III, de 16,06 MW sobre terreno en suelo no urbanizable, en el término municipal de Flix, en la comarca de La Ribera d’Ebre, y su infraestructura de evacuación, línea soterrada a 30 kV que conecta la instalación de producción a la SET Ercam 30/132 kV en el término municipal de Flix, en la comarca de La Ribera d’Ebre (exp. FUE-2022-02595215)",MULTILABEL_FV,True,LIC_URB,"fase_ip,uso_energetico,uso_rustico","IP actuacion especifica suelo no urbanizable solar FV Flix-Asco III 16,06 MW",False,anuncio,[],[],1.0,"El texto se refiere a trámites de autorización administrativa para un parque solar, incluyendo ""autorización del proyecto de actuación específica de interés público"" y ""declaración de utilidad pública"", pero estos son permisos específicos (AAP/AAC) del ámbito energético/ambiental (trámite B0), no actos de legalidad urbanística como aprobación de planes o licencias urbanísticas. Además, aunque menciona ""suelo no urbanizable"", no es una solicitud de uso excepcional (que sería LIC_URB) ni una declaración de utilidad comunitaria (DIC_INT, exclusivo en la Comunidad Valenciana). Por lo tanto, no pertenece al universo urbanístico monitorizado.",83.617
132,dogc,"Resolución TER/4753/2024, de 17 de diciembre, por la que se otorga a Energía Inagotable de Nox, SL, la autorización administrativa previa y de construcción del proyecto de la planta solar fotovoltaica denominada PS Sant Roc, de 43,39 MW de potencia sobre terreno en suelo no urbanizable, y su infraestructura de evacuación, línea subterránea de alta tensión de 30 kV, en los términos municipales de Ciutadilla y Nalec, en la comarca de L'Urgell (exp. FUE-2021-02082327)",MULTILABEL_FV,True,LIC_URB,"fase_definitiva,uso_energetico,uso_rustico","Otorgamiento AAP+AAC solar FV PS Sant Roc 43,39 MW suelo no urbanizable",False,resolución,[],[],1.0,"La publicación es una ""Resolución"" de otorgamiento de ""autorización administrativa previa y de construcción"" para una planta solar fotovoltaica, que corresponde a un trámite energético (B0) y no a una actuación del ciclo urbanístico monitorizado. No se mencionan términos clave como PGOU, PLAN_ESP, MOD_PUN, PROY_URB o LIC_URB en el contexto urbano.",66.482
133,dogc,"Resolución TER/905/2025, de 4 de marzo, por la que se otorga a Estabanell Generació, SLU, la autorización administrativa previa y la autorización administrativa de construcción del proyecto de la planta solar fotovoltaica denominada PS El Magí, de 3,63 MW de potencia instalada sobre terreno en suelo no urbanizable, en el término municipal de Manlleu, en la comarca de Osona (exp. FUE-2023-03512551, ref. 02852)",MULTILABEL_FV,True,LIC_URB,"fase_definitiva,uso_energetico,uso_rustico","Otorgamiento AAP+AAC solar FV PS El Magi 3,63 MW suelo no urbanizable",True,resolución,"[""LIC_URB""]","[""fase_definitiva"", ""uso_energetico"", ""uso_rustico""]",0.95,"La publicación otorga una ""autorización administrativa de construcción"" sobre ""suelo no urbanizable"". Según la Regla 4, esto corresponde a LIC_URB, y por la Regla 8, dado que es para una planta solar (uso energético) en suelo rústico, se añaden las subcategorías uso_energetico y uso_rustico. El acto es definitivo al ""otorgar"" la autorización sin mencionar trámites previos como información pública o resolución de discrepancias.",67.374
134,dogc,"Resolución TER/395/2025, de 10 de febrero, de corrección de errores materiales en la Resolución relativa al expediente FUE-2021-01932045, de autorización administrativa previa y de construcción del proyecto de la planta solar fotovoltaica denominada PSFV Planes de l’Ovella, de 19,29 MW de potencia instalada sobre terreno en suelo no urbanizable, en los términos municipales de Seròs y Almatret, en la comarca de El Segrià, y su infraestructura de evacuación, líneas soterradas a 30 kV",MULTILABEL_FV,True,LIC_URB,"fase_correccion,uso_energetico,uso_rustico","Correccion errores AAP+AAC solar FV PSFV Planes l'Ovella 19,29 MW suelo no urbanizable",True,corrección_errores,"[""LIC_URB""]","[""fase_correccion"", ""uso_energetico"", ""uso_rustico""]",0.95,"El texto contiene ""corrección de errores materiales"" (activo act_type) y describe una ""autorización administrativa previa y construcción del proyecto de la planta solar fotovoltaica"" en ""suelo no urbanizable"", lo que indica una licencia urbanística energética (LIC_URB). Las subcategorías fase_correccion (por ""corrección de errores""), uso_energetico (planta solar) y uso_rustico (suelo no urbanizable) están explícitas o claramente inferibles del contexto energético en suelo rústico.",69.408
135,dogc,"Resolución PRE/175/2025, de 21 de enero, por la que se da publicidad al deslinde entre los términos municipales de Sort y de Rialp",NEGATIVO,False,,,Deslinde terminos municipales Sort y Rialp,False,resolución,[],[],0.95,"La descripción se refiere a un ""deslinde entre términos municipales"", que es un acto de demarcación administrativa, no un plan o procedimiento urbanístico monitorizado (PGOU, PLAN_ESP, MOD_PUN, PROY_URB, LIC_URB). No contiene terminos clave del dominio urbanístico.",48.742
136,boja,"Anuncio de 21 de enero de 2025, de la Delegación Territorial de Agricultura, Pesca, Agua y Desarrollo Rural en Jaén, por el que se notifica a la persona interesada acto administrativo relativo a procedimiento sancionador incoado en materia de sanidad vegetal.",NEGATIVO,False,,,Procedimiento sancionador sanidad vegetal,False,notificación,[],[],1.0,"El texto refiere a un procedimiento sancionador en materia de sanidad vegetal (competencia agrícola), sin ninguna mención a urbanismo, ordenación del territorio o gestión municipal. Fragmento clave: ""procedimiento sancionador incoado en materia de sanidad vegetal"".",53.165
137,dog,"RESOLUCIÓN de 24 de enero de 2025, del Departamento Territorial de Lugo, por la que se concede la autorización administrativa previa y de construcción de una instalación eléctrica en el ayuntamiento de Lugo (expediente IN407A 2023/157 AT).",NEGATIVO,False,,,AAP+AAC instalacion electrica Lugo - B0 no B2,False,resolución,[],[],0.95,"La publicación trata sobre la ""autorización administrativa previa y de construcción de una instalación eléctrica"", que es un acto administrativo del ámbito energético/infraestructuras, no un acto urbanístico. Se asigna is_relevant=False por tratarse de un trámite eléctrico, sin mención a planes de ordenación urbana o actos de gestión del suelo urbano/rústico en el sentido urbanístico.",62.471
138,boe,"Anuncio de formalización de contratos de: Junta de Contratación del Ministerio de Trabajo y Economía Social. Objeto: Servicio de cafetería y comedor en el edificio de la calle Pío Baroja, 6 del Ministerio de Trabajo y Economía Social. Expediente: 10000437/2024.",NEGATIVO,False,,,Contratacion publica servicio cafeteria Ministerio Trabajo,False,anuncio,[],[],1.0,"Texto describe ""contratos de: Servicio de cafetería y comedor"" en el Ministerio de Trabajo y Economía Social, lo cual pertenece al dominio de contratación pública (ámbito B) y no al urbanístico; no contiene ningún término clave de las categorías N2.",56.948
139,boc,Aprobación definitiva del presupuesto general de 2025.,NEGATIVO,False,,,Presupuesto general 2025,False,aprobación,[],[],0.98,"Texto ""Aprobación definitiva del presupuesto general de 2025"" corresponde a un acto presupuestario, no urbanístico. Se excluye por ser presupuesto (Reglas críticas 1).",51.519
140,boib,Exposición pública Avance/Borrador del Plan General y el Plan de Ordenación Detallada de Sant Josep de sa Talaia,NEGATIVO,True,PGOU,fase_avance,Avance/Borrador Plan General y Plan Ordenacion Detallada Sant Josep de sa Talaia - false negative muestreo,True,información_pública,"[""PGOU"", ""PLAN_ESP""]","[""fase_avance""]",0.95,"""Exposición pública Avance/Borrador del Plan General..."" -> ""Plan General"" (PGOU) y ""Plan de Ordenación Detallada"" (PLAN_ESP/estudio de detalle). La fase es avance (""Avance/Borrador""). ""Información pública"" es el tipo de acto administrativo, ya que corresponde a las etapas participativas.",125.298
141,bocyl,"RESOLUCIÓN de 13 de febrero de 2025, del Rectorado de la Universidad de Burgos, por la que se resuelve la contratación del aspirante propuesto en el concurso público convocado por Resolución de 5 de noviembre de 2024, para la provisión de plazas de personal docente e investigador laboral, Profesor Permanente Laboral.",NEGATIVO,False,,,Contratacion PDI Universidad Burgos,False,resolución,[],[],1.0,"Texto de contratación de personal docente e investigador en una universidad, no tiene relación con el ciclo urbano o normativa urbanística. ""aspirante propuesto"", ""plazas de personal docente e investigador"" y ""profesor permanente laboral"" identifican claramente un ámbito universitario/RRHH.",56.869
142,boe,"Resolución de 23 de diciembre de 2024, de ICEX España Exportación e Inversiones, E.P.E., por la que se publica el Convenio con Denominación de Origen Rueda, para la organización de extensiones de misiones inversas de compradores y prescriptores de opinión del sector del vino a celebrar en su ámbito geográfico.",NEGATIVO,False,,,Convenio ICEX DO Rueda vino,False,resolución,[],[],1.0,"El texto describe un convenio de ICEX para misiones inversas del sector vino, que no tiene relación con el ámbito urbanístico (ni PGOU, ni PLAN_ESP, ni MOD_PUN, etc.). Es una publicación sobre promoción turística/comercial, no urbanística.",55.948
143,bon,Aprobación definitiva de la plantilla orgánica de 2025,NEGATIVO,False,,,Aprobacion plantilla organica 2025,False,aprobación,[],[],1.0,"La publicación trata sobre la ""plantilla orgánica"", que corresponde a RRHH y no al ámbito urbanístico. Por tanto, is_relevant es False y no se aplican categorías N2 o subcategorías de uso del suelo. El tipo de acto es ""aprobación"".",55.505
144,bon,Concesión de licencia de actividad. Taller mecánico de reparación de vehículos automóviles,NEGATIVO,False,,,Licencia de actividad taller mecanico - no LIC_URB urbanistica,False,resolución,[],[],1.0,"La publicación es una ""Concesión de licencia de actividad"" para un taller mecánico, lo que corresponde a una licencia de actividad comercial sin trámite urbanístico (regulado por la ley de actividades económicas), no a un acto de legalidad territorial urbano. Por tanto, is_relevant=False.",55.398
145,bocyl,"RESOLUCIÓN de 12 de marzo de 2025, del Rectorado de la Universidad de Burgos, por la que se publica la relación de aspirantes que han superado el proceso selectivo para la provisión de varios puestos de personal laboral, en la categoría de Auxiliares de Servicios (especialidad Conserjería, Vigilancia y Recepción) (Grupo IVA/IVB) de la Universidad de Burgos, convocado con fecha 17 de mayo de 2024.",NEGATIVO,False,,,Proceso selectivo auxiliares servicios Universidad Burgos,False,resolución,[],[],0.98,"Texto pertenece a una resolución de personal laboral universitario (""relación de aspirantes"", ""puestos de personal laboral""), no tiene ninguna relación con el dominio urbanístico, por lo que es irrelevante y sin categorías urbanísticas.",54.618
146,boe,"Resolución de 12 de febrero de 2025, del Ayuntamiento de Turís (Valencia/València), referente a la convocatoria para proveer una plaza.",NEGATIVO,False,,,Convocatoria provision plaza Turis,False,resolución,[],[],0.98,"El texto describe una resolución de un Ayuntamiento para ""proveer una plaza"", que corresponde a personal o empleo municipal, no a un acto urbanístico. Por tanto, no es relevante en el dominio urbanístico (is_relevant=False). El fragmento clave ""convocatoria para proveer una plaza"" indica un asunto de Recursos Humanos.",49.295
147,doe,"Resolución de 17 de febrero de 2025, de la Dirección General de Personal Docente, por la que se dispone la ejecución del auto 346/2024, de 31/07/2024, dictado por el Juzgado de lo Contencioso-administrativo n.º 1 de Mérida en el procedimiento de extensión de efectos de sentencia tributaria y de personal 1065/2021 PA 107/2019.",NEGATIVO,False,,,Resolucion DG Personal Docente extension efectos sentencia,False,resolución,[],[],1.0,"El texto trata sobre una resolución de la Dirección General de Personal Docente relativa a efectos de sentencia tributaria y personal, no contiene ningún término clave del dominio urbanístico (ni planes generales, ni modificaciones, ni proyectos de urbanización). El fragmento clave es ""ejecución del auto 346/2024... Juzgado de lo Contencioso-administrativo n.º 1 de Mérida en el procedimiento de extensión de efectos de sentencia tributaria y de personal"".",60.26
148,boe,"Resolución de 14 de marzo de 2025, del Ayuntamiento de Calatayud (Zaragoza), referente a la convocatoria para proveer una plaza.",NEGATIVO,False,,,Convocatoria provision plaza Calatayud,False,resolución,[],[],0.98,"La publicación es una ""Resolución... referente a la convocatoria para proveer una plaza"", que corresponde a un acto de recursos humanos y no a un acto administrativo del ámbito urbanístico (como planes, licencias o declaraciones).",43.965
149,bopa,"Resolución de 4 de diciembre de 2024, de la Consejería de Medio Rural y Política Agraria, por la que se concede la ayuda denominada Mantenimiento de razas autóctonas puras en peligro de extinción, compromisos 2023, campaña 2024. [Cód. 2025-00080]",NEGATIVO,False,,,Ayuda mantenimiento razas autoctonas peligro extincion,False,resolución,[],[],1.0,"La publicación se refiere a una ""ayuda"" para el ""Mantenimiento de razas autóctonas"", que es un ámbito de política agraria y económica, no urbanístico. No menciona ningún acto administrativo del ciclo urbano ni planes de suelo.",47.014
