id,bulletin,description,grupo_muestreo,is_relevant_gt,categories_gt,subcategories_gt,notas_anotador,is_relevant_pred,act_type_pred,categories_pred,subcategories_pred,confidence,reasoning,duration_s
0,boja,"Resolución de 16 de enero de 2025, de la Delegación Territorial de Fomento, Articulación del Territorio y Vivienda en Málaga, por la que se dispone la publicación de la Resolución de 11 de diciembre de 2024, que ordena proceder al registro y publicación de la «Modificación del Plan General de Ordenación Urbana (PGOU) de Mijas».",PGOU,True,MOD_PUN,fase_definitiva,Publicacion registro Modificacion PGOU Mijas,True,resolución,"[""MOD_PUN""]",[],0.98,"La publicación es una ""Modificación del Plan General de Ordenación Urbana (PGOU)"" de Mijas. El texto indica claramente una modificación puntual (""Modificación""), y no una aprobación o revisión integral del plan completo, por lo que la categoría correspondiente es MOD_PUN. No hay indicios en el fragmento proporcionado sobre la fase específica ni sobre los usos del suelo concretos modificados.",121.85
1,bocm,"Plan general de urbanismo
– Acuerdo de 12 de marzo de 2025, del Consejo de Gobierno, por el que se aprueba definitivamente la Decimoctava Modificación Puntual del Plan General de Ordenación Urbana de Getafe, en el ámbito ZOI 04, “Los Olivos”",PGOU,True,MOD_PUN,fase_definitiva,Decimoctava Modificacion Puntual PGOU Getafe,True,acuerdo,"[""MOD_PUN""]","[""fase_definitiva""]",0.98,"El texto menciona explícitamente ""Decimoctava Modificación Puntual del Plan General de Ordenación Urbana"", lo que activa la categoría MOD_PUN según la regla 1. Se trata de un acuerdo de aprobación definitiva, por lo tanto fase_definitiva.",52.278
2,docm,"Anuncio de 28/01/2025, del Ayuntamiento de Villar de Olalla (Cuenca), sobre exposición pública del Plan Especial de Reforma Interior de Mejora (Perim) en el entorno de la senda de las Pernalosas-sectores U.2A y U.2B de las Normas Subsidiarias de Villar de Olalla (Cuenca).",PGOU,True,PLAN_ESP,fase_ip,PERIM exposicion publica - Plan Especial Reforma Interior Mejora,True,anuncio,"[""PGOU""]","[""fase_ip"", ""uso_equipamiento"", ""uso_rustico""]",0.85,"""exposición pública del Plan Especial de Reforma Interior de Mejora (Perim)"" indica fase_ip y, dado que es un PERIM, se clasifica como PGOU. El contexto del ""entorno de la senda"" sugiere un uso equipamiento y potencialmente rústico. Es relevante porque menciona explícitamente el plan especial que modifica normas urbanísticas generales.",59.08
3,docm,"Anuncio de 27/12/2024, del Ayuntamiento de Albacete, de la Gerencia Municipal de Urbanismo y Vivienda, sobre información pública del contenido de la plica presentada por la mercantil, Albaluz German Capital SL, a su propia alternativa técnica de Programa de Actuación Urbanizadora presentada para el desarrollo de las determinaciones urbanísticas de la Ordenanza de Transformación 10.11 carretera Madrid I del Plan General de Ordenación Urbana de Albacete.",PGOU,True,PROY_URB,fase_ip,PAU en CLM = PROY_URB,True,anuncio,"[""PGOU""]","[""fase_ip""]",0.95,"La publicación menciona el ""Plan General de Ordenación Urbana de Albacete"", lo que indica un acto relacionado con la normativa urbanística general del PGOU (o su determinación técnica). Se solicita ""información pública"" sobre una plica presentada, lo cual sitúa el acto en la fase de información pública.",55.793
4,boca,"Viceconsejería de Planificación Territorial y Reto Demográfico.- Anuncio por el que se hace pública la Resolución de 14 de febrero de 2025, que da publicidad al Acuerdo de la Comisión Autonómica de Evaluación Ambiental de 12 de febrero de 2025, para la emisión del Informe Ambiental Estratégico en el Procedimiento de Evaluación Ambiental Estratégica Simplificada de la Modificación Menor del Plan General de Ordenación de Güímar - Unidad de Actuación 16.2 El Tablado.- Expte. 2022/0014990 (5940).",PGOU,True,MOD_PUN,fase_ip,IAE Modificacion Menor PGO Guimar Canarias,True,anuncio,"[""MOD_PUN""]","[""fase_inicial""]",0.9,"El texto menciona ""Modificación Menor del Plan General de Ordenación"" y ""Informes Ambientales"", lo que indica un acto administrativo de modificación puntual en fase inicial de información pública. La frase ""emisión del Informe Ambiental Estratégico en el Procedimiento de Evaluación Ambiental Estratégica Simplificada"" es una referencia al proceso ambiental, no a la aprobación del PGOU completo.",59.189
5,doe,"Anuncio de 20 de febrero de 2025 sobre aprobación inicial del Programa de Ejecución de la UE3, de la zona 3 de las Normas Subsidiarias.",PGOU,True,PROY_URB,fase_inicial,Proyecto Ejecucion UE3 NNSS = PROY_URB,False,anuncio,[],[],1.0,"Texto: ""Programa de Ejecución de la UE3"" es un instrumento energético (Energía Sostenible y Planificación Estratégica), no urbanístico. Aunque cita Normas Subsidiarias, el programa pertenece al ámbito energético/energías renovables sin tramitación urbanística directa. -> is_relevant=False.",51.929
6,dogc,"Anuncio sobre aprobación inicial de la modificación puntual del Plan general de ordenación municipal de Lliçà de Vall referente al ámbito de la UA del polígono industrial de Can Coll, Tèxtil Torres",PGOU,True,MOD_PUN,"fase_inicial,uso_industrial",Mod puntual PGO municipal poligono industrial Can Coll,True,anuncio,"[""MOD_PUN""]","[""fase_inicial"", ""uso_industrial""]",0.95,"El texto menciona explícitamente ""modificación puntual del Plan general de ordenación municipal"" y ""ámbito de la UA del polígono industrial"", lo que activa las categorías MOD_PUN, fase_inicial (por ""aprobación inicial"") y uso_industrial. Según la regla 1, el PGOU es solo el marco de referencia y no el objeto del acto.",58.355
7,dogv,"EDICTO de aprobación del informe ambiental y territorial estratégico, por el procedimiento simplificado, de la modificación puntual de la ordenación detallada del Plan general de ordenación urbana de la redistribución del suelo dotacional en la UE-1 insertada en suelo urbano.",PGOU,True,MOD_PUN,"fase_ip,uso_equipamiento",IAE mod puntual PGOU redistribucion suelo dotacional,True,edicto,"[""MOD_PUN""]","[""fase_inicial""]",0.85,"Texto dice explícitamente ""modificación puntual"" del PGOU, por lo que se clasifica como MOD_PUN (regla 1), no como PGOU. El ámbito es DOGV (Valencia). Fragmento: ""modificación puntual de la ordenación detallada del Plan general"". Subcategoría fase_inicial por ser edicto/informe en procedimiento simplificado (fase IP/Inicial).",58.809
8,boc,"Informe Ambiental Estratégico de la Modificación Puntual número 1, del Plan General de Ordenación Urbana, de San Miguel de Aguayo. Protección de los valores naturales y paisajísticos y adaptación a la LOTUCA.",PGOU,True,MOD_PUN,fase_ip,IAE Modificacion Puntual 1 PGOU San Miguel de Aguayo,True,información_pública,"[""MOD_PUN""]","[""fase_ip"", ""uso_rustico"", ""uso_energetico""]",0.95,"El texto menciona explícitamente ""Modificación Puntual número 1, del Plan General de Ordenación Urbana"", lo que activa la categoría MOD_PUN según las reglas críticas que excluyen PGOU en estos casos. Además, al ser un Informe Ambiental Estratégico para una modificación puntual, se asume información pública (fase_ip). Aunque el texto no especifica el uso, una Modificación Puntual de 1ª suele estar relacionada con usos energéticos como eólicos o fotovoltaicos, por lo que se añade ""uso_energetico"" y ""uso_rustico"" como subcategorías plausibles.",72.57
9,boca,"ANUNCIO de 6 de noviembre de 2024, por el que se somete a información pública la aprobación inicial de la “Modificación Menor del Plan General de Ordenación, modificación de la Ficha del SG-SP 1.13.045 Aparcamiento del Campo de Fútbol Los Pozos”.",PGOU,True,MOD_PUN,"fase_inicial,uso_equipamiento",IP aprobacion inicial Mod Menor PGO aparcamiento campo futbol,True,anuncio,"[""MOD_PUN""]","[""fase_inicial""]",0.95,"El texto menciona ""aprobación inicial de la 'Modificación Menor del Plan General'"", lo que indica una MOD_PUN (modificación puntual) en fase_inicial, no un PGOU completo como sería si se aprobara el plan general COMPLETO.",51.77
10,dogv,"ANUNCIO del Acuerdo de 25 de noviembre de 2024, de la Junta de Gobierno Local, del informe ambiental y territorial estratégico favorable sobre la modificación puntual del Plan general de ordenación urbana de Benicarló para la calificación como equipación (SQE) de terrenos calificados como espacio libre (E1) y viario (V1), colindantes con la unidad de actuación 7 de suelo urbano, para la construcción del Colegio de Educación Infantil y Primaria número 5.",PGOU,True,MOD_PUN,"fase_ip,uso_equipamiento",IAE mod puntual PGOU Benicarlo suelo dotacional CEIP,True,anuncio,"[""MOD_PUN""]","[""fase_ip"", ""uso_equipamiento""]",0.98,"El texto menciona explícitamente ""modificación puntual del Plan general de ordenación urbana"" y la calificación para construcción de un colegio, lo que corresponde a MOD_PUN con subcategorías de fase_ip por ser información pública y uso_equipamiento.",54.555
11,bocyl,INFORMACIÓN pública relativa a la aprobación inicial del proyecto de urbanización del sector 7 de suelo urbanizable del Plan General de Ordenación Urbana de Cabezón de Pisuerga (Valladolid). Expte.: 1168/2021.,PGOU,True,PROY_URB,fase_inicial,Aprobacion inicial proyecto urbanizacion sector 7 PGOU,True,información_pública,"[""PROY_URB""]","[""fase_inicial"", ""uso_residencial""]",0.92,"El texto cita explícitamente ""proyecto de urbanización"", lo que activa la categoría PROY_URB (regla 3), excluyendo PGOU que solo se menciona como referencia del suelo urbanizable. La fase es inicial por ""aprobación inicial"". El término ""urbanizable"" implica un uso residencial por defecto ante ausencia de especificaciones más detalladas.",126.579
12,boa,"RESOLUCIÓN de 28 de enero de 2025, del Instituto Aragonés de Gestión Ambiental, por la que se formula la declaración ambiental estratégica del Plan General de Ordenación Urbana Simplificado de Jarque de Moncayo (Zaragoza), promovido por el Ayuntamiento de Jarque de Moncayo. (Número de Expediente: INAGA 500201/71/2024/09313).",PGOU,True,PGOU,fase_ip,DAE Plan General Ordenacion Urbana Simplificado Jarque de Moncayo,True,resolución,"[""PGOU""]",[],0.85,"Texto que cita explícitamente ""Plan General de Ordenación Urbana Simplificado"" (equivalente al PGOU). No hay palabras clave para fase ni uso específico. La confianza es 0.85 porque se infiere la categoría aunque no se especifican detalles adicionales.",52.336
13,boja,"Acuerdo de 25 de noviembre de 2024, del Ayuntamiento de Almedinilla, por el que se aprueba definitivamente el documento de revisión parcial del Plan General de Ordenación Urbanística de Almedinilla. Fuente Grande-Venta de Las Navas. (PP. 10317/2024).",PGOU,True,PGOU,fase_definitiva,Aprobacion definitiva revision parcial PGOU Almedinilla,True,acuerdo,"[""PGOU""]","[""fase_definitiva"", ""uso_rustico"", ""uso_residencial""]",0.85,"El texto indica ""aprobación definitiva del documento de revisión parcial del Plan General"", lo que se clasifica como PGOU (uso rural y residencial inferido por el contexto general de revisión territorial). La ambigüedad radica en si es un PLAN_ESP o MOD_PUN, pero por defecto en ausencia de ""plan especial"" explícito se asume PGOU.",59.684
14,boca,"Gerencia Municipal de Urbanismo.- Anuncio de 29 de enero de 2025, por el que se somete a información pública la aprobación inicial de la Modificación Menor del Plan General de Ordenación para la protección del inmueble sito en la Avenida Lucas Vega, n.º 100.",PGOU,True,MOD_PUN,fase_inicial,IP aprobacion inicial Modificacion Menor PGO proteccion inmueble,True,anuncio,"[""MOD_PUN""]","[""fase_ip""]",0.95,"El texto menciona ""aprobación inicial"" (fase_inicial -> fase_ip) y ""Modificación Menor del Plan General"", que se clasifica como MOD_PUN ya que es una modificación específica, no una aprobación completa de un nuevo PGOU.",51.02
15,bocyl,"ACUERDO de 18 de febrero de 2025, del Pleno del Ayuntamiento de Saldaña de Burgos (Burgos), por el que se aprueba definitivamente el proyecto de actuación de la unidad de actuación única del sector de suelo urbano no consolidado Golf Saldaña de las Normas Urbanísticas Municipales.",PGOU,True,PROY_URB,fase_definitiva,Aprobacion definitiva proyecto actuacion UE Golf Saldana NUM,True,acuerdo,"[""PROY_URB""]","[""fase_definitiva"", ""uso_residencial""]",0.95,"El texto indica ""aprueba definitivamente el proyecto de actuación"" en un sector de ""suelo urbano no consolidado"", lo cual es una actuación de parcelación o urbanización que cita las Normas Urbanísticas Municipales como marco, cumpliendo la categoría PROY_URB. Además, el nombre del sector ""Golf Saldaña"" sugiere un uso residencial o deportivo-turístico en suelo urbano no consolidado, por lo que se asigna el uso_residencial.",63.753
16,dogv,ANUNCIO por el que se somete a información pública la modificación puntual número 2 del Plan general de ordenación urbana.,PGOU,True,MOD_PUN,fase_ip,IP modificacion puntual num 2 PGOU,True,anuncio,"[""MOD_PUN""]","[""fase_ip""]",1.0,"El texto cita explícitamente ""modificación puntual número 2 del Plan general de ordenación urbana"", que según la regla 1 activa SOLO la categoría MOD_PUN, excluyendo PGOU. La fase es ""fase_ip"" por el someter a información pública. No hay referencias al uso del suelo.",51.91
17,bocm,"Plan general de urbanismo
– Acuerdo de 12 de febrero de 2025, del Consejo de Gobierno, por el que se aprueba definitivamente la modificación del Plan General de Ordenación Urbana de Madrid para la creación del Área de Planeamiento Específico 10.24 “Paseo de la Ermita del Santo”, distrito de Latina, que incluye la delimitación de una única Unidad de Ejecución",PGOU,True,MOD_PUN,fase_definitiva,Aprobacion definitiva mod PGOU Madrid APE 10.24 Paseo Ermita Santo,True,resolución,"[""PLAN_ESP""]","[""fase_definitiva"", ""uso_rustico""]",0.85,"El texto menciona ""Área de Planeamiento Específico 10.24"", lo que en la práctica es equivalente a un Plan Especial, por tanto categoría PLAN_ESP. La fase es definitiva (""aprueba definitivamente"") y aunque se menciona una unidad de ejecución, el ámbito específico (Paseo de la Ermita del Santo) suele ser suelo no urbanizable de protección (rústico), por lo que añade uso_rustico.",64.988
18,bocyl,"ACUERDO de 27 de febrero de 2025, de la Comisión Territorial de Medio Ambiente y Urbanismo de Salamanca, por el que se aprueba definitivamente la modificación n.º 2 de las Normas Urbanísticas Municipales de Miranda de Azán (Salamanca). Expte.: 24-037.",PGOU,True,MOD_PUN,fase_definitiva,Aprobacion definitiva modificacion n2 NUM Miranda de Azan,True,acuerdo,"[""MOD_PUN""]","[""fase_definitiva"", ""uso_residencial"", ""uso_comercial"", ""uso_equipamiento""]",0.95,"El texto menciona explícitamente ""modificación n.º 2 de las Normas Urbanísticas Municipales"". Según la regla crítica N1, una modificación puntual del plan general (o sus normas subsidiarias) se clasifica SOLO como MOD_PUN, excluyendo la categoría PGOU aunque sea el mismo instrumento el que se modifica. Se cita el fragmento: ""se aprueba definitivamente la modificación n.º 2 de las Normas Urbanísticas Municipales"". Las subcategorías de uso (residencial, comercial, equipamiento) se infieren por defecto para una modificación de normas urbanísticas generales en un plan general, ya que estas suelen afectar a estos usos por defecto en el territorio municipal sin especificación de cambio puntual a un uso único.",80.04
19,bocm,"Normas urbanísticas
– Orden 878/2025, de 7 de marzo, de la Consejería de Medio Ambiente, Agricultura e Interior, por la que se aprueba definitivamente la Modificación Puntual de las Normas Subsidiarias de ámbito municipal de Buitrago del Lozoya, con el fin de adecuar las condiciones urbanísticas del Matadero Frigorífico Comarcal de Buitrago a su condición de equipamiento de interés social",PGOU,True,MOD_PUN,"fase_definitiva,uso_equipamiento",Aprobacion definitiva Mod Puntual NNSS Buitrago matadero a equipamiento,True,orden,"[""MOD_PUN""]","[""fase_definitiva"", ""uso_equipamiento""]",0.98,"""Aprueba definitivamente la Modificación Puntual de las Normas Subsidiarias"". El objetivo es adecuar el Matadero a condición de equipamiento de interés social, implicando ""uso_equipamiento"" como subcategoría de uso. El texto cita explícitamente ""Modificación Puntual"", lo que excluye PGOU según la regla 1.",59.736
20,bocyl,"INFORMACIÓN pública relativa a la aprobación inicial de la modificación n.º 5 del Plan General de Ordenación Urbana de Villamayor (Salamanca), nueva delimitación del yacimiento arqueológico «Teso de San Miguel» y modificación de la normativa de protección. Expte.: 185/2025.",PGOU,True,MOD_PUN,fase_inicial,IP aprobacion inicial mod 5 PGOU Villamayor yacimiento arqueologico,True,anuncio,"[""MOD_PUN""]","[""fase_inicial"", ""uso_rustico""]",0.92,"El texto menciona ""modificación n.º 5 del Plan General de Ordenación Urbana"" y su objeto es la nueva delimitación del yacimiento arqueológico «Teso de San Miguel», lo que implica una modificación puntual para proteger un bien (uso_rustico). Por el anuncio de aprobación inicial se infiere fase_inicial. Según las reglas, MOD_PUN se aplica cuando es ""modificación puntual"" o ""modificación de la normativa"", excluyendo PGOU.",63.96
21,docm,"Anuncio de 30/01/2025, del Ayuntamiento de Ciudad Real, sobre información pública de la alternativa técnica presentada por la mercantil Aikon Energía, SL del Programa de Actuación Urbanizadora de la Unidad de Ejecución del Plan General de Ordenación Urbana, denominada UE-VCAR.",PGOU,True,PROY_URB,fase_ip,IP alternativa tecnica PAU UE-VCAR PGOU Albacete,True,anuncio,"[""PGOU""]","[""fase_ip""]",0.95,"El texto menciona explícitamente ""Plan General de Ordenación Urbana"" y su ""alternativa técnica"", indicando un acto sobre el PGOU. La fase es inicial (""fase_ip"") por la mención a ""información pública"". Aunque hay una Unidad de Ejecución, el objeto principal del anuncio sigue siendo el Plan General.",54.377
22,boib,"Acuerdo de aprobación definitiva con prescripciones relativa a la Modificación puntual nº. 3 de las Normas Subsidiarias de planeamiento del municipio de Mancor de la Vall consistente en la modificación de alineaciones, usos y parámetros edificatorios y ordenanzas de estética",PGOU,True,MOD_PUN,fase_definitiva,Aprobacion definitiva Mod Puntual 3 NNSS Mancor de la Vall,True,acuerdo,"[""MOD_PUN""]","[""fase_definitiva"", ""uso_rustico""]",0.95,"""Acuerdo de aprobación definitiva"" -> fase_definitiva. ""Modificación puntual nº. 3 de las Normas Subsidiarias"" -> MOD_PUN (excluye PGOU según regla 1). Menciona ""alineaciones, usos y parámetros edificatorios"" sin especificar suelo urbano/urbanizable, por lo que se asume suelo rústico por defecto en ausencia de otras indicaciones (uso_rustico).",61.772
23,dogv,ANUNCIO por el que se somete a información pública la modificación puntual número 10 del Plan general de ordenación urbana de Montaverner (expediente 389/2021).,PGOU,True,MOD_PUN,fase_ip,IP modificacion puntual num 10 PGOU Montaverner,True,anuncio,"[""MOD_PUN""]","[""fase_ip""]",0.98,"El texto indica ""modificación puntual número 10 del Plan general"", lo cual según las reglas excluye la categoría PGOU y activa SOLO MOD_PUN (ejemplo 1). La fase es inicial por ""información pública"". No hay mención de uso específico.",52.047
24,boib,Modificación puntual de las normas subsidiarias de Consell para la delimitación y ordenación de un aparcamiento disuasivo,PGOU,True,MOD_PUN,uso_equipamiento,Mod puntual NNSS Consell aparcamiento disuasivo,True,modificación,"[""MOD_PUN""]",[],0.95,"El texto indica explícitamente ""Modificación puntual de las normas subsidiarias"", lo que activa la categoría MOD_PUN según las reglas críticas (excluye PGOU). No hay información suficiente para determinar fase o uso del suelo, por lo que subcategorías vacía.",49.44
25,bopa,"Resolución de 3 de febrero de 2025, de la Consejería de Transición Ecológica, Industria y Desarrollo Económico, por la que se formula el informe ambiental estratégico de nueva delimitación y Plan Parcial del Área de Planeamiento Propuesto S-R-CBÑ 2 “Cabueñes Residencial” (APP-S-R-CBÑ2) (Gijón) (IA-PP-0141/2024//AUTO/2024/12984). [Cód. 2025-00970]",PLAN_ESP,True,PLAN_ESP,"fase_ip,uso_residencial",IAE Plan Parcial Cabueñes Residencial,True,resolución,"[""PLAN_ESP""]","[""fase_avance"", ""uso_residencial""]",0.95,"""Plan Parcial"" identifica el tipo de acto. ""Informe ambiental estratégico"" indica que está en fase de elaboración (avance). El nombre del plan, ""Cabueñes Residencial"", apunta al uso residencial.",52.595
26,bon,Aprobación definitiva del Plan Especial de Actuación Urbana de las unidades UE-9 y UE-10,PLAN_ESP,True,PLAN_ESP,fase_definitiva,Aprobacion definitiva Plan Especial Actuacion Urbana UE-9 y UE-10,True,aprobación,"[""PLAN_ESP""]","[""fase_definitiva""]",0.95,"El texto menciona ""Aprobación definitiva del Plan Especial de Actuación Urbana"", lo que corresponde a la categoría PLAN_ESP y la subcategoría fase_definitiva. El término ""Plan Especial"" es explícito en el documento.",49.436
27,bocyl,"INFORMACIÓN pública relativa a la aprobación inicial del estudio de detalle, promovido por «Decoración Muebles Cagigal, S.A.», para la modificación de los parámetros de ordenación detallada de la parcela del Callejón Los Tochos n.º 1, en el término municipal de Aguilar de Campoo (Palencia). Expte.: 1373/2024.",PLAN_ESP,True,PLAN_ESP,fase_inicial,Aprobacion inicial estudio detalle parcela Callejon Los Tochos,True,anuncio,"[""PLAN_ESP""]","[""fase_inicial""]",0.95,"El texto menciona explícitamente ""estudio de detalle"" y ""aprobación inicial"", que corresponden a PLAN_ESP (categoría N2) y fase_inicial (subcategoría N3). El ámbito es BOCYL, por lo que no aplica DIC_INT.",52.958
28,bopv,"RESOLUCIÓN de 27 de enero de 2025, del Director de Administración Ambiental, por la que se formula informe ambiental estratégico del Plan Parcial del sector Ipintza Z1.5 de Zumarraga (Gipuzkoa).
				
2025/00772",PLAN_ESP,True,PLAN_ESP,fase_ip,IAE Plan Parcial sector Ipintza Z1.5 Zumarraga,True,resolución,"[""PLAN_ESP""]","[""fase_ip"", ""uso_rustico""]",0.95,"El texto menciona explícitamente ""Plan Parcial"", lo que clasifica la publicación como PLAN_ESP (categoría N2). Las subcategorías de fase_inicial e info pública derivan del hecho de que se formula un ""informe ambiental estratégico"" dentro del trámite, y el uso rústico es inferible dado que los Planes Parciales suelen desarrollarse en suelo no urbanizable o para usos específicos fuera del plan general.",61.548
29,bopa,"Anuncio público a personas interesadas desconocidas en el procedimiento de evaluación ambiental estratégica simplificada. Plan Parcial del sector urbanizable UZ2-La Vega-U, Villabona (Llanera). Expte. IA-PP-0236/2024//AUTO/2024/18789. [Cód. 2025-01744]",PLAN_ESP,True,PLAN_ESP,fase_ip,EAE simplificada Plan Parcial UZ2-La Vega-U Villabona,True,anuncio,"[""PLAN_ESP""]","[""fase_ip""]",0.95,"El texto es un ""Anuncio público"" sobre la solicitud de evaluación ambiental estratégica para el ""Plan Parcial del sector urbanizable UZ2-La Vega-U"", en Llanera (Asturias, BOPA). El término ""Plan Parcial"" lo clasifica como PLAN_ESP, y ""solicitud de información pública"" indica la fase_ip.",55.31
30,bocyl,"ACUERDO de 20 de diciembre de 2024, del Pleno del Ayuntamiento de Burgos, relativo a la aprobación definitiva del «Estudio de detalle naves nido C/ López Bravo, 11B, polígono industrial. Villalonquejar (Burgos)», promovido por «Santaolalla Ambiental, S.L.». Expte.: 4/2024 EST-PGOU.",PLAN_ESP,True,PLAN_ESP,"fase_definitiva,uso_industrial",Aprobacion definitiva ED naves nido poligono industrial Villalonquejar,True,acuerdo,"[""PLAN_ESP""]","[""fase_definitiva"", ""uso_industrial""]",0.95,"El texto menciona explícitamente «Estudio de detalle», lo que clasifica el acto como PLAN_ESP según la regla 2, excluyendo PGOU aunque apunte al EST-PGOU (estudio de detalle para el Plan General). El ámbito industrial («naves») y la naturaleza del documento (acuerdo de aprobación definitiva) definen las subcategorías.",60.355
31,borm,"Aprobación inicial del Programa de Actuación, del cambio de sistema de gestión y de los estatutos de la Junta de Compensación de la Unidad de Ejecución n.º I.b del Plan Parcial “Usos Terciarios de Carretera de Sucina”.",PLAN_ESP,True,"PLAN_ESP,PROY_URB","fase_inicial,uso_comercial",IP PA + Junta Compensacion Plan Parcial Usos Terciarios Sucina,False,aprobación,[],[],0.92,"El texto describe la ""Aprobación inicial del Programa de Actuación"" y cambios estatutarios, lo cual corresponde a gestión interna administrativa de una Unidad de Ejecución, no a un acto administrativo urbanístico N1 (como aprobación de plan, licencia o declaración). Aunque menciona ""Plan Parcial"", el objeto principal es el programa de actuación y la junta de compensación, que son trámites de ejecución o gestión, no actos de ordenación urbana típicos del ciclo urbano. Por tanto, is_relevant=False según las reglas de exclusión (no es PGOU, PLAN_ESP, MOD_PUN, PROY_URB, LIC_URB ni DIC_INT como acto principal).",70.59
32,dogc,Edicto sobre aprobación inicial del Plan especial urbanístico autónomo de la vía verde del Fluvià de ámbito supramunicipal entre Sant Ferriol y La Vall de Bianya,PLAN_ESP,True,PLAN_ESP,fase_inicial,Aprobacion inicial Plan especial via verde Fluvia supramunicipal,True,edicto,"[""PLAN_ESP""]","[""fase_inicial"", ""uso_rustico""]",0.95,"La descripción menciona ""aprobación inicial"" del ""Plan especial urbanístico autónomo"", lo que indica un PLAN_ESP en fase_inicial. Al tratarse de una vía verde sobre suelo no urbanizable, se asigna uso_rustico. El término ""autónomo"" suele indicar un plan que puede afectar a varios municipios o tener un carácter supra-municipal (vía verde), pero no es PGOU ni MOD_PUN.",61.507
33,doe,Anuncio de 29 de enero de 2025 sobre aprobación inicial del Estudio de Detalle de la parcela EEC-1 del SUB CC-9.2.4.,PLAN_ESP,True,PLAN_ESP,fase_inicial,Aprobacion inicial ED parcela EEC-1 SUB CC-9.2.4,True,anuncio,"[""PLAN_ESP""]","[""fase_avance""]",0.98,"El texto indica explícitamente ""Estudio de Detalle"" para la parcela EEC-1, lo que según las reglas define la categoría PLAN_ESP y excluye PGOU. La fase se identifica como ""aprobación inicial"", correspondiente a fase_avance en el ciclo urbanístico del estudio de detalle.",54.035
34,bon,"Aprobación definitiva de Estudio de Detalle en la parcela 2564 del polígono 7/Z-1 U.I. X Landaben, para ampliación de edificio anexo a Mutua Navarra",PLAN_ESP,True,PLAN_ESP,"fase_definitiva,uso_equipamiento",Aprobacion definitiva ED Landaben ampliacion Mutua Navarra,True,aprobación,"[""PLAN_ESP""]","[""fase_definitiva"", ""uso_equipamiento""]",0.95,"El texto menciona ""Aprobación definitiva de Estudio de Detalle"", lo cual corresponde a la categoría PLAN_ESP (regla 2). La subcategoría fase_definitiva es explícita por ""aprobación definitiva"". El uso se infiere como equipamiento dado que es un edificio anexo a una Mutua (Mutua Navarra).",57.905
35,bocyl,"INFORMACIÓN pública relativa a la aprobación inicial del estudio de detalle para la modificación de la alteración existente en la calle Juan Bravo n.º 25-27, en el término municipal de Cantalejo (Segovia). Expte.: 1422/2024.",PLAN_ESP,True,PLAN_ESP,fase_inicial,Aprobacion inicial ED calle Juan Bravo 25-27 Cantalejo,UnexpectedModelBehavior,101.83
36,bon,Aprobación inicial de Estudio de Detalle en la parcela 218 del polígono 4,PLAN_ESP,True,PLAN_ESP,fase_inicial,Aprobacion inicial ED parcela 218 poligono 4,True,aprobación,"[""PLAN_ESP""]","[""fase_avance""]",0.95,"El texto ""Aprobación inicial de Estudio de Detalle"" identifica claramente el acto como una aprobación de estudio de detalle (PLAN_ESP) y la fase como avance (fase_avance). No hay mención a usos del suelo específicos.",48.752
37,bon,Aprobación definitiva de Estudio de Detalle en la parcela 104 del polígono 1,PLAN_ESP,True,PLAN_ESP,fase_definitiva,Aprobacion definitiva ED parcela 104 poligono 1,True,aprobación,"[""PLAN_ESP""]","[""fase_definitiva""]",0.95,"La descripción contiene explícitamente ""Aprobación definitiva"" y ""Estudio de Detalle"", que en la normativa urbanística se engloban dentro de las figuras de Plan Especial (PLAN_ESP) según los criterios proporcionados. La fase es definitiva por el término ""aprobación definitiva"".",51.92
38,bocyl,"ACUERDO de 18 de noviembre de 2024, del Pleno del Ayuntamiento de Aldearrubia (Salamanca), relativo a la aprobación definitiva del estudio de detalle para el solar de la calle Camino de los Partidos 3C.",PLAN_ESP,True,PLAN_ESP,fase_definitiva,Aprobacion definitiva ED solar calle Camino Partidos 3C Aldearrubia,True,acuerdo,"[""PLAN_ESP""]","[""fase_definitiva"", ""uso_rustico""]",0.95,"El texto menciona explícitamente ""estudio de detalle"", que clasifica la publicación como PLAN_ESP (Regla 2). Al tratarse de un solar, se añade la subcategoría uso_rustico. La fase es definitiva por el verbo ""aprobación definitiva"".",54.297
39,bon,Aprobación inicial de Estudio de Detalle en la parcela 33 del polígono 1 de Unciti (Valle de Unciti),PLAN_ESP,True,PLAN_ESP,fase_inicial,Aprobacion inicial ED parcela 33 poligono 1 Unciti,True,aprobación,"[""PLAN_ESP""]","[""fase_avance""]",0.95,"""Estudio de Detalle"" clasifica como PLAN_ESP y ""Aprobación inicial"" indica fase_avance. El texto menciona explícitamente la aprobación del estudio de detalle, que es un tipo de plan especial según las categorías definidas.",51.143
40,bopa,Edicto. Aprobación definitiva del Plan Parcial del ámbito urbanizable Altos de Santo Medero. Expte. 1191-080005. [Cód. 2025-02014],PLAN_ESP,True,PLAN_ESP,fase_definitiva,Aprobacion definitiva Plan Parcial Altos de Santo Medero,True,aprobación,"[""PLAN_ESP""]","[""fase_definitiva"", ""uso_residencial""]",0.92,"El texto menciona explícitamente ""Aprobación definitiva del Plan Parcial"" (subcategoría: fase_definitiva) y lo sitúa en el ""ámbito urbanizable Altos de Santo Medero"", que por su denominación alude a un uso residencial o urbano (subcategoría: uso_residencial).",56.597
41,bon,Corrección de errores de la aprobación definitiva de Estudio de Detalle de la parcela 154 del polígono 12 (Unidad U4) de Idocin (Valle de Ibargoiti),PLAN_ESP,True,PLAN_ESP,fase_correccion,Correccion errores aprobacion definitiva ED Idocin,True,corrección_errores,"[""PLAN_ESP""]","[""fase_definitiva"", ""fase_correccion""]",0.95,"El texto indica ""Corrección de errores"" (act_type) y ""Estudio de Detalle"" (categoría N2: PLAN_ESP), que por regla excluye PGOU. Las subcategorías fase_definitiva y fase_correccion se deben a la mención de ""aprobación definitiva"" y el acto de corrección.",117.706
42,bopv,"RESOLUCIÓN de 28 de enero de 2025, del Director de Administración Ambiental, por la que se formula informe ambiental estratégico del Plan Especial Guardería Canina Bi-Lagun en Hondarribia.
				
2025/00886",PLAN_ESP,True,PLAN_ESP,"fase_ip,uso_equipamiento",IAE Plan Especial Guarderia Canina Bi-Lagun Hondarribia,False,información_pública,[],[],0.95,"El texto corresponde a un ""informe ambiental estratégico"" de un Plan Especial, pero no es el acto administrativo principal (aprobación, convocatoria) del plan urbano mismo. Es una actuación de evaluación ambiental que acompaña al proceso urbanístico, por lo que se clasifica como is_relevant=False ya que no es el acto de planificación urbana principal. El fragmento ""informe ambiental estratégico"" indica la naturaleza del documento.",57.386
43,bon,Aprobación inicial de Estudio de Detalle en la parcela  522 del polígono 1,PLAN_ESP,True,PLAN_ESP,fase_inicial,Aprobacion inicial ED parcela 522 poligono 1,True,aprobación,"[""PLAN_ESP""]","[""fase_avance""]",0.95,"El texto menciona ""Estudio de Detalle"" y ""Aprobación inicial"". Según las reglas, un estudio de detalle es un plan especial (PLAN_ESP). ""Inicial"" indica fase_avance. No se aprueba el PGOU completo, sino una parte específica (el estudio de detalle).",52.064
44,bon,Aprobación inicial de Estudio de Detalle en las parcelas 570 y 571 del área de reparto AR2,PLAN_ESP,True,PLAN_ESP,fase_inicial,Aprobacion inicial ED parcelas 570 y 571 area reparto AR2,True,aprobación,"[""PLAN_ESP""]","[""fase_inicial""]",0.95,"El texto menciona explícitamente ""Estudio de Detalle"", lo cual corresponde a la categoría PLAN_ESP según las señales del catálogo. La fase se identifica como inicial por el término ""Aprobación inicial"". El fragmento clave es ""aprobación inicial de Estudio de Detalle"" y ""en las parcelas 570 y 571 del área de reparto AR2"".",58.055
45,borm,Anuncio de aprobación provisional de cuenta de liquidación definitiva del proyecto de urbanización del Plan Parcial “Cañada de la Morra Norte” de Archena.,PLAN_ESP,True,PROY_URB,fase_provisional,Aprobacion provisional cuenta liquidacion PU Plan Parcial Cañada Morra Norte,True,anuncio,"[""PLAN_ESP"", ""PROY_URB""]","[""fase_provisional""]",0.95,"El texto menciona explícitamente un ""Plan Parcial"" (PLAN_ESP) y un ""proyecto de urbanización"" (PROY_URB). La aprobación es ""provisional"", lo que indica la fase correspondiente.",52.385
46,borm,"Sometimiento a información pública de la documentación integrante del Avance del Plan Especial de Reordenación Urbana en parcela de equipamiento docente EED (TA-382), Espinardo, para la ejecución de una residencia universitaria.",PLAN_ESP,True,PLAN_ESP,"fase_avance,uso_equipamiento",Avance Plan Especial Reordenacion Urbana parcela equipamiento docente residencia universitaria,True,anuncio,"[""PLAN_ESP""]","[""fase_avance"", ""uso_residencial"", ""uso_equipamiento"", ""uso_rustico""]",0.98,"""Plan Especial de Reordenación Urbana"" indica categoría PLAN_ESP. ""Avance"" determina fase_avance. ""Residencia universitaria"" apunta a uso_residencial, y ""equipamiento docente"" a uso_equipamiento, en suelo de Espinardo (rústico por contexto de campus).",57.388
47,dog,"ANUNCIO de aprobación definitiva del estudio de detalle para la ampliación del complejo deportivo Agra I, en Agra do Orzán (expediente 631/2023/121).",PLAN_ESP,True,PLAN_ESP,"fase_definitiva,uso_equipamiento",Aprobacion definitiva ED ampliacion complejo deportivo Agra I,True,anuncio,"[""PLAN_ESP""]","[""fase_definitiva"", ""uso_equipamiento""]",0.95,"El texto cita explícitamente ""aprobación definitiva del estudio de detalle"" para una ampliación deportiva. Por la Regla 2, un ""estudio de detalle"" se clasifica como PLAN_ESP y no PGOU, aunque sea de referencia a normativas urbanísticas. Las subcategorías son fase_definitiva (por 'aprobación definitiva') y uso_equipamiento (por 'complejo deportivo').",61.136
48,bon,"Aprobación inicial de Estudio de Detalle en las unidades UC-2.3 y UC-2.6 de suelo urbano consolidado de Arguiñariz, parcela 56 del polígono 1",PLAN_ESP,True,PLAN_ESP,fase_inicial,Aprobacion inicial ED unidades UC-2.3 y UC-2.6 Arguiñariz,True,aprobación,"[""PLAN_ESP""]","[""fase_inicial""]",0.92,"""Estudio de Detalle en las unidades UC-2.3 y UC-2.6"": ""estudio de detalle"" indica PLAN_ESP, eximiendo PGOU según reglas críticas; ""aprobación inicial"" indica fase_inicial. No hay suficiente información para clasificar el uso del suelo específico.",109.662
49,bon,Aprobación inicial de Plan Especial de Actuación Urbana en la unidad UO2,PLAN_ESP,True,PLAN_ESP,fase_inicial,Aprobacion inicial Plan Especial Actuacion Urbana unidad UO2,True,aprobación,"[""PLAN_ESP""]","[""fase_inicial"", ""uso_comercial""]",0.85,"""Aprobación inicial de Plan Especial"" indica PLAN_ESP y fase_inicial. El nombre ""Actuación Urbana"" es genérico, por lo que no asigno uso específico (ej. residencial o comercial) salvo que se mencione explícitamente; la confianza baja a 0.85 por esta ambigüedad en el uso.""",102.527
50,bocyl,"ACUERDO de 19 de diciembre de 2024, del Pleno del Ayuntamiento de Palencia, por el que se aprueba definitivamente la modificación puntual del Plan General de Ordenación Urbana de Palencia, en el ámbito de la ficha n.º 6, zona de Ordenanza Terciario.",MOD_PUN,True,MOD_PUN,"fase_definitiva,uso_comercial",Aprobacion definitiva mod puntual PGOU Palencia zona Terciario,True,acuerdo,"[""MOD_PUN""]","[""fase_definitiva"", ""uso_comercial""]",0.98,"El texto menciona explícitamente ""modificación puntual del Plan General de Ordenación Urbana"", lo que activa la categoría MOD_PUN y excluye PGOU según las reglas críticas. La zona es ""Terciario"" (comercial), justificando el uso_comercial, y se aprueba ""definitivamente"", activando fase_definitiva.",57.533
51,boc,Informe Ambiental Estratégico de la Modificación Puntual 1/2022 de las Normas Subsidiarias de planeamiento de Riotuerto.,MOD_PUN,True,MOD_PUN,fase_ip,IAE Modificacion Puntual 1/2022 NNSS Riotuerto,False,información_pública,[],[],0.6,"El texto se refiere a una ""Informe Ambiental Estratégico"" de una modificación, no es un acto administrativo de aprobación o información pública sobre la misma en el BOLETÍN (es solo un informe). Por tanto, is_relevant=False porque es un estudio/informe ambiental, no un acto de planificación urbanística. Además, si hubiera sido la aprobación de la modificación puntual, sería MOD_PUN, pero aquí el objeto principal es el informe.",61.22
52,docm,"Anuncio de 14/01/2025, del Ayuntamiento de Ciudad Real, sobre información pública de la Modificación Puntual número 4 del Plan Parcial del Programa de Actuación Urbanizadora del sector S-MADR2 y del articulado de las Nomas Urbanísticas del Plan General de Ordenación Urbana. Centro de I+D Embarba.",MOD_PUN,True,MOD_PUN,fase_ip,IP Modificacion Puntual 4 Plan Parcial PAU S-MADR2 + PGOU Centro I+D Embarba,True,anuncio,"[""MOD_PUN""]","[""fase_ip""]",0.98,"El texto indica explícitamente ""Modificación Puntual número 4 del Plan Parcial"" y ""articulado de las Normas Urbanísticas del Plan General"", lo que activa la categoría MOD_PUN según el ejemplo 1 (la modificación puntual excluye PGOU). Se identifica como información pública, por tanto fase_ip.",62.554
53,bor,"Aprobación inicial del proyecto de modificación puntual de las Normas Subsidiarias en la calle El Sol, número 34 y 34 B",MOD_PUN,True,MOD_PUN,fase_inicial,Aprobacion inicial mod puntual NNSS calle El Sol,True,aprobación,"[""MOD_PUN""]","[""fase_inicial""]",0.95,"El texto contiene ""modificación puntual de las Normas Subsidiarias"" y ""Aprobación inicial"", lo que dispara la categoría MOD_PUN y la subcategoría fase_inicial. Por la regla 1, como es una modificación del plan general (o sus normas subsidiarias), se clasifica únicamente como MOD_PUN y no como PGOU.",64.182
54,dogv,ANUNCIO por el que se somete a información pública la modificación puntual número 4 del Plan general de ordenación urbana de Gilet «Redelimitación de la Unidad de Ejecución UE-1»,MOD_PUN,True,MOD_PUN,fase_ip,IP mod puntual 4 PGOU Gilet redelimitacion UE-1,True,anuncio,"[""MOD_PUN""]","[""fase_ip"", ""uso_residencial""]",0.95,"""modificación puntual número 4"" identifica claramente el tipo de acto MOD_PUN según la regla que excluye PGOU. La mención a ""Unidad de Ejecución UE-1"" y ""Redelimitación"" indica una intervención en suelo residencial, justificando la subcategoría uso_residencial. La fase es información pública (fase_ip).",65.331
55,bor,"Aprobación inicial de la Modificación Puntual Número 15 del Plan General Municipal de Calahorra, para ampliación del equipamiento público",MOD_PUN,True,MOD_PUN,"fase_inicial,uso_equipamiento",Aprobacion inicial Mod Puntual 15 PGM Calahorra equipamiento publico,True,aprobación,"[""MOD_PUN""]","[""fase_inicial"", ""uso_equipamiento""]",0.98,"""aprobación inicial de la Modificación Puntual Número 15"" indica el tipo de acto (MOD_PUN) y fase (fase_inicial). ""ampliación del equipamiento público"" identifica el uso (uso_equipamiento). Se aplica la regla crítica: MOD_PUN excluye PGOU.",64.54
56,bocyl,"ACUERDO de 26 de febrero de 2025, de la Comisión Territorial de Medio Ambiente y Urbanismo de Soria, por el que se aprueba definitivamente la modificación puntual número 55 de las Normas Urbanísticas Municipales de Golmayo (Soria). Expte.: 35/2025 U.",MOD_PUN,True,MOD_PUN,fase_definitiva,Aprobacion definitiva mod puntual 55 NUM Golmayo,True,acuerdo,"[""MOD_PUN""]","[""fase_definitiva""]",0.98,"El texto menciona ""modificación puntual número 55 de las Normas Urbanísticas Municipales"", lo que activa la categoría MOD_PUN. Según la regla 1, al ser una modificación puntual del plan general, se excluye la categoría PGOU. La subcategoría fase_definitiva se infiere por ""aprueba definitivamente"".",64.924
57,bocyl,"ACUERDO de 26 de febrero de 2025, de la Comisión Territorial de Medio Ambiente y Urbanismo de Soria, por el que se aprueba definitivamente la modificación puntual número 56 de las Normas Urbanísticas Municipales de Golmayo (Soria), promovida por «Inmobiliaria M.R., S.A.U.». Expte.: 34/2025 U.",MOD_PUN,True,MOD_PUN,fase_definitiva,Aprobacion definitiva mod puntual 56 NUM Golmayo,True,acuerdo,"[""MOD_PUN""]","[""fase_definitiva""]",0.98,"El texto menciona explícitamente ""modificación puntual número 56 de las Normas Urbanísticas Municipales"", lo que activa la categoría MOD_PUN según la regla crítica que excluye PGOU cuando se aprueba una modificación puntual. El fragmento ""aprueba definitivamente"" confirma la fase definitiva.",65.201
58,doe,Anuncio de 24 de marzo de 2025 sobre exposición al público de aprobación de viabilidad e inicial modificación puntual del Plan General Urbano.,MOD_PUN,True,MOD_PUN,fase_inicial,Exposicion publica aprobacion viabilidad e inicial mod puntual PGU,True,anuncio,"[""MOD_PUN""]","[""fase_avance""]",0.92,"El texto menciona explícitamente ""inicial modificación puntual del Plan General Urbano"", lo que activa la categoría MOD_PUN. Además, ""exposición al público"" indica la fase inicial (fase_avance), citando el fragmento ""exposición al público de..."".",59.299
59,bocyl,"ACUERDO de 26 de octubre de 2023, de la Comisión Territorial de Medio Ambiente y Urbanismo de León, por el que se aprueba definitivamente la modificación puntual n.º 3 de las Normas Urbanísticas Municipales de Maraña (León). Expte.: 2022-137.",MOD_PUN,True,MOD_PUN,fase_definitiva,Aprobacion definitiva mod puntual 3 NUM Maraña,True,resolución,"[""MOD_PUN"", ""PGOU""]","[""fase_definitiva""]",0.95,"Texto: ""modificación puntual n.º 3 de las Normas Urbanísticas Municipales"" dispara MOD_PUN (regla 1). Mención explícita a ""Normas Urbanísticas Municipales"" implica modificación del PGOU/NUM, y como es definitiva -> fase_definitiva. No se aprueba el PGOU completo ni un plan especial, sino su modificación puntual.",67.291
60,bocyl,"ORDEN MAV/129/2025, de 12 de febrero, por la que se formula el informe ambiental estratégico de la modificación puntual n.º 9 del Plan General de Ordenación Urbana de Dueñas (Palencia). EAES/2024/110.",MOD_PUN,True,MOD_PUN,fase_ip,IAE mod puntual 9 PGOU Dueñas,True,orden,"[""MOD_PUN""]","[""fase_inicial""]",0.95,"El texto menciona explícitamente ""modificación puntual n.º 9 del Plan General"", lo que implica solo MOD_PUN según la regla 1 (la modificación no es el plan completo). La expresión ""formula el informe ambiental estratégico"" corresponde a información pública, por lo que se asigna fase_inicial.",61.909
61,docm,"Anuncio de 27/01/2025, del Ayuntamiento de Esquivias (Toledo), sobre información pública de la Modificación Puntual número 5 de las Normas Subsidiarias de Planeamiento Municipal (ordenación detallada) de los artículos 4.3.1, 4.3.2, 5.6.4, 5.6.5, 5.6.6, 5.6.7, 5.7.4, 5.7.5, 5.7.6, 5.7.7, incluidos en las normas generales de la edificación y ordenanzas de suelo urbano de las mismas.",MOD_PUN,True,MOD_PUN,fase_ip,IP Modificacion Puntual 5 NNSS Esquivias normativa edificacion,True,anuncio,"[""MOD_PUN""]","[""fase_ip""]",0.98,"""Modificación Puntual número 5 de las Normas Subsidiarias"" -> etiqueta MOD_PUN (cumple regla 1). ""información pública"" -> subcategoria fase_ip (regla de ciclo urbanístico). El texto no menciona usos específicos como residencial o industrial, por lo que no se asignan subcategorías de uso.",63.267
62,doe,"Anuncio de 24 de enero de 2025 sobre aprobación inicial de la modificación puntual 2/2024/OD, modificación de la alineación de la avenida de la Paz en su encuentro con calle Luis Chamizo.",MOD_PUN,True,MOD_PUN,fase_inicial,Aprobacion inicial mod puntual 2/2024/OD modificacion alineacion av Paz,True,anuncio,"[""MOD_PUN""]","[""fase_inicial""]",0.95,"El texto contiene explícitamente ""modificación puntual"" del Plan General, lo cual según las reglas críticas excluye la categoría PGOU y asigna solo MOD_PUN. Además, se menciona la ""aprobación inicial"", que corresponde a la subcategoría fase_inicial. El fragmento clave es ""modificación puntual 2/2024/OD"".",57.289
63,bocyl,"ORDEN MAV/55/2025, de 24 de enero, por la que se formula el informe ambiental estratégico de la modificación puntual de las Normas Urbanísticas Municipales de Valle de Mena (Burgos), sector SUNC-04 en Villasana de Mena. Expte.: EAES/2024/080.",MOD_PUN,True,MOD_PUN,fase_ip,IAE mod puntual NUM Valle de Mena sector SUNC-04,True,orden,"[""MOD_PUN""]","[""fase_ip""]",0.95,"La descripción indica ""informe ambiental estratégico de la modificación puntual"", lo cual corresponde a la categoría MOD_PUN (modificación de las normas urbanísticas). La subcategoría fase_ip se deriva de ""se formula el informe ambiental"" y del contexto de expediente, indicando una fase inicial o de información pública. El documento es relevante al ser un acto administrativo que modifica las Normas Urbanísticas Municipales.",57.419
64,bocyl,"ORDEN MAV/91/2025, de 4 de febrero, por la que se formula el informe ambiental estratégico de la modificación puntual de las Normas Urbanísticas Municipales de Bermillo de Sayago, reclasificación parcela 22 y parte de la parcela 9013 del polígono 107, de Torrefrades (Zamora). Expte.: EAES/2024/087.",MOD_PUN,True,MOD_PUN,fase_ip,IAE mod puntual NUM Bermillo de Sayago reclasificacion parcela,True,orden,"[""MOD_PUN""]","[""fase_ip"", ""uso_rustico""]",0.95,"La orden formula un ""informe ambiental estratégico"" para una ""modificación puntual de las Normas Urbanísticas Municipales"", lo cual corresponde a la categoría MOD_PUN según el fragmento ""modificación puntual de las Normas Urbanísticas Municipales"". Las parcelas mencionadas pertenecen al polígono 107, lo que indica suelo rústico (reclasificación), correspondiendo a uso_rustico. El acto es una orden y se encuentra en fase de información pública por estar sometido a informe ambiental estratégico.",66.962
65,bocyl,"ORDEN MAV/108/2025, de 7 de febrero, por la que se formula la declaración ambiental estratégica de la modificación puntual n.º 2/2021 de las Normas Urbanísticas Municipales de Ayllón (Segovia), división del suelo urbanizable de uso industrial SUR-7 «La Mesa» en los sectores SUR-7A y SUR-7B y ordenación detallada del sector SUR-7A. EAEO/2024/018.",MOD_PUN,True,MOD_PUN,"fase_ip,uso_industrial",DAE mod puntual 2/2021 NUM Ayllón SUR-7 uso industrial,True,orden,"[""MOD_PUN""]","[""fase_definitiva"", ""uso_industrial""]",0.98,"El texto menciona explícitamente ""modificación puntual n.º 2/2021 de las Normas Urbanísticas Municipales"" y se formula como una ""ORDEN"", lo que indica un acto administrativo definitivo. Aunque el texto habla del PGOU y las NNMM, el objeto del acto es la modificación puntual, no el plan general completo. Por tanto, la categoría correcta es MOD_PUN y no PGOU, siguiendo la regla de exclusión. Además, se refiere a un uso industrial en el suelo urbanizable, por lo que es apropiado etiquetar con uso_industrial.",70.591
66,dog,"ANUNCIO de información pública relativa a la aprobación inicial de la modificación puntual de las normas subsidiarias de planeamiento de ámbito municipal, para la delimitación de un área de núcleo rural de Vilar do Mato (MPNNSSPP/SNR Vilar do Mato).",MOD_PUN,True,MOD_PUN,fase_inicial,Aprobacion inicial mod puntual NNSS delimitacion nucleo rural Vilar do Mato,True,anuncio,"[""MOD_PUN""]","[""fase_inicial""]",0.98,"El texto menciona explícitamente ""modificación puntual de las normas subsidiarias"", lo que según la regla 1 activa exclusivamente la categoría MOD_PUN (el PGOU es el objeto, no el acto). El fragmento ""ANUNCIO de información pública relativa a la aprobación inicial"" identifica el tipo de acto y la subcategoría fase_inicial.",56.165
67,boib,Aprobación inicial de la modificación puntual nº 3 de las vigentes normas subsidiarias,MOD_PUN,True,MOD_PUN,fase_inicial,Aprobacion inicial mod puntual 3 NNSS vigentes,True,aprobación,"[""MOD_PUN""]","[""fase_inicial""]",0.98,"El texto contiene explícitamente ""modificación puntual"", que según las reglas exclusivas para MOD_PUN, anula cualquier categoría PGOU aunque se mencione. La calificación es de ""Aprobación inicial"".",47.791
68,boja,"Edicto de 29 de enero de 2025, de la Gerencia Municipal de Urbanismo del Excmo. Ayuntamiento de Almería, de información pública del procedimiento de Evaluación Ambiental Estratégica de la 78.ª modificación puntual del PGOU de Almería. (PP. 230/2025).",MOD_PUN,True,MOD_PUN,fase_ip,IP EAE 78 mod puntual PGOU Almeria,True,edicto,"[""MOD_PUN""]","[""fase_ip""]",0.98,"La publicación es un ""Edicto"" de ""información pública"" (fase IP) sobre una ""modificación puntual del PGOU"", lo que implica una actuación administrativa de modificación puntual en fase informativa. El texto menciona el PGOU como referencia modificable, no como objeto principal de aprobación completa.",53.407
69,doe,Anuncio de 28 de enero de 2025 sobre aprobación de la modificación puntual n.º 2 a-b-c-e del Plan General Municipal.,MOD_PUN,True,MOD_PUN,,Aprobacion mod puntual 2 a-b-c-e PGM sin fase explicita,True,anuncio,"[""MOD_PUN""]","[""fase_definitiva""]",0.98,"El texto dice ""anuncio de ... aprobación de la modificación puntual n.º 2"", lo que indica una MOD_PUN en fase definitiva por la palabra ""aprobación"". Se cita al ""Plan General Municipal"" como objeto modificado, no como plan general completo aprobado, cumpliendo la regla crítica de que MOD_PUN excluye PGOU.",56.044
70,bocyl,INFORMACIÓN pública relativa a la aprobación inicial de la modificación puntual n.º 4 de las Normas Urbanísticas Municipales de San Cristóbal de Segovia (Segovia). Expte.: 318/2025.,MOD_PUN,True,MOD_PUN,fase_inicial,IP aprobacion inicial mod puntual 4 NUM San Cristobal de Segovia,True,información_pública,"[""MOD_PUN""]","[""fase_inicial""]",0.95,"El texto menciona explícitamente ""modificación puntual n.º 4 de las Normas Urbanísticas Municipales"", que según la regla 1 dispara SOLO MOD_PUN sin incluir PGOU, ya que el plan es el objeto de modificación. La subcategoría fase_inicial se infiere del contexto de ""aprobación inicial"".",56.075
71,dog,ANUNCIO de la aprobación definitiva de la modificación puntual del Plan general de ordenación municipal y del PE-1 en el ámbito de la parcela EM-FE (O Espiño) (expediente 2024/00051617M).,MOD_PUN,True,MOD_PUN,fase_definitiva,Aprobacion definitiva mod puntual PGOM y PE-1 parcela EM-FE O Espiño,True,aprobación,"[""MOD_PUN""]","[""fase_definitiva""]",0.98,"El texto menciona explícitamente ""aprobación definitiva de la modificación puntual del Plan general"", lo que según las reglas críticas activa únicamente la categoría MOD_PUN, ya que excluye PGOU. La subcategoría fase_definitiva se deriva de ""aprobación definitiva"".",58.105
72,dogv,ANUNCIO de la modificación puntual del Plan general de ordenación urbana 82 en la avenida del Parador y calles del Rèmol y del Corball.,MOD_PUN,True,MOD_PUN,,Anuncio mod puntual PGOU 82 av del Parador sin fase explicita,True,anuncio,"[""MOD_PUN""]",[],0.95,"""modificación puntual del Plan general de ordenación urbana 82"" indica claramente un acto de tipo MOD_PUN según la regla 1. No hay suficiente información sobre la fase o uso específico para asignar subcategorías.",58.094
73,borm,Aprobación inicial de la modificación puntual n.º 8 del Plan Especial de Ordenación y Protección del Conjunto Histórico de Cartagena en parcela 78342-11 C/ Real 12. Mercantil Dentro y Fuera SL.,MOD_PUN,True,MOD_PUN,fase_inicial,Aprobacion inicial mod puntual 8 Plan Especial Conjunto Historico Cartagena,True,aprobación,"[""PLAN_ESP"", ""MOD_PUN""]","[""fase_inicial"", ""uso_comercial""]",0.92,"El texto menciona explícitamente ""modificación puntual n.º 8"" (disparador MOD_PUN) y también ""Plan Especial de Ordenación y Protección del Conjunto Histórico"" (disparador PLAN_ESP). La subcategoría fase_inicial se infiere de ""Aprobación inicial"", y uso_comercial se deriva del nombre del titular ""Mercantil"".",69.593
74,doe,"Acuerdo de 30 de noviembre de 2023, de la Comisión de Urbanismo y Ordenación del Territorio de Extremadura, de aprobación definitiva de la modificación puntual n.º 1 del Plan General Municipal de Malpartida de Cáceres para la delimitación de la Unidad de Actuación UA-AU-10.1 del polígono industrial ""Las Arenas"", con el objetivo de eliminar la discontinuidad existente compactando la misma.",MOD_PUN,True,MOD_PUN,"fase_definitiva,uso_industrial",Aprobacion definitiva mod puntual 1 PGM Malpartida poligono industrial Las Arenas,True,acuerdo,"[""MOD_PUN""]","[""fase_definitiva"", ""uso_industrial""]",0.98,"El texto indica explícitamente ""modificación puntual n.º 1 del Plan General Municipal"". Por la regla crítica #1, esto excluye PGOU y se clasifica como MOD_PUN. La justificación cita: ""aprobación definitiva de la modificación puntual n.º 1 del Plan General Municipal"". El uso es industrial por referencia a ""polígono industrial"".",74.021
75,bocyl,"INFORMACIÓN pública relativa a la solicitud de autorización de uso excepcional de suelo rústico, para la ejecución del proyecto de urbanización de calles y plazas, en el término municipal de Pozaldez (Valladolid), obra incluida en el Plan Diputación-Ayuntamientos 2024-2025. Expte.: 1/2025.",PROY_URB,True,"PROY_URB,LIC_URB",uso_rustico,IP autorizacion uso excepcional suelo rustico para proyecto urbanizacion calles Pozaldez,True,información_pública,"[""LIC_URB""]","[""fase_ip"", ""uso_comercial"", ""uso_industrial""]",0.85,"Texto menciona explícitamente ""autorización de uso excepcional de suelo rústico"" en BOCYL (Castilla y León), lo que según las reglas corresponde a LIC_URB, no DIC_INT. El ""proyecto de urbanización de calles y plazas"" implica usos mixtos comerciales e industriales (equipamientos públicos), justificando la subcategoría uso_comercial y uso_industrial como complementarias al principal suelo rústico.",72.628
76,doe,Anuncio de 19 de febrero de 2025 sobre aprobación inicial del Proyecto de Urbanización que afecta al Sector Urbanizable SUB-1 de las Normas Subsidiarias Municipales.,PROY_URB,True,PROY_URB,fase_inicial,Aprobacion inicial Proyecto Urbanizacion sector SUB-1 NNSS,True,anuncio,"[""PROY_URB""]","[""fase_inicial""]",0.95,"El texto menciona ""Proyecto de Urbanización"" y su ""aprobación inicial"", lo que encaja directamente con la categoría PROY_URB (ejemplo: ""proyecto de urbanización""). La subcategoría fase_inicial se infiere de ""aprobación inicial"". Se cita a las Normas Subsidiarias como marco normativo, no como objeto del acto principal.",66.358
77,boja,"Anuncio de 14 de marzo de 2025, de la Dirección General de Ordenación del Territorio, Urbanismo y Agenda Urbana, por el que se notifica acuerdo de inicio de procedimiento sancionador por adquisición de cuotas y porcentajes de propiedad en parcelación urbanística, en el término municipal de Dos Hermanas (Sevilla).",PROY_URB,True,PROY_URB,,Inicio procedimiento sancionador parcelacion urbanistica ilegal Dos Hermanas,True,anuncio,"[""PROY_URB""]",[],0.92,"""procedimiento sancionador por adquisición de cuotas y porcentajes de propiedad en parcelación urbanística"" corresponde a un acto de legalidad urbanística sobre reparto de lotes, encuadrándose en la categoría PROY_URB según la regla 6. No se identifica fase ni uso concreto.",62.121
78,bor,"Modificado al Proyecto de Urbanización en UE N 7-10 ""Río San Miguel"" proveniente del PERI 41 Río San Miguel. Aprobación inicial. 09.3. Expediente URB07-2024/0007",PROY_URB,True,PROY_URB,fase_inicial,Aprobacion inicial Modificado Proyecto Urbanizacion UE N7-10 Rio San Miguel,True,aprobación,"[""PROY_URB""]","[""fase_inicial""]",0.95,"La descripción menciona ""Aprobación inicial"" del ""Proyecto de Urbanización en UE N 7-10"", lo que indica una aprobación del primer paso (inicial) de un proyecto de ejecución urbanística, clasificando el acto como PROY_URB.",61.771
79,boja,"Anuncio de 20 de diciembre de 2024, de la Dirección General de Ordenación del Territorio, Urbanismo y Agenda Urbana, por el que se requiere el cumplimiento de la resolución finalizadora de procedimiento de restablecimiento de la legalidad territorial por parcelación urbanística, en el t.m. de San Roque (Cádiz).",PROY_URB,True,PROY_URB,,Requerimiento cumplimiento legalidad territorial parcelacion urbanistica San Roque,True,anuncio,"[""PROY_URB""]","[""fase_definitiva""]",0.95,"El texto menciona ""restablecimiento de la legalidad territorial por parcelación urbanística"", que según las reglas cae bajo PROY_URB (incluye actos de legalidad urbanística). La fase es definitiva al ser una resolución finalizadora. No hay mención de PGOU completo ni otros tipos.",61.989
80,boc,"Aprobación definitiva de la modificación del ámbito de la Unidad de Ejecución R-06 de Renedo, así como estimación y desestimación de alegaciones. Expediente 2023/8287.",PROY_URB,True,PROY_URB,fase_definitiva,Aprobacion definitiva modificacion ambito UE R-06 Renedo,True,aprobación,"[""PROY_URB""]","[""fase_definitiva""]",0.95,"El texto menciona ""Aprobación definitiva de la modificación del ámbito de la Unidad de Ejecución"", lo cual se clasifica como PROY_URB (proyecto de urbanización) según las reglas de clasificación. La subcategoría es fase_definitiva por la palabra ""aprobación definitiva"".",63.413
81,bocyl,"APROBACIÓN definitiva del Convenio Urbanístico de obtención de terrenos para su destino de dotación pública establecido en el Planeamiento Urbanístico vigente, ejecutando su urbanización según el proyecto de urbanización de la calle Menéndez Pidal en Villaobispo de las Regueras, en el término municipal de Villaquilambre (León).",PROY_URB,True,PROY_URB,"fase_definitiva,uso_equipamiento",Aprobacion definitiva Convenio Urbanistico + PU calle Menendez Pidal dotacion publica,True,aprobación,"[""PROY_URB""]","[""fase_definitiva""]",0.95,"El texto menciona ""Convenio Urbanístico de obtención de terrenos... ejecutando su urbanización según el proyecto de urbanización"", lo que enmarca la publicación como un acto relativo a la legalidad y ejecución de un proyecto de urbanización, excluyendo la categoría PGOU para el plan general. La mención explícita de ""proyecto de urbanización"" activa la etiqueta PROY_URB (Regla 6 y ejemplo similar).",70.209
82,dogv,"ANUNCIO de la modificación puntual del Plan parcial de la unidad de ejecución número 1 del sector O-1 Las Filipinas, del Plan general municipal de ordenación urbana de Orihuela.",PROY_URB,True,MOD_PUN,,Modificacion puntual Plan Parcial UE1 sector O-1 Las Filipinas Orihuela,True,anuncio,"[""PLAN_ESP"", ""MOD_PUN""]","[""fase_ip""]",0.85,"El texto menciona explícitamente ""modificación puntual"" (MOD_PUN) de un ""Plan parcial"" (PLAN_ESP). Al ser una modificación puntual de un plan especial, se asignan ambas categorías, aunque la modificación puntual es el acto jurídico principal. La subcategoría fase_ip se infiere por el tipo de documento ""anuncio"" en información pública sobre la modificación.",67.945
83,dogv,ANUNCIO en relación a la información pública de la aprobación inicial del proyecto de reparcelación voluntaria modificada de la unidad de ejecución del plan de reforma interior UE 4.2. Montesano.,PROY_URB,True,PROY_URB,fase_inicial,IP aprobacion inicial proyecto reparcelacion voluntaria UE 4.2 Montesano,True,anuncio,"[""PROY_URB"", ""PGOU""]","[""fase_inicial"", ""uso_residencial""]",0.95,"El texto menciona ""aprobación inicial del proyecto de reparcelación"" y ""unidad de ejecución"", lo que indica una actuación de PROY_URB (reparcelación) en fase_inicial. También se alude a ""plan de reforma interior"" (PGOU), aunque la clasificación principal es el proyecto de reparcelación.",66.765
84,boja,"Anuncio de 30 de enero de 2025, de la Dirección General de Ordenación del Territorio, Urbanismo y Agenda Urbana, por el que se notifica acuerdo de inicio de procedimiento sancionador por adquisición de cuotas y porcentajes de propiedad en parcelación urbanística, en el término municipal de Dos Hermanas (Sevilla).",PROY_URB,True,PROY_URB,,Inicio procedimiento sancionador parcelacion urbanistica Dos Hermanas duplicado,True,anuncio,"[""PROY_URB""]","[""fase_inicial""]",0.95,"La publicación menciona ""procedimiento sancionador por adquisición de cuotas y porcentajes de propiedad en parcelación urbanística"" lo cual encaja con la regla 6 (acto de legalidad urbanística/procedimientos por parcelación). El fragmento clave es ""inici de procedimiento sancionador... en parcelación urbanística"".",64.922
85,bon,Denominación de la vía pública y numeración de las parcelas resultantes del proyecto de reparcelación del Sector 1 de Arazuri,PROY_URB,True,PROY_URB,,Denominacion via publica numeracion parcelas proyecto reparcelacion Sector 1 Arazuri,True,anuncio,"[""PROY_URB""]","[""fase_definitiva"", ""uso_rustico""]",0.85,"La descripción menciona ""proyecto de reparcelación del Sector 1"", lo que activa la categoría PROY_URB según las señales para ""reparcelación"". La fase se considera definitiva por el tono de aprobación (""Denominación... y numeración... resultantes""). Se infiere uso_rustico porque en ausencia de especificaciones de otro tipo y tratándose de un sector (comúnmente asociado a suelo rústico o zona no edificable donde la reparcelación es compleja), se asigna el subuso más habitual, aunque la confianza baja ligeramente por la falta de datos explícitos sobre el uso del suelo.",80.739
86,boja,"Anuncio de 20 de diciembre de 2024, de la Dirección General de Ordenación del Territorio, Urbanismo y Agenda Urbana, por el que se requiere el cumplimiento de la resolución finalizadora de procedimiento de restablecimiento de la legalidad territorial por parcelación urbanística, en el t.m. de San Roque (Cádiz).",PROY_URB,True,PROY_URB,,Requerimiento legalidad territorial parcelacion San Roque duplicado,True,anuncio,"[""PROY_URB""]",[],0.92,"El texto menciona ""procedimiento de restablecimiento de la legalidad territorial por parcelación urbanística"", lo que corresponde a la categoría PROY_URB según la regla 6. No se especifica fase ni uso concreto en el fragmento proporcionado.",55.163
87,bocyl,APROBACIÓN definitiva del proyecto de urbanización de la UA1 de Bernuy de Porreros (Segovia). Expte.: 259/2024.,PROY_URB,True,PROY_URB,fase_definitiva,Aprobacion definitiva proyecto urbanizacion UA1 Bernuy de Porreros,True,aprobación,"[""PROY_URB""]","[""fase_definitiva""]",0.98,"El texto es explícito: ""APROBACIÓN definitiva del proyecto de urbanización"". Según las reglas, un ""proyecto de urbanización"" que se aprueba definitivamente se clasifica como PROY_URB, excluyendo PGOU.",51.944
88,borm,"Anuncio de aprobación inicial del programa de actuación, el proyecto de reparcelación y el proyecto de urbanización de las Unidades de Actuación n.º 3A y 3B de las Normas Subsidiarias de Planeamiento.",PROY_URB,True,PROY_URB,fase_inicial,Aprobacion inicial PA + proyecto reparcelacion + PU UA 3A y 3B NNSS,True,anuncio,"[""PROY_URB""]","[""fase_inicial"", ""uso_rustico""]",0.95,"El texto menciona explícitamente ""proyecto de reparcelación"" y ""proyecto de urbanización"". Según la regla 3, estos actos excluyen PGOU incluso si se refieren a las Normas Subsidiarias como marco. La mención a ""Unidades de Actuación"" en el contexto de Normas Subsidiarias indica una intervención en suelo rústico no urbanizado (uso_rustico). El act_type es ""anuncio"" ya que es un anuncio de aprobación inicial.",64.72
89,dog,"ANUNCIO de 22 de enero de 2025, de la Dirección General de Calidad Ambiental y Sostenibilidad, por el que se hace público el informe de impacto ambiental del proyecto de urbanización para la ampliación del parque tecnológico y logístico de Vigo, en el ayuntamiento de Vigo (Pontevedra) (expediente 2023/0100).",PROY_URB,True,PROY_URB,"fase_ip,uso_industrial",IAA proyecto urbanizacion ampliacion parque tecnologico logistico Vigo,True,anuncio,"[""PROY_URB""]","[""fase_ip""]",0.92,"El texto menciona ""proyecto de urbanización"" para la ampliación del parque tecnológico y logístico, lo cual encaja directamente con la categoría PROY_URB según las reglas críticas (excluye PGOU). La publicación es un ""ANUNCIO... por el que se hace público el informe de impacto ambiental"", indicando una fase de información pública (fase_ip). No hay referencia a uso específico del suelo que justifique añadir subcategorías de uso.",61.614
90,dogc,"Anuncio por el que se somete a información pública la solicitud de autorización administrativa previa, autorización administrativa de construcción, autorización del proyecto de actuación específica de interés público en suelo no urbanizable y evaluación de impacto ambiental del proyecto de la planta solar fotovoltaica denominada PS Eguzki Alt Empordà, de 4,95 MW sobre terreno en suelo no urbanizable, en el término municipal de L'Escala, en la provincia de Girona, y su infraestructura de evacuación, líneas soterradas a 25 kV, líneas aéreas a 25 kV y centro de medida, en los términos municipales de L'Escala y Albons (exp. FUE-2024-03915984, ref. 3095)",LIC_URB,True,LIC_URB,"fase_ip,uso_energetico,uso_rustico","IP actuacion especifica interes publico suelo no urbanizable solar FV 4,95 MW L'Escala",False,anuncio,[],[],1.0,"La publicación trata de una ""planta solar fotovoltaica"" con ""autorización del proyecto"", ""licencia de obra mayor"" y ""evaluación de impacto ambiental"". Según la regla crítica #5, estos trámites son B0 (energéticos), no urbanísticos. Aunque se menciona el uso del suelo, es un asunto energético, no una clasificación PGOU/PLAN_ESP/LIC_URB en sentido estricto para esta tarea.",62.158
91,dogc,"Anuncio por el que se somete a información pública la solicitud de autorización administrativa previa, autorización administrativa de construcción, autorización del proyecto de actuación específica de interés público en suelo no urbanizable y evaluación de impacto ambiental del proyecto de la planta solar fotovoltaica denominada Can Bou, de 4.950 kW en suelo no urbanizable, en el término municipal de Subirats, en la provincia de Barcelona, y su infraestructura de evacuación, líneas soterradas a 25 kV, en el término municipal de Subirats (exp. FUE-2024-03662271, ref. 02921)",LIC_URB,True,LIC_URB,"fase_ip,uso_energetico,uso_rustico",IP actuacion especifica suelo no urbanizable solar FV Can Bou 4950 kW Subirats,False,anuncio,[],[],0.98,"La publicación trata sobre una planta solar fotovoltaica, que es un proyecto de actividad energética y no urbanístico (trámite B0). Aunque menciona ""suelo no urbanizable"", se trata de una autorización administrativa previa y de construcción para un proyecto energético, no de un acto administrativo urbano como aprobación de planes, modificación puntual, o declaración de interés comunitario/autorización de uso excepcional en el sentido estrictamente urbanístico que clasifica este dominio (este es más bien un acto ambiental/administrativo energético).",62.22
92,bocyl,"ORDEN MAV/239/2025, de 11 de marzo, por la que se aprueba definitivamente la modificación del Plan General de Ordenación Urbana de Burgos, para cambio de calificación urbanística de la parcela situada en la calle López Bravo n.º 53 (polígono Villalonquéjar).",LIC_URB,True,MOD_PUN,"fase_definitiva,uso_industrial",Aprobacion definitiva mod PGOU Burgos cambio calificacion urbanistica parcela Lopez Bravo,True,orden,"[""MOD_PUN""]","[""fase_definitiva"", ""uso_rustico"", ""uso_comercial""]",0.98,"El texto menciona ""modificación del Plan General de Ordenación Urbana"" (MOD_PUN) y no ""modificación puntual"", pero la regla crítica 1 especifica que MOD_PUN excluye PGOU, asignando SOLO MOD_PUN. El fragmento ""cambio de calificación urbanística"" indica un cambio de uso en suelo rústico a comercial, justificando las subcategorías uso_rustico y uso_comercial (fase_definitiva por ""aprueba definitivamente"").",64.095
93,bocyl,"CORRECCIÓN de errores de la información pública relativa a la solicitud de autorización de uso excepcional de suelo rústico de entorno urbano, para la instalación de un depósito de abastecimiento de agua para agricultores en la parcela 5086 del polígono 501, en el término municipal de Doñinos de Salamanca (Salamanca). Expte.: 783/2024.",LIC_URB,True,LIC_URB,"fase_correccion,uso_rustico",Correccion errores IP autorizacion uso excepcional suelo rustico deposito agua agricultores,True,corrección_errores,"[""LIC_URB""]","[""fase_ip"", ""uso_rustico"", ""uso_equipamiento""]",0.95,"El texto es una ""CORRECCIÓN de errores"" sobre la información pública relativa a una solicitud de ""autorización de uso excepcional de suelo rústico"", lo que en BOCYL se clasifica como LIC_URB. La subcategoría fase_ip corresponde a la información pública, uso_rustico al suelo objeto, y uso_equipamiento por tratarse de un depósito para abastecimiento (infraestructura hídrica).",61.952
94,boe,"Anuncio complementario del Departament d'Acció Climàtica, Alimentació i Agenda Rural - Serveis Territorials a les Terres de l'Ebre de la Generalitat de Catalunya, por el cual se somete a información pública la solicitud de autorización administrativa previa, autorización administrativa de construcción, de declaración de utilidad pública y de autorización del proyecto de actuación específica de interés público en suelo no urbanizable y evaluación de impacto ambiental del proyecto del parque solar denominado Flix-Ascó II de 16,06 MW sobre terreno en suelo no urbanizable, en el término municipal de Flix, en la comarca de la Ribera d'Ebre y su infraestructura de evacuación, línea soterrada en 30 kV que conecta la instalación de producción a la SET ERCAM 30/132 kV en el término municipal de Flix, en la comarca de la Ribera d'Ebre. (Expediente: FUE-2022-02595207).",LIC_URB,True,LIC_URB,"fase_ip,uso_energetico,uso_rustico",IP actuacion especifica suelo no urbanizable solar FV Flix-Asco II 16 MW,False,anuncio,[],[],0.98,"El texto describe una solicitud de ""autorización administrativa previa"" y ""declaración de utilidad pública"" para un parque solar (Flix-Ascó II). Según las reglas críticas, la DUP (Declaración de Utilidad Pública) para proyectos fotovoltaicos/eólicos es un trámite del ámbito energético (B0), no un acto administrativo urbanístico N1 como una calificación de suelo o un plan. Aunque se menciona ""suelo no urbanizable"", el acto principal es la autorización administrativa y la DUP, no una actuación de legalidad urbanística propiamente dicha (como una LIC_URB en sentido estricto) ni una aprobación de planes urbanos. Por tanto, no tiene relación con las categorías N1 monitorean (PGOU, PLAN_ESP, MOD_PUN, PROY_URB, LIC_URB como calificación pura). El texto se refiere a procedimientos administrativos energéticos y ambientales.",83.524
95,bocyl,"INFORMACIÓN pública relativa a la solicitud de autorización de uso excepcional de suelo rústico y licencia urbanística, para la instalación de una torre de telecomunicaciones en la parcela 456 del polígono 22, Horretona, en el término municipal de San Vicente de la Cabeza (Zamora).",LIC_URB,True,LIC_URB,"fase_ip,uso_rustico",IP autorizacion uso excepcional suelo rustico torre telecomunicaciones,True,información_pública,"[""LIC_URB""]","[""fase_ip"", ""uso_rustico""]",0.95,"Texto menciona explícitamente ""licencia urbanística"" y ""autorización de uso excepcional de suelo rústico"" en BOCYL (Castilla y León), lo que lo clasifica como LIC_URB con subcategoría fase_ip por ser información pública. La referencia a ""suelo rústico"" confirma el uso_rustico. No es DIC_INT ya que no es DOGV.",58.928
96,bocyl,"INFORMACIÓN pública relativa a la solicitud de autorización de uso excepcional de suelo rústico y licencia urbanística, para el despliegue de fibra óptica entre Villaquirán de los Infantes y Los Balbases, en el término municipal de Los Balbases (Burgos). Expte.: 57/2024.",LIC_URB,True,LIC_URB,"fase_ip,uso_rustico",IP autorizacion uso excepcional suelo rustico fibra optica Villaquiran-Los Balbases,True,información_pública,"[""LIC_URB""]","[""fase_ip"", ""uso_rustico""]",0.95,"La publicación menciona explícitamente ""solicitud de autorización de uso excepcional de suelo rústico y licencia urbanística"" (fragmento: ""autorización de uso excepcional de suelo rústico y licencia urbanística""), lo que en la Comunidad Autónoma de Castilla y León (BOCYL) corresponde al código LIC_URB, no a DIC_INT que es exclusivo de la Comunitat Valenciana. La fase es información pública (""INFORMACIÓN pública"") y el uso del suelo es rústico.",63.267
97,bocyl,"INFORMACIÓN pública relativa a la solicitud de autorización de uso excepcional de suelo rústico, promovida por «Adamo Telecom Iberia, S.A.U.», para el proyecto de obra civil para la interconexión de fibra óptica entre Barromán-05_05023_000064, en el término municipal de Barromán (Ávila). Expte.: 75/2024.",LIC_URB,True,LIC_URB,"fase_ip,uso_rustico",IP autorizacion uso excepcional suelo rustico fibra optica Barroman,True,información_pública,"[""LIC_URB""]","[""fase_ip"", ""uso_rustico"", ""uso_comercial""]",0.95,"El texto indica ""licencia urbanística"" implícita en ""autorización de uso excepcional de suelo rústico"" y la fase es información pública (""INFORMACIÓN pública""). Se menciona el uso rústico explícitamente. Para una empresa telecom, el uso tiene componente comercial, por lo que se asigna uso_comercial además de uso_rustico.",113.888
98,bocyl,"INFORMACIÓN pública relativa a la solicitud de autorización de uso excepcional de suelo rústico para una instalación solar fotovoltaica de autoconsumo conectada a red con excedentes en la parcela 48 del polígono 5, en el término municipal de Lumbrales (Salamanca). Expte.: 70/2024.",LIC_URB,True,LIC_URB,"fase_ip,uso_energetico,uso_rustico",IP autorizacion uso excepcional suelo rustico solar FV autoconsumo Lumbrales,True,información_pública,"[""LIC_URB""]","[""fase_ip"", ""uso_energetico"", ""uso_rustico""]",0.95,"Texto contiene ""información pública"" sobre solicitud de ""autorización de uso excepcional de suelo rústico"" en Salamanca (boCYL), lo que indica un acto urbanístico de tipo LIC_URB, NO DIC_INT. Uso mixto: solar fotovoltaica + suelo rústico -> uso_energetico y uso_rustico. Fase: información pública -> fase_ip.",58.899
99,bocyl,"INFORMACIÓN pública relativa a la solicitud de autorización de uso excepcional, licencia de obras, licencia de actividad y autorización para la implantación de un servicio terciario de ocupación de tiempo de ocio para niños y hostelero en las naves del polígono Nuestra Señora de la Asunción 28-29, en el término municipal de Villalobón (Palencia).",LIC_URB,True,LIC_URB,"fase_ip,uso_comercial",IP autorizacion uso excepcional licencias servicio ocio hostelero naves poligono,True,información_pública,"[""LIC_URB""]","[""fase_ip"", ""uso_comercial""]",0.95,"La publicación es una ""INFORMACIÓN pública"" (act_type: información_pública) relativa a la solicitud de ""autorización de uso excepcional, licencia de obras, licencia de actividad y autorización para la implantación de un servicio terciario"". Como el boletín es la BOCYL (Castilla y León), corresponde la categoría LIC_URB. El uso del suelo se define como comercial (""servicio terciario"").",115.271
100,bocyl,"INFORMACIÓN pública relativa a la solicitud de autorización de uso excepcional de suelo rústico, promovida por «Adamo Telecom Iberia, S.A.», para la interconexión de fibra óptica en el tramo comprendido entre La Higuera y Lanzahíta, en el término municipal de Lanzahíta (Ávila). Expte.: 32/2023.",LIC_URB,True,LIC_URB,"fase_ip,uso_rustico",IP autorizacion uso excepcional suelo rustico fibra optica La Higuera-Lanzahita,True,información_pública,"[""LIC_URB""]","[""fase_ip"", ""uso_rustico""]",0.95,"El texto menciona explícitamente ""información pública"" (N2) y ""autorización de uso excepcional de suelo rústico"" en el BOCYL (Castilla y León), lo cual según las reglas críticas corresponde a la categoría LIC_URB. La fase es inicial (""fase_ip"") por estar en información pública, y el uso es rústico por la mención al suelo rústico. No es DIC_INT porque este trámite no existe en Castilla y León (aplica solo en DOGV).",63.885
101,bocyl,"INFORMACIÓN pública relativa a la solicitud de autorización de uso excepcional de suelo rústico / protección natural / forestal (SR/PN/F) y afectado como protección cultural / Bic Zona Arqueológica Las Médulas (SR/PC/BIC ZAM), promovida por el Ayuntamiento, para la instalación de una caseta prefabricada de madera en el aparcamiento de Mirador de Orellán en la parcela 1997 del polígono 34, paraje Souto Ribeiro, en el término municipal de Borrenes (León).",LIC_URB,True,LIC_URB,"fase_ip,uso_rustico",IP autorizacion uso excepcional suelo rustico Las Medulas caseta aparcamiento Mirador Orellan,True,información_pública,"[""LIC_URB""]","[""fase_ip"", ""uso_rustico"", ""uso_residencial""]",0.95,"El texto cita explícitamente ""solicitud de autorización de uso excepcional de suelo rústico"" en el BOCYL (Castilla y León), lo que según las reglas define LIC_URB y no DIC_INT. También menciona la instalación de una caseta, indicando un uso residencial. La fase es inicial (""información pública"").",58.304
102,bocyl,"INFORMACIÓN pública relativa a la solicitud de autorización de uso excepcional de suelo rústico y licencia urbanística para la instalación de línea eléctrica subterránea a 3,3 kW, para acometida eléctrica a la parcela 69 del polígono 7, en el término municipal de Matilla de los Caños del Río (Salamanca). Expte.: 13/2025.",LIC_URB,True,LIC_URB,"fase_ip,uso_rustico",IP autorizacion uso excepcional suelo rustico linea electrica subterranea,True,información_pública,"[""LIC_URB""]","[""fase_ip"", ""uso_energetico"", ""uso_rustico""]",0.95,"Texto cita ""solicitud de autorización de uso excepcional de suelo rústico y licencia urbanística"" para instalación eléctrica en BOCYL (Castilla y León), lo que según las reglas corresponde a LIC_URB, no a DIC_INT. Se identifica fase_ip por ""Información pública"". El uso es claramente energético (""línea eléctrica"") en suelo rústico.",58.264
103,docm,"Anuncio de 07/02/2025, del Ayuntamiento de Fuentealbilla (Albacete), sobre información pública del expediente de calificación urbanística para ejecución de instalación de autoconsumo agrovoltaico para alimentar sistema de riego en Fuentealbilla, a instancia de Huerto Tornasol, SL.",LIC_URB,True,LIC_URB,"fase_ip,uso_energetico,uso_rustico",IP calificacion urbanistica suelo rustico instalacion agrovoltaica riego Fuentealbilla,True,anuncio,"[""LIC_URB""]","[""fase_ip"", ""uso_energetico""]",0.95,"El texto menciona explícitamente ""calificación urbanística"" y ""expediente de calificación urbanística"", lo que corresponde a la categoría LIC_URB. Además, el proyecto es para ""autoconsumo agrovoltaico"", un uso energético (uso_energetico). La información pública indica la fase_inicial (fase_ip).",55.065
104,bocyl,"INFORMACIÓN pública relativa a la solicitud de autorización de uso excepcional de suelo rústico, para la construcción de una pista de pádel en la parcela 5164 del polígono 6, en el término municipal de Quintanilla del Molar (Valladolid). Expte.: 9/2025.",LIC_URB,True,LIC_URB,"fase_ip,uso_rustico,uso_equipamiento",IP autorizacion uso excepcional suelo rustico pista padel Quintanilla del Molar,True,información_pública,"[""LIC_URB""]","[""fase_ip"", ""uso_rustico"", ""uso_equipamiento""]",0.98,"""autorización de uso excepcional de suelo rústico"" en BOCYL (Castilla y León) implica LIC_URB, no DIC_INT que es exclusivo de DOGV. El proyecto para una pista de pádel corresponde a un equipamiento deportivo (uso_equipamiento). La fase es información pública.",55.24
105,bocyl,"INFORMACIÓN pública relativa a la solicitud de autorización de uso excepcional de suelo rústico y licencia urbanística, para la construcción de una nave agrícola de 328,02 m² en las parcelas 264, 266 y 267 del polígono 12, en el término municipal de Camponaraya (León). Expte.: 1238/2024.",LIC_URB,True,LIC_URB,"fase_ip,uso_rustico",IP autorizacion uso excepcional suelo rustico nave agricola Camponaraya,True,información_pública,"[""LIC_URB""]","[""fase_ip"", ""uso_rustico""]",0.95,"La publicación menciona explícitamente ""solicitud de autorización de uso excepcional de suelo rústico y licencia urbanística"" en el BOCYL (Castilla y León), lo que corresponde a la categoría LIC_URB. El fragmento ""fase_ip"" se infiere de ""Información pública"". Se añade ""uso_rustico"" por ser suelo rústico y ""construcción de una nave agrícola"". No aplica DIC_INT ya que es Castilla y León, no Comunitat Valenciana.",63.465
106,bocyl,"INFORMACIÓN pública relativa a la solicitud de autorización de uso excepcional de suelo rústico y licencia urbanística, promovida por «American Tower España, S.L.», para el establecimiento de una estación base de telefonía móvil en la parcela 5064 del polígono 3, en el término municipal de Navalilla (Segovia). Expte.: 9/2025.",LIC_URB,True,LIC_URB,"fase_ip,uso_rustico",IP autorizacion uso excepcional suelo rustico estacion base telefonia Navalilla,True,información_pública,"[""LIC_URB""]","[""fase_ip"", ""uso_rustico"", ""uso_industrial""]",0.95,"El texto menciona explícitamente ""información pública"" (actividad N3) y ""solicitud de autorización de uso excepcional de suelo rústico y licencia urbanística"" (categoría LIC_URB), conforme al ejemplo 2 donde similar en Castilla y León se trata como LIC_URB. Se añade uso_rustico por el nombre del suelo. La actividad implica una estación base, que en clasificaciones industriales suele catalogarse como industrial/uso_industrial en estos catálogos (análogo a torres de telecomunicaciones para uso comercial pero no uso_comercial).",67.951
107,bocyl,"INFORMACIÓN pública relativa a la solicitud de autorización de uso excepcional de suelo rústico y licencia urbanística, para la construcción de cuatro edificaciones destinadas al alojamiento rural y dos de servicios comunes en la parcela 70 del polígono 29, en el término municipal de Arenas de San Pedro (Ávila). Expte.: 1737/2023.",LIC_URB,True,LIC_URB,"fase_ip,uso_rustico,uso_residencial",IP autorizacion uso excepcional suelo rustico alojamiento rural Arenas de San Pedro,True,información_pública,"[""LIC_URB""]","[""fase_ip"", ""uso_residencial"", ""uso_rustico""]",0.95,"El texto menciona explícitamente ""licencia urbanística"" y ""autorización de uso excepcional de suelo rústico"". Al tratarse de BOCYL (Castilla y León), no aplica DIC_INT, sino LIC_URB según la regla 4. Los usos residenciales para alojamiento rural y servicios en suelo rústico justifican las subcategorías correspondientes.",114.857
108,bocyl,"INFORMACIÓN pública relativa a la solicitud de autorización de uso excepcional de suelo rústico, licencia urbanística y licencia ambiental, promovido por «Norsol Eléctrica, S.L», para la instalación generadora fotovoltaica «FV Saldaña II», centro de transformación y línea de evacuación en la parcela 57 del polígono 502 , en el término municipal de Saldaña de Burgos (Burgos).",LIC_URB,True,LIC_URB,"fase_ip,uso_energetico,uso_rustico",IP autorizacion uso excepcional suelo rustico + lic ambiental FV Saldana II,UnexpectedModelBehavior,116.145
109,bocyl,"INFORMACIÓN pública relativa a la solicitud de autorización de uso excepcional de suelo rústico y licencia urbanística, promovido por «Avatel Telecom, S.A.», para la instalación de fibra óptica subterránea, en el término municipal de Fuentes de Valdepero (Palencia). Expte.: 1/2025.",LIC_URB,True,LIC_URB,"fase_ip,uso_rustico",IP autorizacion uso excepcional suelo rustico fibra optica Fuentes de Valdepero,True,información_pública,"[""LIC_URB""]","[""fase_ip"", ""uso_rustico""]",0.95,"La publicación es de BOCYL (Castilla y León) sobre ""autorización de uso excepcional de suelo rústico"" para fibra óptica, lo que por regla 4 corresponde a LIC_URB + uso_rustico. El fragmento clave es: ""licencia urbanística... autorización de uso excepcional de suelo rústico"".",109.02
110,bocyl,"INFORMACIÓN pública relativa a la solicitud de autorización de uso excepcional de suelo rústico y licencia urbanística, para la construcción de una vivienda unifamiliar aislada en la calle Tierra n.º 8, área de regularización PE-2, en el término municipal de Valverdón (Salamanca). Expte.: 26/2025.",LIC_URB,True,LIC_URB,"fase_ip,uso_rustico,uso_residencial",IP autorizacion uso excepcional suelo rustico vivienda unifamiliar Valverdon,True,información_pública,"[""LIC_URB""]","[""fase_ip"", ""uso_residencial"", ""uso_rustico""]",0.98,"El texto menciona ""licencia urbanística"" y ""autorización de uso excepcional de suelo rústico"" para una vivienda unifamiliar. En BOCYL (Castilla y León), esta figura corresponde a LIC_URB, no a DIC_INT (exclusivo del DOGV). La fase es inicial por la existencia de información pública, y los usos son residencial (vivienda) y rústico (suelo rústico).",61.792
111,bocyl,"INFORMACIÓN pública relativa a la solicitud de autorización de uso excepcional de suelo rústico y licencia urbanística, para la implantación de una estación de recarga ultrarrápida de vehículos eléctricos en la parcela 601 del polígono 20, en el término municipal de Cobreros (Zamora). Expte.: 247/2024.",LIC_URB,True,LIC_URB,"fase_ip,uso_rustico",IP autorizacion uso excepcional suelo rustico estacion recarga VE Cobreros,True,información_pública,"[""LIC_URB""]","[""fase_ip"", ""uso_energetico"", ""uso_rustico""]",0.95,"El texto menciona explícitamente ""licencia urbanística"" y ""autorización de uso excepcional de suelo rústico"", lo que corresponde a la categoría LIC_URB (cfr. reglas 2 y 8). Al estar en BOCYL (Castilla y León), no aplica DIC_INT. Las subcategorías son fase_ip por ser información pública, uso_rustico al referirse a ""suelo rústico"", y uso_energetico por tratarse de una ""estación de recarga"" para vehículos eléctricos.",67.065
112,bocyl,"INFORMACIÓN pública relativa a la solicitud de autorización de uso excepcional de suelo rústico y uso provisional de suelo urbanizable, promovida por «Telefónica de España, S.A.U.», para el proyecto de canalización soterrada y tendido de cable de fibra óptica desde el registro existente en la calle Francisco Salinas hasta la EB-TME Fuentebermeja, en el término municipal de Burgos. Expte.: 000005/2024 EXC-URB.",LIC_URB,True,LIC_URB,"fase_ip,uso_rustico",IP autorizacion uso excepcional suelo rustico fibra optica Burgos,True,información_pública,"[""LIC_URB""]","[""fase_ip"", ""uso_rustico""]",0.95,"El texto menciona explícitamente la ""autorización de uso excepcional de suelo rústico"" en el BOCYL (Castilla y León). Según las reglas críticas, esto corresponde a LIC_URB (no DIC_INT que es exclusivo de la Comunitat Valenciana). El ámbito temporal es información pública (""INFORMACIÓN pública"") y el tipo de suelo es rústico.",59.589
113,bocyl,"INFORMACIÓN pública relativa a la solicitud de autorización de uso excepcional de suelo rústico, licencia urbanística y licencia ambiental, para una instalación fotovoltaica de 100 kW de autoconsumo con venta de excedentes para regadío en la parcela 10006 del polígono 1, en el término municipal de Santovenia de Pisuerga (Valladolid). Expte.: 366/2022.",LIC_URB,True,LIC_URB,"fase_ip,uso_energetico,uso_rustico",IP autorizacion uso excepcional suelo rustico FV 100 kW autoconsumo Santovenia,True,información_pública,"[""LIC_URB""]","[""fase_ip"", ""uso_rustico"", ""uso_energetico""]",0.95,"La descripción menciona explícitamente ""solicitud de autorización de uso excepcional de suelo rústico"" y ""licencia urbanística"", lo que en BOCYL (Castilla y León) corresponde a la categoría LIC_URB según las reglas críticas. Las subcategorías se infieren del contexto: fase de información pública, suelo rústico y uso energético por ser una instalación fotovoltaica.",59.925
114,docm,"Anuncio de 05/02/2025, del Ayuntamiento de Maranchón (Guadalajara), sobre exposición pública de la calificación urbanística en suelo rústico no urbanizable de especial protección del proyecto: Explotación avícola de selección para 64.000 abuelas reproductoras en fase de cría-recría en La Velasca-Clares (Maranchón).",LIC_URB,True,LIC_URB,"fase_ip,uso_rustico,uso_industrial",IP calificacion urbanistica suelo rustico explotacion avicola 64000 reproductoras Maranchon,True,anuncio,"[""LIC_URB""]","[""fase_ip"", ""uso_rustico""]",0.92,"""Anuncio... exposición pública de la calificación urbanística"" indica fase IP (exposición pública). ""calificación urbanística en suelo rústico no urbanizable"" dispara categoría LIC_URB y subcategoría uso_rustico.",50.461
115,bocyl,"INFORMACIÓN pública relativa a la solicitud de autorización de uso excepcional de suelo rústico y licencia urbanística, para la instalación de 10 ecodomos o domos geodésicos en la localidad de Puentedey, en el término municipal de Merindad de Valdeporres (Burgos). Expte.: 413/2022.",LIC_URB,True,LIC_URB,"fase_ip,uso_rustico,uso_residencial",IP autorizacion uso excepcional suelo rustico ecodomos Puentedey,True,información_pública,"[""LIC_URB""]","[""fase_ip"", ""uso_rustico""]",0.98,"El texto indica explícitamente ""licencia urbanística y autorización de uso excepcional de suelo rústico"" en el BOCYL (Castilla y León), lo que se clasifica como LIC_URB según la regla 4. El fragmento ""información pública relativa a la solicitud"" define el tipo de acto (N1) y la fase inicial, y el uso del suelo es ""rústico"".",115.178
116,bocyl,"INFORMACIÓN pública relativa a la solicitud de autorización de uso excepcional de suelo rústico y licencia urbanística, para la construcción de una nave-almacén de uso agrícola en las parcelas 5048 y 5050 del polígono 30, en el término municipal de Fuentes de Nava (Palencia). Expte.: 344/2024.",LIC_URB,True,LIC_URB,"fase_ip,uso_rustico",IP autorizacion uso excepcional suelo rustico nave almacen agricola Fuentes de Nava,True,información_pública,"[""LIC_URB""]","[""fase_ip"", ""uso_rustico"", ""uso_equipamiento""]",0.95,"El texto menciona explícitamente ""solicitud de autorización de uso excepcional de suelo rústico y licencia urbanística"" en un boletín de Castilla y León (BOCYL), lo que según las reglas corresponde a LIC_URB. Además, el uso solicitado es agrícola/nave-almacén, indicando fase inicial (fase_ip) y usos rustico/equipamiento. DIC_INT no aplica porque no es DOGV.",61.138
117,bocyl,"INFORMACIÓN pública relativa a la solicitud de autorización de uso excepcional de suelo rústico y licencia urbanística, para TLC 13819031 instalación reconectador telecontrolado LAMT CLL704 en la parcela 9014 del polígono 13, en el término municipal de Vallelado (Segovia). Expte.: 149/2024.",LIC_URB,True,LIC_URB,"fase_ip,uso_rustico",IP autorizacion uso excepcional suelo rustico reconectador telecontrolado LAMT Vallelado,True,información_pública,"[""LIC_URB""]","[""fase_ip"", ""uso_rustico""]",0.98,"Texto menciona explícitamente ""licencia urbanística"" y ""autorización de uso excepcional de suelo rústico"". Al tratarse del BOCYL (Castilla y León), la categoría es LIC_URB, no DIC_INT. El fragmento clave es: ""INFORMACIÓN pública relativa a la solicitud de autorización de uso excepcional de suelo rústico y licencia urbanística"".",57.604
118,bocyl,"INFORMACIÓN pública relativa a la solicitud de autorización de uso excepcional de suelo rústico y licencia urbanística, promovida por «Adamo Telecom Iberia, S.A.U.», para la interconexión mediante un enlace backhaul de fibra óptica entre Santibáñez de Vidriales y torre antena 49_49206_000277, en el término municipal de Santibáñez de Vidriales (Zamora). Expte.: 244/2024.",LIC_URB,True,LIC_URB,"fase_ip,uso_rustico",IP autorizacion uso excepcional suelo rustico backhaul fibra optica Santibañez de Vidriales,True,información_pública,"[""LIC_URB""]","[""fase_ip"", ""uso_rustico""]",0.95,"El texto menciona explícitamente ""licencia urbanística"" y ""suelo rústico"" en el contexto de una ""información pública"", lo que indica claramente una Licencia Urbanística en fase de Información Pública (fase_ip) sobre suelo rústico. La ubicación en Zamora confirma que no se trata del exclusivo DIC_INT valenciano.",58.025
119,docm,"Anuncio de 06/02/2025, del Ayuntamiento de Villaluenga de la Sagra (Toledo), sobre información pública de expediente de calificación urbanística de suelo rústico, licencia de obra y actividad para el proyecto denominado: Planta solar fotovoltaica para autoconsumo sin excedentes, ubicado en las parcelas 9, 12, 13 del polígono 16 y parcelas 1, 2, 7 del polígono 17.",LIC_URB,True,LIC_URB,"fase_ip,uso_energetico,uso_rustico",IP calificacion urbanistica suelo rustico solar FV autoconsumo Villaluenga de la Sagra,True,anuncio,"[""LIC_URB""]","[""fase_ip"", ""uso_energetico"", ""uso_rustico""]",0.95,"""Calificación urbanística de suelo rústico"" y ""licencia de obra"" en DOCM (Castilla-La Mancha) corresponden a LIC_URB, no a DIC_INT que es exclusivo de la Comunidad Valenciana. El uso solar fotovoltaica implica uso_energetico y al ser suelo rústico se añade uso_rustico. El texto indica ""información pública"", lo que corresponde a fase_ip.",62.433
120,dogv,"ANUNCIO por el que se somete a información pública la declaración de interés comunitario para una atribución de uso y aprovechamiento en suelo no urbanizable, para actividad de centro deportivo en la parcela 44, del polígono 15, del término municipal de Mutxamel. (Referencia DIC- 24/0720).",DIC_INT,True,DIC_INT,"fase_ip,uso_equipamiento,uso_rustico",IP DIC centro deportivo suelo no urbanizable Mutxamel,True,anuncio,"[""DIC_INT""]","[""fase_ip"", ""uso_equipamiento"", ""uso_rustico""]",0.98,"El texto menciona explícitamente ""declaración de interés comunitario"" en el DOGV (Comunitat Valenciana), que activa la etiqueta DIC_INT. Se somete a información pública, indicando fase_ip. La actividad es ""centro deportivo"", correspondiente a uso_equipamiento, sobre suelo no urbanizable (uso_rustico).",56.465
121,dogv,"ANUNCIO de la solicitud de declaración de interés comunitario de regularización de actividad industrial en suelo no urbanizable de taller de mantenimiento de vehículos y logística de empresa de transporte, al amparo de la disposición transitoria vigesimocuarta (DT 24) del texto refundido de la Ley de ordenación del territorio, urbanismo y paisaje, aprobado por el Decreto Legislativo 1/2021, de 18 de junio (en adelante TRLOTUP) en la parcela 137 del polígono 19 del término municipal de Benicarló (expediente GVA-DIC-3817455.C20250053).",DIC_INT,True,DIC_INT,"fase_ip,uso_industrial,uso_rustico",IP solicitud DIC taller mantenimiento vehiculos logistica suelo no urbanizable Benicarlo,True,anuncio,"[""DIC_INT""]","[""fase_ip"", ""uso_industrial"", ""uso_rustico""]",0.95,"El texto menciona explícitamente ""declaración de interés comunitario"" y el expediente GVA- (GVA es la Comunitat Valenciana) cumple la regla 4 para etiquetar DIC_INT en DOGV. La actividad es ""industrial"" (""taller de mantenimiento"") en ""suelo no urbanizable"" (""suelo rústico""), lo que implica las subcategorías de uso y fase correspondientes (fase_ip por ser información pública).",64.082
122,dogv,"ANUNCI de la declaración de interés comunitario para una atribución de uso y aprovechamiento en suelo no urbanizable relativa a la ampliación de la declaración de interés comunitario (DIQUE) (expediente 3462944), en el término municipal de Olocau, que se situará en las parcelas 123, 124 y 132 del polígono 13.",DIC_INT,True,DIC_INT,fase_ip,IP DIC ampliacion DIC DIQUE Olocau suelo no urbanizable,True,anuncio,"[""DIC_INT""]","[""fase_ip"", ""uso_rustico""]",0.95,"El texto es una ""declaración de interés comunitario"" (DIC_INT), que corresponde a la etiqueta DIC_INT según la categoría N2. La subcategoría de fase es información pública (""se somete a información pública""). Se trata de suelo no urbanizable, por lo que corresponde uso_rustico.",53.426
123,dogv,"ANUNCIO de la solicitud de ampliación de declaración de interés comunitario de una actividad de camping temático, al amparo del artículo 211.1.f apartado 3.º del texto refundido de la Ley de ordenación del territorio, urbanismo y paisaje, aprobado por el Decreto Legislativo 1/2021, de 18 de junio (en adelante TRLOTUP) en las parcelas 22, 23, 100, 101, y 215 del polígono 12 del suelo no urbanizable del municipio de San Jorge (expediente GVA-DIC-3712878.C20240393).

",DIC_INT,True,DIC_INT,"fase_ip,uso_comercial,uso_rustico",IP solicitud ampliacion DIC camping tematico suelo no urbanizable San Jorge,True,anuncio,"[""DIC_INT""]","[""fase_ip"", ""uso_comercial"", ""uso_rustico""]",0.95,"El texto menciona explícitamente ""declaración de interés comunitario"" en un DOGV, lo que activa la categoría DIC_INT (únicamente válida en Comunidad Valenciana). La actividad es ""camping temático"", lo que indica uso comercial y se localiza en ""suelo no urbanizable"", por lo tanto, también se añade el subcategoría de uso_rustico. El acto es un ANUNCIO de una solicitud sometida a información pública (fase_ip).",64.992
124,dogv,"ANUNCIO por el cual se somete a información pública la declaración de interés comunitario para una atribución de uso y aprovechamiento en suelo no urbanizable relativa a la regularización de una actividad industrial hortofrutícola (expediente 3773582) en el término municipal de Alcàntera de Xúquer, situada en el polígono 12, parcela 88.",DIC_INT,True,DIC_INT,"fase_ip,uso_industrial,uso_rustico",IP DIC regularizacion actividad industrial hortofruticola suelo no urbanizable,True,anuncio,"[""DIC_INT""]","[""fase_ip"", ""uso_industrial"", ""uso_rustico""]",0.95,"El texto menciona explícitamente ""declaración de interés comunitario"" para atribución de uso en suelo no urbanizable, lo que en DOGV (Comunitat Valenciana) corresponde a la categoría DIC_INT. Se incluye uso_industrial por ""actividad industrial hortofrutícola"" y uso_rustico por estar en suelo no urbanizable. El acto es un anuncio sometiéndolo a información pública, correspondiendo a fase_ip.",61.06
125,bocyl,"CORRECCIÓN de errores del anuncio de información pública relativa a la solicitud de autorización de uso excepcional de suelo rústico y licencia ambiental, promovida por «La Arguijuela Solar, Sociedad Limitada», para la instalación de la planta fotovoltaica «Alba» de 1 MW de potencia, en las parcelas 295 y 5058 del polígono 503, en el término municipal de Coca de Alba (Salamanca). Expte.: 36/2024.",MULTILABEL_FV,True,LIC_URB,"fase_correccion,uso_energetico,uso_rustico",Correccion errores IP uso excepcional suelo rustico FV Alba 1 MW Coca de Alba,True,corrección_errores,"[""LIC_URB""]","[""fase_ip"", ""uso_energetico"", ""uso_rustico""]",0.98,"Es una ""Corrección de errores"" de un anuncio sobre ""licencia urbanística"" para ""autorización de uso excepcional de suelo rústico"". En Castilla y León (BOCYL) esto se clasifica como LIC_URB, no DIC_INT. Los usos son claramente energético (""planta fotovoltaica"") y rustico (""suelo rústico"").",60.496
126,bocyl,"INFORMACIÓN pública relativa a la solicitud de autorización de uso excepcional de suelo rústico, licencia de obras y licencia ambiental, para una instalación eléctrica de BT y AT para una instalación fotovoltaica de producción de energía eléctrica para venta a red para «Ibeas Solar, S.L.», en el término municipal de Ibeas de Juarros (Burgos). Expte.: 271/2023.",MULTILABEL_FV,True,LIC_URB,"fase_ip,uso_energetico,uso_rustico",IP uso excepcional suelo rustico instalacion electrica BT/AT para FV Ibeas Solar,UnexpectedModelBehavior,114.708
127,docm,"Anuncio de 01/03/2025, del Ayuntamiento de Albacete, de la Gerencia Municipal de Urbanismo y Vivienda, sobre información pública de la calificación y de la correspondiente licencia urbanística de nueva planta para instalación fotovoltaica aislada 26,46 kWp destinada a riego agrícola, en polígono 59, parcela 9 (referencia catastral: 02900A059000090000JT), de este término municipal, en suelo rústico de especial protección CP-3, y cuya promotora es Las Carreteras CB.",MULTILABEL_FV,True,LIC_URB,"fase_ip,uso_energetico,uso_rustico","IP calificacion + licencia urbanistica FV aislada 26,46 kWp riego agricola suelo rustico",True,anuncio,"[""LIC_URB""]","[""fase_ip"", ""uso_energetico"", ""uso_rustico""]",0.95,"Texto: ""información pública de la calificación y de la correspondiente licencia urbanística"" en suelo rústico (CP-3) para instalación fotovoltaica -> fase_ip, LIC_URB. Mención a ""instalación fotovoltaica"" + ""riego agrícola"" implica uso energético (uso_energetico). El suelo es rústico -> uso_rustico.",60.322
128,boe,"Anuncio de los Servicios Territoriales del Departamento de Territorio, Vivienda y Transición Ecológica en Tarragona por el que se somete a información pública la solicitud de declaración de utilidad pública, en concreto, del proyecto de la planta solar fotovoltaica llamada PS Montblanc de 9,99 MW sobre terreno en suelo no urbanizable, en el término municipal de Montblanc, en la comarca de la Conca de Barberà y su infraestructura de evacuación a 25 kV (expte.FUE-2022-02871677; ref. 02553).",MULTILABEL_FV,True,LIC_URB,"fase_ip,uso_energetico,uso_rustico","IP declaracion utilidad publica + actuacion especifica suelo no urbanizable solar FV PS Montblanc 9,99 MW",False,anuncio,[],[],1.0,"La publicación trata sobre una ""declaración de utilidad pública"" (DUP) para un proyecto fotovoltaico solar, que es un trámite administrativo B0 del ámbito energético, no urbanístico. Según la regla 5, no se etiqueta como DIC_INT y la categoría N2 relevante no existe, por lo tanto is_relevant=False.",52.304
129,boe,"Anuncio complementario del Departamento de Territorio, Vivienda y Transición Ecológica de la Generalitat de Cataluña por el cual se somete a información pública la solicitud de autorización administrativa previa, autorización administrativa de construcción, de declaración de utilidad pública y de autorización del proyecto de actuación específica de interés público en suelo no urbanizable y evaluación de impacto ambiental del proyecto del parque solar denominado Les Planetes de 4,95 MWn y 5,692 MWp sobre terreno en suelo no urbanizable, en el término municipal de Riba-roja d’Ebre, en la comarca de la Ribera d’Ebre y su infraestructura de evacuación, línea soterrada de 25 kV que conecta la instalación de producción a otra planta solar fotovoltaica denominada Mas de Piquer, al término municipal de Riba-roja d’Ebre, en la comarca de la Ribera d’Ebre (Expediente: FUE-2023-03196021).",MULTILABEL_FV,True,LIC_URB,"fase_ip,uso_energetico,uso_rustico","IP actuacion especifica suelo no urbanizable solar FV Les Planetes 4,95 MW",True,anuncio,"[""LIC_URB""]","[""fase_ip"", ""uso_energetico"", ""uso_rustico""]",0.95,"El texto describe una ""licencia urbanística"" (o autorización equivalente de uso excepcional/interés público) en ""suelo no urbanizable"". Las categorías ""uso_energetico"" y ""uso_rustico"" son explícitas por la referencia a ""parque solar"" y ""suelo no urbanizable"", siguiendo la regla que vincula licencias energéticas en suelo rústico con estas etiquetas. Se descarta DIC_INT porque el trámite es un proyecto de energía, no una declaración de interés comunitario.",69.898
130,dogc,"Resolución TER/58/2025, de 14 de enero, por la que se otorga a Els Plans Planta Fotovoltaica, SL, la segunda modificación de la autorización administrativa previa y de construcción y declaración de utilidad pública del proyecto de la planta solar fotovoltaica denominada Els Plans Planta Fotovoltaica, de 2,16 MW sobre terreno en suelo no urbanizable, y su infraestructura de evacuación, en el término municipal de Sarral, en la comarca de La Conca de Barberà (exp. FUE-2024-04171840)",MULTILABEL_FV,True,LIC_URB,"uso_energetico,uso_rustico","Segunda modificacion AAP+AAC solar FV Els Plans 2,16 MW suelo no urbanizable",False,resolución,[],[],0.98,"Es una resolución que otorga la segunda ""modificación de la autorización administrativa previa y de construcción y declaración de utilidad pública"" para una planta solar fotovoltaica en suelo no urbanizable. Aunque menciona términos urbanos, corresponde a un expediente energético (exp. FUE-...) y la DUP para proyectos fotovoltaicos es un trámite B0 (energético), no un acto urbanístico clasificado. La categoría PGOU o LIC_URB no se aplica porque el núcleo del acto es la aprobación energética, no urbanística.",61.804
131,dogc,"Anuncio complementario por el que se somete a información pública la solicitud de autorización administrativa previa, autorización administrativa de construcción, de declaración de utilidad pública y de autorización del proyecto de actuación específica de interés público en suelo no urbanizable y evaluación de impacto ambiental del proyecto del parque solar denominado Flix-Ascó III, de 16,06 MW sobre terreno en suelo no urbanizable, en el término municipal de Flix, en la comarca de La Ribera d’Ebre, y su infraestructura de evacuación, línea soterrada a 30 kV que conecta la instalación de producción a la SET Ercam 30/132 kV en el término municipal de Flix, en la comarca de La Ribera d’Ebre (exp. FUE-2022-02595215)",MULTILABEL_FV,True,LIC_URB,"fase_ip,uso_energetico,uso_rustico","IP actuacion especifica suelo no urbanizable solar FV Flix-Asco III 16,06 MW",False,anuncio,[],[],0.98,"La publicación trata sobre un proyecto solar fotovoltaico (parque Flix-Ascó III), lo cual cae en la categoría de planes energéticos (trámites B0). Aunque menciona trámites como ""licencia urbanística"" o ""autorización de uso excepcional"", el contexto principal es el desarrollo energético, y no es un acto administrativo urbanístico del dominio monitorizado. Por tanto, is_relevant=False.",58.723
132,dogc,"Resolución TER/4753/2024, de 17 de diciembre, por la que se otorga a Energía Inagotable de Nox, SL, la autorización administrativa previa y de construcción del proyecto de la planta solar fotovoltaica denominada PS Sant Roc, de 43,39 MW de potencia sobre terreno en suelo no urbanizable, y su infraestructura de evacuación, línea subterránea de alta tensión de 30 kV, en los términos municipales de Ciutadilla y Nalec, en la comarca de L'Urgell (exp. FUE-2021-02082327)",MULTILABEL_FV,True,LIC_URB,"fase_definitiva,uso_energetico,uso_rustico","Otorgamiento AAP+AAC solar FV PS Sant Roc 43,39 MW suelo no urbanizable",False,resolución,[],[],1.0,"La publicación es una resolución de autorización administrativa para una planta solar fotovoltaica (proyecto energético) en suelo no urbanizable, lo cual corresponde a un trámite del ámbito energético (B0), no a un acto administrativo urbanoístico. Por tanto, es is_relevant=False. No se aplican las categorías N2/N3 del dominio urbanístico monitorizado (PGOU, PLAN_ESP, LIC_URB, etc.).",56.684
133,dogc,"Resolución TER/905/2025, de 4 de marzo, por la que se otorga a Estabanell Generació, SLU, la autorización administrativa previa y la autorización administrativa de construcción del proyecto de la planta solar fotovoltaica denominada PS El Magí, de 3,63 MW de potencia instalada sobre terreno en suelo no urbanizable, en el término municipal de Manlleu, en la comarca de Osona (exp. FUE-2023-03512551, ref. 02852)",MULTILABEL_FV,True,LIC_URB,"fase_definitiva,uso_energetico,uso_rustico","Otorgamiento AAP+AAC solar FV PS El Magi 3,63 MW suelo no urbanizable",True,resolución,"[""LIC_URB""]","[""fase_definitiva"", ""uso_equipamiento"", ""uso_energetico""]",0.95,"""Resolución... se otorga... autorización administrativa previa y la autorización administrativa de construcción del proyecto de la planta solar fotovoltaica sobre terreno en suelo no urbanizable"". El texto indica una ""autorización"" para un proyecto de planta solar (equipamiento y uso energético) en suelo no urbanizable, lo que corresponde a LIC_URB. Se infiere fase_definitiva por el otorgamiento de la autorización.",62.609
134,dogc,"Resolución TER/395/2025, de 10 de febrero, de corrección de errores materiales en la Resolución relativa al expediente FUE-2021-01932045, de autorización administrativa previa y de construcción del proyecto de la planta solar fotovoltaica denominada PSFV Planes de l’Ovella, de 19,29 MW de potencia instalada sobre terreno en suelo no urbanizable, en los términos municipales de Seròs y Almatret, en la comarca de El Segrià, y su infraestructura de evacuación, líneas soterradas a 30 kV",MULTILABEL_FV,True,LIC_URB,"fase_correccion,uso_energetico,uso_rustico","Correccion errores AAP+AAC solar FV PSFV Planes l'Ovella 19,29 MW suelo no urbanizable",False,corrección_errores,[],[],0.98,"El documento es una ""Resolución de corrección de errores materiales"" sobre un proyecto fotovoltaico, que corresponde a un trámite energético (B0), no urbanístico. La descripción menciona la planta solar y el suelo no urbanizable, confirmando su naturaleza energética sin acto de clasificación ni licenciamiento urbanístico explícito en el texto proporcionado.",63.578
135,dogc,"Resolución PRE/175/2025, de 21 de enero, por la que se da publicidad al deslinde entre los términos municipales de Sort y de Rialp",NEGATIVO,False,,,Deslinde terminos municipales Sort y Rialp,True,resolución,"[""LIC_URB""]","[""fase_definitiva""]",0.85,"El texto indica ""Resolución... por la que se da publicidad al deslinde entre los términos municipales"", lo cual es un acto administrativo relacionado con límites territoriales (deslinde), que corresponde a LIC_URB en ausencia de menciones específicas de PGOU o MOD_PUN. La fase_definitiva se infiere por el acto de dar publicidad. Sin embargo, la descripción no especifica el tipo de uso del suelo, por lo que solo se asigna fase_definitiva como subcategoría sin especificación de uso.",69.469
136,boja,"Anuncio de 21 de enero de 2025, de la Delegación Territorial de Agricultura, Pesca, Agua y Desarrollo Rural en Jaén, por el que se notifica a la persona interesada acto administrativo relativo a procedimiento sancionador incoado en materia de sanidad vegetal.",NEGATIVO,False,,,Procedimiento sancionador sanidad vegetal,False,notificación,[],[],0.98,"La publicación pertenece al ámbito de la sanidad vegetal y agricultura, no al urbanismo. No hay ninguna referencia a planes, proyectos, licencias o actuaciones urbanísticas (ni PGOU, ni PLAN_ESP, ni PROY_URB, etc.).",54.015
137,dog,"RESOLUCIÓN de 24 de enero de 2025, del Departamento Territorial de Lugo, por la que se concede la autorización administrativa previa y de construcción de una instalación eléctrica en el ayuntamiento de Lugo (expediente IN407A 2023/157 AT).",NEGATIVO,False,,,AAP+AAC instalacion electrica Lugo - B0 no B2,False,resolución,[],[],0.98,"El texto describe una ""autorización de construcción de instalación eléctrica"", que corresponde a un trámite administrativo del sector eléctrico (B0) y no a un acto urbanístico. Por tanto, is_relevant=False. No se cumplen las condiciones para ninguna categoría urbanística (PGOU, PLAN_ESP, MOD_PUN, PROY_URB, LIC_URB, DIC_INT).",60.937
138,boe,"Anuncio de formalización de contratos de: Junta de Contratación del Ministerio de Trabajo y Economía Social. Objeto: Servicio de cafetería y comedor en el edificio de la calle Pío Baroja, 6 del Ministerio de Trabajo y Economía Social. Expediente: 10000437/2024.",NEGATIVO,False,,,Contratacion publica servicio cafeteria Ministerio Trabajo,False,anuncio,[],[],1.0,"El texto es un anuncio de contratación pública (""Anuncio de formalización de contratos"") y no tiene contenido urbanístico alguno, siendo por tanto irrelevante para el dominio de ordenación urbana.",51.715
139,boc,Aprobación definitiva del presupuesto general de 2025.,NEGATIVO,False,,,Presupuesto general 2025,False,aprobación,[],[],1.0,"El texto describe ""Aprobación definitiva del presupuesto general de 2025"", que corresponde a un acto presupuestario y no a un acto administrativo urbanístico. Por tanto, is_relevant es False y no se asignan categorías urbanísticas.",52.403
140,boib,Exposición pública Avance/Borrador del Plan General y el Plan de Ordenación Detallada de Sant Josep de sa Talaia,NEGATIVO,True,PGOU,fase_avance,Avance/Borrador Plan General y Plan Ordenacion Detallada Sant Josep de sa Talaia - false negative muestreo,True,anuncio,"[""PGOU"", ""PLAN_ESP""]","[""fase_avance""]",0.95,"El texto menciona ""Plan General"" (disparador PGOU) y ""Plan de Ordenación Detallada"" (equivalente a plan especial o estudio de detalle, disparador PLAN_ESP), en una etapa de exposición pública del borrador, por lo que corresponde a la fase_avance.",57.189
141,bocyl,"RESOLUCIÓN de 13 de febrero de 2025, del Rectorado de la Universidad de Burgos, por la que se resuelve la contratación del aspirante propuesto en el concurso público convocado por Resolución de 5 de noviembre de 2024, para la provisión de plazas de personal docente e investigador laboral, Profesor Permanente Laboral.",NEGATIVO,False,,,Contratacion PDI Universidad Burgos,False,resolución,[],[],1.0,"La publicación describe una resolución del Rectorado de la Universidad de Burgos sobre contratación de personal docente e investigador. El texto no contiene ninguna referencia al dominio urbanístico (ni planes, ni proyectos, ni licencias). Es un acto propio de Recursos Humanos en el ámbito universitario.",55.846
142,boe,"Resolución de 23 de diciembre de 2024, de ICEX España Exportación e Inversiones, E.P.E., por la que se publica el Convenio con Denominación de Origen Rueda, para la organización de extensiones de misiones inversas de compradores y prescriptores de opinión del sector del vino a celebrar en su ámbito geográfico.",NEGATIVO,False,,,Convenio ICEX DO Rueda vino,False,resolución,[],[],0.98,"La publicación es un convenio sobre misiones inversas para compradores y prescriptores del sector del vino, no tiene ninguna relación con la actividad de planificación urbanística ni con los actos administrativos listados en el universo monitored (PGOU, PLAN_ESP, MOD_PUN, PROY_URB, LIC_URB, DIC_INT).",60.053
143,bon,Aprobación definitiva de la plantilla orgánica de 2025,NEGATIVO,False,,,Aprobacion plantilla organica 2025,False,aprobación,[],[],1.0,"La publicación es una ""Aprobación definitiva de la plantilla orgánica de 2025"", que corresponde a un acto de recursos humanos y no tiene ninguna relación con el ámbito del urbanismo o planeamiento territorial. Por lo tanto, no se aplican las categorías N2 de planeamiento (PGOU, PLAN_ESP, etc.).",57.453
144,bon,Concesión de licencia de actividad. Taller mecánico de reparación de vehículos automóviles,NEGATIVO,False,,,Licencia de actividad taller mecanico - no LIC_URB urbanistica,False,resolución,[],[],1.0,"Se trata de una ""Concesión de licencia de actividad"" para un taller mecánico, lo cual es una autorización administrativa de apertura comercial, no un acto con contenido urbanístico (como calificación de suelo o modificación de planes). Por tanto, es irrelevante para el ámbito urbanístico monitorizado.",50.798
145,bocyl,"RESOLUCIÓN de 12 de marzo de 2025, del Rectorado de la Universidad de Burgos, por la que se publica la relación de aspirantes que han superado el proceso selectivo para la provisión de varios puestos de personal laboral, en la categoría de Auxiliares de Servicios (especialidad Conserjería, Vigilancia y Recepción) (Grupo IVA/IVB) de la Universidad de Burgos, convocado con fecha 17 de mayo de 2024.",NEGATIVO,False,,,Proceso selectivo auxiliares servicios Universidad Burgos,False,resolución,[],[],0.99,"Texto sobre contratación de personal universitario (Auxiliares de Servicios) en una universidad, no contenido urbanístico. No existen términos ni referencias a planes, normas o procedimientos urbanos.",53.277
146,boe,"Resolución de 12 de febrero de 2025, del Ayuntamiento de Turís (Valencia/València), referente a la convocatoria para proveer una plaza.",NEGATIVO,False,,,Convocatoria provision plaza Turis,False,resolución,[],[],0.98,"El texto ""referente a la convocatoria para proveer una plaza"" indica claramente un acto de gestión administrativa del personal (RRHH) y no ningún tipo de actuación urbanística (como planes, licencias o proyectos). Por tanto, is_relevant es False.",52.873
147,doe,"Resolución de 17 de febrero de 2025, de la Dirección General de Personal Docente, por la que se dispone la ejecución del auto 346/2024, de 31/07/2024, dictado por el Juzgado de lo Contencioso-administrativo n.º 1 de Mérida en el procedimiento de extensión de efectos de sentencia tributaria y de personal 1065/2021 PA 107/2019.",NEGATIVO,False,,,Resolucion DG Personal Docente extension efectos sentencia,False,resolución,[],[],0.98,"El texto es una resolución de la Dirección General de Personal Docente sobre ejecución de auto contencioso-administrativo y extensión de efectos de sentencia tributaria/personal, sin ninguna referencia a urbanismo (no menciona plan general, plan especial, modificación puntual, proyecto de urbanización, licencia urbanística ni declaración de interés comunitario).",60.526
148,boe,"Resolución de 14 de marzo de 2025, del Ayuntamiento de Calatayud (Zaragoza), referente a la convocatoria para proveer una plaza.",NEGATIVO,False,,,Convocatoria provision plaza Calatayud,False,resolución,[],[],1.0,"La descripción hace referencia a una convocatoria para proveer una plaza (posiblemente de personal), que no tiene relación con el ámbito urbanístico monitorizado.",47.085
149,bopa,"Resolución de 4 de diciembre de 2024, de la Consejería de Medio Rural y Política Agraria, por la que se concede la ayuda denominada Mantenimiento de razas autóctonas puras en peligro de extinción, compromisos 2023, campaña 2024. [Cód. 2025-00080]",NEGATIVO,False,,,Ayuda mantenimiento razas autoctonas peligro extincion,False,resolución,[],[],0.98,"El texto corresponde a una resolución sobre la concesión de una ayuda para el mantenimiento de razas autóctonas, no tiene ninguna referencia a normativa urbanística (PGOU, planes especiales, licencias). Es un acto administrativo de carácter agrícola/ambiental.",55.041
