id,bulletin,description,grupo_muestreo,is_relevant_gt,categories_gt,subcategories_gt,notas_anotador,is_relevant_pred,act_type_pred,categories_pred,subcategories_pred,confidence,reasoning,duration_s
0,boja,"Resolución de 16 de enero de 2025, de la Delegación Territorial de Fomento, Articulación del Territorio y Vivienda en Málaga, por la que se dispone la publicación de la Resolución de 11 de diciembre de 2024, que ordena proceder al registro y publicación de la «Modificación del Plan General de Ordenación Urbana (PGOU) de Mijas».",PGOU,True,MOD_PUN,fase_definitiva,Publicacion registro Modificacion PGOU Mijas,True,orden,"[""PGOU"", ""MOD_PUN""]",[],0.95,"La descripción menciona explícitamente «Modificación del Plan General de Ordenación Urbana (PGOU)» y «normas urbanísticas municipales», lo que activa las etiquetas PGOU y MOD_PUN. No hay indicios de fase del ciclo ni uso específico del suelo en el fragmento.",114.957
1,bocm,"Plan general de urbanismo
– Acuerdo de 12 de marzo de 2025, del Consejo de Gobierno, por el que se aprueba definitivamente la Decimoctava Modificación Puntual del Plan General de Ordenación Urbana de Getafe, en el ámbito ZOI 04, “Los Olivos”",PGOU,True,MOD_PUN,fase_definitiva,Decimoctava Modificacion Puntual PGOU Getafe,True,acuerdo,"[""PGOU"", ""MOD_PUN""]","[""fase_definitiva""]",0.98,"La descripción menciona explícitamente ""Plan general de urbanismo"" y ""Decimoctava Modificación Puntual del Plan General de Ordenación Urbana"", lo que activa las categorías PGOU y MOD_PUN. El texto indica ""aprobación definitivamente"", señalando la fase_definitiva.",64.742
2,docm,"Anuncio de 28/01/2025, del Ayuntamiento de Villar de Olalla (Cuenca), sobre exposición pública del Plan Especial de Reforma Interior de Mejora (Perim) en el entorno de la senda de las Pernalosas-sectores U.2A y U.2B de las Normas Subsidiarias de Villar de Olalla (Cuenca).",PGOU,True,PLAN_ESP,fase_ip,PERIM exposicion publica - Plan Especial Reforma Interior Mejora,True,anuncio,"[""PGOU"", ""PLAN_ESP""]","[""fase_ip""]",0.95,"El texto menciona ""Normas Subsidiarias"" que en Cuenca funciona como instrumento regulatorio equivalente a PGOU, y además especifica explícitamente ""Plan Especial de Reforma Interior"". El contexto es claramente urbanístico por la referencia a sectores (U.2A, U.2B) del ámbito normativo local. Se trata de un anuncio sobre exposición pública (""exposición pública""), lo que indica la fase inicial del proceso participativo.",71.333
3,docm,"Anuncio de 27/12/2024, del Ayuntamiento de Albacete, de la Gerencia Municipal de Urbanismo y Vivienda, sobre información pública del contenido de la plica presentada por la mercantil, Albaluz German Capital SL, a su propia alternativa técnica de Programa de Actuación Urbanizadora presentada para el desarrollo de las determinaciones urbanísticas de la Ordenanza de Transformación 10.11 carretera Madrid I del Plan General de Ordenación Urbana de Albacete.",PGOU,True,PROY_URB,fase_ip,PAU en CLM = PROY_URB,True,anuncio,"[""PGOU"", ""PROY_URB""]","[""fase_ip"", ""uso_comercial""]",0.85,"El texto menciona explícitamente ""Plan General de Ordenación Urbana"" (PGOU) y una ""alternativa técnica de Programa de Actuación Urbanizadora"", lo que justifica las categorías PROY_URB y PGOU. El fragmento ""información pública del contenido de la plica presentada..."" activa la subcategoría fase_ip, mientras que ""carretera Madrid I"" sugiere un entorno comercial/infraestructural, orientando a uso_comercial.",78.53
4,boca,"Viceconsejería de Planificación Territorial y Reto Demográfico.- Anuncio por el que se hace pública la Resolución de 14 de febrero de 2025, que da publicidad al Acuerdo de la Comisión Autonómica de Evaluación Ambiental de 12 de febrero de 2025, para la emisión del Informe Ambiental Estratégico en el Procedimiento de Evaluación Ambiental Estratégica Simplificada de la Modificación Menor del Plan General de Ordenación de Güímar - Unidad de Actuación 16.2 El Tablado.- Expte. 2022/0014990 (5940).",PGOU,True,MOD_PUN,fase_ip,IAE Modificacion Menor PGO Guimar Canarias,True,anuncio,"[""PGOU"", ""MOD_PUN""]","[""fase_inicial""]",0.95,"El texto menciona explícitamente ""Plan General de Ordenación"" (PGOU) y ""Modificación Menor"", lo que activa las categorías PGOU y MOD_PUN. El fragmento ""Anuncio por el que se hace pública la Resolución... para la emisión del Informe Ambiental Estratégico"" indica que es un anuncio informando sobre una fase inicial del procedimiento de modificación, sin indicar aprobación definitiva.",73.39
5,doe,"Anuncio de 20 de febrero de 2025 sobre aprobación inicial del Programa de Ejecución de la UE3, de la zona 3 de las Normas Subsidiarias.",PGOU,True,PROY_URB,fase_inicial,Proyecto Ejecucion UE3 NNSS = PROY_URB,True,anuncio,"[""PGOU""]","[""fase_inicial""]",0.98,"La descripción menciona explícitamente ""Aprobación inicial"" (subcategoría fase_inicial) y ""Programa de Ejecución"" referenciado a ""Normas Subsidiarias"", lo que se enmarca bajo la categoría PGOU (Plan General de Ordenación Urbana). El fragmento clave es ""Anuncio de 20 de febrero de 2025 sobre aprobación inicial del Programa de Ejecución... Normas Subsidiarias"".",72.23
6,dogc,"Anuncio sobre aprobación inicial de la modificación puntual del Plan general de ordenación municipal de Lliçà de Vall referente al ámbito de la UA del polígono industrial de Can Coll, Tèxtil Torres",PGOU,True,MOD_PUN,"fase_inicial,uso_industrial",Mod puntual PGO municipal poligono industrial Can Coll,True,anuncio,"[""PGOU"", ""MOD_PUN""]","[""fase_inicial"", ""uso_industrial""]",0.98,"La descripción menciona explícitamente ""Plan general de ordenación municipal"" (PGOU), ""modificación puntual"" (MOD_PUN), ""aprobación inicial"" (fase_inicial) y ""polígono industrial"" (uso_industrial). Todas las categorías están claramente señaladas en el texto.",66.541
7,dogv,"EDICTO de aprobación del informe ambiental y territorial estratégico, por el procedimiento simplificado, de la modificación puntual de la ordenación detallada del Plan general de ordenación urbana de la redistribución del suelo dotacional en la UE-1 insertada en suelo urbano.",PGOU,True,MOD_PUN,"fase_ip,uso_equipamiento",IAE mod puntual PGOU redistribucion suelo dotacional,True,edicto,"[""PGOU"", ""MOD_PUN""]",[],0.95,El texto contiene explícitamente las categorías PGOU y MOD_PUN. Se cita 'Plan general de ordenación urbana' (PGOU) y 'modificación puntual de la ordenación detallada'. No hay señales para subcategorías de fase o uso del suelo.,63.469
8,boc,"Informe Ambiental Estratégico de la Modificación Puntual número 1, del Plan General de Ordenación Urbana, de San Miguel de Aguayo. Protección de los valores naturales y paisajísticos y adaptación a la LOTUCA.",PGOU,True,MOD_PUN,fase_ip,IAE Modificacion Puntual 1 PGOU San Miguel de Aguayo,True,información_pública,"[""MOD_PUN"", ""PGOU""]",[],0.95,"El texto menciona explícitamente ""Modificación Puntual número 1"" (MOD_PUN) y ""Plan General de Ordenación Urbana"" (PGOU). El tipo de acto es información pública dado que es un informe ambiental estratégico.",62.32
9,boca,"ANUNCIO de 6 de noviembre de 2024, por el que se somete a información pública la aprobación inicial de la “Modificación Menor del Plan General de Ordenación, modificación de la Ficha del SG-SP 1.13.045 Aparcamiento del Campo de Fútbol Los Pozos”.",PGOU,True,MOD_PUN,"fase_inicial,uso_equipamiento",IP aprobacion inicial Mod Menor PGO aparcamiento campo futbol,True,anuncio,"[""PGOU"", ""MOD_PUN""]","[""fase_ip"", ""fase_inicial""]",0.98,"El texto menciona explícitamente ""Plan General de Ordenación"" (PGOU) y ""Modificación Menor del Plan General"" (MOD_PUN). También indica ""aprobación inicial"" (fase_inicial) y ""información pública"" (fase_ip), lo que coincide con las señales léxicas.",67.252
10,dogv,"ANUNCIO del Acuerdo de 25 de noviembre de 2024, de la Junta de Gobierno Local, del informe ambiental y territorial estratégico favorable sobre la modificación puntual del Plan general de ordenación urbana de Benicarló para la calificación como equipación (SQE) de terrenos calificados como espacio libre (E1) y viario (V1), colindantes con la unidad de actuación 7 de suelo urbano, para la construcción del Colegio de Educación Infantil y Primaria número 5.",PGOU,True,MOD_PUN,"fase_ip,uso_equipamiento",IAE mod puntual PGOU Benicarlo suelo dotacional CEIP,True,anuncio,"[""PGOU"", ""MOD_PUN"", ""LIC_URB""]","[""fase_ip"", ""uso_equipamiento""]",0.98,"El texto menciona explícitamente ""modificación puntual del Plan general de ordenación urbana"" (categorías PGOU y MOD_PUN), la ""calificación como equipación"" (subcategoría uso_equipamiento) de terrenos para un Colegio, y que se trata de un ""Anuncio... del informe ambiental y territorial estratégico favorable"", lo que indica una fase de información pública sobre la modificación (fase_ip).",150.38
11,bocyl,INFORMACIÓN pública relativa a la aprobación inicial del proyecto de urbanización del sector 7 de suelo urbanizable del Plan General de Ordenación Urbana de Cabezón de Pisuerga (Valladolid). Expte.: 1168/2021.,PGOU,True,PROY_URB,fase_inicial,Aprobacion inicial proyecto urbanizacion sector 7 PGOU,True,información_pública,"[""PROY_URB"", ""PGOU""]","[""fase_inicial""]",0.95,"El texto menciona explícitamente ""aprobación inicial del proyecto de urbanización"" (dispara PROY_URB y fase_inicial) y lo sitúa en el contexto del ""Plan General de Ordenación Urbana"" (dispara PGOU). El acto es una información pública sobre dicha aprobación.",66.793
12,boa,"RESOLUCIÓN de 28 de enero de 2025, del Instituto Aragonés de Gestión Ambiental, por la que se formula la declaración ambiental estratégica del Plan General de Ordenación Urbana Simplificado de Jarque de Moncayo (Zaragoza), promovido por el Ayuntamiento de Jarque de Moncayo. (Número de Expediente: INAGA 500201/71/2024/09313).",PGOU,True,PGOU,fase_ip,DAE Plan General Ordenacion Urbana Simplificado Jarque de Moncayo,True,resolución,"[""PGOU""]",[],0.98,"La publicación menciona explícitamente ""Plan General de Ordenación Urbana Simplificado"", lo cual coincide con la categoría PGOU. No hay indicios suficientes para determinar una fase concreta del ciclo o un uso específico del suelo en este fragmento.",61.283
13,boja,"Acuerdo de 25 de noviembre de 2024, del Ayuntamiento de Almedinilla, por el que se aprueba definitivamente el documento de revisión parcial del Plan General de Ordenación Urbanística de Almedinilla. Fuente Grande-Venta de Las Navas. (PP. 10317/2024).",PGOU,True,PGOU,fase_definitiva,Aprobacion definitiva revision parcial PGOU Almedinilla,True,acuerdo,"[""PGOU"", ""PLAN_ESP""]","[""fase_definitiva"", ""fase_avance""]",0.95,"El texto menciona ""aprobación definitiva del documento de revisión parcial del Plan General de Ordenación Urbanística"", lo que justifica las etiquetas PGOU y fase_definitiva. También se refiere a una ""revisión parcial"", lo que indica PLAN_ESP y fase_avance, ya que es un proceso de revisión en curso.",57.171
14,boca,"Gerencia Municipal de Urbanismo.- Anuncio de 29 de enero de 2025, por el que se somete a información pública la aprobación inicial de la Modificación Menor del Plan General de Ordenación para la protección del inmueble sito en la Avenida Lucas Vega, n.º 100.",PGOU,True,MOD_PUN,fase_inicial,IP aprobacion inicial Modificacion Menor PGO proteccion inmueble,True,anuncio,"[""PGOU"", ""MOD_PUN""]","[""fase_ip""]",0.95,"El texto menciona explícitamente ""Plan General de Ordenación"" (PGOU) y ""Modificación Menor"" (MOD_PUN). La frase ""somete a información pública la aprobación inicial"" identifica claramente la fase de información pública (fase_ip).",51.691
15,bocyl,"ACUERDO de 18 de febrero de 2025, del Pleno del Ayuntamiento de Saldaña de Burgos (Burgos), por el que se aprueba definitivamente el proyecto de actuación de la unidad de actuación única del sector de suelo urbano no consolidado Golf Saldaña de las Normas Urbanísticas Municipales.",PGOU,True,PROY_URB,fase_definitiva,Aprobacion definitiva proyecto actuacion UE Golf Saldana NUM,True,acuerdo,"[""PGOU""]","[""fase_definitiva"", ""uso_rustico""]",0.95,"El texto menciona ""Normas Urbanísticas Municipales"" que encaja con PGOU, y se trata de una ""aprobación definitiva"", además de referirse a ""suelo urbano no consolidado"".",50.26
16,dogv,ANUNCIO por el que se somete a información pública la modificación puntual número 2 del Plan general de ordenación urbana.,PGOU,True,MOD_PUN,fase_ip,IP modificacion puntual num 2 PGOU,True,anuncio,"[""PGOU"", ""MOD_PUN""]","[""fase_ip""]",1.0,"""La descripción menciona explícitamente 'anuncio', 'información pública' (fase_ip), 'modificación puntual número 2' (MOD_PUN) y 'Plan general de ordenación urbana' (PGOU).""",48.459
17,bocm,"Plan general de urbanismo
– Acuerdo de 12 de febrero de 2025, del Consejo de Gobierno, por el que se aprueba definitivamente la modificación del Plan General de Ordenación Urbana de Madrid para la creación del Área de Planeamiento Específico 10.24 “Paseo de la Ermita del Santo”, distrito de Latina, que incluye la delimitación de una única Unidad de Ejecución",PGOU,True,MOD_PUN,fase_definitiva,Aprobacion definitiva mod PGOU Madrid APE 10.24 Paseo Ermita Santo,True,acuerdo,"[""PGOU"", ""PLAN_ESP""]","[""fase_definitiva""]",0.98,"El texto menciona explícitamente ""Plan General de Ordenación Urbana"" (etiqueta PGOU) y ""Área de Planeamiento Específico 10.24"", lo que corresponde a la etiqueta PLAN_ESP. La frase ""se aprueba definitivamente"" indica claramente la fase_definitiva del ciclo urbanístico.",58.302
18,bocyl,"ACUERDO de 27 de febrero de 2025, de la Comisión Territorial de Medio Ambiente y Urbanismo de Salamanca, por el que se aprueba definitivamente la modificación n.º 2 de las Normas Urbanísticas Municipales de Miranda de Azán (Salamanca). Expte.: 24-037.",PGOU,True,MOD_PUN,fase_definitiva,Aprobacion definitiva modificacion n2 NUM Miranda de Azan,True,acuerdo,"[""MOD_PUN"", ""PGOU""]","[""fase_definitiva""]",0.95,"El texto menciona explícitamente ""modificación n.º 2 de las Normas Urbanísticas Municipales"", lo que activa la categoría MOD_PUN y al referirse a dichas normas, también activa PGOU (normas urbanísticas municipales). La frase ""se aprueba definitivamente"" indica la fase_definitiva del ciclo de aprobación.",56.421
19,bocm,"Normas urbanísticas
– Orden 878/2025, de 7 de marzo, de la Consejería de Medio Ambiente, Agricultura e Interior, por la que se aprueba definitivamente la Modificación Puntual de las Normas Subsidiarias de ámbito municipal de Buitrago del Lozoya, con el fin de adecuar las condiciones urbanísticas del Matadero Frigorífico Comarcal de Buitrago a su condición de equipamiento de interés social",PGOU,True,MOD_PUN,"fase_definitiva,uso_equipamiento",Aprobacion definitiva Mod Puntual NNSS Buitrago matadero a equipamiento,True,orden,"[""MOD_PUN"", ""PGOU"", ""DIC_INT""]","[""fase_definitiva""]",0.98,"El texto indica ""Modificación Puntual"" (MOD_PUN) de las ""Normas Subsidiarias"" (PGOU), la aprobación ""definitivamente"", y el objetivo de adecuar al Matadero como ""equipamiento de interés social"" (DIC_INT). La subetiqueta de uso se omite por falta de categoría válida para equipamiento en la lista N3 proporcionada.",111.685
20,bocyl,"INFORMACIÓN pública relativa a la aprobación inicial de la modificación n.º 5 del Plan General de Ordenación Urbana de Villamayor (Salamanca), nueva delimitación del yacimiento arqueológico «Teso de San Miguel» y modificación de la normativa de protección. Expte.: 185/2025.",PGOU,True,MOD_PUN,fase_inicial,IP aprobacion inicial mod 5 PGOU Villamayor yacimiento arqueologico,True,información_pública,"[""PGOU"", ""MOD_PUN""]","[""fase_inicial""]",0.95,"El texto menciona explícitamente ""información pública relativa a la aprobación inicial de la modificación n.º 5 del Plan General de Ordenación Urbana"" (PGOU, MOD_PUN, fase_inicial). La descripción también incluye modificaciones específicas como la ""nueva delimitación del yacimiento arqueológico"" y ""modificación de la normativa de protección"".",57.511
21,docm,"Anuncio de 30/01/2025, del Ayuntamiento de Ciudad Real, sobre información pública de la alternativa técnica presentada por la mercantil Aikon Energía, SL del Programa de Actuación Urbanizadora de la Unidad de Ejecución del Plan General de Ordenación Urbana, denominada UE-VCAR.",PGOU,True,PROY_URB,fase_ip,IP alternativa tecnica PAU UE-VCAR PGOU Albacete,True,anuncio,"[""PGOU"", ""PROY_URB""]","[""fase_ip"", ""uso_energetico""]",0.95,"El texto menciona explícitamente ""Plan General de Ordenación Urbana"" (PGOU) y ""Unidad de Ejecución"", así como ""Proyecto de urbanización"" en forma de ""Programa de Actuación Urbanizadora"". Además, se hace referencia a una instalación con uso energético (""Alternativa técnica... Aikon Energía""). La naturaleza del documento es un anuncio de información pública.",60.411
22,boib,"Acuerdo de aprobación definitiva con prescripciones relativa a la Modificación puntual nº. 3 de las Normas Subsidiarias de planeamiento del municipio de Mancor de la Vall consistente en la modificación de alineaciones, usos y parámetros edificatorios y ordenanzas de estética",PGOU,True,MOD_PUN,fase_definitiva,Aprobacion definitiva Mod Puntual 3 NNSS Mancor de la Vall,True,acuerdo,"[""PGOU"", ""MOD_PUN""]","[""fase_definitiva""]",0.98,"El texto menciona explícitamente ""Normas Subsidiarias de planeamiento"", que corresponde a la categoría PGOU (equivalente al PGOU en Mallorca). Además, indica ""Modificación puntual nº. 3"", justificando la etiqueta MOD_PUN. Finalmente, se señala ""Aprobación definitiva"", correspondiendo a la subcategoría fase_definitiva.",57.66
23,dogv,ANUNCIO por el que se somete a información pública la modificación puntual número 10 del Plan general de ordenación urbana de Montaverner (expediente 389/2021).,PGOU,True,MOD_PUN,fase_ip,IP modificacion puntual num 10 PGOU Montaverner,True,anuncio,"[""PGOU"", ""MOD_PUN""]","[""fase_ip""]",0.98,"La descripción menciona explícitamente ""Plan general de ordenación urbana"" (etiqueta PGOU) y ""modificación puntual número 10"" (etiqueta MOD_PUN). El verbo ""somete a información pública"" identifica claramente la fase de participación ciudadana, correspondiente a fase_ip.",53.948
24,boib,Modificación puntual de las normas subsidiarias de Consell para la delimitación y ordenación de un aparcamiento disuasivo,PGOU,True,MOD_PUN,uso_equipamiento,Mod puntual NNSS Consell aparcamiento disuasivo,True,modificación,"[""MOD_PUN""]",[],1.0,"La descripción contiene explícitamente ""Modificación puntual de las normas subsidiarias"", que activa directamente la categoría MOD_PUN según la taxonomía. No hay indicios sobre fase del ciclo o uso específico del suelo en el texto proporcionado.",47.145
25,bopa,"Resolución de 3 de febrero de 2025, de la Consejería de Transición Ecológica, Industria y Desarrollo Económico, por la que se formula el informe ambiental estratégico de nueva delimitación y Plan Parcial del Área de Planeamiento Propuesto S-R-CBÑ 2 “Cabueñes Residencial” (APP-S-R-CBÑ2) (Gijón) (IA-PP-0141/2024//AUTO/2024/12984). [Cód. 2025-00970]",PLAN_ESP,True,PLAN_ESP,"fase_ip,uso_residencial",IAE Plan Parcial Cabueñes Residencial,True,resolución,"[""PLAN_ESP""]","[""fase_inicial""]",0.95,"El texto menciona ""Plan Parcial del Área de Planeamiento Propuesto"", lo que activa la categoría PLAN_ESP. La palabra ""Resolución"" indica el tipo de acto administrativo. La mención a un código de expediente (IA-PP-0141/2024) junto con la resolución inicial sugiere la fase inicial del proceso.",57.885
26,bon,Aprobación definitiva del Plan Especial de Actuación Urbana de las unidades UE-9 y UE-10,PLAN_ESP,True,PLAN_ESP,fase_definitiva,Aprobacion definitiva Plan Especial Actuacion Urbana UE-9 y UE-10,True,aprobación,"[""PLAN_ESP""]","[""fase_definitiva""]",0.98,"La descripción contiene ""Plan Especial"", lo que dispara la categoría N2 PLAN_ESP, y ""Aprobación definitiva"", indicando la fase_definitiva del ciclo urbanístico.",45.592
27,bocyl,"INFORMACIÓN pública relativa a la aprobación inicial del estudio de detalle, promovido por «Decoración Muebles Cagigal, S.A.», para la modificación de los parámetros de ordenación detallada de la parcela del Callejón Los Tochos n.º 1, en el término municipal de Aguilar de Campoo (Palencia). Expte.: 1373/2024.",PLAN_ESP,True,PLAN_ESP,fase_inicial,Aprobacion inicial estudio detalle parcela Callejon Los Tochos,True,información_pública,"[""PLAN_ESP""]","[""fase_ip"", ""uso_rustico""]",0.92,"El texto indica claramente ""aprobación inicial del estudio de detalle"" y ""información pública"", lo que clasifica el acto como un anuncio en fase inicial (fase_ip) y otorga la categoría PLAN_ESP por ser un estudio de detalle. Además, al referirse a la ""modificación de los parámetros de ordenación detallada de la parcela del Callejón Los Tochos n.º 1"", se implica una intervención sobre suelo rústico o con restricciones especiales (uso_rustico), dado que es un estudio de detalle para modificación de parámetros en una parcela concreta, típico en contextos rústicos o de protección especial.",71.406
28,bopv,"RESOLUCIÓN de 27 de enero de 2025, del Director de Administración Ambiental, por la que se formula informe ambiental estratégico del Plan Parcial del sector Ipintza Z1.5 de Zumarraga (Gipuzkoa).
				
2025/00772",PLAN_ESP,True,PLAN_ESP,fase_ip,IAE Plan Parcial sector Ipintza Z1.5 Zumarraga,True,información_pública,"[""PLAN_ESP""]","[""fase_ip""]",0.98,"El texto menciona explícitamente ""Plan Parcial del sector Ipintza Z1.5"", lo cual encaja con la categoría PLAN_ESP, y se formula un ""informe ambiental estratégico"" como parte de un proceso de consulta o información pública, lo que apunta a fase_ip. La confianza es alta porque tanto el tipo de acto como las categorías están claramente señaladas.",57.172
29,bopa,"Anuncio público a personas interesadas desconocidas en el procedimiento de evaluación ambiental estratégica simplificada. Plan Parcial del sector urbanizable UZ2-La Vega-U, Villabona (Llanera). Expte. IA-PP-0236/2024//AUTO/2024/18789. [Cód. 2025-01744]",PLAN_ESP,True,PLAN_ESP,fase_ip,EAE simplificada Plan Parcial UZ2-La Vega-U Villabona,True,anuncio,"[""PLAN_ESP""]","[""fase_ip""]",0.98,"El texto menciona explícitamente ""Plan Parcial"", lo que activa la categoría PLAN_ESP. Además, la referencia a un ""Anuncio público"" en el contexto de una ""evaluación ambiental estratégica simplificada"" corresponde a una etapa de participación pública, justificando la subcategoría fase_ip. El extracto ""Anuncio público... Plan Parcial del sector urbanizable"" es la señal directa.",57.649
30,bocyl,"ACUERDO de 20 de diciembre de 2024, del Pleno del Ayuntamiento de Burgos, relativo a la aprobación definitiva del «Estudio de detalle naves nido C/ López Bravo, 11B, polígono industrial. Villalonquejar (Burgos)», promovido por «Santaolalla Ambiental, S.L.». Expte.: 4/2024 EST-PGOU.",PLAN_ESP,True,PLAN_ESP,"fase_definitiva,uso_industrial",Aprobacion definitiva ED naves nido poligono industrial Villalonquejar,True,acuerdo,"[""PLAN_ESP"", ""PROY_URB""]","[""fase_definitiva"", ""uso_industrial""]",0.95,"El texto menciona explícitamente un ""Estudio de detalle"" (categoría PLAN_ESP) y su localización en un ""polígono industrial"", lo que indica uso industrial (subcategoría uso_industrial). Además, se señala la ""aprobación definitiva"" del estudio (subcategoría fase_definitiva).",60.075
31,borm,"Aprobación inicial del Programa de Actuación, del cambio de sistema de gestión y de los estatutos de la Junta de Compensación de la Unidad de Ejecución n.º I.b del Plan Parcial “Usos Terciarios de Carretera de Sucina”.",PLAN_ESP,True,"PLAN_ESP,PROY_URB","fase_inicial,uso_comercial",IP PA + Junta Compensacion Plan Parcial Usos Terciarios Sucina,True,aprobación,"[""PLAN_ESP"", ""PROY_URB""]","[""fase_inicial""]",0.95,"""El texto menciona explícitamente 'Plan Parcial' (disparador de PLAN_ESP) y se refiere a una 'Unidad de Ejecución', lo que indica un proyecto de actuación urbanística (PROY_URB). Además, se especifica 'Aprobación inicial', correspondiendo a la fase_inicial del ciclo.""",57.305
32,dogc,Edicto sobre aprobación inicial del Plan especial urbanístico autónomo de la vía verde del Fluvià de ámbito supramunicipal entre Sant Ferriol y La Vall de Bianya,PLAN_ESP,True,PLAN_ESP,fase_inicial,Aprobacion inicial Plan especial via verde Fluvia supramunicipal,True,edicto,"[""PLAN_ESP""]","[""fase_inicial"", ""uso_rustico""]",0.95,"El texto menciona explícitamente ""aprobación inicial"" (dispara fase_inicial) y ""Plan especial urbanístico"" en suelo rústico para una vía verde (dispara PLAN_ESP y uso_rustico, ya que las vías verdes suelen ser sobre infraestructura lineal en suelo no urbanizable). El act_type es ""edicto"" según el inicio del texto.",58.776
33,doe,Anuncio de 29 de enero de 2025 sobre aprobación inicial del Estudio de Detalle de la parcela EEC-1 del SUB CC-9.2.4.,PLAN_ESP,True,PLAN_ESP,fase_inicial,Aprobacion inicial ED parcela EEC-1 SUB CC-9.2.4,True,anuncio,"[""PLAN_ESP""]","[""fase_inicial""]",0.98,"La descripción contiene explícitamente ""Aprobación inicial"" que indica la fase inicial del ciclo, y ""Estudio de Detalle"" que corresponde a la categoría PLAN_ESP (Plan Especial).",48.107
34,bon,"Aprobación definitiva de Estudio de Detalle en la parcela 2564 del polígono 7/Z-1 U.I. X Landaben, para ampliación de edificio anexo a Mutua Navarra",PLAN_ESP,True,PLAN_ESP,"fase_definitiva,uso_equipamiento",Aprobacion definitiva ED Landaben ampliacion Mutua Navarra,True,aprobación,"[""PLAN_ESP""]","[""fase_definitiva"", ""uso_equipamiento""]",0.95,"El texto menciona ""Aprobación definitiva"" que indica la fase y ""Estudio de Detalle"" que corresponde a la categoría PLAN_ESP. Además, ""ampliación de edificio anexo a Mutua Navarra"" sugiere un uso de equipamiento (sanidad).",53.707
35,bocyl,"INFORMACIÓN pública relativa a la aprobación inicial del estudio de detalle para la modificación de la alteración existente en la calle Juan Bravo n.º 25-27, en el término municipal de Cantalejo (Segovia). Expte.: 1422/2024.",PLAN_ESP,True,PLAN_ESP,fase_inicial,Aprobacion inicial ED calle Juan Bravo 25-27 Cantalejo,True,información_pública,"[""PLAN_ESP"", ""MOD_PUN""]","[""fase_ip""]",0.95,"El texto menciona explícitamente ""estudio de detalle"" (PLAN_ESP) y ""modificación de la alteración existente"" (MOD_PUN). Además, se refiere a una ""aprobación inicial"" con carácter de ""información pública"", lo que indica la fase_ip del ciclo urbanístico.",106.284
36,bon,Aprobación inicial de Estudio de Detalle en la parcela 218 del polígono 4,PLAN_ESP,True,PLAN_ESP,fase_inicial,Aprobacion inicial ED parcela 218 poligono 4,True,aprobación,"[""PLAN_ESP"", ""PROY_URB""]","[""fase_inicial""]",0.95,"El texto contiene explícitamente la palabra ""aprobación inicial"", lo cual indica que el acto es una aprobación inicial (fase_inicial). También se menciona ""Estudio de Detalle"", lo cual corresponde a la categoría PLAN_ESP. Por último, aunque no es un plan urbano general ni una licencia, se asocia a proyectos de urbanización por ser parte del proceso de ordenación urbanística formal, justificando PROY_URB si se interpreta como fase previa a la ejecución directa, aunque en algunos contextos podría interpretarse solo como PLAN_ESP. Dado el contexto habitual de estudios de detalle, es más seguro centrarse en PLAN_ESP. No obstante, la taxonomía permite múltiples etiquetas. Revisemos: ""Estudio de Detalle"" → PLAN_ESP (señal léxica clara). ""aprobación inicial"" → fase_inicial. No hay señal explícita de PROY_URB ni LIC_URB. Corrección: no incluir PROY_URB si no hay indicación directa de proyecto de urbanización o reparcelación.",90.877
37,bon,Aprobación definitiva de Estudio de Detalle en la parcela 104 del polígono 1,PLAN_ESP,True,PLAN_ESP,fase_definitiva,Aprobacion definitiva ED parcela 104 poligono 1,True,aprobación,"[""PLAN_ESP""]","[""fase_definitiva"", ""uso_industrial""]",0.95,"El texto menciona ""Estudio de Detalle"" (categoría PLAN_ESP) y ""Aprobación definitiva"" (subcategoría fase_definitiva). La referencia a ""polígono 1"" indica un uso industrial.",50.346
38,bocyl,"ACUERDO de 18 de noviembre de 2024, del Pleno del Ayuntamiento de Aldearrubia (Salamanca), relativo a la aprobación definitiva del estudio de detalle para el solar de la calle Camino de los Partidos 3C.",PLAN_ESP,True,PLAN_ESP,fase_definitiva,Aprobacion definitiva ED solar calle Camino Partidos 3C Aldearrubia,True,acuerdo,"[""PLAN_ESP""]","[""fase_definitiva""]",1.0,"El texto contiene ""ACUERDO"" y ""aprobación definitiva del estudio de detalle"", lo que clasifica como PLAN_ESP con subcategoría fase_definitiva. El fragmento clave es ""acuerdo de 18 de noviembre de 2024... aprobación definitiva del estudio de detalle"".",53.518
39,bon,Aprobación inicial de Estudio de Detalle en la parcela 33 del polígono 1 de Unciti (Valle de Unciti),PLAN_ESP,True,PLAN_ESP,fase_inicial,Aprobacion inicial ED parcela 33 poligono 1 Unciti,True,aprobación,"[""PLAN_ESP""]","[""fase_inicial"", ""uso_rustico""]",0.95,"La descripción menciona explícitamente ""Aprobación inicial"" (dispara fase_inicial) y ""Estudio de Detalle"" (categoría PLAN_ESP). Además, se hace referencia a una ""parcela 33 del polígono 1"", lo cual en el contexto de planes especiales suele referirse a suelo rústico o no urbanizable, aunque no sea explícito, es inferible por la naturaleza del estudio de detalle.",62.19
40,bopa,Edicto. Aprobación definitiva del Plan Parcial del ámbito urbanizable Altos de Santo Medero. Expte. 1191-080005. [Cód. 2025-02014],PLAN_ESP,True,PLAN_ESP,fase_definitiva,Aprobacion definitiva Plan Parcial Altos de Santo Medero,True,edicto,"[""PLAN_ESP""]","[""fase_definitiva""]",0.95,"El texto menciona ""Aprobación definitiva del Plan Parcial"", lo que identifica claramente el acto como una aprobación de un Plan Especial (PLAN_ESP) y confirma la fase final del ciclo urbanístico (fase_definitiva). El formato del documento es ""Edicto"".",52.004
41,bon,Corrección de errores de la aprobación definitiva de Estudio de Detalle de la parcela 154 del polígono 12 (Unidad U4) de Idocin (Valle de Ibargoiti),PLAN_ESP,True,PLAN_ESP,fase_correccion,Correccion errores aprobacion definitiva ED Idocin,True,corrección_errores,"[""PLAN_ESP""]","[""fase_definitiva"", ""fase_correccion""]",0.98,"La descripción menciona explícitamente ""Corrección de errores"" y ""Estudio de Detalle"". Un Estudio de Detalle es un instrumento de ordenación urbanística (PLAN_ESP). La frase ""aprobación definitiva"" indica la fase del ciclo. No hay indicios de usos específicos del suelo.",55.553
42,bopv,"RESOLUCIÓN de 28 de enero de 2025, del Director de Administración Ambiental, por la que se formula informe ambiental estratégico del Plan Especial Guardería Canina Bi-Lagun en Hondarribia.
				
2025/00886",PLAN_ESP,True,PLAN_ESP,"fase_ip,uso_equipamiento",IAE Plan Especial Guarderia Canina Bi-Lagun Hondarribia,True,resolución,"[""PLAN_ESP""]",[],0.98,"El texto menciona explícitamente ""informe ambiental estratégico del Plan Especial Guardería Canina Bi-Lagun"", lo que activa la categoría PLAN_ESP (plan especial). No se detectan señales de fases específicas ni de uso del suelo en el fragmento proporcionado.",50.751
43,bon,Aprobación inicial de Estudio de Detalle en la parcela  522 del polígono 1,PLAN_ESP,True,PLAN_ESP,fase_inicial,Aprobacion inicial ED parcela 522 poligono 1,True,aprobación,"[""PLAN_ESP"", ""PROY_URB""]","[""fase_inicial""]",0.95,"La descripción menciona explícitamente ""Aprobación inicial"" de un ""Estudio de Detalle"", lo que corresponde a la categoría PLAN_ESP y la fase inicial (fase_inicial). Asimismo, un Estudio de Detalle en el ámbito de urbanismo suele estar vinculado a proyectos de urbanización o reparcelación, por lo que se añade PROY_URB como categoría relevante.",57.54
44,bon,Aprobación inicial de Estudio de Detalle en las parcelas 570 y 571 del área de reparto AR2,PLAN_ESP,True,PLAN_ESP,fase_inicial,Aprobacion inicial ED parcelas 570 y 571 area reparto AR2,True,aprobación,"[""PLAN_ESP""]","[""fase_inicial""]",0.98,"La descripción menciona ""Estudio de Detalle"", que corresponde a la categoría PLAN_ESP. Además, se indica ""Aprobación inicial"", lo cual señala la subcategoría fase_inicial.",48.639
45,borm,Anuncio de aprobación provisional de cuenta de liquidación definitiva del proyecto de urbanización del Plan Parcial “Cañada de la Morra Norte” de Archena.,PLAN_ESP,True,PROY_URB,fase_provisional,Aprobacion provisional cuenta liquidacion PU Plan Parcial Cañada Morra Norte,True,anuncio,"[""PLAN_ESP"", ""PROY_URB""]","[""fase_provisional""]",0.95,"El texto menciona explícitamente ""Plan Parcial"" (etiqueta PLAN_ESP) y ""proyecto de urbanización"" (etiqueta PROY_URB), además de indicar que es una ""aprobación provisional"" (subcategoría fase_provisional). La descripción es muy específica y clara.",55.852
46,borm,"Sometimiento a información pública de la documentación integrante del Avance del Plan Especial de Reordenación Urbana en parcela de equipamiento docente EED (TA-382), Espinardo, para la ejecución de una residencia universitaria.",PLAN_ESP,True,PLAN_ESP,"fase_avance,uso_equipamiento",Avance Plan Especial Reordenacion Urbana parcela equipamiento docente residencia universitaria,True,anuncio,"[""PLAN_ESP"", ""LIC_URB""]","[""fase_ip"", ""uso_residencial""]",0.95,"El texto menciona explícitamente ""Sometimiento a información pública"" (actividad de fase IP) y ""Plan Especial de Reordenación Urbana"", además de referirse a la ejecución de una ""residencia universitaria"" (uso residencial).",52.801
47,dog,"ANUNCIO de aprobación definitiva del estudio de detalle para la ampliación del complejo deportivo Agra I, en Agra do Orzán (expediente 631/2023/121).",PLAN_ESP,True,PLAN_ESP,"fase_definitiva,uso_equipamiento",Aprobacion definitiva ED ampliacion complejo deportivo Agra I,True,anuncio,"[""PLAN_ESP""]","[""fase_definitiva"", ""uso_equipamiento""]",0.98,"La descripción menciona explícitamente ""estudio de detalle"" (PLAN_ESP), ""aprobación definitiva"" (fase_definitiva) y ""complejo deportivo"", que corresponde al uso equipamiento (uso_equipamiento). El act_type es ""anuncio"" dado que es una publicación en DOG.",55.654
48,bon,"Aprobación inicial de Estudio de Detalle en las unidades UC-2.3 y UC-2.6 de suelo urbano consolidado de Arguiñariz, parcela 56 del polígono 1",PLAN_ESP,True,PLAN_ESP,fase_inicial,Aprobacion inicial ED unidades UC-2.3 y UC-2.6 Arguiñariz,True,aprobación,"[""PGOU"", ""PLAN_ESP""]","[""fase_inicial""]",0.95,"La descripción menciona ""Estudio de Detalle"", que corresponde a la categoría PLAN_ESP, y se trata en el contexto del PGOU (suelo urbano consolidado). La fase es claramente inicial por la mención explícita de ""Aprobación inicial"".",52.622
49,bon,Aprobación inicial de Plan Especial de Actuación Urbana en la unidad UO2,PLAN_ESP,True,PLAN_ESP,fase_inicial,Aprobacion inicial Plan Especial Actuacion Urbana unidad UO2,True,aprobación,"[""PLAN_ESP""]","[""fase_inicial"", ""uso_residencial""]",0.95,"El texto menciona explícitamente ""Aprobación inicial"" (fase_inicial) y ""Plan Especial de Actuación Urbana"" (PLAN_ESP). La unidad ""UO2"" suele asociarse a Planes Parciales o Especiales de carácter urbano que frecuentemente implican desarrollo residencial en el contexto de actuaciones urbanas.",54.606
50,bocyl,"ACUERDO de 19 de diciembre de 2024, del Pleno del Ayuntamiento de Palencia, por el que se aprueba definitivamente la modificación puntual del Plan General de Ordenación Urbana de Palencia, en el ámbito de la ficha n.º 6, zona de Ordenanza Terciario.",MOD_PUN,True,MOD_PUN,"fase_definitiva,uso_comercial",Aprobacion definitiva mod puntual PGOU Palencia zona Terciario,True,acuerdo,"[""PGOU"", ""MOD_PUN""]","[""fase_definitiva"", ""uso_equipamiento""]",0.95,"El texto menciona explícitamente ""Plan General de Ordenación Urbana"" (PGOU) y ""modificación puntual"", así como ""aprobación definitiva"". Además, la referencia a ""zona de Ordenanza Terciario"" implica un uso de equipamiento.",54.315
51,boc,Informe Ambiental Estratégico de la Modificación Puntual 1/2022 de las Normas Subsidiarias de planeamiento de Riotuerto.,MOD_PUN,True,MOD_PUN,fase_ip,IAE Modificacion Puntual 1/2022 NNSS Riotuerto,True,información_pública,"[""MOD_PUN"", ""PGOU""]","[""fase_ip""]",0.95,"El texto menciona explícitamente ""Informe Ambiental Estratégico de la Modificación Puntual 1/2022 de las Normas Subsidiarias"", lo que identifica claramente una modificación puntual (MOD_PUN) sobre un plan general (PGOU, indicado por ""normas subsidiarias""). Además, el contexto de ""Informe Ambiental"" en un proceso de aprobación implica la fase de información pública (fase_ip).",59.758
52,docm,"Anuncio de 14/01/2025, del Ayuntamiento de Ciudad Real, sobre información pública de la Modificación Puntual número 4 del Plan Parcial del Programa de Actuación Urbanizadora del sector S-MADR2 y del articulado de las Nomas Urbanísticas del Plan General de Ordenación Urbana. Centro de I+D Embarba.",MOD_PUN,True,MOD_PUN,fase_ip,IP Modificacion Puntual 4 Plan Parcial PAU S-MADR2 + PGOU Centro I+D Embarba,True,anuncio,"[""MOD_PUN"", ""PGOU""]","[""fase_ip""]",0.95,"La descripción contiene explícitamente ""Modificación Puntual número 4"" (MOD_PUN) y menciona que modifica el ""Plan General de Ordenación Urbana"" (PGOU). El contexto es claramente urbanístico (sector S-MADR2, Centro de I+D Embarba). La frase ""sobre información pública"" indica la fase actual (fase_ip).",57.221
53,bor,"Aprobación inicial del proyecto de modificación puntual de las Normas Subsidiarias en la calle El Sol, número 34 y 34 B",MOD_PUN,True,MOD_PUN,fase_inicial,Aprobacion inicial mod puntual NNSS calle El Sol,True,aprobación,"[""PGOU"", ""MOD_PUN""]","[""fase_inicial""]",0.95,"El texto menciona explícitamente ""Aprobación inicial"" (fase_inicial) y ""modificación puntual de las Normas Subsidiarias"" (MOD_PUN, categoría PGOU). El término ""Normas Subsidiarias"" es sinónimo de Plan General de Ordenación Urbana.",54.175
54,dogv,ANUNCIO por el que se somete a información pública la modificación puntual número 4 del Plan general de ordenación urbana de Gilet «Redelimitación de la Unidad de Ejecución UE-1»,MOD_PUN,True,MOD_PUN,fase_ip,IP mod puntual 4 PGOU Gilet redelimitacion UE-1,True,anuncio,"[""PGOU"", ""MOD_PUN""]","[""fase_ip""]",1.0,"El texto contiene explícitamente ""anuncio"", ""modificación puntual número 4"" (MOD_PUN) y ""Plan general de ordenación urbana"" (PGOU), además de ""información pública"" que indica la subcategoría fase_ip.",51.643
55,bor,"Aprobación inicial de la Modificación Puntual Número 15 del Plan General Municipal de Calahorra, para ampliación del equipamiento público",MOD_PUN,True,MOD_PUN,"fase_inicial,uso_equipamiento",Aprobacion inicial Mod Puntual 15 PGM Calahorra equipamiento publico,True,aprobación,"[""MOD_PUN"", ""PGOU""]","[""fase_inicial"", ""uso_equipamiento""]",0.98,"El texto menciona explícitamente ""Aprobación inicial"" (subcategoría fase_inicial) y ""Modificación Puntual Número 15 del Plan General Municipal"" (categorías MOD_PUN y PGOU). Además, la justificación es ""ampliación del equipamiento público"", lo que activa la etiqueta uso_equipamiento.",58.379
56,bocyl,"ACUERDO de 26 de febrero de 2025, de la Comisión Territorial de Medio Ambiente y Urbanismo de Soria, por el que se aprueba definitivamente la modificación puntual número 55 de las Normas Urbanísticas Municipales de Golmayo (Soria). Expte.: 35/2025 U.",MOD_PUN,True,MOD_PUN,fase_definitiva,Aprobacion definitiva mod puntual 55 NUM Golmayo,True,acuerdo,"[""MOD_PUN"", ""PGOU""]","[""fase_definitiva""]",0.98,"El texto menciona explícitamente ""acuerdo"" (tipo de acto), ""aprobación definitiva"" (subcategoría fase_definitiva), ""modificación puntual número 55"" (categoría MOD_PUN) y ""Normas Urbanísticas Municipales de Golmayo"" (categoría PGOU). Todos los términos clave están presentes.",57.578
57,bocyl,"ACUERDO de 26 de febrero de 2025, de la Comisión Territorial de Medio Ambiente y Urbanismo de Soria, por el que se aprueba definitivamente la modificación puntual número 56 de las Normas Urbanísticas Municipales de Golmayo (Soria), promovida por «Inmobiliaria M.R., S.A.U.». Expte.: 34/2025 U.",MOD_PUN,True,MOD_PUN,fase_definitiva,Aprobacion definitiva mod puntual 56 NUM Golmayo,True,acuerdo,"[""PGOU"", ""MOD_PUN""]","[""fase_definitiva""]",0.95,"El texto menciona ""Normas Urbanísticas Municipales"" (PGOU) y ""modificación puntual número 56"", además de ""aprobación definitiva"". El fragmento que confirma esto es: ""por el que se aprueba definitivamente la modificación puntual número 56 de las Normas Urbanísticas Municipales de Golmayo"".",58.75
58,doe,Anuncio de 24 de marzo de 2025 sobre exposición al público de aprobación de viabilidad e inicial modificación puntual del Plan General Urbano.,MOD_PUN,True,MOD_PUN,fase_inicial,Exposicion publica aprobacion viabilidad e inicial mod puntual PGU,True,anuncio,"[""PGOU"", ""MOD_PUN""]","[""fase_ip""]",0.95,"El texto menciona explícitamente ""Plan General Urbano"" (etiqueta PGOU) y ""inicial modificación puntual"" (etiqueta MOD_PUN). Además, se indica que es una ""exposición al público"", lo cual corresponde a la subcategoría de fase IP.",52.835
59,bocyl,"ACUERDO de 26 de octubre de 2023, de la Comisión Territorial de Medio Ambiente y Urbanismo de León, por el que se aprueba definitivamente la modificación puntual n.º 3 de las Normas Urbanísticas Municipales de Maraña (León). Expte.: 2022-137.",MOD_PUN,True,MOD_PUN,fase_definitiva,Aprobacion definitiva mod puntual 3 NUM Maraña,True,acuerdo,"[""MOD_PUN""]","[""fase_definitiva""]",0.98,"El texto menciona explícitamente ""modificación puntual n.º 3 de las Normas Urbanísticas Municipales"", lo que activa la categoría MOD_PUN y la subcategoría uso_residencial (o más genéricamente, falta señal explícita de uso del suelo específico para activar una etiqueta de uso). Además, se indica que se ""aprueba definitivamente"", lo cual apunta a la subcategoría fase_definitiva.",60.416
60,bocyl,"ORDEN MAV/129/2025, de 12 de febrero, por la que se formula el informe ambiental estratégico de la modificación puntual n.º 9 del Plan General de Ordenación Urbana de Dueñas (Palencia). EAES/2024/110.",MOD_PUN,True,MOD_PUN,fase_ip,IAE mod puntual 9 PGOU Dueñas,True,orden,"[""PGOU"", ""MOD_PUN""]",[],0.95,"El texto menciona ""Plan General de Ordenación Urbana"" (etiqueta PGOU) y ""modificación puntual"" (etiqueta MOD_PUN). El fragmento clave es: ""modificación puntual n.º 9 del Plan General de Ordenación Urbana"". No hay señales claras para fases ni usos específicos del suelo.",54.633
61,docm,"Anuncio de 27/01/2025, del Ayuntamiento de Esquivias (Toledo), sobre información pública de la Modificación Puntual número 5 de las Normas Subsidiarias de Planeamiento Municipal (ordenación detallada) de los artículos 4.3.1, 4.3.2, 5.6.4, 5.6.5, 5.6.6, 5.6.7, 5.7.4, 5.7.5, 5.7.6, 5.7.7, incluidos en las normas generales de la edificación y ordenanzas de suelo urbano de las mismas.",MOD_PUN,True,MOD_PUN,fase_ip,IP Modificacion Puntual 5 NNSS Esquivias normativa edificacion,True,anuncio,"[""PGOU"", ""MOD_PUN""]","[""fase_ip""]",0.95,"El texto menciona explícitamente ""Modificación Puntual número 5 de las Normas Subsidiarias"", lo que indica tanto la categoría PGOU (por ser Normas Subsidiarias) como MOD_PUN. Además, el tipo de documento es un ""Anuncio... sobre información pública"", lo que sitúa la publicación en la fase de información pública (fase_ip).",59.609
62,doe,"Anuncio de 24 de enero de 2025 sobre aprobación inicial de la modificación puntual 2/2024/OD, modificación de la alineación de la avenida de la Paz en su encuentro con calle Luis Chamizo.",MOD_PUN,True,MOD_PUN,fase_inicial,Aprobacion inicial mod puntual 2/2024/OD modificacion alineacion av Paz,True,anuncio,"[""MOD_PUN"", ""PGOU""]","[""fase_inicial""]",0.95,"El texto menciona explícitamente ""modificación puntual 2/2024/OD"" que activa la etiqueta MOD_PUN y se refiere a una ""aprobación inicial"", activando fase_inicial. La modificación es de las normas urbanísticas (alineación) aplicable al PGOU, activando PGOU.",55.515
63,bocyl,"ORDEN MAV/55/2025, de 24 de enero, por la que se formula el informe ambiental estratégico de la modificación puntual de las Normas Urbanísticas Municipales de Valle de Mena (Burgos), sector SUNC-04 en Villasana de Mena. Expte.: EAES/2024/080.",MOD_PUN,True,MOD_PUN,fase_ip,IAE mod puntual NUM Valle de Mena sector SUNC-04,True,orden,"[""MOD_PUN"", ""PGOU""]",[],0.95,"El texto menciona ""modificación puntual"" y ""Normas Urbanísticas Municipales"", disparando las categorías MOD_PUN y PGOU respectivamente. La referencia a ""informe ambiental estratégico"" es parte del proceso de la modificación, no un acto administrativo diferente.",51.037
64,bocyl,"ORDEN MAV/91/2025, de 4 de febrero, por la que se formula el informe ambiental estratégico de la modificación puntual de las Normas Urbanísticas Municipales de Bermillo de Sayago, reclasificación parcela 22 y parte de la parcela 9013 del polígono 107, de Torrefrades (Zamora). Expte.: EAES/2024/087.",MOD_PUN,True,MOD_PUN,fase_ip,IAE mod puntual NUM Bermillo de Sayago reclasificacion parcela,True,orden,"[""MOD_PUN"", ""PGOU""]",[],0.95,"""La publicación menciona explícitamente 'modificación puntual de las Normas Urbanísticas Municipales', que corresponde a la categoría MOD_PUN y a la subcategoría PGOU ya que son normas urbanísticas municipales. También se menciona la reclasificación de parcelas, lo que implica una modificación del planeamiento.""",55.729
65,bocyl,"ORDEN MAV/108/2025, de 7 de febrero, por la que se formula la declaración ambiental estratégica de la modificación puntual n.º 2/2021 de las Normas Urbanísticas Municipales de Ayllón (Segovia), división del suelo urbanizable de uso industrial SUR-7 «La Mesa» en los sectores SUR-7A y SUR-7B y ordenación detallada del sector SUR-7A. EAEO/2024/018.",MOD_PUN,True,MOD_PUN,"fase_ip,uso_industrial",DAE mod puntual 2/2021 NUM Ayllón SUR-7 uso industrial,True,orden,"[""MOD_PUN"", ""LIC_URB""]","[""uso_industrial""]",0.98,"El texto menciona explícitamente ""modificación puntual n.º 2/2021 de las Normas Urbanísticas Municipales"", justificando la etiqueta MOD_PUN. Además, describe una ""división del suelo urbanizable de uso industrial"" y una ""ordenación detallada del sector SUR-7A"", lo que indica un proyecto de urbanización (LIC_URB) destinado a usos industriales. La fragmento clave es: ""división del suelo urbanizable de uso industrial SUR-7... en los sectores SUR-7A y SUR-7B y ordenación detallada del sector SUR-7A"".",71.695
66,dog,"ANUNCIO de información pública relativa a la aprobación inicial de la modificación puntual de las normas subsidiarias de planeamiento de ámbito municipal, para la delimitación de un área de núcleo rural de Vilar do Mato (MPNNSSPP/SNR Vilar do Mato).",MOD_PUN,True,MOD_PUN,fase_inicial,Aprobacion inicial mod puntual NNSS delimitacion nucleo rural Vilar do Mato,True,anuncio,"[""MOD_PUN""]","[""fase_inicial""]",0.98,"El texto menciona ""modificación puntual de las normas subsidiarias"", que corresponde a la etiqueta MOD_PUN. También indica ""aprobación inicial"", lo que asigna la subcategoria fase_inicial.",48.449
67,boib,Aprobación inicial de la modificación puntual nº 3 de las vigentes normas subsidiarias,MOD_PUN,True,MOD_PUN,fase_inicial,Aprobacion inicial mod puntual 3 NNSS vigentes,True,aprobación,"[""MOD_PUN""]","[""fase_inicial""]",0.98,"El texto menciona explícitamente ""modificación puntual nº 3"" que activa la categoría MOD_PUN, y ""Aprobación inicial"" que indica la fase_inicial del ciclo. El fragmento clave es: ""Aprobación inicial de la modificación puntual nº 3"".",50.946
68,boja,"Edicto de 29 de enero de 2025, de la Gerencia Municipal de Urbanismo del Excmo. Ayuntamiento de Almería, de información pública del procedimiento de Evaluación Ambiental Estratégica de la 78.ª modificación puntual del PGOU de Almería. (PP. 230/2025).",MOD_PUN,True,MOD_PUN,fase_ip,IP EAE 78 mod puntual PGOU Almeria,True,extracto,"[""PGOU"", ""MOD_PUN""]","[""fase_ip""]",0.98,"El texto menciona explícitamente ""PGOU de Almería"" (etiqueta PGOU) y ""78.ª modificación puntual"" (etiqueta MOD_PUN). El término ""información pública del procedimiento"" indica claramente que está en la fase de información pública (fase_ip).",53.373
69,doe,Anuncio de 28 de enero de 2025 sobre aprobación de la modificación puntual n.º 2 a-b-c-e del Plan General Municipal.,MOD_PUN,True,MOD_PUN,,Aprobacion mod puntual 2 a-b-c-e PGM sin fase explicita,True,anuncio,"[""MOD_PUN"", ""PGOU""]",[],0.98,"El texto menciona explícitamente ""modificación puntual"" (categoría MOD_PUN) y ""Plan General Municipal"" (categoría PGOU). No hay indicaciones de fase ni uso del suelo, por lo que subcategorias vacías.",51.072
70,bocyl,INFORMACIÓN pública relativa a la aprobación inicial de la modificación puntual n.º 4 de las Normas Urbanísticas Municipales de San Cristóbal de Segovia (Segovia). Expte.: 318/2025.,MOD_PUN,True,MOD_PUN,fase_inicial,IP aprobacion inicial mod puntual 4 NUM San Cristobal de Segovia,True,información_pública,"[""PGOU"", ""MOD_PUN""]","[""fase_inicial""]",0.98,"El texto menciona explícitamente ""Normas Urbanísticas Municipales"" (equivalente a PGOU), ""modificación puntual"" (MOD_PUN) y ""aprobación inicial"" (fase_inicial). Todos los elementos están claramente identificados en la descripción.",102.213
71,dog,ANUNCIO de la aprobación definitiva de la modificación puntual del Plan general de ordenación municipal y del PE-1 en el ámbito de la parcela EM-FE (O Espiño) (expediente 2024/00051617M).,MOD_PUN,True,MOD_PUN,fase_definitiva,Aprobacion definitiva mod puntual PGOM y PE-1 parcela EM-FE O Espiño,True,anuncio,"[""PGOU"", ""MOD_PUN"", ""PLAN_ESP""]","[""fase_definitiva"", ""uso_rustico""]",0.98,"El texto menciona explícitamente ""anuncio de la aprobación definitiva"" (dispara fase_definitiva y act_type), ""modificación puntual del Plan general de ordenación municipal"" (dispara MOD_PUN y PGOU) y ""del PE-1"" que se refiere a un plan especial (dispara PLAN_ESP). El fragmento ""ámbito de la parcela EM-FE (O Espiño)"" sugiere suelo rústico o zona específica, pero no hay señales explícitas de uso concreto más allá de lo implícito en la modificación puntual; sin embargo, la referencia al ámbito específico y a menudo asociado con suelo rústico podría inferirse como uso_rustico si ""EM-FE"" sigue una nomenclatura común para ello, aunque la señal no es tan explícita. Revisando las reglas, solo asignar subcategorías si hay señal explícita. No veo ""suelo rústico"", ""suelo no urbanizable"", etc. Por tanto, uso_rustico podría ser infundado sin una palabra clave como ""rústico"". Me retracto: la descripción no contiene las palabras clave para uso_rustico, energía, equipamiento, etc. Solo PGOU (por el nombre del plan), MOD_PUN (por ""modificación puntual"") y PLAN_ESP (por ""PE-1""). Para subcategorías de uso, no hay indicios suficientes en el texto proporcionado para asignar ninguna etiqueta de uso específico. Solo se puede inferir que es una modificación definitiva, por lo que fase_definitiva es correcta por ""aprobación definitiva"".",121.334
72,dogv,ANUNCIO de la modificación puntual del Plan general de ordenación urbana 82 en la avenida del Parador y calles del Rèmol y del Corball.,MOD_PUN,True,MOD_PUN,,Anuncio mod puntual PGOU 82 av del Parador sin fase explicita,True,anuncio,"[""MOD_PUN"", ""PGOU""]",[],1.0,"El texto menciona explícitamente ""modificación puntual del Plan general de ordenación urbana 82"", lo cual justifica las etiquetas MOD_PUN y PGOU. No hay mención a fase ni uso del suelo específico en el fragmento proporcionado.",51.088
73,borm,Aprobación inicial de la modificación puntual n.º 8 del Plan Especial de Ordenación y Protección del Conjunto Histórico de Cartagena en parcela 78342-11 C/ Real 12. Mercantil Dentro y Fuera SL.,MOD_PUN,True,MOD_PUN,fase_inicial,Aprobacion inicial mod puntual 8 Plan Especial Conjunto Historico Cartagena,True,aprobación,"[""PLAN_ESP"", ""MOD_PUN""]","[""fase_inicial""]",0.95,"La descripción contiene explícitamente ""modificación puntual n.º 8"" (MOD_PUN), ""Plan Especial de Ordenación..."" (PLAN_ESP) y ""Aprobación inicial"" (fase_inicial). El fragmento clave es: 'Aprobación inicial de la modificación puntual n.º 8 del Plan Especial...'.",56.695
74,doe,"Acuerdo de 30 de noviembre de 2023, de la Comisión de Urbanismo y Ordenación del Territorio de Extremadura, de aprobación definitiva de la modificación puntual n.º 1 del Plan General Municipal de Malpartida de Cáceres para la delimitación de la Unidad de Actuación UA-AU-10.1 del polígono industrial ""Las Arenas"", con el objetivo de eliminar la discontinuidad existente compactando la misma.",MOD_PUN,True,MOD_PUN,"fase_definitiva,uso_industrial",Aprobacion definitiva mod puntual 1 PGM Malpartida poligono industrial Las Arenas,True,acuerdo,"[""PGOU"", ""MOD_PUN""]","[""fase_definitiva"", ""uso_industrial""]",0.95,"El texto menciona explícitamente ""aprobación definitiva"" de la ""modificación puntual n.º 1 del Plan General Municipal"", lo que dispara las etiquetas MOD_PUN (por ser una modificación puntual del PGOU) y PGOU (como plan base). La referencia al ""polígono industrial Las Arenas"" indica el uso industrial. El nivel de confianza es alto (>0.95) porque todas las categorías están claramente nombradas en la descripción: ""Plan General Municipal"", ""modificación puntual"", ""aprobación definitiva"", y ""polígono industrial"".",78.533
75,bocyl,"INFORMACIÓN pública relativa a la solicitud de autorización de uso excepcional de suelo rústico, para la ejecución del proyecto de urbanización de calles y plazas, en el término municipal de Pozaldez (Valladolid), obra incluida en el Plan Diputación-Ayuntamientos 2024-2025. Expte.: 1/2025.",PROY_URB,True,"PROY_URB,LIC_URB",uso_rustico,IP autorizacion uso excepcional suelo rustico para proyecto urbanizacion calles Pozaldez,True,información_pública,"[""LIC_URB"", ""PROY_URB""]","[""uso_rustico"", ""fase_ip""]",0.95,"El texto menciona ""solicitud de autorización de uso excepcional de suelo rústico"" (dispara LIC_URB y uso_rustico) y ""ejecución del proyecto de urbanización"" (dispara PROY_URB). El acto es una ""INFORMACIÓN pública"" con un plazo de consultas implícito en la exposición pública (dispara fase_ip).",73.998
76,doe,Anuncio de 19 de febrero de 2025 sobre aprobación inicial del Proyecto de Urbanización que afecta al Sector Urbanizable SUB-1 de las Normas Subsidiarias Municipales.,PROY_URB,True,PROY_URB,fase_inicial,Aprobacion inicial Proyecto Urbanizacion sector SUB-1 NNSS,True,anuncio,"[""PROY_URB""]","[""fase_inicial"", ""uso_residencial""]",0.92,"El texto indica explícitamente ""Anuncio"" como tipo de acto y ""aprobación inicial del Proyecto de Urbanización"", justificando las etiquetas PROY_URB, fase_inicial y uso_residencial (por estar en un sector urbanizable SUB-1). La mención a ""Normas Subsidiarias Municipales"" refuerza el contexto de planeamiento general.",70.236
77,boja,"Anuncio de 14 de marzo de 2025, de la Dirección General de Ordenación del Territorio, Urbanismo y Agenda Urbana, por el que se notifica acuerdo de inicio de procedimiento sancionador por adquisición de cuotas y porcentajes de propiedad en parcelación urbanística, en el término municipal de Dos Hermanas (Sevilla).",PROY_URB,True,PROY_URB,,Inicio procedimiento sancionador parcelacion urbanistica ilegal Dos Hermanas,False,anuncio,[],[],0.95,"El texto menciona ""parcelación urbanística"" pero el acto es una notificación de un procedimiento sancionador por la adquisición de cuotas en dicha parcelación, no es un plan, una modificación, ni una licencia de uso del suelo propiamente dicha. Es un acto administrativo disciplinario/jurídico sobre una transacción económica relacionada con urbanismo, no clasifícable en las categorías N2 de planeamiento urbano (PGOU, PLAN_ESP, MOD_PUN, PROY_URB, LIC_URB) ni declaraciones de interés (DIC_INT). Por tanto, is_relevant=False según la regla 1.",79.868
78,bor,"Modificado al Proyecto de Urbanización en UE N 7-10 ""Río San Miguel"" proveniente del PERI 41 Río San Miguel. Aprobación inicial. 09.3. Expediente URB07-2024/0007",PROY_URB,True,PROY_URB,fase_inicial,Aprobacion inicial Modificado Proyecto Urbanizacion UE N7-10 Rio San Miguel,True,modificación,"[""PROY_URB""]","[""fase_inicial"", ""fase_avance""]",0.95,"El texto menciona ""Modificado al Proyecto de Urbanización en UE N 7-10"" lo que indica una modificación de un proyecto (PROY_URB). También se cita ""Aprobación inicial"" (fase_inicial) y proviene del ""PERI 41"" que es típicamente un plan en fase de avance o estudio preliminar, justificando la etiqueta fase_avance.",71.42
79,boja,"Anuncio de 20 de diciembre de 2024, de la Dirección General de Ordenación del Territorio, Urbanismo y Agenda Urbana, por el que se requiere el cumplimiento de la resolución finalizadora de procedimiento de restablecimiento de la legalidad territorial por parcelación urbanística, en el t.m. de San Roque (Cádiz).",PROY_URB,True,PROY_URB,,Requerimiento cumplimiento legalidad territorial parcelacion urbanistica San Roque,True,anuncio,"[""LIC_URB""]",[],0.65,"El anuncio requiere el cumplimiento de una resolución sobre parcelación urbanística en San Roque, lo que se relaciona con la gestión de calificación o licencia de uso del suelo (LIC_URB). No hay información explícita sobre fase (aprobación, pública, etc.) ni tipo de uso específico en el texto, por lo que las subcategorías vacías y la confianza es moderada.",138.605
80,boc,"Aprobación definitiva de la modificación del ámbito de la Unidad de Ejecución R-06 de Renedo, así como estimación y desestimación de alegaciones. Expediente 2023/8287.",PROY_URB,True,PROY_URB,fase_definitiva,Aprobacion definitiva modificacion ambito UE R-06 Renedo,True,aprobación,"[""PROY_URB""]","[""fase_definitiva""]",0.95,"El texto menciona ""Aprobación definitiva"" que corresponde a la fase_definitiva y ""Unidad de Ejecución R-06"", lo cual activa la categoría PROY_URB para proyectos de urbanización/reparcelación.",62.291
81,bocyl,"APROBACIÓN definitiva del Convenio Urbanístico de obtención de terrenos para su destino de dotación pública establecido en el Planeamiento Urbanístico vigente, ejecutando su urbanización según el proyecto de urbanización de la calle Menéndez Pidal en Villaobispo de las Regueras, en el término municipal de Villaquilambre (León).",PROY_URB,True,PROY_URB,"fase_definitiva,uso_equipamiento",Aprobacion definitiva Convenio Urbanistico + PU calle Menendez Pidal dotacion publica,True,aprobación,"[""PROY_URB""]","[""fase_definitiva""]",0.95,"El texto contiene explícitamente ""APROBACIÓN definitiva"", lo que indica la fase del ciclo. Además, menciona el ""Convenio Urbanístico"" y la ejecución de ""urbanización según el proyecto de urbanización"" para una calle específica, lo que encaja claramente con la categoría de Proyecto de Urbanización (PROY_URB).",68.432
82,dogv,"ANUNCIO de la modificación puntual del Plan parcial de la unidad de ejecución número 1 del sector O-1 Las Filipinas, del Plan general municipal de ordenación urbana de Orihuela.",PROY_URB,True,MOD_PUN,,Modificacion puntual Plan Parcial UE1 sector O-1 Las Filipinas Orihuela,True,anuncio,"[""PGOU"", ""PLAN_ESP"", ""MOD_PUN""]",[],0.95,"El texto menciona explícitamente ""Plan parcial"" (PLAN_ESP), ""unidad de ejecución"" (PROY_URB, pero no es el foco principal aquí), y ""Plan general municipal de ordenación urbana"" (PGOU). La acción principal es ""modificación puntual del Plan parcial"", lo que activa la categoría MOD_PUN. No hay frases como ""avance"", ""aprobación provisional/definitiva"", ni referencias a usos específicos (residencial, industrial, etc.) para asignar subcategorías de uso o fase.",79.732
83,dogv,ANUNCIO en relación a la información pública de la aprobación inicial del proyecto de reparcelación voluntaria modificada de la unidad de ejecución del plan de reforma interior UE 4.2. Montesano.,PROY_URB,True,PROY_URB,fase_inicial,IP aprobacion inicial proyecto reparcelacion voluntaria UE 4.2 Montesano,True,anuncio,"[""PROY_URB"", ""PGOU""]","[""fase_inicial""]",0.95,"El texto menciona explícitamente ""unidad de ejecución del plan de reforma interior UE 4.2. Montesano"", lo que corresponde a la categoría PGOU, y ""proyecto de reparcelación voluntaria modificada"", que se asigna a PROY_URB. Además, ""aprobación inicial"" indica claramente la fase_inicial del ciclo urbanístico.",70.321
84,boja,"Anuncio de 30 de enero de 2025, de la Dirección General de Ordenación del Territorio, Urbanismo y Agenda Urbana, por el que se notifica acuerdo de inicio de procedimiento sancionador por adquisición de cuotas y porcentajes de propiedad en parcelación urbanística, en el término municipal de Dos Hermanas (Sevilla).",PROY_URB,True,PROY_URB,,Inicio procedimiento sancionador parcelacion urbanistica Dos Hermanas duplicado,False,anuncio,[],[],0.98,"La publicación es un anuncio de inicio de procedimiento sancionador por ""adquisición de cuotas y porcentajes de propiedad en parcelación urbanística"". Aunque menciona ""parcelación"", que es un concepto urbanístico, el acto administrativo no está regulando planeamiento (PGOU), modificándolo, otorgando licencia urbanística ni declarando interés social. Es una sanción administrativa por un contrato/compraventa derivada de una operación urbanística previa, lo que lo lleva a la categoría de gestión administrativa general o contratación/contratos públicos según el contexto específico del BOJA y las reglas críticas para is_relevant=False. No cumple con los criterios de relevancia urbana definida (PGOU, PLAN_ESP, MOD_PUN, PROY_URB, LIC_URB, DIC_INT).",86.119
85,bon,Denominación de la vía pública y numeración de las parcelas resultantes del proyecto de reparcelación del Sector 1 de Arazuri,PROY_URB,True,PROY_URB,,Denominacion via publica numeracion parcelas proyecto reparcelacion Sector 1 Arazuri,True,información_pública,"[""PROY_URB""]",[],0.95,"El texto menciona explícitamente ""proyecto de reparcelación del Sector 1 de Arazuri"", lo que encaja claramente con la categoría PROY_URB (proyecto de urbanización/reparcelación). No hay indicaciones sobre fase específica o tipo de uso del suelo, por lo que esas subcategorías no se asignan.",55.622
86,boja,"Anuncio de 20 de diciembre de 2024, de la Dirección General de Ordenación del Territorio, Urbanismo y Agenda Urbana, por el que se requiere el cumplimiento de la resolución finalizadora de procedimiento de restablecimiento de la legalidad territorial por parcelación urbanística, en el t.m. de San Roque (Cádiz).",PROY_URB,True,PROY_URB,,Requerimiento legalidad territorial parcelacion San Roque duplicado,True,anuncio,"[""LIC_URB""]",[],0.85,"El texto menciona ""cumplimiento de la resolución finalizadora"" y ""parcelación urbanística"", lo que activa la categoría LIC_URB (licencia urbanística/actuación específica). No hay palabras clave explícitas para subcategorías. La confianza es alta pero no 0.95 porque se infiere que el anuncio de cumplimiento implica una acción urbanística relevante, aunque no se detalla si es fase inicial o definitiva del proceso concreto.",60.024
87,bocyl,APROBACIÓN definitiva del proyecto de urbanización de la UA1 de Bernuy de Porreros (Segovia). Expte.: 259/2024.,PROY_URB,True,PROY_URB,fase_definitiva,Aprobacion definitiva proyecto urbanizacion UA1 Bernuy de Porreros,True,aprobación,"[""PROY_URB""]","[""fase_definitiva""]",0.98,"El texto contiene explícitamente ""APROBACIÓN definitiva"" que activa la fase_definitiva y ""proyecto de urbanización"" que activa PROY_URB. Ambos términos son señales clave directas en el fragmento de la descripción.",51.497
88,borm,"Anuncio de aprobación inicial del programa de actuación, el proyecto de reparcelación y el proyecto de urbanización de las Unidades de Actuación n.º 3A y 3B de las Normas Subsidiarias de Planeamiento.",PROY_URB,True,PROY_URB,fase_inicial,Aprobacion inicial PA + proyecto reparcelacion + PU UA 3A y 3B NNSS,True,anuncio,"[""PGOU"", ""PROY_URB""]","[""fase_inicial"", ""uso_rustico""]",0.95,"La descripción menciona explícitamente ""Normas Subsidiarias de Planeamiento"" (señal de PGOU) y ""proyectos de reparcelación y urbanización"" (señal de PROY_URB). Además, la expresión ""anuncio de aprobación inicial"" indica la fase inicial del ciclo. Dado que es un programa de actuación bajo normas subsidiarias para reparcelación y urbanización en suelo rústico (implícito por las normas subsidiarias), se incluye uso_rustico.",66.009
89,dog,"ANUNCIO de 22 de enero de 2025, de la Dirección General de Calidad Ambiental y Sostenibilidad, por el que se hace público el informe de impacto ambiental del proyecto de urbanización para la ampliación del parque tecnológico y logístico de Vigo, en el ayuntamiento de Vigo (Pontevedra) (expediente 2023/0100).",PROY_URB,True,PROY_URB,"fase_ip,uso_industrial",IAA proyecto urbanizacion ampliacion parque tecnologico logistico Vigo,True,anuncio,"[""PROY_URB""]","[""fase_ip"", ""uso_comercial""]",0.95,"La descripción menciona explícitamente ""proyecto de urbanización"" para ""ampliación del parque tecnológico y logístico"", lo que encaja con la categoría PROY_URB. El término ""informe de impacto ambiental"" indica una fase de información pública (fase_ip). La referencia a un ""parque tecnológico y logístico"" apunta al uso comercial, aunque es menos directo que otros términos clave.",59.757
90,dogc,"Anuncio por el que se somete a información pública la solicitud de autorización administrativa previa, autorización administrativa de construcción, autorización del proyecto de actuación específica de interés público en suelo no urbanizable y evaluación de impacto ambiental del proyecto de la planta solar fotovoltaica denominada PS Eguzki Alt Empordà, de 4,95 MW sobre terreno en suelo no urbanizable, en el término municipal de L'Escala, en la provincia de Girona, y su infraestructura de evacuación, líneas soterradas a 25 kV, líneas aéreas a 25 kV y centro de medida, en los términos municipales de L'Escala y Albons (exp. FUE-2024-03915984, ref. 3095)",LIC_URB,True,LIC_URB,"fase_ip,uso_energetico,uso_rustico","IP actuacion especifica interes publico suelo no urbanizable solar FV 4,95 MW L'Escala",True,anuncio,"[""LIC_URB"", ""PLAN_ESP""]","[""uso_energetico"", ""fase_ip"", ""uso_rustico""]",0.98,"El texto menciona ""autorización del proyecto de actuación específica de interés público en suelo no urbanizable"" (disparador para LIC_URB y uso_rustico) y el proyecto es una ""planta solar fotovoltaica"" (uso_energetico). Además, se somete a ""información pública"" (fase_ip) y la autorización administrativa previa al proyecto de actuación específica en suelo no urbanizable también apunta a PLAN_ESP.",68.049
91,dogc,"Anuncio por el que se somete a información pública la solicitud de autorización administrativa previa, autorización administrativa de construcción, autorización del proyecto de actuación específica de interés público en suelo no urbanizable y evaluación de impacto ambiental del proyecto de la planta solar fotovoltaica denominada Can Bou, de 4.950 kW en suelo no urbanizable, en el término municipal de Subirats, en la provincia de Barcelona, y su infraestructura de evacuación, líneas soterradas a 25 kV, en el término municipal de Subirats (exp. FUE-2024-03662271, ref. 02921)",LIC_URB,True,LIC_URB,"fase_ip,uso_energetico,uso_rustico",IP actuacion especifica suelo no urbanizable solar FV Can Bou 4950 kW Subirats,True,anuncio,"[""LIC_URB"", ""DIC_INT""]","[""uso_rustico"", ""uso_energetico""]",0.95,"El texto menciona ""solicitud de autorización administrativa previa... en suelo no urbanizable"" (LIC_URB) y ""autorización del proyecto de actuación específica de interés público"" (DIC_INT). Además, se identifica claramente ""planta solar fotovoltaica"" (uso_energetico) y el contexto de ""suelo no urbanizable"" (uso_rustico). La mención de ""anuncio por el que se somete a información pública"" confirma el act_type ""anuncio"" y la subcategoría ""fase_ip"".",67.811
92,bocyl,"ORDEN MAV/239/2025, de 11 de marzo, por la que se aprueba definitivamente la modificación del Plan General de Ordenación Urbana de Burgos, para cambio de calificación urbanística de la parcela situada en la calle López Bravo n.º 53 (polígono Villalonquéjar).",LIC_URB,True,MOD_PUN,"fase_definitiva,uso_industrial",Aprobacion definitiva mod PGOU Burgos cambio calificacion urbanistica parcela Lopez Bravo,True,orden,"[""PGOU"", ""MOD_PUN""]","[""fase_definitiva"", ""uso_residencial""]",0.92,"El texto indica claramente una orden de ""aprobación definitiva"" de la ""modificación del Plan General de Ordenación Urbana"". La calificación urbanística suele implicar un cambio a uso residencial (vivienda), aunque el fragmento no especifica explícitamente ""residencial"", es una inferencia común en cambios de calificación.",54.999
93,bocyl,"CORRECCIÓN de errores de la información pública relativa a la solicitud de autorización de uso excepcional de suelo rústico de entorno urbano, para la instalación de un depósito de abastecimiento de agua para agricultores en la parcela 5086 del polígono 501, en el término municipal de Doñinos de Salamanca (Salamanca). Expte.: 783/2024.",LIC_URB,True,LIC_URB,"fase_correccion,uso_rustico",Correccion errores IP autorizacion uso excepcional suelo rustico deposito agua agricultores,True,corrección_errores,"[""LIC_URB"", ""DIC_INT""]","[""uso_rustico""]",0.98,"El texto indica claramente ""CORRECCIÓN de errores"" (activando act_type), se refiere a una ""solicitud de autorización de uso excepcional de suelo rústico"" (LIC_URB) y alude a su ""declaración de utilidad e interés social"" implícita en el contexto de uso excepcional de suelo rústico para abastecimiento agrícola (DIC_INT). También menciona explícitamente ""uso excepcional en suelo rústico"".",60.72
94,boe,"Anuncio complementario del Departament d'Acció Climàtica, Alimentació i Agenda Rural - Serveis Territorials a les Terres de l'Ebre de la Generalitat de Catalunya, por el cual se somete a información pública la solicitud de autorización administrativa previa, autorización administrativa de construcción, de declaración de utilidad pública y de autorización del proyecto de actuación específica de interés público en suelo no urbanizable y evaluación de impacto ambiental del proyecto del parque solar denominado Flix-Ascó II de 16,06 MW sobre terreno en suelo no urbanizable, en el término municipal de Flix, en la comarca de la Ribera d'Ebre y su infraestructura de evacuación, línea soterrada en 30 kV que conecta la instalación de producción a la SET ERCAM 30/132 kV en el término municipal de Flix, en la comarca de la Ribera d'Ebre. (Expediente: FUE-2022-02595207).",LIC_URB,True,LIC_URB,"fase_ip,uso_energetico,uso_rustico",IP actuacion especifica suelo no urbanizable solar FV Flix-Asco II 16 MW,True,anuncio,"[""LIC_URB"", ""DIC_INT""]","[""uso_energetico"", ""uso_rustico"", ""fase_ip""]",0.98,"El texto menciona explícitamente ""autorización administrativa previa... de declaración de utilidad pública"" (DIC_INT) y ""proyecto de actuación específica de interés público en suelo no urbanizable"" (LIC_URB + uso_rustico). Además, el proyecto es un ""parque solar"" (uso_energetico). Finalmente, el texto indica que se ""somete a información pública"" (fase_ip).",64.96
95,bocyl,"INFORMACIÓN pública relativa a la solicitud de autorización de uso excepcional de suelo rústico y licencia urbanística, para la instalación de una torre de telecomunicaciones en la parcela 456 del polígono 22, Horretona, en el término municipal de San Vicente de la Cabeza (Zamora).",LIC_URB,True,LIC_URB,"fase_ip,uso_rustico",IP autorizacion uso excepcional suelo rustico torre telecomunicaciones,True,información_pública,"[""LIC_URB"", ""DIC_INT""]","[""uso_rustico""]",0.98,"La descripción menciona explícitamente ""autorización de uso excepcional"" y ""licencia urbanística"", justificando la etiqueta LIC_URB, y también ""uso excepcional en suelo rústico"", que activa la categoría DIC_INT por implicar una declaración de interés social para dicha ubicación. La referencia a ""suelo rústico"" en la descripción confirma la subcategoría uso_rustico.",58.441
96,bocyl,"INFORMACIÓN pública relativa a la solicitud de autorización de uso excepcional de suelo rústico y licencia urbanística, para el despliegue de fibra óptica entre Villaquirán de los Infantes y Los Balbases, en el término municipal de Los Balbases (Burgos). Expte.: 57/2024.",LIC_URB,True,LIC_URB,"fase_ip,uso_rustico",IP autorizacion uso excepcional suelo rustico fibra optica Villaquiran-Los Balbases,UnexpectedModelBehavior,138.37
97,bocyl,"INFORMACIÓN pública relativa a la solicitud de autorización de uso excepcional de suelo rústico, promovida por «Adamo Telecom Iberia, S.A.U.», para el proyecto de obra civil para la interconexión de fibra óptica entre Barromán-05_05023_000064, en el término municipal de Barromán (Ávila). Expte.: 75/2024.",LIC_URB,True,LIC_URB,"fase_ip,uso_rustico",IP autorizacion uso excepcional suelo rustico fibra optica Barroman,True,información_pública,"[""LIC_URB"", ""DIC_INT""]","[""uso_rustico""]",0.95,"La descripción menciona explícitamente la ""solicitud de autorización de uso excepcional"" (disparador de LIC_URB) y su finalidad para una obra en ""suelo rústico"" (disparador de uso_rustico y DIC_INT, dado el contexto de declaración de interés).",65.712
98,bocyl,"INFORMACIÓN pública relativa a la solicitud de autorización de uso excepcional de suelo rústico para una instalación solar fotovoltaica de autoconsumo conectada a red con excedentes en la parcela 48 del polígono 5, en el término municipal de Lumbrales (Salamanca). Expte.: 70/2024.",LIC_URB,True,LIC_URB,"fase_ip,uso_energetico,uso_rustico",IP autorizacion uso excepcional suelo rustico solar FV autoconsumo Lumbrales,True,información_pública,"[""LIC_URB"", ""DIC_INT""]","[""uso_rustico"", ""uso_energetico""]",0.98,"El texto menciona ""información pública"" que indica el tipo de acto, y autoriza ""uso excepcional de suelo rústico para una instalación solar fotovoltaica"". Las palabras clave son: ""información pública"", ""licencia/autorización de uso excepcional"" (LIC_URB), ""declaración de interés"" implícita en la autorización excepcional (DIC_INT), ""suelo rústico"" (uso_rustico), y ""instalación solar fotovoltaica"" (uso_energetico).",76.953
99,bocyl,"INFORMACIÓN pública relativa a la solicitud de autorización de uso excepcional, licencia de obras, licencia de actividad y autorización para la implantación de un servicio terciario de ocupación de tiempo de ocio para niños y hostelero en las naves del polígono Nuestra Señora de la Asunción 28-29, en el término municipal de Villalobón (Palencia).",LIC_URB,True,LIC_URB,"fase_ip,uso_comercial",IP autorizacion uso excepcional licencias servicio ocio hostelero naves poligono,True,información_pública,"[""LIC_URB""]","[""uso_equipamiento"", ""uso_comercial""]",0.92,"La descripción menciona explícitamente ""licencia de obras"" y ""autorización para la implantación de un servicio terciario"", lo que corresponde a LIC_URB. El término ""servicio terciario de ocupación de tiempo de ocio para niños"" indica uso equipamental, mientras que ""hostelero"" apunta a uso comercial.",65.935
100,bocyl,"INFORMACIÓN pública relativa a la solicitud de autorización de uso excepcional de suelo rústico, promovida por «Adamo Telecom Iberia, S.A.», para la interconexión de fibra óptica en el tramo comprendido entre La Higuera y Lanzahíta, en el término municipal de Lanzahíta (Ávila). Expte.: 32/2023.",LIC_URB,True,LIC_URB,"fase_ip,uso_rustico",IP autorizacion uso excepcional suelo rustico fibra optica La Higuera-Lanzahita,UnexpectedModelBehavior,129.404
101,bocyl,"INFORMACIÓN pública relativa a la solicitud de autorización de uso excepcional de suelo rústico / protección natural / forestal (SR/PN/F) y afectado como protección cultural / Bic Zona Arqueológica Las Médulas (SR/PC/BIC ZAM), promovida por el Ayuntamiento, para la instalación de una caseta prefabricada de madera en el aparcamiento de Mirador de Orellán en la parcela 1997 del polígono 34, paraje Souto Ribeiro, en el término municipal de Borrenes (León).",LIC_URB,True,LIC_URB,"fase_ip,uso_rustico",IP autorizacion uso excepcional suelo rustico Las Medulas caseta aparcamiento Mirador Orellan,True,información_pública,"[""LIC_URB"", ""DIC_INT""]","[""uso_rustico""]",0.95,"El texto menciona explícitamente ""información pública"" (act_type) y ""solicitud de autorización de uso excepcional de suelo rústico"" que activa las categorías LIC_URB (licencia/autorización excepcional) y DIC_INT (declaración de interés implícita en autorizaciones excepcionales). Además, se especifica claramente ""uso excepcional en suelo rústico"", lo que confirma la subcategoría uso_rustico.",75.743
102,bocyl,"INFORMACIÓN pública relativa a la solicitud de autorización de uso excepcional de suelo rústico y licencia urbanística para la instalación de línea eléctrica subterránea a 3,3 kW, para acometida eléctrica a la parcela 69 del polígono 7, en el término municipal de Matilla de los Caños del Río (Salamanca). Expte.: 13/2025.",LIC_URB,True,LIC_URB,"fase_ip,uso_rustico",IP autorizacion uso excepcional suelo rustico linea electrica subterranea,True,información_pública,"[""LIC_URB"", ""DIC_INT""]","[""uso_energetico""]",0.95,"El texto menciona explícitamente ""licencia urbanística"" (etiqueta LIC_URB) y ""autorización de uso excepcional de suelo rústico"" (etiqueta DIC_INT), además de referirse a una ""instalación de línea eléctrica subterránea"", lo que indica el uso energético.",63.935
103,docm,"Anuncio de 07/02/2025, del Ayuntamiento de Fuentealbilla (Albacete), sobre información pública del expediente de calificación urbanística para ejecución de instalación de autoconsumo agrovoltaico para alimentar sistema de riego en Fuentealbilla, a instancia de Huerto Tornasol, SL.",LIC_URB,True,LIC_URB,"fase_ip,uso_energetico,uso_rustico",IP calificacion urbanistica suelo rustico instalacion agrovoltaica riego Fuentealbilla,True,anuncio,"[""LIC_URB""]","[""uso_energetico""]",0.95,"El texto es un anuncio de información pública sobre una calificación urbanística para autoconsumo agrovoltaico, lo que encaja claramente en la categoría de licencia urbanística (LIC_URB) y uso energético (uso_energetico). El fragmento clave es ""anuncio... sobre información pública del expediente de calificación urbanística para ejecución de instalación de autoconsumo agrovoltaico"".",67.432
104,bocyl,"INFORMACIÓN pública relativa a la solicitud de autorización de uso excepcional de suelo rústico, para la construcción de una pista de pádel en la parcela 5164 del polígono 6, en el término municipal de Quintanilla del Molar (Valladolid). Expte.: 9/2025.",LIC_URB,True,LIC_URB,"fase_ip,uso_rustico,uso_equipamiento",IP autorizacion uso excepcional suelo rustico pista padel Quintanilla del Molar,True,información_pública,"[""LIC_URB"", ""DIC_INT""]","[""uso_rustico""]",0.98,"El texto menciona explícitamente ""solicitud de autorización de uso excepcional de suelo rústico"", lo que activa las categorías de licencia (LIC_URB) y declaración de interés/derecho de uso (DIC_INT), además de la subcategoría de uso_rustico por la mención directa del tipo de suelo.",65.929
105,bocyl,"INFORMACIÓN pública relativa a la solicitud de autorización de uso excepcional de suelo rústico y licencia urbanística, para la construcción de una nave agrícola de 328,02 m² en las parcelas 264, 266 y 267 del polígono 12, en el término municipal de Camponaraya (León). Expte.: 1238/2024.",LIC_URB,True,LIC_URB,"fase_ip,uso_rustico",IP autorizacion uso excepcional suelo rustico nave agricola Camponaraya,UnexpectedModelBehavior,132.138
106,bocyl,"INFORMACIÓN pública relativa a la solicitud de autorización de uso excepcional de suelo rústico y licencia urbanística, promovida por «American Tower España, S.L.», para el establecimiento de una estación base de telefonía móvil en la parcela 5064 del polígono 3, en el término municipal de Navalilla (Segovia). Expte.: 9/2025.",LIC_URB,True,LIC_URB,"fase_ip,uso_rustico",IP autorizacion uso excepcional suelo rustico estacion base telefonia Navalilla,UnexpectedModelBehavior,126.568
107,bocyl,"INFORMACIÓN pública relativa a la solicitud de autorización de uso excepcional de suelo rústico y licencia urbanística, para la construcción de cuatro edificaciones destinadas al alojamiento rural y dos de servicios comunes en la parcela 70 del polígono 29, en el término municipal de Arenas de San Pedro (Ávila). Expte.: 1737/2023.",LIC_URB,True,LIC_URB,"fase_ip,uso_rustico,uso_residencial",IP autorizacion uso excepcional suelo rustico alojamiento rural Arenas de San Pedro,True,información_pública,"[""LIC_URB"", ""DIC_INT""]","[""uso_residencial"", ""uso_rustico""]",0.98,"El texto menciona explícitamente ""autorización de uso excepcional"" (disparador para LIC_URB), ""suelo rústico"" (uso_rustico) y la construcción de edificaciones para ""alojamiento rural"" (uso_residencial). El acto es una publicación de información pública sobre esta solicitud.",67.701
108,bocyl,"INFORMACIÓN pública relativa a la solicitud de autorización de uso excepcional de suelo rústico, licencia urbanística y licencia ambiental, promovido por «Norsol Eléctrica, S.L», para la instalación generadora fotovoltaica «FV Saldaña II», centro de transformación y línea de evacuación en la parcela 57 del polígono 502 , en el término municipal de Saldaña de Burgos (Burgos).",LIC_URB,True,LIC_URB,"fase_ip,uso_energetico,uso_rustico",IP autorizacion uso excepcional suelo rustico + lic ambiental FV Saldana II,True,información_pública,"[""LIC_URB"", ""DIC_INT""]","[""uso_energetico"", ""uso_rustico""]",0.98,"El texto menciona explícitamente ""información pública"" (act_type), ""licencia urbanística"" (LIC_URB) y ""declaración de utilidad e interés social"" implícita en ""autorización de uso excepcional"", además de referirse a ""suelo rústico"" (uso_rustico) y ""fotovoltaica"" (uso_energetico).",72.034
109,bocyl,"INFORMACIÓN pública relativa a la solicitud de autorización de uso excepcional de suelo rústico y licencia urbanística, promovido por «Avatel Telecom, S.A.», para la instalación de fibra óptica subterránea, en el término municipal de Fuentes de Valdepero (Palencia). Expte.: 1/2025.",LIC_URB,True,LIC_URB,"fase_ip,uso_rustico",IP autorizacion uso excepcional suelo rustico fibra optica Fuentes de Valdepero,UnexpectedModelBehavior,115.026
110,bocyl,"INFORMACIÓN pública relativa a la solicitud de autorización de uso excepcional de suelo rústico y licencia urbanística, para la construcción de una vivienda unifamiliar aislada en la calle Tierra n.º 8, área de regularización PE-2, en el término municipal de Valverdón (Salamanca). Expte.: 26/2025.",LIC_URB,True,LIC_URB,"fase_ip,uso_rustico,uso_residencial",IP autorizacion uso excepcional suelo rustico vivienda unifamiliar Valverdon,True,información_pública,"[""LIC_URB"", ""PLAN_ESP""]","[""uso_residencial"", ""uso_rustico""]",0.98,"La publicación es una ""INFORMACIÓN pública"" sobre una solicitud de ""licencia urbanística"" y ""autorización de uso excepcional"", lo que define el acto administrativo (N1), las categorías N2 (""LIC_URB"") y la subcategoría de uso del suelo. Además, el texto especifica claramente el contexto de una construcción en ""suelo rústico"" dentro de un ""área de regularización PE-2"", lo que activa también la categoría ""PLAN_ESP"" (Plan Especial) y la subcategoría ""uso_rustico"". La construcción se define como ""vivienda unifamiliar aislada"", confirmando el uso residencial.",85.707
111,bocyl,"INFORMACIÓN pública relativa a la solicitud de autorización de uso excepcional de suelo rústico y licencia urbanística, para la implantación de una estación de recarga ultrarrápida de vehículos eléctricos en la parcela 601 del polígono 20, en el término municipal de Cobreros (Zamora). Expte.: 247/2024.",LIC_URB,True,LIC_URB,"fase_ip,uso_rustico",IP autorizacion uso excepcional suelo rustico estacion recarga VE Cobreros,True,información_pública,"[""LIC_URB"", ""DIC_INT""]","[""uso_rustico"", ""uso_energetico""]",0.95,"La descripción menciona explícitamente ""solicitud de autorización de uso excepcional de suelo rústico"" (etiqueta DIC_INT y subcat. uso_rustico) y ""licencia urbanística"" (etiqueta LIC_URB), además de referirse a una ""estación de recarga ultrarrápida de vehículos eléctricos"" que encaja con la categoría uso_energetico. El acto es una ""INFORMACIÓN pública"" correspondiente al trámite de audiencia previo a la resolución definitiva.",77.854
112,bocyl,"INFORMACIÓN pública relativa a la solicitud de autorización de uso excepcional de suelo rústico y uso provisional de suelo urbanizable, promovida por «Telefónica de España, S.A.U.», para el proyecto de canalización soterrada y tendido de cable de fibra óptica desde el registro existente en la calle Francisco Salinas hasta la EB-TME Fuentebermeja, en el término municipal de Burgos. Expte.: 000005/2024 EXC-URB.",LIC_URB,True,LIC_URB,"fase_ip,uso_rustico",IP autorizacion uso excepcional suelo rustico fibra optica Burgos,True,información_pública,"[""LIC_URB""]","[""fase_ip"", ""uso_rustico""]",0.95,"La publicación es una ""INFORMACIÓN pública"" (act_type: información_pública). El texto solicita ""autorización de uso excepcional de suelo rústico"", lo que activa la categoría LIC_URB y la subcategoría uso_rustico. La mención del expediente 000005/2024 EXC-URB confirma el ámbito urbanístico.",135.014
113,bocyl,"INFORMACIÓN pública relativa a la solicitud de autorización de uso excepcional de suelo rústico, licencia urbanística y licencia ambiental, para una instalación fotovoltaica de 100 kW de autoconsumo con venta de excedentes para regadío en la parcela 10006 del polígono 1, en el término municipal de Santovenia de Pisuerga (Valladolid). Expte.: 366/2022.",LIC_URB,True,LIC_URB,"fase_ip,uso_energetico,uso_rustico",IP autorizacion uso excepcional suelo rustico FV 100 kW autoconsumo Santovenia,True,información_pública,"[""LIC_URB"", ""DIC_INT""]","[""uso_rustico"", ""uso_energetico""]",0.95,"El texto menciona explícitamente ""solicitud de autorización de uso excepcional de suelo rústico, licencia urbanística y licencia ambiental"", lo cual dispara las etiquetas LIC_URB (licencia urbanística) y uso_rustico. Además, la mención a ""instalación fotovoltaica"" activa la etiqueta uso_energetico. El acto es una ""INFORMACIÓN pública"" sobre esta solicitud, por lo que el act_type es información_pública.",75.841
114,docm,"Anuncio de 05/02/2025, del Ayuntamiento de Maranchón (Guadalajara), sobre exposición pública de la calificación urbanística en suelo rústico no urbanizable de especial protección del proyecto: Explotación avícola de selección para 64.000 abuelas reproductoras en fase de cría-recría en La Velasca-Clares (Maranchón).",LIC_URB,True,LIC_URB,"fase_ip,uso_rustico,uso_industrial",IP calificacion urbanistica suelo rustico explotacion avicola 64000 reproductoras Maranchon,True,anuncio,"[""LIC_URB"", ""PLAN_ESP""]","[""fase_ip"", ""uso_rustico"", ""uso_equipamiento""]",0.98,"La descripción indica explícitamente ""calificación urbanística"" (LIC_URB) y ""proyecto: Explotación avícola"" en ""suelo rústico no urbanizable"" (PLAN_ESP, uso_rustico). La mención a ""exposición pública"" señala la fase de información pública (fase_ip). La naturaleza industrial/agrícola del proyecto clasifica su uso como equipamiento (uso_equipamiento) o incluso podría considerarse industrial, pero equipamiento es más preciso para una explotación avícola en este contexto.",80.932
115,bocyl,"INFORMACIÓN pública relativa a la solicitud de autorización de uso excepcional de suelo rústico y licencia urbanística, para la instalación de 10 ecodomos o domos geodésicos en la localidad de Puentedey, en el término municipal de Merindad de Valdeporres (Burgos). Expte.: 413/2022.",LIC_URB,True,LIC_URB,"fase_ip,uso_rustico,uso_residencial",IP autorizacion uso excepcional suelo rustico ecodomos Puentedey,True,información_pública,"[""LIC_URB""]","[""uso_rustico""]",0.98,"El texto menciona ""licencia urbanística"" para activar la categoría LIC_URB, y especifica ""suelo rústico"", lo que activa la subcategoría uso_rustico. El tipo de acto es ""INFORMACIÓN pública"".",124.061
116,bocyl,"INFORMACIÓN pública relativa a la solicitud de autorización de uso excepcional de suelo rústico y licencia urbanística, para la construcción de una nave-almacén de uso agrícola en las parcelas 5048 y 5050 del polígono 30, en el término municipal de Fuentes de Nava (Palencia). Expte.: 344/2024.",LIC_URB,True,LIC_URB,"fase_ip,uso_rustico",IP autorizacion uso excepcional suelo rustico nave almacen agricola Fuentes de Nava,UnexpectedModelBehavior,169.745
117,bocyl,"INFORMACIÓN pública relativa a la solicitud de autorización de uso excepcional de suelo rústico y licencia urbanística, para TLC 13819031 instalación reconectador telecontrolado LAMT CLL704 en la parcela 9014 del polígono 13, en el término municipal de Vallelado (Segovia). Expte.: 149/2024.",LIC_URB,True,LIC_URB,"fase_ip,uso_rustico",IP autorizacion uso excepcional suelo rustico reconectador telecontrolado LAMT Vallelado,True,información_pública,"[""LIC_URB"", ""DIC_INT""]","[""uso_rustico""]",0.98,"El texto menciona explícitamente ""autorización de uso excepcional"" que dispara la categoría LIC_URB, y ""licencia urbanística"", confirmándola. Asimismo, se hace referencia a ""suelo rústico"", lo que justifica la subcategoría uso_rustico. El fragmento clave es: ""información pública relativa a la solicitud de autorización de uso excepcional de suelo rústico y licencia urbanística"".",72.371
118,bocyl,"INFORMACIÓN pública relativa a la solicitud de autorización de uso excepcional de suelo rústico y licencia urbanística, promovida por «Adamo Telecom Iberia, S.A.U.», para la interconexión mediante un enlace backhaul de fibra óptica entre Santibáñez de Vidriales y torre antena 49_49206_000277, en el término municipal de Santibáñez de Vidriales (Zamora). Expte.: 244/2024.",LIC_URB,True,LIC_URB,"fase_ip,uso_rustico",IP autorizacion uso excepcional suelo rustico backhaul fibra optica Santibañez de Vidriales,True,información_pública,"[""LIC_URB"", ""DIC_INT""]","[""uso_rustico""]",0.95,"El texto menciona explícitamente ""licencia urbanística"" para disparar la categoría LIC_URB y ""solicitud de autorización de uso excepcional de suelo rústico"", que activa tanto DIC_INT como uso_rustico en las subcategorías. Es un anuncio de información pública sobre una solicitud concreta.",67.71
119,docm,"Anuncio de 06/02/2025, del Ayuntamiento de Villaluenga de la Sagra (Toledo), sobre información pública de expediente de calificación urbanística de suelo rústico, licencia de obra y actividad para el proyecto denominado: Planta solar fotovoltaica para autoconsumo sin excedentes, ubicado en las parcelas 9, 12, 13 del polígono 16 y parcelas 1, 2, 7 del polígono 17.",LIC_URB,True,LIC_URB,"fase_ip,uso_energetico,uso_rustico",IP calificacion urbanistica suelo rustico solar FV autoconsumo Villaluenga de la Sagra,True,anuncio,"[""LIC_URB"", ""DIC_INT""]","[""uso_rustico"", ""uso_energetico""]",0.95,"El texto menciona ""expediente de calificación urbanística"" y ""licencia de obra y actividad"", que activa la etiqueta LIC_URB. También se refiere a ""suelo rústico"", activando uso_rustico, y a ""Planta solar fotovoltaica"", activando uso_energetico. La mención a ""información pública"" en el título del anuncio lo hace relevante como acto administrativo de tipo informativo, aunque sea un paso previo a la resolución definitiva.",77.176
120,dogv,"ANUNCIO por el que se somete a información pública la declaración de interés comunitario para una atribución de uso y aprovechamiento en suelo no urbanizable, para actividad de centro deportivo en la parcela 44, del polígono 15, del término municipal de Mutxamel. (Referencia DIC- 24/0720).",DIC_INT,True,DIC_INT,"fase_ip,uso_equipamiento,uso_rustico",IP DIC centro deportivo suelo no urbanizable Mutxamel,True,anuncio,"[""DIC_INT""]","[""uso_rustico"", ""uso_equipamiento""]",0.98,"El texto menciona explícitamente ""declaración de interés comunitario"" para una actividad en ""suelo no urbanizable"" (categoría DIC_INT y uso_rustico). Además, la actividad es un ""centro deportivo"", que corresponde a la categoría uso_equipamiento. El tipo de acto es ""anuncio"".",63.634
121,dogv,"ANUNCIO de la solicitud de declaración de interés comunitario de regularización de actividad industrial en suelo no urbanizable de taller de mantenimiento de vehículos y logística de empresa de transporte, al amparo de la disposición transitoria vigesimocuarta (DT 24) del texto refundido de la Ley de ordenación del territorio, urbanismo y paisaje, aprobado por el Decreto Legislativo 1/2021, de 18 de junio (en adelante TRLOTUP) en la parcela 137 del polígono 19 del término municipal de Benicarló (expediente GVA-DIC-3817455.C20250053).",DIC_INT,True,DIC_INT,"fase_ip,uso_industrial,uso_rustico",IP solicitud DIC taller mantenimiento vehiculos logistica suelo no urbanizable Benicarlo,True,anuncio,"[""DIC_INT"", ""LIC_URB""]","[""uso_industrial"", ""uso_rustico""]",0.98,"El texto menciona explícitamente ""declaración de interés comunitario"" (dic INT) y ""regularización de actividad industrial en suelo no urbanizable"", lo que activa las categorías DIC_INT, LIC_URB, uso_industrial y uso_rustico. El fragmento clave es: ""solicitud de declaración de interés comunitario de regularización de actividad industrial en suelo no urbanizable"".",74.373
122,dogv,"ANUNCI de la declaración de interés comunitario para una atribución de uso y aprovechamiento en suelo no urbanizable relativa a la ampliación de la declaración de interés comunitario (DIQUE) (expediente 3462944), en el término municipal de Olocau, que se situará en las parcelas 123, 124 y 132 del polígono 13.",DIC_INT,True,DIC_INT,fase_ip,IP DIC ampliacion DIC DIQUE Olocau suelo no urbanizable,True,anuncio,"[""DIC_INT""]","[""uso_rustico""]",0.98,"El texto es un ""ANUNCI de la declaración de interés comunitario"", lo que cumple con DIC_INT. La referencia a ""suelo no urbanizable"" justifica la etiqueta uso_rustico. El fragmento clave es: ""declaración de interés comunitario para una atribución de uso y aprovechamiento en suelo no urbanizable"".",64.158
123,dogv,"ANUNCIO de la solicitud de ampliación de declaración de interés comunitario de una actividad de camping temático, al amparo del artículo 211.1.f apartado 3.º del texto refundido de la Ley de ordenación del territorio, urbanismo y paisaje, aprobado por el Decreto Legislativo 1/2021, de 18 de junio (en adelante TRLOTUP) en las parcelas 22, 23, 100, 101, y 215 del polígono 12 del suelo no urbanizable del municipio de San Jorge (expediente GVA-DIC-3712878.C20240393).

",DIC_INT,True,DIC_INT,"fase_ip,uso_comercial,uso_rustico",IP solicitud ampliacion DIC camping tematico suelo no urbanizable San Jorge,True,anuncio,"[""DIC_INT""]",[],0.95,"El texto menciona explícitamente ""ampliación de declaración de interés comunitario"" y ""suelo no urbanizable"", lo que activa la categoría DIC_INT. No hay menciones a planes, licencias o usos del suelo específicos más allá del contexto de la solicitud (camping), por lo que no se activan otras categorías N2 ni subcategorías de uso del suelo.",67.567
124,dogv,"ANUNCIO por el cual se somete a información pública la declaración de interés comunitario para una atribución de uso y aprovechamiento en suelo no urbanizable relativa a la regularización de una actividad industrial hortofrutícola (expediente 3773582) en el término municipal de Alcàntera de Xúquer, situada en el polígono 12, parcela 88.",DIC_INT,True,DIC_INT,"fase_ip,uso_industrial,uso_rustico",IP DIC regularizacion actividad industrial hortofruticola suelo no urbanizable,True,anuncio,"[""DIC_INT"", ""LIC_URB""]","[""fase_ip"", ""uso_industrial"", ""uso_rustico""]",0.98,"El texto contiene ""declaración de interés comunitario"" y ""información pública"", lo que asigna las categorías DIC_INT (Declaración de Interés) y fase_ip. Además, menciona ""atribución de uso... relativa a la regularización de una actividad industrial hortofrutícola"" en ""suelo no urbanizable"", lo que confirma el carácter de licencia urbanística (LIC_URB), con subcategorías de uso_industrial por la ""actividad industrial"" y uso_rustico por ser ""suelo no urbanizable"".",80.961
125,bocyl,"CORRECCIÓN de errores del anuncio de información pública relativa a la solicitud de autorización de uso excepcional de suelo rústico y licencia ambiental, promovida por «La Arguijuela Solar, Sociedad Limitada», para la instalación de la planta fotovoltaica «Alba» de 1 MW de potencia, en las parcelas 295 y 5058 del polígono 503, en el término municipal de Coca de Alba (Salamanca). Expte.: 36/2024.",MULTILABEL_FV,True,LIC_URB,"fase_correccion,uso_energetico,uso_rustico",Correccion errores IP uso excepcional suelo rustico FV Alba 1 MW Coca de Alba,True,corrección_errores,"[""LIC_URB"", ""DIC_INT""]","[""uso_rustico"", ""uso_energetico""]",0.95,"""Corrección de errores del anuncio de información pública relativa a la solicitud de autorización de uso excepcional de suelo rústico y licencia ambiental"". Se citan explícitamente ""autorización de uso excepcional de suelo rústico"" (LIC_URB, uso_rustico) y ""licencia ambiental"" para ""planta fotovoltaica"" (DIC_INT, uso_energetico).",72.579
126,bocyl,"INFORMACIÓN pública relativa a la solicitud de autorización de uso excepcional de suelo rústico, licencia de obras y licencia ambiental, para una instalación eléctrica de BT y AT para una instalación fotovoltaica de producción de energía eléctrica para venta a red para «Ibeas Solar, S.L.», en el término municipal de Ibeas de Juarros (Burgos). Expte.: 271/2023.",MULTILABEL_FV,True,LIC_URB,"fase_ip,uso_energetico,uso_rustico",IP uso excepcional suelo rustico instalacion electrica BT/AT para FV Ibeas Solar,True,anuncio,"[""LIC_URB"", ""DIC_INT""]","[""uso_rustico"", ""uso_energetico""]",0.95,"El texto menciona explícitamente ""información pública"" (anuncio), ""licencia de obras"" (LIC_URB) y ""autorización de uso excepcional"" (DIC_INT). Además, se hace referencia a ""suelo rústico"" (uso_rustico) y ""instalación fotovoltaica"" (uso_energetico).",69.084
127,docm,"Anuncio de 01/03/2025, del Ayuntamiento de Albacete, de la Gerencia Municipal de Urbanismo y Vivienda, sobre información pública de la calificación y de la correspondiente licencia urbanística de nueva planta para instalación fotovoltaica aislada 26,46 kWp destinada a riego agrícola, en polígono 59, parcela 9 (referencia catastral: 02900A059000090000JT), de este término municipal, en suelo rústico de especial protección CP-3, y cuya promotora es Las Carreteras CB.",MULTILABEL_FV,True,LIC_URB,"fase_ip,uso_energetico,uso_rustico","IP calificacion + licencia urbanistica FV aislada 26,46 kWp riego agricola suelo rustico",True,anuncio,"[""LIC_URB"", ""DIC_INT""]","[""uso_energetico"", ""uso_rustico"", ""fase_ip""]",0.98,"El texto contiene explícitamente ""información pública"" (activando fase_ip), ""licencia urbanística"" (LIC_URB) y ""declaración de interés social"" implícita al autorizar el uso (DIC_INT). También menciona ""instalación fotovoltaica"" (uso_energetico) y ""suelo rústico"" (uso_rustico).",74.132
128,boe,"Anuncio de los Servicios Territoriales del Departamento de Territorio, Vivienda y Transición Ecológica en Tarragona por el que se somete a información pública la solicitud de declaración de utilidad pública, en concreto, del proyecto de la planta solar fotovoltaica llamada PS Montblanc de 9,99 MW sobre terreno en suelo no urbanizable, en el término municipal de Montblanc, en la comarca de la Conca de Barberà y su infraestructura de evacuación a 25 kV (expte.FUE-2022-02871677; ref. 02553).",MULTILABEL_FV,True,LIC_URB,"fase_ip,uso_energetico,uso_rustico","IP declaracion utilidad publica + actuacion especifica suelo no urbanizable solar FV PS Montblanc 9,99 MW",True,anuncio,"[""DIC_INT"", ""LIC_URB""]","[""uso_rustico"", ""fase_ip"", ""uso_energetico""]",0.92,"El texto menciona explícitamente ""declaración de utilidad pública"" (DIC_INT) y ""someter a información pública"" (fase_ip). El proyecto es una ""planta solar fotovoltaica"" sobre ""suelo no urbanizable"", lo que indica el uso energético (uso_energetico) y la calificación del suelo (uso_rustico). Aunque es un anuncio, el acto administrativo subyacente es relevante para planeamiento.",77.097
129,boe,"Anuncio complementario del Departamento de Territorio, Vivienda y Transición Ecológica de la Generalitat de Cataluña por el cual se somete a información pública la solicitud de autorización administrativa previa, autorización administrativa de construcción, de declaración de utilidad pública y de autorización del proyecto de actuación específica de interés público en suelo no urbanizable y evaluación de impacto ambiental del proyecto del parque solar denominado Les Planetes de 4,95 MWn y 5,692 MWp sobre terreno en suelo no urbanizable, en el término municipal de Riba-roja d’Ebre, en la comarca de la Ribera d’Ebre y su infraestructura de evacuación, línea soterrada de 25 kV que conecta la instalación de producción a otra planta solar fotovoltaica denominada Mas de Piquer, al término municipal de Riba-roja d’Ebre, en la comarca de la Ribera d’Ebre (Expediente: FUE-2023-03196021).",MULTILABEL_FV,True,LIC_URB,"fase_ip,uso_energetico,uso_rustico","IP actuacion especifica suelo no urbanizable solar FV Les Planetes 4,95 MW",True,anuncio,"[""LIC_URB"", ""DIC_INT""]","[""uso_rustico"", ""uso_energetico"", ""fase_ip""]",0.95,"El texto menciona ""información pública"" (fase_ip), ""suelo no urbanizable"" (uso_rustico), ""parque solar fotovoltaica"" (uso_energetico) y autoriza un ""proyecto de actuación específica de interés público"" (LIC_URB, DIC_INT).",72.944
130,dogc,"Resolución TER/58/2025, de 14 de enero, por la que se otorga a Els Plans Planta Fotovoltaica, SL, la segunda modificación de la autorización administrativa previa y de construcción y declaración de utilidad pública del proyecto de la planta solar fotovoltaica denominada Els Plans Planta Fotovoltaica, de 2,16 MW sobre terreno en suelo no urbanizable, y su infraestructura de evacuación, en el término municipal de Sarral, en la comarca de La Conca de Barberà (exp. FUE-2024-04171840)",MULTILABEL_FV,True,LIC_URB,"uso_energetico,uso_rustico","Segunda modificacion AAP+AAC solar FV Els Plans 2,16 MW suelo no urbanizable",True,resolución,"[""LIC_URB"", ""DIC_INT""]","[""uso_energetico""]",0.98,"El texto menciona explícitamente ""segunda modificación de la autorización administrativa previa y de construcción"" (LIC_URB) y ""declaración de utilidad pública"" (DIC_INT), además de referirse a una ""planta solar fotovoltaica"" en ""suelo no urbanizable"" (uso_energetico).",66.817
131,dogc,"Anuncio complementario por el que se somete a información pública la solicitud de autorización administrativa previa, autorización administrativa de construcción, de declaración de utilidad pública y de autorización del proyecto de actuación específica de interés público en suelo no urbanizable y evaluación de impacto ambiental del proyecto del parque solar denominado Flix-Ascó III, de 16,06 MW sobre terreno en suelo no urbanizable, en el término municipal de Flix, en la comarca de La Ribera d’Ebre, y su infraestructura de evacuación, línea soterrada a 30 kV que conecta la instalación de producción a la SET Ercam 30/132 kV en el término municipal de Flix, en la comarca de La Ribera d’Ebre (exp. FUE-2022-02595215)",MULTILABEL_FV,True,LIC_URB,"fase_ip,uso_energetico,uso_rustico","IP actuacion especifica suelo no urbanizable solar FV Flix-Asco III 16,06 MW",True,anuncio,"[""LIC_URB""]","[""uso_energetico"", ""uso_rustico"", ""fase_ip""]",0.96,"El texto contiene explícitamente la solicitud de ""autorización administrativa previa, autorización administrativa de construcción... en suelo no urbanizable"" (LIC_URB), así como el propósito del ""parque solar... de 16,06 MW"" indicando uso energético. La mención a ""declaración de utilidad pública"" y ""someter a información pública"" confirma la subcategoría de fase_ip. El contexto es suelo no urbanizable (uso_rustico).",80.343
132,dogc,"Resolución TER/4753/2024, de 17 de diciembre, por la que se otorga a Energía Inagotable de Nox, SL, la autorización administrativa previa y de construcción del proyecto de la planta solar fotovoltaica denominada PS Sant Roc, de 43,39 MW de potencia sobre terreno en suelo no urbanizable, y su infraestructura de evacuación, línea subterránea de alta tensión de 30 kV, en los términos municipales de Ciutadilla y Nalec, en la comarca de L'Urgell (exp. FUE-2021-02082327)",MULTILABEL_FV,True,LIC_URB,"fase_definitiva,uso_energetico,uso_rustico","Otorgamiento AAP+AAC solar FV PS Sant Roc 43,39 MW suelo no urbanizable",True,resolución,"[""LIC_URB""]","[""uso_energetico"", ""uso_rustico""]",0.95,"La descripción menciona explícitamente la ""autorización administrativa previa y de construcción"" para una ""planta solar fotovoltaica"", lo cual encaja con la categoría LIC_URB (Licencia urbanística / autorización de uso excepcional). Además, se indica que el proyecto está sobre ""suelo no urbanizable"" (uso_rustico) y es una planta ""solar fotovoltaica"" (uso_energetico), proporcionando señales claras para estas subcategorías.",77.45
133,dogc,"Resolución TER/905/2025, de 4 de marzo, por la que se otorga a Estabanell Generació, SLU, la autorización administrativa previa y la autorización administrativa de construcción del proyecto de la planta solar fotovoltaica denominada PS El Magí, de 3,63 MW de potencia instalada sobre terreno en suelo no urbanizable, en el término municipal de Manlleu, en la comarca de Osona (exp. FUE-2023-03512551, ref. 02852)",MULTILABEL_FV,True,LIC_URB,"fase_definitiva,uso_energetico,uso_rustico","Otorgamiento AAP+AAC solar FV PS El Magi 3,63 MW suelo no urbanizable",True,resolución,"[""LIC_URB""]",[],0.95,"El texto contiene ""autORIZAción administrativa de construcción"" (disparador para LIC_URB) y se refiere a una planta solar fotovoltaica en suelo no urbanizable, lo cual implica un uso energético, pero la categoría N3 debe ser subcategoría de uso del suelo. Al revisar las categorías N2, veo que ""uso_energetico"" no está disponible como categoría N2, solo hay etiquetas específicas de planeamiento y licencias. La etiqueta ""LIC_URB"" cubre la autorización para construcción en un uso específico.",138.555
134,dogc,"Resolución TER/395/2025, de 10 de febrero, de corrección de errores materiales en la Resolución relativa al expediente FUE-2021-01932045, de autorización administrativa previa y de construcción del proyecto de la planta solar fotovoltaica denominada PSFV Planes de l’Ovella, de 19,29 MW de potencia instalada sobre terreno en suelo no urbanizable, en los términos municipales de Seròs y Almatret, en la comarca de El Segrià, y su infraestructura de evacuación, líneas soterradas a 30 kV",MULTILABEL_FV,True,LIC_URB,"fase_correccion,uso_energetico,uso_rustico","Correccion errores AAP+AAC solar FV PSFV Planes l'Ovella 19,29 MW suelo no urbanizable",UnexpectedModelBehavior,161.929
135,dogc,"Resolución PRE/175/2025, de 21 de enero, por la que se da publicidad al deslinde entre los términos municipales de Sort y de Rialp",NEGATIVO,False,,,Deslinde terminos municipales Sort y Rialp,False,resolución,[],[],0.95,"El texto describe un acto de deslinde entre municipios, que no es un instrumento de planeamiento urbanístico (PGOU, Plan Especial, etc.), ni una licencia, ni una declaración de interés en suelo rústico. No contiene ninguna de las señales léxicas clave del dominio urbanístico monitoreado.",56.928
136,boja,"Anuncio de 21 de enero de 2025, de la Delegación Territorial de Agricultura, Pesca, Agua y Desarrollo Rural en Jaén, por el que se notifica a la persona interesada acto administrativo relativo a procedimiento sancionador incoado en materia de sanidad vegetal.",NEGATIVO,False,,,Procedimiento sancionador sanidad vegetal,False,notificación,[],[],1.0,"La publicación es una notificación de un procedimiento sancionador en materia de sanidad vegetal, lo cual no entra en el ámbito del planeamiento urbanístico ni de las categorías urbanísticas definidas (PGOU, PLAN_ESP, etc.). La descripción citada ""procedimiento sancionador incoado en materia de sanidad vegetal"" confirma la falta de relevancia urbanística.",63.051
137,dog,"RESOLUCIÓN de 24 de enero de 2025, del Departamento Territorial de Lugo, por la que se concede la autorización administrativa previa y de construcción de una instalación eléctrica en el ayuntamiento de Lugo (expediente IN407A 2023/157 AT).",NEGATIVO,False,,,AAP+AAC instalacion electrica Lugo - B0 no B2,False,resolución,[],[],0.98,"El texto menciona ""autorización administrativa previa y de construcción de una instalación eléctrica"", pero se trata de una autorización eléctrica, no urbanística. No hay referencias a planeamiento urbano (PGOU, Plan Especial), uso del suelo (residencial, industrial, etc.), ni calificación urbanística. Por tanto, es una resolución administrativa en el ámbito de la energía/eléctrica y no entra en el universo urbanístico monitorizado.",65.903
138,boe,"Anuncio de formalización de contratos de: Junta de Contratación del Ministerio de Trabajo y Economía Social. Objeto: Servicio de cafetería y comedor en el edificio de la calle Pío Baroja, 6 del Ministerio de Trabajo y Economía Social. Expediente: 10000437/2024.",NEGATIVO,False,,,Contratacion publica servicio cafeteria Ministerio Trabajo,False,anuncio,[],[],1.0,"El texto describe un servicio de cafetería y comedor, que es una contratación pública o suministro, no planeamiento urbanístico, por lo tanto is_relevant=False.",43.402
139,boc,Aprobación definitiva del presupuesto general de 2025.,NEGATIVO,False,,,Presupuesto general 2025,False,aprobación,[],[],1.0,"La publicación es una ""Aprobación definitiva del presupuesto general de 2025"", lo cual encaja con la categoría de presupuestos municipales, excluyéndola del ámbito urbanístico monitorizado. No hay ninguna señal de planeamiento urbano, licencias o usos de suelo.",46.703
140,boib,Exposición pública Avance/Borrador del Plan General y el Plan de Ordenación Detallada de Sant Josep de sa Talaia,NEGATIVO,True,PGOU,fase_avance,Avance/Borrador Plan General y Plan Ordenacion Detallada Sant Josep de sa Talaia - false negative muestreo,True,información_pública,"[""PGOU"", ""PLAN_ESP""]","[""fase_ip"", ""fase_avance""]",0.98,"El texto menciona ""Exposición pública"" (activo de información pública, fase_ip) y ""Borrador del Plan General"" (etiqueta PGOU). También incluye ""Plan de Ordenación Detallada"", que se corresponde con la categoría PLAN_ESP. El término ""Avance/Borrador"" indica que el plan está en una etapa preliminar (fase_avance).",55.016
141,bocyl,"RESOLUCIÓN de 13 de febrero de 2025, del Rectorado de la Universidad de Burgos, por la que se resuelve la contratación del aspirante propuesto en el concurso público convocado por Resolución de 5 de noviembre de 2024, para la provisión de plazas de personal docente e investigador laboral, Profesor Permanente Laboral.",NEGATIVO,False,,,Contratacion PDI Universidad Burgos,False,resolución,[],[],0.98,"La publicación es una Resolución de contratación para plazas de personal docente en la Universidad de Burgos, relacionada con recursos humanos y educación universitaria. No contiene ningún término relacionado con planeamiento urbanístico (como ""plan general"", ""licencia"", ""suelo urbano/rústico""), por lo que no se asignan categorías del dominio urbanístico.",50.846
142,boe,"Resolución de 23 de diciembre de 2024, de ICEX España Exportación e Inversiones, E.P.E., por la que se publica el Convenio con Denominación de Origen Rueda, para la organización de extensiones de misiones inversas de compradores y prescriptores de opinión del sector del vino a celebrar en su ámbito geográfico.",NEGATIVO,False,,,Convenio ICEX DO Rueda vino,False,resolución,[],[],1.0,"El texto trata sobre un convenio de ICEX para misiones inversas en el sector del vino, sin contenido urbanístico alguno (planeamiento, licencias o declaración de interés). No se identifican señales léxicas que correspondan a las categorías PGOU, PLAN_ESP, MOD_PUN, PROY_URB, LIC_URB o DIC_INT.",101.115
143,bon,Aprobación definitiva de la plantilla orgánica de 2025,NEGATIVO,False,,,Aprobacion plantilla organica 2025,False,aprobación,[],[],1.0,"El texto describe la aprobación de una ""plantilla orgánica"", que corresponde a un plan o esquema de estructura y personal (RRHH), no a ninguna actuación urbanística. Por tanto, es is_relevant=False y no se asignan categorías del dominio.",47.604
144,bon,Concesión de licencia de actividad. Taller mecánico de reparación de vehículos automóviles,NEGATIVO,False,,,Licencia de actividad taller mecanico - no LIC_URB urbanistica,True,otros,"[""LIC_URB""]",[],0.95,"El texto indica ""Concesión de licencia de actividad"", lo que encaja con la categoría LIC_URB (licencia urbanística). No hay palabras clave explícitas como ""vivienda"", ""industrial"", ""equipamiento"" para las subcategorías de uso del suelo, por lo que se deja lista vacía. El tipo de acto más cercano es 'otros' ya que ""concesión"" no está en la lista exacta de ActType permitida, y la descripción es claramente una concesión de licencia urbanística.""",236.258
145,bocyl,"RESOLUCIÓN de 12 de marzo de 2025, del Rectorado de la Universidad de Burgos, por la que se publica la relación de aspirantes que han superado el proceso selectivo para la provisión de varios puestos de personal laboral, en la categoría de Auxiliares de Servicios (especialidad Conserjería, Vigilancia y Recepción) (Grupo IVA/IVB) de la Universidad de Burgos, convocado con fecha 17 de mayo de 2024.",NEGATIVO,False,,,Proceso selectivo auxiliares servicios Universidad Burgos,False,resolución,[],[],1.0,"El texto se refiere a la publicación de una relación de aspirantes para puestos de personal laboral en una universidad (Auxiliares de Servicios), lo cual corresponde al ámbito de Recursos Humanos y empleo público, excluido por las instrucciones. No hay ninguna señal léxica relacionada con planeamiento urbanístico, licencias o declaración de interés en suelo rústico.",62.977
146,boe,"Resolución de 12 de febrero de 2025, del Ayuntamiento de Turís (Valencia/València), referente a la convocatoria para proveer una plaza.",NEGATIVO,False,,,Convocatoria provision plaza Turis,False,resolución,[],[],0.98,"El texto describe una ""convocatoria para proveer una plaza"", lo que se alinea con procesos de empleo público o recursos humanos, excluyéndose así del ámbito urbanístico. No se detectan términos clave de planeamiento (PGOU, plan especial, etc.) ni licencias urbanísticas.",56.0
147,doe,"Resolución de 17 de febrero de 2025, de la Dirección General de Personal Docente, por la que se dispone la ejecución del auto 346/2024, de 31/07/2024, dictado por el Juzgado de lo Contencioso-administrativo n.º 1 de Mérida en el procedimiento de extensión de efectos de sentencia tributaria y de personal 1065/2021 PA 107/2019.",NEGATIVO,False,,,Resolucion DG Personal Docente extension efectos sentencia,False,resolución,[],[],0.98,"La publicación es una Resolución de la Dirección General de Personal Docente sobre ejecución de un auto judicial en materia tributaria y personal, sin ningún indicio de planeamiento urbanístico, licencias o suelo. El texto menciona ""Personal Docente"" y ""Juzgado de lo Contencioso-administrativo"", alejándose claramente del dominio urbanístico.",63.364
148,boe,"Resolución de 14 de marzo de 2025, del Ayuntamiento de Calatayud (Zaragoza), referente a la convocatoria para proveer una plaza.",NEGATIVO,False,,,Convocatoria provision plaza Calatayud,False,resolución,[],[],1.0,"La descripción corresponde a una convocatoria para proveer una plaza, lo cual se alinea con contratación pública o RRHH, y no con urbanismo. El texto no menciona planeamiento urbanístico ni licencias de uso del suelo.",51.991
149,bopa,"Resolución de 4 de diciembre de 2024, de la Consejería de Medio Rural y Política Agraria, por la que se concede la ayuda denominada Mantenimiento de razas autóctonas puras en peligro de extinción, compromisos 2023, campaña 2024. [Cód. 2025-00080]",NEGATIVO,False,,,Ayuda mantenimiento razas autoctonas peligro extincion,False,resolución,[],[],1.0,"La publicación es una resolución sobre la concesión de ayuda para el mantenimiento de razas autóctonas puras en peligro de extinción, lo cual no se relaciona con planeamiento urbanístico, licencias de uso del suelo o declaraciones de interés en suelo rústico. No contiene señales léxicas de las categorías N2 definidas (PGOU, PLAN_ESP, MOD_PUN, PROY_URB, LIC_URB, DIC_INT).",66.994
