id,bulletin,description,grupo_muestreo,is_relevant_gt,categories_gt,subcategories_gt,notas_anotador,is_relevant_pred,act_type_pred,categories_pred,subcategories_pred,confidence,reasoning,duration_s
0,boja,"Resolución de 16 de enero de 2025, de la Delegación Territorial de Fomento, Articulación del Territorio y Vivienda en Málaga, por la que se dispone la publicación de la Resolución de 11 de diciembre de 2024, que ordena proceder al registro y publicación de la «Modificación del Plan General de Ordenación Urbana (PGOU) de Mijas».",PGOU,True,MOD_PUN,fase_definitiva,Publicacion registro Modificacion PGOU Mijas,True,resolución,"[""PGOU"", ""MOD_PUN""]",[],0.98,"La descripción menciona explícitamente ""Modificación del Plan General de Ordenación Urbana (PGOU) de Mijas"" (señalando PGOU y MOD_PUN). Se trata de una resolución que dispone la publicación de esa modificación.",179.477
1,bocm,"Plan general de urbanismo
– Acuerdo de 12 de marzo de 2025, del Consejo de Gobierno, por el que se aprueba definitivamente la Decimoctava Modificación Puntual del Plan General de Ordenación Urbana de Getafe, en el ámbito ZOI 04, “Los Olivos”",PGOU,True,MOD_PUN,fase_definitiva,Decimoctava Modificacion Puntual PGOU Getafe,True,acuerdo,"[""PGOU"", ""MOD_PUN""]","[""fase_definitiva""]",0.98,"El texto menciona explícitamente ""Plan General de Ordenación Urbana"" (etiqueta PGOU) y ""Decimoctava Modificación Puntual"" (etiqueta MOD_PUN). La expresión ""aprobado definitivamente"" indica la fase_definitiva del ciclo urbanístico.",64.86
2,docm,"Anuncio de 28/01/2025, del Ayuntamiento de Villar de Olalla (Cuenca), sobre exposición pública del Plan Especial de Reforma Interior de Mejora (Perim) en el entorno de la senda de las Pernalosas-sectores U.2A y U.2B de las Normas Subsidiarias de Villar de Olalla (Cuenca).",PGOU,True,PLAN_ESP,fase_ip,PERIM exposicion publica - Plan Especial Reforma Interior Mejora,True,anuncio,"[""PGOU"", ""PLAN_ESP""]","[""fase_ip"", ""uso_energetico"", ""uso_rustico""]",0.98,"El texto menciona ""Plan Especial de Reforma Interior"" y ""Normas Subsidiarias"", lo que activa las categorías PLAN_ESP y PGOU respectivamente. Además, la referencia a ""exposición pública"" corresponde a la fase_ip del ciclo urbanístico. La mención específica al entorno de la senda en el P.E.R.I. implica un uso energético (uso_energetico), mientras que las Normas Subsidiarias se refieren a suelo rústico (uso_rustico).",137.21
3,docm,"Anuncio de 27/12/2024, del Ayuntamiento de Albacete, de la Gerencia Municipal de Urbanismo y Vivienda, sobre información pública del contenido de la plica presentada por la mercantil, Albaluz German Capital SL, a su propia alternativa técnica de Programa de Actuación Urbanizadora presentada para el desarrollo de las determinaciones urbanísticas de la Ordenanza de Transformación 10.11 carretera Madrid I del Plan General de Ordenación Urbana de Albacete.",PGOU,True,PROY_URB,fase_ip,PAU en CLM = PROY_URB,True,anuncio,"[""PGOU""]","[""fase_ip""]",0.95,"El texto menciona ""Plan General de Ordenación Urbana"" (etiqueta PGOU) y ""información pública"" sobre una plica presentada, lo que indica la subcategoría fase_ip. El fragmento clave es: ""de la Gerencia Municipal de Urbanismo... sobre información pública del contenido de la plica presentada... para el desarrollo de las determinaciones urbanísticas de la Ordenanza de Transformación 10.11 carretera Madrid I del Plan General de Ordenación Urbana"".",64.362
4,boca,"Viceconsejería de Planificación Territorial y Reto Demográfico.- Anuncio por el que se hace pública la Resolución de 14 de febrero de 2025, que da publicidad al Acuerdo de la Comisión Autonómica de Evaluación Ambiental de 12 de febrero de 2025, para la emisión del Informe Ambiental Estratégico en el Procedimiento de Evaluación Ambiental Estratégica Simplificada de la Modificación Menor del Plan General de Ordenación de Güímar - Unidad de Actuación 16.2 El Tablado.- Expte. 2022/0014990 (5940).",PGOU,True,MOD_PUN,fase_ip,IAE Modificacion Menor PGO Guimar Canarias,True,anuncio,"[""PGOU"", ""MOD_PUN""]","[""fase_ip""]",0.95,"El texto menciona explícitamente ""Plan General de Ordenación"" (PGOU) y ""Modificación Menor"" (MOD_PUN). El anuncio hace pública la resolución, lo que corresponde a una fase de información pública (fase_ip).",56.794
5,doe,"Anuncio de 20 de febrero de 2025 sobre aprobación inicial del Programa de Ejecución de la UE3, de la zona 3 de las Normas Subsidiarias.",PGOU,True,PROY_URB,fase_inicial,Proyecto Ejecucion UE3 NNSS = PROY_URB,True,anuncio,"[""PGOU""]","[""fase_inicial""]",0.95,"La publicación es un anuncio de ""aprobación inicial"" (disparador de fase_inicial) del ""Programa de Ejecución... de las Normas Subsidiarias"". Las ""Normas Subsidiarias"" equivalen a PGOU según el criterio 3.",114.731
6,dogc,"Anuncio sobre aprobación inicial de la modificación puntual del Plan general de ordenación municipal de Lliçà de Vall referente al ámbito de la UA del polígono industrial de Can Coll, Tèxtil Torres",PGOU,True,MOD_PUN,"fase_inicial,uso_industrial",Mod puntual PGO municipal poligono industrial Can Coll,True,anuncio,"[""PGOU"", ""MOD_PUN"", ""LIC_URB"", ""PROY_URB""]","[""fase_inicial"", ""uso_industrial""]",0.98,"El texto menciona explícitamente ""Plan general de ordenación municipal"" (etiqueta PGOU) y una ""modificación puntual del Plan general"" (etiqueta MOD_PUN). También se refiere al ""ámbito de la UA del polígono industrial"" (usos industriales, etiqueta uso_industrial), lo que implica un proyecto de urbanización o actuación específica (etiqueta PROY_URB y/o LIC_URB por calificación del suelo). La fase es ""aprobación inicial"", lo que corresponde a subcategoría fase_inicial.",79.66
7,dogv,"EDICTO de aprobación del informe ambiental y territorial estratégico, por el procedimiento simplificado, de la modificación puntual de la ordenación detallada del Plan general de ordenación urbana de la redistribución del suelo dotacional en la UE-1 insertada en suelo urbano.",PGOU,True,MOD_PUN,"fase_ip,uso_equipamiento",IAE mod puntual PGOU redistribucion suelo dotacional,True,edicto,"[""MOD_PUN"", ""PGOU""]",[],0.95,"El texto menciona explícitamente ""modificación puntual"" de la ordenación del ""Plan general de ordenación urbana"", activando ambas categorías N2. La referencia a informe ambiental y territorial estratégico indica un proceso formal, pero no identifica una fase específica del ciclo urbanístico en el título principal.",60.5
8,boc,"Informe Ambiental Estratégico de la Modificación Puntual número 1, del Plan General de Ordenación Urbana, de San Miguel de Aguayo. Protección de los valores naturales y paisajísticos y adaptación a la LOTUCA.",PGOU,True,MOD_PUN,fase_ip,IAE Modificacion Puntual 1 PGOU San Miguel de Aguayo,True,información_pública,"[""PGOU"", ""MOD_PUN""]",[],0.98,"El texto identifica claramente una ""Modificación Puntual"" del ""Plan General de Ordenación Urbana"", lo cual activa las categorías PGOU (por el nombre explícito del plan) y MOD_PUN (por la naturaleza del acto). La referencia a ""Informe Ambiental Estratégico"" indica un trámite de evaluación ambiental, no una fase urbanística de aprobación/provisión definitiva.",67.183
9,boca,"ANUNCIO de 6 de noviembre de 2024, por el que se somete a información pública la aprobación inicial de la “Modificación Menor del Plan General de Ordenación, modificación de la Ficha del SG-SP 1.13.045 Aparcamiento del Campo de Fútbol Los Pozos”.",PGOU,True,MOD_PUN,"fase_inicial,uso_equipamiento",IP aprobacion inicial Mod Menor PGO aparcamiento campo futbol,True,anuncio,"[""PGOU"", ""MOD_PUN""]","[""fase_ip"", ""fase_inicial""]",0.95,"El texto menciona ""Aprobación inicial"" (dispara fase_inicial) y ""somete a información pública"" (dispara fase_ip). La ""Modificación Menor del Plan General de Ordenación"" activa las etiquetas PGOU y MOD_PUN. El fragmento clave es: ""se somete a información pública la aprobación inicial de la 'Modificación Menor del Plan General de Ordenación'"".",70.272
10,dogv,"ANUNCIO del Acuerdo de 25 de noviembre de 2024, de la Junta de Gobierno Local, del informe ambiental y territorial estratégico favorable sobre la modificación puntual del Plan general de ordenación urbana de Benicarló para la calificación como equipación (SQE) de terrenos calificados como espacio libre (E1) y viario (V1), colindantes con la unidad de actuación 7 de suelo urbano, para la construcción del Colegio de Educación Infantil y Primaria número 5.",PGOU,True,MOD_PUN,"fase_ip,uso_equipamiento",IAE mod puntual PGOU Benicarlo suelo dotacional CEIP,True,anuncio,"[""PGOU"", ""MOD_PUN""]","[""uso_equipamiento"", ""fase_inicial""]",0.95,"El texto menciona explícitamente ""modificación puntual del Plan general de ordenación urbana"" (MOD_PUN) sobre el PGOU, y la construcción de un ""Colegio de Educación Infantil y Primaria"" activa la etiqueta uso_equipamiento. La mención a ""informe ambiental... favorable"" sugiere una fase inicial de aprobación antes de la definitiva.",70.333
11,bocyl,INFORMACIÓN pública relativa a la aprobación inicial del proyecto de urbanización del sector 7 de suelo urbanizable del Plan General de Ordenación Urbana de Cabezón de Pisuerga (Valladolid). Expte.: 1168/2021.,PGOU,True,PROY_URB,fase_inicial,Aprobacion inicial proyecto urbanizacion sector 7 PGOU,True,anuncio,"[""PGOU"", ""PROY_URB""]","[""fase_inicial""]",0.98,"El texto cita explícitamente el ""Plan General de Ordenación Urbana"" (PGOU) y un ""proyecto de urbanización"", con una fase de ""aprobación inicial"". El fragmento clave es: ""INFORMACIÓN pública relativa a la aprobación inicial del proyecto de urbanización... del Plan General de Ordenación Urbana"".",64.354
12,boa,"RESOLUCIÓN de 28 de enero de 2025, del Instituto Aragonés de Gestión Ambiental, por la que se formula la declaración ambiental estratégica del Plan General de Ordenación Urbana Simplificado de Jarque de Moncayo (Zaragoza), promovido por el Ayuntamiento de Jarque de Moncayo. (Número de Expediente: INAGA 500201/71/2024/09313).",PGOU,True,PGOU,fase_ip,DAE Plan General Ordenacion Urbana Simplificado Jarque de Moncayo,True,resolución,"[""PGOU""]",[],0.98,"El texto menciona explícitamente ""Plan General de Ordenación Urbana"", lo que cumple con la señal léxica clave para la categoría PGOU. El acto es una resolución formal del Instituto Aragonés de Gestión Ambiental. No se mencionan términos que indiquen fases específicas (como ""aprobación definitiva"" o ""información pública"") ni usos específicos del suelo, por lo que las subcategorías permanecen vacías. La confianza es alta debido a la nomenclatura explícita.",73.973
13,boja,"Acuerdo de 25 de noviembre de 2024, del Ayuntamiento de Almedinilla, por el que se aprueba definitivamente el documento de revisión parcial del Plan General de Ordenación Urbanística de Almedinilla. Fuente Grande-Venta de Las Navas. (PP. 10317/2024).",PGOU,True,PGOU,fase_definitiva,Aprobacion definitiva revision parcial PGOU Almedinilla,True,acuerdo,"[""PGOU""]","[""fase_definitiva""]",0.98,"El texto menciona ""Plan General de Ordenación Urbanística"" (señal explícita para PGOU) y ""aprueba definitivamente"" (señal explícita para fase_definitiva). La descripción indica una revisión parcial del plan general, por lo que la categoría es únicamente PGOU.",61.775
14,boca,"Gerencia Municipal de Urbanismo.- Anuncio de 29 de enero de 2025, por el que se somete a información pública la aprobación inicial de la Modificación Menor del Plan General de Ordenación para la protección del inmueble sito en la Avenida Lucas Vega, n.º 100.",PGOU,True,MOD_PUN,fase_inicial,IP aprobacion inicial Modificacion Menor PGO proteccion inmueble,True,anuncio,"[""PGOU"", ""MOD_PUN""]","[""fase_ip"", ""fase_inicial""]",0.95,"El texto menciona ""Plan General de Ordenación"" (PGOU) y ""Modificación Menor"" (MOD_PUN). Indica también ""aprobación inicial"" (fase_inicial) y que se somete a ""información pública"" (fase_ip).",61.368
15,bocyl,"ACUERDO de 18 de febrero de 2025, del Pleno del Ayuntamiento de Saldaña de Burgos (Burgos), por el que se aprueba definitivamente el proyecto de actuación de la unidad de actuación única del sector de suelo urbano no consolidado Golf Saldaña de las Normas Urbanísticas Municipales.",PGOU,True,PROY_URB,fase_definitiva,Aprobacion definitiva proyecto actuacion UE Golf Saldana NUM,True,acuerdo,"[""LIC_URB"", ""PROY_URB""]","[""fase_definitiva"", ""uso_comercial""]",0.95,"El texto menciona ""aprobado definitivamente"" lo que indica fase_definitiva, y ""proyecto de actuación"" junto con ""unidad de actuación única"", indicando PROY_URB. También se menciona ""sector de suelo urbano no consolidado Golf Saldaña"", sugiriendo uso comercial por ser zona deportiva/comercial (golf) aunque no es explícito en los criterios definidos, pero al estar en suelo urbano no consolidado podría ser equipamiento o comercial. Sin embargo, el nombre ""Golf"" a menudo implica equipamiento deportivo, pero como categoría de uso específico solo tenemos uso_equipamiento que se refiere a escuela/centro de salud; golf no está explícito. Por tanto, subcategorías: fase_definitiva y uso_comercial (o equipamiento si consideramos deporte equipamiento, pero el criterio dice ""equipamiento, dotacional, escuela, centro de salud""). No hay mención directa de uso comercial, pero Golf es zona deportiva/comercial. Revisando las categorías, no hay ""uso deportivo"", por lo que quizás sea fase_definitiva y PROY_URB. Confianza alta por los términos explícitos.",111.511
16,dogv,ANUNCIO por el que se somete a información pública la modificación puntual número 2 del Plan general de ordenación urbana.,PGOU,True,MOD_PUN,fase_ip,IP modificacion puntual num 2 PGOU,True,anuncio,"[""PGOU"", ""MOD_PUN""]","[""fase_ip""]",0.95,"""ANUNCIO por el que se somete a información pública la modificación puntual número 2 del Plan general de ordenación urbana."" El texto menciona explícitamente ""Plan general de ordenación urbana"" (PGOU), ""modificación puntual"" (MOD_PUN) y ""información pública"" (fase_ip).",62.412
17,bocm,"Plan general de urbanismo
– Acuerdo de 12 de febrero de 2025, del Consejo de Gobierno, por el que se aprueba definitivamente la modificación del Plan General de Ordenación Urbana de Madrid para la creación del Área de Planeamiento Específico 10.24 “Paseo de la Ermita del Santo”, distrito de Latina, que incluye la delimitación de una única Unidad de Ejecución",PGOU,True,MOD_PUN,fase_definitiva,Aprobacion definitiva mod PGOU Madrid APE 10.24 Paseo Ermita Santo,True,acuerdo,"[""PGOU"", ""PLAN_ESP""]","[""fase_definitiva""]",0.95,"El texto menciona explícitamente ""Plan General de Ordenación Urbana"" (etiqueta PGOU) y la creación de un ""Área de Planeamiento Específico 10.24"" (etiqueta PLAN_ESP). Además, se cita la ""aprobación definitiva"", indicando que el acto está en la fase_definitiva del ciclo urbanístico. La mención a una ""Unidad de Ejecución"" es parte de la estructura del planeamiento, pero no clasifica por subcategoría de uso del suelo específica.",156.315
18,bocyl,"ACUERDO de 27 de febrero de 2025, de la Comisión Territorial de Medio Ambiente y Urbanismo de Salamanca, por el que se aprueba definitivamente la modificación n.º 2 de las Normas Urbanísticas Municipales de Miranda de Azán (Salamanca). Expte.: 24-037.",PGOU,True,MOD_PUN,fase_definitiva,Aprobacion definitiva modificacion n2 NUM Miranda de Azan,True,acuerdo,"[""MOD_PUN"", ""PGOU""]","[""fase_definitiva""]",0.95,"El texto menciona ""acuerdo"" como acto administrativo (act_type), ""aprobación definitiva"" indicando fase_definitiva, y la modificación de las ""Normas Urbanísticas Municipales"", que según la taxonomía equivalen a PGOU. La mención de ""modificación n.º 2"" hace referencia a un MOD_PUN.",65.0
19,bocm,"Normas urbanísticas
– Orden 878/2025, de 7 de marzo, de la Consejería de Medio Ambiente, Agricultura e Interior, por la que se aprueba definitivamente la Modificación Puntual de las Normas Subsidiarias de ámbito municipal de Buitrago del Lozoya, con el fin de adecuar las condiciones urbanísticas del Matadero Frigorífico Comarcal de Buitrago a su condición de equipamiento de interés social",PGOU,True,MOD_PUN,"fase_definitiva,uso_equipamiento",Aprobacion definitiva Mod Puntual NNSS Buitrago matadero a equipamiento,True,orden,"[""PGOU"", ""MOD_PUN""]","[""fase_definitiva"", ""uso_equipamiento""]",0.95,"El texto menciona explícitamente ""Modificación Puntual de las Normas Subsidiarias"", lo que activa las categorías MOD_PUN y PGOU (ya que las Normas Subsidiarias son equivalentes regionales a un PGOU). Además, se indica que la aprobación es ""definitivamente"" (fase_definitiva) y que el objetivo es adecuar condiciones para un ""Matadero Frigorífico"", lo que corresponde al uso equipamiento.",75.267
20,bocyl,"INFORMACIÓN pública relativa a la aprobación inicial de la modificación n.º 5 del Plan General de Ordenación Urbana de Villamayor (Salamanca), nueva delimitación del yacimiento arqueológico «Teso de San Miguel» y modificación de la normativa de protección. Expte.: 185/2025.",PGOU,True,MOD_PUN,fase_inicial,IP aprobacion inicial mod 5 PGOU Villamayor yacimiento arqueologico,True,información_pública,"[""MOD_PUN"", ""PGOU""]","[""fase_inicial"", ""uso_rustico""]",0.95,"La descripción menciona explícitamente ""modificación n.º 5 del Plan General de Ordenación Urbana"" (etiqueta MOD_PUN y PGOU) y se trata de una ""nueva delimitación del yacimiento arqueológico"" en suelo rústico (""uso_rustico""). La fase es ""aprobación inicial"" indicada por el texto, lo que corresponde a fase_inicial.",69.654
21,docm,"Anuncio de 30/01/2025, del Ayuntamiento de Ciudad Real, sobre información pública de la alternativa técnica presentada por la mercantil Aikon Energía, SL del Programa de Actuación Urbanizadora de la Unidad de Ejecución del Plan General de Ordenación Urbana, denominada UE-VCAR.",PGOU,True,PROY_URB,fase_ip,IP alternativa tecnica PAU UE-VCAR PGOU Albacete,True,anuncio,"[""PGOU"", ""PROY_URB""]","[""fase_ip"", ""uso_energetico""]",0.92,"Se trata de un anuncio de información pública (fase_ip) sobre una alternativa técnica para una Unidad de Ejecución del Plan General de Ordenación Urbana (PGOU). La unidad de ejecución (PROY_URB) está vinculada a la mercantil Aikon Energía, SL y el contexto energético sugiere uso_energetico.",66.244
22,boib,"Acuerdo de aprobación definitiva con prescripciones relativa a la Modificación puntual nº. 3 de las Normas Subsidiarias de planeamiento del municipio de Mancor de la Vall consistente en la modificación de alineaciones, usos y parámetros edificatorios y ordenanzas de estética",PGOU,True,MOD_PUN,fase_definitiva,Aprobacion definitiva Mod Puntual 3 NNSS Mancor de la Vall,True,acuerdo,"[""PGOU"", ""MOD_PUN""]","[""fase_definitiva""]",0.98,"El texto menciona explícitamente ""Normas Subsidiarias de planeamiento"" lo que corresponde a la categoría PGOU. Además, se indica ""Modificación puntual nº. 3"" y ""aprobación definitiva"", justificando las etiquetas MOD_PUN y fase_definitiva respectivamente. El fragmento clave es: ""Acuerdo de aprobación definitiva con prescripciones relativa a la Modificación puntual nº. 3 de las Normas Subsidiarias"".",72.587
23,dogv,ANUNCIO por el que se somete a información pública la modificación puntual número 10 del Plan general de ordenación urbana de Montaverner (expediente 389/2021).,PGOU,True,MOD_PUN,fase_ip,IP modificacion puntual num 10 PGOU Montaverner,True,anuncio,"[""MOD_PUN"", ""PGOU""]","[""fase_ip""]",0.98,"El texto menciona explícitamente ""modificación puntual"" (MOD_PUN), ""Plan general de ordenación urbana"" (PGOU) y ""información pública"" (fase_ip).",56.034
24,boib,Modificación puntual de las normas subsidiarias de Consell para la delimitación y ordenación de un aparcamiento disuasivo,PGOU,True,MOD_PUN,uso_equipamiento,Mod puntual NNSS Consell aparcamiento disuasivo,True,modificación,"[""PGOU""]",[],0.95,"La descripción menciona ""Modificación puntual de las normas subsidiarias"", que es la frase exacta para la etiqueta MOD_PUN según la taxonomía, y también se refiere a ""aparcamiento disuasivo"", pero al no haber señal explícita de fase ni uso del suelo en el texto, no se asignan subcategorías. El término ""normas subsidiarias"" dispara la categoría PGOU, ya que las normas subsidiarias son equivalentes regionales de planeamiento urbanístico general.",68.672
25,bopa,"Resolución de 3 de febrero de 2025, de la Consejería de Transición Ecológica, Industria y Desarrollo Económico, por la que se formula el informe ambiental estratégico de nueva delimitación y Plan Parcial del Área de Planeamiento Propuesto S-R-CBÑ 2 “Cabueñes Residencial” (APP-S-R-CBÑ2) (Gijón) (IA-PP-0141/2024//AUTO/2024/12984). [Cód. 2025-00970]",PLAN_ESP,True,PLAN_ESP,"fase_ip,uso_residencial",IAE Plan Parcial Cabueñes Residencial,True,resolución,"[""PLAN_ESP""]","[""fase_inicial""]",0.95,"La descripción menciona explícitamente ""Plan Parcial"", lo que dispara la categoría PLAN_ESP. Además, al ser una ""Resolución"" que formula un informe sobre este plan, indica que se encuentra en fase de tramitación inicial (falsa alarma con 'informe ambiental estratégico', pero el acto es una resolución formal del plan parcial).",68.408
26,bon,Aprobación definitiva del Plan Especial de Actuación Urbana de las unidades UE-9 y UE-10,PLAN_ESP,True,PLAN_ESP,fase_definitiva,Aprobacion definitiva Plan Especial Actuacion Urbana UE-9 y UE-10,True,aprobación,"[""PLAN_ESP""]","[""fase_definitiva""]",0.95,"El texto menciona ""Plan Especial de Actuación Urbana"", lo que activa la categoría PLAN_ESP, y se trata de una ""Aprobación definitiva"", lo que indica la fase_definitiva del ciclo urbanístico.",100.918
27,bocyl,"INFORMACIÓN pública relativa a la aprobación inicial del estudio de detalle, promovido por «Decoración Muebles Cagigal, S.A.», para la modificación de los parámetros de ordenación detallada de la parcela del Callejón Los Tochos n.º 1, en el término municipal de Aguilar de Campoo (Palencia). Expte.: 1373/2024.",PLAN_ESP,True,PLAN_ESP,fase_inicial,Aprobacion inicial estudio detalle parcela Callejon Los Tochos,True,información_pública,"[""PLAN_ESP""]","[""fase_ip"", ""uso_comercial""]",0.95,"El texto menciona explícitamente ""estudio de detalle"", lo que según la regla 2 implica asignar SOLO PLAN_ESP (Plan Especial). Además, se cita ""aprobación inicial"" (que corresponde a fase_ip) y el proyecto es para ""Decoración Muebles"", indicando un uso comercial.",122.348
28,bopv,"RESOLUCIÓN de 27 de enero de 2025, del Director de Administración Ambiental, por la que se formula informe ambiental estratégico del Plan Parcial del sector Ipintza Z1.5 de Zumarraga (Gipuzkoa).
				
2025/00772",PLAN_ESP,True,PLAN_ESP,fase_ip,IAE Plan Parcial sector Ipintza Z1.5 Zumarraga,True,información_pública,"[""PLAN_ESP""]","[""fase_avance""]",0.95,"El texto menciona explícitamente ""Plan Parcial del sector Ipintza Z1.5"", lo que enmarca la publicación dentro de la categoría PLAN_ESP, ya que un plan parcial es una subcategoría específica de planificación urbana. La mención a ""informe ambiental estratégico"" indica que el documento actúa como un informe o estudio previo (fase_avance) necesario para la tramitación del plan especial, antes de su aprobación definitiva.",70.499
29,bopa,"Anuncio público a personas interesadas desconocidas en el procedimiento de evaluación ambiental estratégica simplificada. Plan Parcial del sector urbanizable UZ2-La Vega-U, Villabona (Llanera). Expte. IA-PP-0236/2024//AUTO/2024/18789. [Cód. 2025-01744]",PLAN_ESP,True,PLAN_ESP,fase_ip,EAE simplificada Plan Parcial UZ2-La Vega-U Villabona,True,anuncio,"[""PLAN_ESP""]","[""fase_ip""]",0.95,"El texto menciona explícitamente ""Plan Parcial"", lo que activa la categoría PLAN_ESP según las señales definidas. Asimismo, el documento es un ""Anuncio público a personas interesadas desconocidas en el procedimiento de evaluación ambiental estratégica simplificada"", indicando una fase inicial de información pública (fase_ip) del plan.",63.444
30,bocyl,"ACUERDO de 20 de diciembre de 2024, del Pleno del Ayuntamiento de Burgos, relativo a la aprobación definitiva del «Estudio de detalle naves nido C/ López Bravo, 11B, polígono industrial. Villalonquejar (Burgos)», promovido por «Santaolalla Ambiental, S.L.». Expte.: 4/2024 EST-PGOU.",PLAN_ESP,True,PLAN_ESP,"fase_definitiva,uso_industrial",Aprobacion definitiva ED naves nido poligono industrial Villalonquejar,True,acuerdo,"[""PLAN_ESP""]","[""fase_definitiva""]",0.98,"El texto menciona explícitamente ""Estudio de detalle"" que es una señal directa para la categoría PLAN_ESP, y dice ""aprobación definitiva"", lo que indica la fase_definitiva. El fragmento clave es: ""acuerdo... relativo a la aprobación definitiva del «Estudio de detalle»"".",66.091
31,borm,"Aprobación inicial del Programa de Actuación, del cambio de sistema de gestión y de los estatutos de la Junta de Compensación de la Unidad de Ejecución n.º I.b del Plan Parcial “Usos Terciarios de Carretera de Sucina”.",PLAN_ESP,True,"PLAN_ESP,PROY_URB","fase_inicial,uso_comercial",IP PA + Junta Compensacion Plan Parcial Usos Terciarios Sucina,True,aprobación,"[""PLAN_ESP"", ""PROY_URB""]","[""fase_inicial"", ""uso_comercial""]",0.85,"El texto menciona ""Plan Parcial 'Usos Terciarios de Carretera de Sucina'"", lo que indica un Plan Especial (PLAN_ESP). La descripción incluye la ""Unidad de Ejecución n.º I.b"" y el ""Programa de Actuación"", lo cual se alinea con PROY_URB (actuación sobre suelo planificado para usos específicos, en este caso terciarios/comerciales). El ""cambio de sistema de gestión"" sugiere una aprobación inicial (fase_inicial). La referencia a ""Usos Terciarios"" apunta a un uso comercial.",79.665
32,dogc,Edicto sobre aprobación inicial del Plan especial urbanístico autónomo de la vía verde del Fluvià de ámbito supramunicipal entre Sant Ferriol y La Vall de Bianya,PLAN_ESP,True,PLAN_ESP,fase_inicial,Aprobacion inicial Plan especial via verde Fluvia supramunicipal,True,edicto,"[""PLAN_ESP""]","[""fase_inicial""]",0.98,"El texto menciona explícitamente ""aprobación inicial del Plan especial urbanístico"", lo que activa la categoría PLAN_ESP y la subcategoría fase_inicial por el término ""inicial"". El fragmento es: ""aprobación inicial del Plan especial urbanístico autónomo"".",59.215
33,doe,Anuncio de 29 de enero de 2025 sobre aprobación inicial del Estudio de Detalle de la parcela EEC-1 del SUB CC-9.2.4.,PLAN_ESP,True,PLAN_ESP,fase_inicial,Aprobacion inicial ED parcela EEC-1 SUB CC-9.2.4,True,anuncio,"[""PLAN_ESP"", ""PGOU""]","[""fase_avance""]",0.95,"El texto menciona ""aprobación inicial del Estudio de Detalle"", lo que corresponde a la categoría PLAN_ESP según las señales definidas, y se refiere al SUB (Suelo Urbano Barrial) o similar como marco del PGOU. También incluye fase_avance por tratarse de una aprobación inicial.",59.343
34,bon,"Aprobación definitiva de Estudio de Detalle en la parcela 2564 del polígono 7/Z-1 U.I. X Landaben, para ampliación de edificio anexo a Mutua Navarra",PLAN_ESP,True,PLAN_ESP,"fase_definitiva,uso_equipamiento",Aprobacion definitiva ED Landaben ampliacion Mutua Navarra,True,aprobación,"[""PLAN_ESP""]","[""fase_definitiva"", ""uso_comercial"", ""uso_equipamiento""]",0.92,"El texto menciona explícitamente ""Aprobación definitiva de Estudio de Detalle"". Según las reglas, un ""estudio de detalle"" clasifica como PLAN_ESP y excluye PGOU. Los usos residenciales/equipamiento/comercial son inferidos por la referencia a ""edificio anexo"" en un polígono industrial (U.I. X Landaben).",59.367
35,bocyl,"INFORMACIÓN pública relativa a la aprobación inicial del estudio de detalle para la modificación de la alteración existente en la calle Juan Bravo n.º 25-27, en el término municipal de Cantalejo (Segovia). Expte.: 1422/2024.",PLAN_ESP,True,PLAN_ESP,fase_inicial,Aprobacion inicial ED calle Juan Bravo 25-27 Cantalejo,True,información_pública,"[""PLAN_ESP""]","[""fase_inicial"", ""uso_rustico""]",0.85,"El texto menciona ""estudio de detalle"" y ""aprobación inicial"", lo que corresponde a PLAN_ESP en fase_inicial. Se alude a una ""alteración existente"", indicando cambio desde uso_rustico. El acto es información pública según la descripción.",102.143
36,bon,Aprobación inicial de Estudio de Detalle en la parcela 218 del polígono 4,PLAN_ESP,True,PLAN_ESP,fase_inicial,Aprobacion inicial ED parcela 218 poligono 4,True,aprobación,"[""PLAN_ESP""]","[""fase_inicial""]",0.95,"El texto menciona ""Aprobación inicial de Estudio de Detalle"", lo que corresponde a una acción sobre un Plan Especial (PLAN_ESP) y sitúa el acto en la fase inicial (fase_inicial).",47.206
37,bon,Aprobación definitiva de Estudio de Detalle en la parcela 104 del polígono 1,PLAN_ESP,True,PLAN_ESP,fase_definitiva,Aprobacion definitiva ED parcela 104 poligono 1,True,aprobación,"[""PLAN_ESP""]","[""fase_definitiva""]",0.95,"La descripción menciona ""Estudio de Detalle"" y su ""Aprobación definitiva"". Según la reglas, ""Estudio de Detalle"" se clasifica como PLAN_ESP y el acto de aprobación corresponde a fase_definitiva. No hay indicios de modificación puntual ni proyectos de urbanización, aunque este estudio podría estar relacionado con uno, la descripción es clara sobre su naturaleza específica.",65.302
38,bocyl,"ACUERDO de 18 de noviembre de 2024, del Pleno del Ayuntamiento de Aldearrubia (Salamanca), relativo a la aprobación definitiva del estudio de detalle para el solar de la calle Camino de los Partidos 3C.",PLAN_ESP,True,PLAN_ESP,fase_definitiva,Aprobacion definitiva ED solar calle Camino Partidos 3C Aldearrubia,True,acuerdo,"[""PLAN_ESP""]","[""fase_definitiva"", ""uso_residencial""]",0.92,"El texto cita explícitamente ""acuerdo... relativo a la aprobación definitiva del estudio de detalle"" (etiqueta PLAN_ESP y fase_definitiva). Se añade uso_residencial como inferencia lógica por ser un solar urbano en calle, aunque el fragmento no lo nombre. La confianza es alta debido a las menciones directas clave.",110.764
39,bon,Aprobación inicial de Estudio de Detalle en la parcela 33 del polígono 1 de Unciti (Valle de Unciti),PLAN_ESP,True,PLAN_ESP,fase_inicial,Aprobacion inicial ED parcela 33 poligono 1 Unciti,True,aprobación,"[""PLAN_ESP""]","[""fase_inicial"", ""uso_rustico""]",0.95,"El texto menciona explícitamente ""Estudio de Detalle"" en una parcela específica, lo que enmarca la publicación dentro del Plan Especial (PLAN_ESP), excluyendo PGOU. Al ser una ""Aprobación inicial"", se corresponde con la subcategoría fase_inicial. Dado que es en suelo rústico (implicado por el contexto de polígonos y parcela) no se identifica otro uso concreto, asocio suelo rústico como subcategoría complementaria.",72.034
40,bopa,Edicto. Aprobación definitiva del Plan Parcial del ámbito urbanizable Altos de Santo Medero. Expte. 1191-080005. [Cód. 2025-02014],PLAN_ESP,True,PLAN_ESP,fase_definitiva,Aprobacion definitiva Plan Parcial Altos de Santo Medero,True,edicto,"[""PLAN_ESP""]","[""fase_definitiva""]",0.95,"El texto indica ""Edicto"" y ""Aprobación definitiva del Plan Parcial"". La mención a ""Plan Parcial"" asigna la categoría PLAN_ESP, mientras que ""Aprobación definitiva"" indica la fase_definitiva.",113.28
41,bon,Corrección de errores de la aprobación definitiva de Estudio de Detalle de la parcela 154 del polígono 12 (Unidad U4) de Idocin (Valle de Ibargoiti),PLAN_ESP,True,PLAN_ESP,fase_correccion,Correccion errores aprobacion definitiva ED Idocin,True,corrección_errores,"[""PLAN_ESP""]","[""fase_definitiva""]",0.98,"El texto indica ""Corrección de errores de la aprobación definitiva"", disparando la etiqueta de fase `fase_corrección`. Sin embargo, el objeto es un ""Estudio de Detalle"", que según las reglas críticas del punto 2 debe clasificarse únicamente como `PLAN_ESP`, excluyendo cualquier referencia al PGOU. La mención de ""aprobación"" sitúa la acción en `fase_definitiva` respecto a dicho plan especial.",71.117
42,bopv,"RESOLUCIÓN de 28 de enero de 2025, del Director de Administración Ambiental, por la que se formula informe ambiental estratégico del Plan Especial Guardería Canina Bi-Lagun en Hondarribia.
				
2025/00886",PLAN_ESP,True,PLAN_ESP,"fase_ip,uso_equipamiento",IAE Plan Especial Guarderia Canina Bi-Lagun Hondarribia,False,información_pública,[],[],0.95,"La publicación es un informe ambiental estratégico, no un acto de gestión urbanística directa (no hay ""plan especial"", ""aprobación"", etc.). Por tanto, is_relevant=False. El fragmento clave que determina el tipo de acto es ""se formula informe ambiental estratégico"".",57.119
43,bon,Aprobación inicial de Estudio de Detalle en la parcela  522 del polígono 1,PLAN_ESP,True,PLAN_ESP,fase_inicial,Aprobacion inicial ED parcela 522 poligono 1,True,aprobación,"[""PLAN_ESP""]","[""fase_inicial""]",0.95,"El texto menciona ""Estudio de Detalle"" y ""Aprobación inicial"", lo que se alinea directamente con la categoría PLAN_ESP y la subcategoría fase_inicial según las reglas proporcionadas.",55.119
44,bon,Aprobación inicial de Estudio de Detalle en las parcelas 570 y 571 del área de reparto AR2,PLAN_ESP,True,PLAN_ESP,fase_inicial,Aprobacion inicial ED parcelas 570 y 571 area reparto AR2,True,aprobación,"[""PLAN_ESP"", ""PROY_URB""]","[""fase_inicial""]",0.98,"El texto menciona ""Aprobación inicial de Estudio de Detalle"" lo que corresponde a la subcategoría fase_inicial y las categorías PLAN_ESP (por ser un estudio de detalle) y PROY_URB (por tratarse de un plan dentro del área de reparto AR2, relacionado con urbanización).",62.543
45,borm,Anuncio de aprobación provisional de cuenta de liquidación definitiva del proyecto de urbanización del Plan Parcial “Cañada de la Morra Norte” de Archena.,PLAN_ESP,True,PROY_URB,fase_provisional,Aprobacion provisional cuenta liquidacion PU Plan Parcial Cañada Morra Norte,True,anuncio,"[""PLAN_ESP""]","[""fase_provisional""]",0.98,"El texto menciona ""Plan Parcial"" que encaja con PLAN_ESP y ""aprobación provisional"" que indica la subcategoría fase_provisional. El anuncio se refiere a la liquidación del proyecto de urbanización de ese plan parcial, manteniendo la categoría de plan especial como objeto principal.",62.522
46,borm,"Sometimiento a información pública de la documentación integrante del Avance del Plan Especial de Reordenación Urbana en parcela de equipamiento docente EED (TA-382), Espinardo, para la ejecución de una residencia universitaria.",PLAN_ESP,True,PLAN_ESP,"fase_avance,uso_equipamiento",Avance Plan Especial Reordenacion Urbana parcela equipamiento docente residencia universitaria,True,información_pública,"[""PLAN_ESP""]","[""fase_avance"", ""uso_residencial""]",0.95,"El texto menciona ""Avance del Plan Especial"" (señala categoría PLAN_ESP y subcategoría fase_avance) y que está destinado a la ""ejecución de una residencia universitaria"", lo que indica un uso residencial. El término ""residencia universitaria"" es suficiente para el uso sin necesidad de calificarlo como equipamiento, ya que su función principal es la vivienda estudiantil.",68.781
47,dog,"ANUNCIO de aprobación definitiva del estudio de detalle para la ampliación del complejo deportivo Agra I, en Agra do Orzán (expediente 631/2023/121).",PLAN_ESP,True,PLAN_ESP,"fase_definitiva,uso_equipamiento",Aprobacion definitiva ED ampliacion complejo deportivo Agra I,True,anuncio,"[""PLAN_ESP""]","[""fase_inicial"", ""uso_equipamiento""]",0.95,"El texto menciona ""estudio de detalle"" para ""ampliación del complejo deportivo"", lo que encaja con PLAN_ESP y uso_equipamiento. También indica ""aprobación definitiva"", correspondiente a fase_inicial (o fase_definitiva según la interpretación, pero fase_inicial es más probable por ser estudio). El fragmento clave es ""estudio de detalle para la ampliación del complejo deportivo"".",72.693
48,bon,"Aprobación inicial de Estudio de Detalle en las unidades UC-2.3 y UC-2.6 de suelo urbano consolidado de Arguiñariz, parcela 56 del polígono 1",PLAN_ESP,True,PLAN_ESP,fase_inicial,Aprobacion inicial ED unidades UC-2.3 y UC-2.6 Arguiñariz,True,aprobación,"[""PLAN_ESP""]","[""fase_avance""]",0.95,"El texto menciona ""Estudio de Detalle"" que se clasifica como PLAN_ESP, y ""Aprobación inicial"" indica la fase_avance del ciclo urbanístico. El fragmento clave es ""Aprobación inicial de Estudio de Detalle"".",60.061
49,bon,Aprobación inicial de Plan Especial de Actuación Urbana en la unidad UO2,PLAN_ESP,True,PLAN_ESP,fase_inicial,Aprobacion inicial Plan Especial Actuacion Urbana unidad UO2,True,aprobación,"[""PLAN_ESP""]","[""fase_inicial""]",0.95,"El texto menciona ""Plan Especial de Actuación Urbana"" (disparador PLAN_ESP) y ""Aprobación inicial"" (disparador fase_inicial). La descripción es clara y específica en el dominio urbanístico.",55.945
50,bocyl,"ACUERDO de 19 de diciembre de 2024, del Pleno del Ayuntamiento de Palencia, por el que se aprueba definitivamente la modificación puntual del Plan General de Ordenación Urbana de Palencia, en el ámbito de la ficha n.º 6, zona de Ordenanza Terciario.",MOD_PUN,True,MOD_PUN,"fase_definitiva,uso_comercial",Aprobacion definitiva mod puntual PGOU Palencia zona Terciario,True,acuerdo,"[""MOD_PUN""]","[""fase_definitiva""]",0.98,"El texto menciona explícitamente ""modificación puntual del Plan General de Ordenación Urbana"" y ""aprueba definitivamente"", lo que identifica el acto como un acuerdo de modificación puntual (MOD_PUN) en fase definitiva. La categoría PGOU no se aplica porque, según las reglas, la modificación puntual excluye la aprobación completa del plan general.",63.94
51,boc,Informe Ambiental Estratégico de la Modificación Puntual 1/2022 de las Normas Subsidiarias de planeamiento de Riotuerto.,MOD_PUN,True,MOD_PUN,fase_ip,IAE Modificacion Puntual 1/2022 NNSS Riotuerto,False,información_pública,[],[],1.0,"El documento es un ""Informe Ambiental Estratégico"" de una ""Modificación Puntual 1/2022"". Según las reglas críticas, MOD_PUN excluye PGOU, PLAN_ESP, PROY_URB y otras categorías urbanísticas cuando se trata de un acto puntual. No obstante, el Informe Ambiental es un documento de acompañamiento ambiental (trámite ambiental), no un acto administrativo urbano por sí mismo (como una resolución de aprobación). Por tanto, no pertenece al dominio de las publicaciones urbanísticas del BOLETÍN MONITORIZADO, que se limita a actos administrativos con validez legal urbana.",73.621
52,docm,"Anuncio de 14/01/2025, del Ayuntamiento de Ciudad Real, sobre información pública de la Modificación Puntual número 4 del Plan Parcial del Programa de Actuación Urbanizadora del sector S-MADR2 y del articulado de las Nomas Urbanísticas del Plan General de Ordenación Urbana. Centro de I+D Embarba.",MOD_PUN,True,MOD_PUN,fase_ip,IP Modificacion Puntual 4 Plan Parcial PAU S-MADR2 + PGOU Centro I+D Embarba,True,anuncio,"[""MOD_PUN""]",[],0.95,"El texto especifica explícitamente ""Modificación Puntual número 4"", lo que activa la categoría MOD_PUN según las reglas de clasificación, citando fragmentos como ""Modificación Puntual"" y su referencia al Plan Parcial. Aunque menciona el Plan General de Ordenación Urbana, la acción recae sobre una modificación puntual, no sobre el plan completo.",63.638
53,bor,"Aprobación inicial del proyecto de modificación puntual de las Normas Subsidiarias en la calle El Sol, número 34 y 34 B",MOD_PUN,True,MOD_PUN,fase_inicial,Aprobacion inicial mod puntual NNSS calle El Sol,False,aprobación,[],[],1.0,"El texto se refiere a ""modificación puntual de las Normas Subsidiarias"", que según la regla 1 debe clasificarse como MOD_PUN. Sin embargo, el texto indica ser del Boletín Oficial de Aragón (BOR), una publicación autonómica distinta a la Comunitat Valenciana (DOGV) donde se aplica la categoría DIC_INT. Por lo tanto, dado que es un acto de modificación puntual y no encaja en las categorías urbanísticas especificadas para esta jurisdicción, is_relevant es False. El texto es ambiguo sin más contexto sobre el tipo exacto de publicación.",72.985
54,dogv,ANUNCIO por el que se somete a información pública la modificación puntual número 4 del Plan general de ordenación urbana de Gilet «Redelimitación de la Unidad de Ejecución UE-1»,MOD_PUN,True,MOD_PUN,fase_ip,IP mod puntual 4 PGOU Gilet redelimitacion UE-1,True,anuncio,"[""MOD_PUN""]","[""fase_ip""]",1.0,"""Se trata de un 'anuncio' que somete a información pública la 'modificación puntual número 4', lo cual activa la categoría MOD_PUN según el texto explícito. La mención a la Unidad de Ejecución indica que se trata de una modificación específica, no del plan completo (PGOU) ni de un plan especial (PLAN_ESP), y la fase de información pública corresponde a 'fase_ip'.""",67.809
55,bor,"Aprobación inicial de la Modificación Puntual Número 15 del Plan General Municipal de Calahorra, para ampliación del equipamiento público",MOD_PUN,True,MOD_PUN,"fase_inicial,uso_equipamiento",Aprobacion inicial Mod Puntual 15 PGM Calahorra equipamiento publico,True,aprobación,"[""MOD_PUN""]","[""fase_inicial"", ""uso_equipamiento""]",0.98,"""Modificación Puntual Número 15 del Plan General Municipal"": coincide con la categoría MOD_PUN (Regla 1). ""Aprobación inicial"": corresponde a la fase_inicial. ""para ampliación del equipamiento público"": indica el uso_equipamiento como subcategoría.",61.209
56,bocyl,"ACUERDO de 26 de febrero de 2025, de la Comisión Territorial de Medio Ambiente y Urbanismo de Soria, por el que se aprueba definitivamente la modificación puntual número 55 de las Normas Urbanísticas Municipales de Golmayo (Soria). Expte.: 35/2025 U.",MOD_PUN,True,MOD_PUN,fase_definitiva,Aprobacion definitiva mod puntual 55 NUM Golmayo,True,acuerdo,"[""MOD_PUN""]","[""fase_definitiva""]",1.0,"El texto menciona explícitamente ""modificación puntual número 55 de las Normas Urbanísticas Municipales"", que cumple la señal N2 de MOD_PUN y excluye PGOU según la Regla 1. La expresión ""se aprueba definitivamente"" indica la subcategoría fase_definitiva.",62.592
57,bocyl,"ACUERDO de 26 de febrero de 2025, de la Comisión Territorial de Medio Ambiente y Urbanismo de Soria, por el que se aprueba definitivamente la modificación puntual número 56 de las Normas Urbanísticas Municipales de Golmayo (Soria), promovida por «Inmobiliaria M.R., S.A.U.». Expte.: 34/2025 U.",MOD_PUN,True,MOD_PUN,fase_definitiva,Aprobacion definitiva mod puntual 56 NUM Golmayo,True,acuerdo,"[""MOD_PUN""]",[],0.98,"El texto indica explícitamente ""se aprueba definitivamente la modificación puntual número 56"" de las Normas Urbanísticas Municipales, lo que encaja con la categoría MOD_PUN. Se cita la referencia al plan general como marco normativo, pero el objeto es la modificación puntual.",61.299
58,doe,Anuncio de 24 de marzo de 2025 sobre exposición al público de aprobación de viabilidad e inicial modificación puntual del Plan General Urbano.,MOD_PUN,True,MOD_PUN,fase_inicial,Exposicion publica aprobacion viabilidad e inicial mod puntual PGU,True,anuncio,"[""MOD_PUN"", ""PGOU""]","[""fase_ip""]",0.95,"El texto menciona ""exposición al público de... inicial modificación puntual del Plan General Urbano"" (actividad de fase_inicial para MOD_PUN) y también la aprobación de viabilidad y modificación inicial, que implica un acto relacionado con PGOU. La mención de ""modificación puntual"" es clave.",59.192
59,bocyl,"ACUERDO de 26 de octubre de 2023, de la Comisión Territorial de Medio Ambiente y Urbanismo de León, por el que se aprueba definitivamente la modificación puntual n.º 3 de las Normas Urbanísticas Municipales de Maraña (León). Expte.: 2022-137.",MOD_PUN,True,MOD_PUN,fase_definitiva,Aprobacion definitiva mod puntual 3 NUM Maraña,True,acuerdo,"[""MOD_PUN""]",[],0.98,"El texto indica ""aprobación definitivamente la modificación puntual"" de las Normas Urbanísticas Municipales (NUM). Según la Regla 1, MOD_PUN excluye PGOU cuando se refiere a una modificación del plan general.",57.126
60,bocyl,"ORDEN MAV/129/2025, de 12 de febrero, por la que se formula el informe ambiental estratégico de la modificación puntual n.º 9 del Plan General de Ordenación Urbana de Dueñas (Palencia). EAES/2024/110.",MOD_PUN,True,MOD_PUN,fase_ip,IAE mod puntual 9 PGOU Dueñas,False,orden,[],[],0.95,"El texto menciona ""informe ambiental estratégico de la modificación puntual n.º 9 del Plan General"", lo que indica que el acto principal es un estudio ambiental vinculado a una MOD_PUN. Según la regla 1, MOD_PUN excluye PGOU y se refiere a cambios específicos del plan, no a la aprobación o revisión completa del plan general (PGOU). Por tanto, para esta clasificación de actos administrativos urbanos donde el objetivo principal es el informe ambiental estratégico y no la modificación puntual en sí misma, no asignamos categoría N2, ya que el acto descrito es un paso preparatorio o complementario (informe ambiental) al proceso de modificación puntual y no el acto administrativo urbano principal en sí mismo. Sin embargo, si consideráramos que el acto ""forma"" este informe en el contexto del procedimiento de modificación puntual, la clasificación sería MOD_PUN, pero las señales directas para MOD_PUN están en la descripción como objeto del informe (""modificación puntual n.º 9""), no como acción principal del documento (que es ""formular el informe""). Dado que la tarea pide clasificar publicaciones del universo urbanístico monitorizado y las categorías son actos específicos, y este es un informe ambiental estratégico (documento B0 o complementario), lo más preciso es is_relevant=False ya que el acto administrativo urbano principal sería la Orden de aprobación de la modificación puntual, no la de formular su informe ambiental.",118.91
61,docm,"Anuncio de 27/01/2025, del Ayuntamiento de Esquivias (Toledo), sobre información pública de la Modificación Puntual número 5 de las Normas Subsidiarias de Planeamiento Municipal (ordenación detallada) de los artículos 4.3.1, 4.3.2, 5.6.4, 5.6.5, 5.6.6, 5.6.7, 5.7.4, 5.7.5, 5.7.6, 5.7.7, incluidos en las normas generales de la edificación y ordenanzas de suelo urbano de las mismas.",MOD_PUN,True,MOD_PUN,fase_ip,IP Modificacion Puntual 5 NNSS Esquivias normativa edificacion,True,anuncio,"[""MOD_PUN""]","[""fase_ip""]",0.98,"El texto indica explícitamente ""información pública"" (fase IP) de una ""Modificación Puntual número 5"" del plan general, lo que encaja perfectamente con la categoría MOD_PUN y subcategoria fase_ip. El fragmento clave es ""Anuncio... sobre información pública de la Modificación Puntual"".",65.118
62,doe,"Anuncio de 24 de enero de 2025 sobre aprobación inicial de la modificación puntual 2/2024/OD, modificación de la alineación de la avenida de la Paz en su encuentro con calle Luis Chamizo.",MOD_PUN,True,MOD_PUN,fase_inicial,Aprobacion inicial mod puntual 2/2024/OD modificacion alineacion av Paz,True,anuncio,"[""MOD_PUN"", ""PGOU""]","[""fase_inicial""]",0.95,"El texto menciona explícitamente ""modificación puntual"" y ""aprobación inicial"", indicando una modificación del plan general (PGOU) en fase inicial. Según la regla 1, MOD_PUN excluye PGOU como categoría principal, pero se puede mencionar el PGOU como referencia. La confianza es alta ya que los términos son muy claros.",63.293
63,bocyl,"ORDEN MAV/55/2025, de 24 de enero, por la que se formula el informe ambiental estratégico de la modificación puntual de las Normas Urbanísticas Municipales de Valle de Mena (Burgos), sector SUNC-04 en Villasana de Mena. Expte.: EAES/2024/080.",MOD_PUN,True,MOD_PUN,fase_ip,IAE mod puntual NUM Valle de Mena sector SUNC-04,True,orden,"[""MOD_PUN""]",[],0.98,"La descripción menciona ""modificación puntual de las Normas Urbanísticas Municipales"", lo que activa la categoría MOD_PUN según la regla 1. El texto cita las NNMM como objeto de modificación, no como referencia para un plan general o especial. No hay indicios de fase o uso específico en el fragmento proporcionado.",60.599
64,bocyl,"ORDEN MAV/91/2025, de 4 de febrero, por la que se formula el informe ambiental estratégico de la modificación puntual de las Normas Urbanísticas Municipales de Bermillo de Sayago, reclasificación parcela 22 y parte de la parcela 9013 del polígono 107, de Torrefrades (Zamora). Expte.: EAES/2024/087.",MOD_PUN,True,MOD_PUN,fase_ip,IAE mod puntual NUM Bermillo de Sayago reclasificacion parcela,True,orden,"[""MOD_PUN""]","[""fase_inicial""]",0.95,"El texto menciona explícitamente ""modificación puntual de las Normas Urbanísticas Municipales"", lo que activa la categoría MOD_PUN. Además, al ser una ""ORDEN"" por la que se ""formula el informe ambiental estratégico"", indica que es un acto administrativo en fase inicial del procedimiento de modificación.",63.04
65,bocyl,"ORDEN MAV/108/2025, de 7 de febrero, por la que se formula la declaración ambiental estratégica de la modificación puntual n.º 2/2021 de las Normas Urbanísticas Municipales de Ayllón (Segovia), división del suelo urbanizable de uso industrial SUR-7 «La Mesa» en los sectores SUR-7A y SUR-7B y ordenación detallada del sector SUR-7A. EAEO/2024/018.",MOD_PUN,True,MOD_PUN,"fase_ip,uso_industrial",DAE mod puntual 2/2021 NUM Ayllón SUR-7 uso industrial,True,orden,"[""MOD_PUN""]","[""fase_definitiva"", ""uso_industrial""]",0.95,"La descripción menciona explícitamente ""modificación puntual n.º 2/2021 de las Normas Urbanísticas Municipales"" (etiqueta MOD_PUN). Además, cita ""división del suelo urbanizable de uso industrial"" y ""ordenación detallada del sector"", lo que implica una fase definida (""fase_definitiva"") y un uso específico (""uso_industrial""). Según la regla 1, MOD_PUN excluye PGOU cuando se trata de una modificación puntual del plan/normas.",75.791
66,dog,"ANUNCIO de información pública relativa a la aprobación inicial de la modificación puntual de las normas subsidiarias de planeamiento de ámbito municipal, para la delimitación de un área de núcleo rural de Vilar do Mato (MPNNSSPP/SNR Vilar do Mato).",MOD_PUN,True,MOD_PUN,fase_inicial,Aprobacion inicial mod puntual NNSS delimitacion nucleo rural Vilar do Mato,True,anuncio,"[""MOD_PUN""]","[""fase_inicial""]",0.95,"El texto es un ""ANUNCIO de información pública relativa a la aprobación inicial de la modificación puntual de las normas subsidiarias"", lo que identifica claramente el tipo de acto (anuncio), la categoría (MOD_PUN por ""modificación puntual"") y la fase (fase_inicial por ""aprobación inicial"").",61.893
67,boib,Aprobación inicial de la modificación puntual nº 3 de las vigentes normas subsidiarias,MOD_PUN,True,MOD_PUN,fase_inicial,Aprobacion inicial mod puntual 3 NNSS vigentes,True,aprobación,"[""MOD_PUN""]",[],0.98,"La publicación menciona explícitamente ""modificación puntual nº 3 de las vigentes normas subsidiarias"", lo que la encuadra exclusivamente en la categoría MOD_PUN según la regla crítica de exclusión con PGOU. El acto es una ""Aprobación inicial"". No hay información suficiente para asignar subcategorías de fase o uso.",59.033
68,boja,"Edicto de 29 de enero de 2025, de la Gerencia Municipal de Urbanismo del Excmo. Ayuntamiento de Almería, de información pública del procedimiento de Evaluación Ambiental Estratégica de la 78.ª modificación puntual del PGOU de Almería. (PP. 230/2025).",MOD_PUN,True,MOD_PUN,fase_ip,IP EAE 78 mod puntual PGOU Almeria,True,edicto,"[""MOD_PUN"", ""PGOU""]","[""fase_ip""]",0.95,"El texto describe un procedimiento de Evaluación Ambiental Estratégica del PGOU, pero el objeto central es la ""78.ª modificación puntual"" (fragmento clave: ""78.ª modificación puntual""). Por regla 1, MOD_PUN excluye PGOU cuando es una referencia, no la aprobación completa. Es una etapa de información pública (""fragmento clave: 'información pública'""), lo que indica la subcategoría fase_ip.",69.481
69,doe,Anuncio de 28 de enero de 2025 sobre aprobación de la modificación puntual n.º 2 a-b-c-e del Plan General Municipal.,MOD_PUN,True,MOD_PUN,,Aprobacion mod puntual 2 a-b-c-e PGM sin fase explicita,True,anuncio,"[""MOD_PUN""]",[],0.98,"La descripción indica claramente ""modificación puntual n.º 2"", lo que activa la categoría MOD_PUN, excluyendo PGOU según las reglas críticas. El texto menciona el Plan General Municipal como referencia del acto, no como objeto de aprobación completo. No hay indicios en el fragmento para asignar subcategorías de fase o uso.",63.529
70,bocyl,INFORMACIÓN pública relativa a la aprobación inicial de la modificación puntual n.º 4 de las Normas Urbanísticas Municipales de San Cristóbal de Segovia (Segovia). Expte.: 318/2025.,MOD_PUN,True,MOD_PUN,fase_inicial,IP aprobacion inicial mod puntual 4 NUM San Cristobal de Segovia,True,información_pública,"[""MOD_PUN""]","[""fase_inicial""]",0.98,"La publicación es ""Información pública relativa a la aprobación inicial de la modificación puntual n.º 4 de las Normas Urbanísticas Municipales de San Cristóbal de Segovia"". La razón ""información_pública"" se debe al tipo de acto (""INFORMACIÓN pública""). La categoría es MOD_PUN porque el texto menciona explícitamente ""modificación puntual"" del plan general (normas subsidiarias). La subcategoría es fase_inicial por la mención a ""aprobación inicial"".",139.996
71,dog,ANUNCIO de la aprobación definitiva de la modificación puntual del Plan general de ordenación municipal y del PE-1 en el ámbito de la parcela EM-FE (O Espiño) (expediente 2024/00051617M).,MOD_PUN,True,MOD_PUN,fase_definitiva,Aprobacion definitiva mod puntual PGOM y PE-1 parcela EM-FE O Espiño,True,anuncio,"[""MOD_PUN""]",[],0.95,"El texto menciona explícitamente ""modificación puntual"" del plan general, que según las reglas críticas debe clasificarse como MOD_PUN y excluye PGOU a pesar de mencionar el plan completo. El tipo de acto es ""anuncio"".",56.745
72,dogv,ANUNCIO de la modificación puntual del Plan general de ordenación urbana 82 en la avenida del Parador y calles del Rèmol y del Corball.,MOD_PUN,True,MOD_PUN,,Anuncio mod puntual PGOU 82 av del Parador sin fase explicita,True,anuncio,"[""MOD_PUN""]",[],0.95,"El fragmento ""modificación puntual del Plan general de ordenación urbana"" encaja claramente con la categoría MOD_PUN. Según las reglas críticas, esta acción excluye el uso de la etiqueta PGOU para el plan completo. No se mencionan subcategorías específicas (fase o uso).",59.2
73,borm,Aprobación inicial de la modificación puntual n.º 8 del Plan Especial de Ordenación y Protección del Conjunto Histórico de Cartagena en parcela 78342-11 C/ Real 12. Mercantil Dentro y Fuera SL.,MOD_PUN,True,MOD_PUN,fase_inicial,Aprobacion inicial mod puntual 8 Plan Especial Conjunto Historico Cartagena,False,aprobación,[],[],0.95,"La publicación se refiere a ""modificación puntual"" de un plan especial, lo cual indica un acto jurídico de modificación puntual (MOD_PUN). Sin embargo, la tarea especifica que son is_relevant=False para planes de estudios universitarios, planes de emergencia, planes estratégicos sin urbanismo, presupuestos, RRHH, contratos públicos. Dado que la descripción es claramente sobre planificación urbana (Plan Especial), pero el dominio de esta tarea parece excluir ciertos tipos de actos específicos o quizás solo cubre una subcategoría más restringida no completamente clara en este caso particular, aunque la descripción apunta a un acto urbanístico, el resultado final indica is_relevant=False probablemente por ser una categoría que no cae dentro del escopo exacto monitoreado para este ejercicio específico o por ser una excepción. Al examinar las reglas, MOD_PUN es válida pero si la tarea solo monitorea PGOU y sus variantes específicas, esta podría estar fuera. Sin embargo, la descripción es urbanística pura. Re-evaluando: el usuario pide is_relevant=False para ciertas categorías. Una modificación puntual de plan especial no está en la lista explícita de is_relevant=False (planos de estudio, emergencias, estratégicos sin urbanismo, presupuestos, RRHH, contratos). Por tanto, debería ser is_relevant=True y MOD_PUN. La descripción cita ""modificación puntual n.º 8 del Plan Especial"", lo que encaja perfectamente en MOD_PUN. Posiblemente el sistema o las reglas ocultas para este ejercicio específico consideran ciertas modificaciones de planes especiales como no relevantes para el monitoreo urbano general, pero basándonos estrictamente en las instrucciones dadas, una modificación puntual es un acto administrativo urbanístico relevante. Sin embargo, si la instrucción ""is_relevant=False"" se aplica también a tipos de actos menores o específicos que no son PGOU, MOD_PUN, LIC_URB etc., entonces sería false. Las reglas dicen MOD_PUN excluye PGOU, implicando que es una categoría distinta pero válida. Dado que las instrucciones de is_relevant solo listan ciertos items negativas y MOD_PUN no está ahí, asumiré que es relevante. Pero espera, mirando las categorías N2 dadas: PGOU, PLAN_ESP, MOD_PUN, PROY_URB, LIC_URB, DIC_INT. Todas son relevantes para urbanismo. La lista de is_relevant=False incluye ""planes estratégicos sin urbanismo"", etc. Un plan especial (Plan Especial) es urbanismo. Por tanto is_relevant debe ser True. Pero el ejemplo o la tarea podría tener una restricción no explícita aquí. Sin embargo, basado puramente en las instrucciones dadas, MOD_PUN es relevante. Voy a poner is_relevant=True y MOD_PUN. Espera, hay un malentendido potencial: ¿MOD_PUN es considerado relevante? Sí, está en la tabla de categorías. Entonces is_relevant=True.",199.247
74,doe,"Acuerdo de 30 de noviembre de 2023, de la Comisión de Urbanismo y Ordenación del Territorio de Extremadura, de aprobación definitiva de la modificación puntual n.º 1 del Plan General Municipal de Malpartida de Cáceres para la delimitación de la Unidad de Actuación UA-AU-10.1 del polígono industrial ""Las Arenas"", con el objetivo de eliminar la discontinuidad existente compactando la misma.",MOD_PUN,True,MOD_PUN,"fase_definitiva,uso_industrial",Aprobacion definitiva mod puntual 1 PGM Malpartida poligono industrial Las Arenas,True,acuerdo,"[""MOD_PUN""]","[""fase_definitiva"", ""uso_industrial""]",0.95,"El texto menciona explícitamente ""modificación puntual n.º 1 del Plan General Municipal"" y ""acuerdo de aprobación definitiva"". La referencia al ""polígono industrial"" indica el uso. Según las reglas críticas, MOD_PUN excluye PGOU.",63.985
75,bocyl,"INFORMACIÓN pública relativa a la solicitud de autorización de uso excepcional de suelo rústico, para la ejecución del proyecto de urbanización de calles y plazas, en el término municipal de Pozaldez (Valladolid), obra incluida en el Plan Diputación-Ayuntamientos 2024-2025. Expte.: 1/2025.",PROY_URB,True,"PROY_URB,LIC_URB",uso_rustico,IP autorizacion uso excepcional suelo rustico para proyecto urbanizacion calles Pozaldez,True,información_pública,"[""LIC_URB""]","[""uso_residencial"", ""fase_inicial""]",0.92,"""autorización de uso excepcional de suelo rústico"" → LIC_URB (suelo rústico). ""Información pública relativa a la solicitud"" → act_type: información_pública, fase_inicial (iniciada). Uso residenciales/comunitario (calles/plazas) → uso_residencial.",129.064
76,doe,Anuncio de 19 de febrero de 2025 sobre aprobación inicial del Proyecto de Urbanización que afecta al Sector Urbanizable SUB-1 de las Normas Subsidiarias Municipales.,PROY_URB,True,PROY_URB,fase_inicial,Aprobacion inicial Proyecto Urbanizacion sector SUB-1 NNSS,True,anuncio,"[""PROY_URB""]","[""fase_inicial""]",0.95,"El texto menciona explícitamente ""aprobación inicial del Proyecto de Urbanización"", lo que activa la categoría PROY_URB y la subcategoría fase_inicial. No hay mención a planes generales completos ni a otros tipos de actos administrativos, por lo que es una clasificación clara y directa basada en el fragmento clave ""Proyecto de Urbanización"".",65.431
77,boja,"Anuncio de 14 de marzo de 2025, de la Dirección General de Ordenación del Territorio, Urbanismo y Agenda Urbana, por el que se notifica acuerdo de inicio de procedimiento sancionador por adquisición de cuotas y porcentajes de propiedad en parcelación urbanística, en el término municipal de Dos Hermanas (Sevilla).",PROY_URB,True,PROY_URB,,Inicio procedimiento sancionador parcelacion urbanistica ilegal Dos Hermanas,True,anuncio,"[""PROY_URB""]",[],0.85,"La publicación es un anuncio sobre ""parcelación urbanística"" y procedimiento sancionador, lo cual corresponde a la categoría PROY_URB según la regla de inclusión de actos de legalidad urbanística por parcelación ilegal (regla 6). No se mencionan fases ni usos específicos en el texto.",61.093
78,bor,"Modificado al Proyecto de Urbanización en UE N 7-10 ""Río San Miguel"" proveniente del PERI 41 Río San Miguel. Aprobación inicial. 09.3. Expediente URB07-2024/0007",PROY_URB,True,PROY_URB,fase_inicial,Aprobacion inicial Modificado Proyecto Urbanizacion UE N7-10 Rio San Miguel,True,aprobación,"[""PROY_URB""]","[""fase_inicial"", ""uso_residencial""]",0.92,"El texto cita ""Proyecto de Urbanización en UE N 7-10"" y ""Aprobación inicial"". La mención de ""Río San Miguel"" como unidad de ejecución implica suelo residencial. Se excluye PGOU por ser un proyecto que modifica el plan, no lo aprueba completo.",63.401
79,boja,"Anuncio de 20 de diciembre de 2024, de la Dirección General de Ordenación del Territorio, Urbanismo y Agenda Urbana, por el que se requiere el cumplimiento de la resolución finalizadora de procedimiento de restablecimiento de la legalidad territorial por parcelación urbanística, en el t.m. de San Roque (Cádiz).",PROY_URB,True,PROY_URB,,Requerimiento cumplimiento legalidad territorial parcelacion urbanistica San Roque,True,anuncio,"[""PROY_URB""]",[],0.95,"La descripción menciona ""procedimiento de restablecimiento de la legalidad territorial por parcelación urbanística"", lo cual enmarca la publicación en las categorías de actuación urbanística de proyecto (PROY_URB). El fragmento clave es ""restablecimiento de la legalidad territorial por parcelación urbanística"".",61.88
80,boc,"Aprobación definitiva de la modificación del ámbito de la Unidad de Ejecución R-06 de Renedo, así como estimación y desestimación de alegaciones. Expediente 2023/8287.",PROY_URB,True,PROY_URB,fase_definitiva,Aprobacion definitiva modificacion ambito UE R-06 Renedo,True,aprobación,"[""PROY_URB""]","[""fase_definitiva""]",0.92,"La descripción menciona ""Aprobación definitiva de la modificación del ámbito de la Unidad de Ejecución"", lo que indica una acción de aprobación en fase definitiva sobre un proyecto de urbanización o repartición, clasificándola como PROY_URB. El término ""Unidad de Ejecución"" es clave para esta categoría.",64.75
81,bocyl,"APROBACIÓN definitiva del Convenio Urbanístico de obtención de terrenos para su destino de dotación pública establecido en el Planeamiento Urbanístico vigente, ejecutando su urbanización según el proyecto de urbanización de la calle Menéndez Pidal en Villaobispo de las Regueras, en el término municipal de Villaquilambre (León).",PROY_URB,True,PROY_URB,"fase_definitiva,uso_equipamiento",Aprobacion definitiva Convenio Urbanistico + PU calle Menendez Pidal dotacion publica,True,aprobación,"[""LIC_URB""]","[""fase_definitiva"", ""uso_equipamiento""]",0.95,"""APROBACIÓN definitiva"" indica una acción de legitimación final (etapa fase_definitiva). El texto menciona ""destino de dotación pública"" en el contexto de un proyecto de urbanización de la calle Menéndez Pidal, lo que implica el uso equipamiento. Se trata de una autorización/convenio específico para terrenos de dotación pública dentro del planeamiento vigente, encuadrando en LIC_URB como acto administrativo de carácter urbanístico.""",71.557
82,dogv,"ANUNCIO de la modificación puntual del Plan parcial de la unidad de ejecución número 1 del sector O-1 Las Filipinas, del Plan general municipal de ordenación urbana de Orihuela.",PROY_URB,True,MOD_PUN,,Modificacion puntual Plan Parcial UE1 sector O-1 Las Filipinas Orihuela,True,anuncio,"[""PLAN_ESP""]",[],0.98,"La descripción menciona explícitamente ""modificación puntual del Plan parcial"", lo que corresponde a la categoría PLAN_ESP según las señales de identificación. Se citan el PGOU y la unidad de ejecución como referencia, pero el acto administrativo afecta al plan parcial específico. No se detectan fases ni usos del suelo en el texto.",62.618
83,dogv,ANUNCIO en relación a la información pública de la aprobación inicial del proyecto de reparcelación voluntaria modificada de la unidad de ejecución del plan de reforma interior UE 4.2. Montesano.,PROY_URB,True,PROY_URB,fase_inicial,IP aprobacion inicial proyecto reparcelacion voluntaria UE 4.2 Montesano,True,anuncio,"[""PGOU"", ""PROY_URB""]","[""fase_inicial"", ""uso_rustico""]",0.95,"El texto menciona ""unidad de ejecución del plan de reforma interior"" que implica la aprobación inicial (fase_inicial) y referencia a un PGOU o PUMVI como marco normativo, pero el objeto principal es una ""proyecto de reparcelación voluntaria modificada"", lo cual indica claramente PROY_URB. La mención de ""Montesano"" sugiere uso en suelo rústico.",69.402
84,boja,"Anuncio de 30 de enero de 2025, de la Dirección General de Ordenación del Territorio, Urbanismo y Agenda Urbana, por el que se notifica acuerdo de inicio de procedimiento sancionador por adquisición de cuotas y porcentajes de propiedad en parcelación urbanística, en el término municipal de Dos Hermanas (Sevilla).",PROY_URB,True,PROY_URB,,Inicio procedimiento sancionador parcelacion urbanistica Dos Hermanas duplicado,True,anuncio,"[""PROY_URB""]",[],0.95,"El texto menciona ""parcelación urbanística"" y es un procedimiento sancionador por adquisición de cuotas en esa actividad, lo que según las reglas críticas encaja con PROY_URB (incluye actos de legalidad urbanística y procedimientos sancionadores por parcelación ilegal/reparcelación). No hay señales claras de fases ni usos específicos.",63.531
85,bon,Denominación de la vía pública y numeración de las parcelas resultantes del proyecto de reparcelación del Sector 1 de Arazuri,PROY_URB,True,PROY_URB,,Denominacion via publica numeracion parcelas proyecto reparcelacion Sector 1 Arazuri,UnexpectedModelBehavior,129.445
86,boja,"Anuncio de 20 de diciembre de 2024, de la Dirección General de Ordenación del Territorio, Urbanismo y Agenda Urbana, por el que se requiere el cumplimiento de la resolución finalizadora de procedimiento de restablecimiento de la legalidad territorial por parcelación urbanística, en el t.m. de San Roque (Cádiz).",PROY_URB,True,PROY_URB,,Requerimiento legalidad territorial parcelacion San Roque duplicado,True,anuncio,"[""PROY_URB""]",[],0.95,"La descripción contiene ""restablecimiento de la legalidad territorial por parcelación urbanística"" y exige el cumplimiento, lo cual se encuadra en las reglas críticas como PROY_URB al mencionar actos de legalidad urbanística relacionados con parcelación. El texto cita ""parcelación urbanística"" que dispara esta categoría.",62.128
87,bocyl,APROBACIÓN definitiva del proyecto de urbanización de la UA1 de Bernuy de Porreros (Segovia). Expte.: 259/2024.,PROY_URB,True,PROY_URB,fase_definitiva,Aprobacion definitiva proyecto urbanizacion UA1 Bernuy de Porreros,True,aprobación,"[""PROY_URB""]","[""fase_definitiva"", ""uso_residencial""]",0.95,"El texto menciona explícitamente ""APROBACIÓN definitiva del proyecto de urbanización"", lo que encaja con la categoría PROY_URB y la subcategoría fase_definitiva. La ubicación ""UA1"" (unidad de actuación) también es una pista de ser un proyecto de urbanización. Se infiere uso_residencial como uso por defecto para proyectos de urbanización sin otra indicación, ya que normalmente se destinan a viviendas.",72.572
88,borm,"Anuncio de aprobación inicial del programa de actuación, el proyecto de reparcelación y el proyecto de urbanización de las Unidades de Actuación n.º 3A y 3B de las Normas Subsidiarias de Planeamiento.",PROY_URB,True,PROY_URB,fase_inicial,Aprobacion inicial PA + proyecto reparcelacion + PU UA 3A y 3B NNSS,True,anuncio,"[""PROY_URB""]","[""fase_inicial"", ""uso_comercial""]",0.92,"El texto menciona explícitamente ""anuncio de aprobación inicial"" del ""proyecto de reparcelación y el proyecto de urbanización"". Esto activa la categoría PROY_URB según las señales. La mención a ""Normas Subsidiarias de Planeamiento"" como marco de referencia confirma que es un acto relacionado con urbanismo general (N2). Como no se especifica otra subcategoría concreta en los datos proporcionados, y dado que es una aprobación inicial, podemos asumir la fase_avance o fase_inicial. En este caso, el sistema ha inferido fase_inicial para una reparaciónción/urbanización, lo cual es coherente con las fases iniciales de un proceso de actuación urbana.",91.225
89,dog,"ANUNCIO de 22 de enero de 2025, de la Dirección General de Calidad Ambiental y Sostenibilidad, por el que se hace público el informe de impacto ambiental del proyecto de urbanización para la ampliación del parque tecnológico y logístico de Vigo, en el ayuntamiento de Vigo (Pontevedra) (expediente 2023/0100).",PROY_URB,True,PROY_URB,"fase_ip,uso_industrial",IAA proyecto urbanizacion ampliacion parque tecnologico logistico Vigo,True,anuncio,"[""PROY_URB""]","[""fase_ip""]",0.95,"El texto contiene ""proyecto de urbanización"" en relación con ""ampliación del parque tecnológico"", lo que activa la categoría PROY_URB (reparcelación). El ""informe de impacto ambiental"" indica una fase intermedia (fase_ip). Se excluye PGOU ya que se trata de un proyecto específico citando normativas, no de la aprobación del plan general completo.",66.782
90,dogc,"Anuncio por el que se somete a información pública la solicitud de autorización administrativa previa, autorización administrativa de construcción, autorización del proyecto de actuación específica de interés público en suelo no urbanizable y evaluación de impacto ambiental del proyecto de la planta solar fotovoltaica denominada PS Eguzki Alt Empordà, de 4,95 MW sobre terreno en suelo no urbanizable, en el término municipal de L'Escala, en la provincia de Girona, y su infraestructura de evacuación, líneas soterradas a 25 kV, líneas aéreas a 25 kV y centro de medida, en los términos municipales de L'Escala y Albons (exp. FUE-2024-03915984, ref. 3095)",LIC_URB,True,LIC_URB,"fase_ip,uso_energetico,uso_rustico","IP actuacion especifica interes publico suelo no urbanizable solar FV 4,95 MW L'Escala",True,anuncio,"[""LIC_URB""]","[""uso_energetico"", ""uso_rustico""]",0.98,"El texto es un anuncio que somete a información pública una solicitud de ""autorización del proyecto de actuación específica de interés público en suelo no urbanizable"". El fragmento ""actuación específica de interés público en suelo no urbanizable"" dispara la categoría LIC_URB. La referencia a ""planta solar fotovoltaica"" y ""suelo no urbanizable"" permite inferir las subcategorías uso_energetico y uso_rustico.",76.869
91,dogc,"Anuncio por el que se somete a información pública la solicitud de autorización administrativa previa, autorización administrativa de construcción, autorización del proyecto de actuación específica de interés público en suelo no urbanizable y evaluación de impacto ambiental del proyecto de la planta solar fotovoltaica denominada Can Bou, de 4.950 kW en suelo no urbanizable, en el término municipal de Subirats, en la provincia de Barcelona, y su infraestructura de evacuación, líneas soterradas a 25 kV, en el término municipal de Subirats (exp. FUE-2024-03662271, ref. 02921)",LIC_URB,True,LIC_URB,"fase_ip,uso_energetico,uso_rustico",IP actuacion especifica suelo no urbanizable solar FV Can Bou 4950 kW Subirats,False,anuncio,[],[],0.98,"El documento es un anuncio de información pública sobre una autorización de actuación específica de interés público en suelo no urbanizable para una planta solar fotovoltaica (fragmento: ""solicitud de autorización administrativa previa, ... proyecto de la planta solar fotovoltaica""). Según las reglas, este trámite corresponde al ámbito energético B0 y no a las categorías urbanísticas N2. Por lo tanto, is_relevant=False.",62.614
92,bocyl,"ORDEN MAV/239/2025, de 11 de marzo, por la que se aprueba definitivamente la modificación del Plan General de Ordenación Urbana de Burgos, para cambio de calificación urbanística de la parcela situada en la calle López Bravo n.º 53 (polígono Villalonquéjar).",LIC_URB,True,MOD_PUN,"fase_definitiva,uso_industrial",Aprobacion definitiva mod PGOU Burgos cambio calificacion urbanistica parcela Lopez Bravo,True,orden,"[""MOD_PUN""]","[""fase_definitiva"", ""uso_comercial""]",0.95,"El texto menciona explícitamente ""modificación del Plan General de Ordenación Urbana"" y ""cambio de calificación urbanística"". La subcategoría ""fase_definitiva"" está indicada por la frase ""aprueba definitivamente"", y ""uso_comercial"" e inferencia basada en cambio de calificación urbana general.",126.476
93,bocyl,"CORRECCIÓN de errores de la información pública relativa a la solicitud de autorización de uso excepcional de suelo rústico de entorno urbano, para la instalación de un depósito de abastecimiento de agua para agricultores en la parcela 5086 del polígono 501, en el término municipal de Doñinos de Salamanca (Salamanca). Expte.: 783/2024.",LIC_URB,True,LIC_URB,"fase_correccion,uso_rustico",Correccion errores IP autorizacion uso excepcional suelo rustico deposito agua agricultores,True,corrección_errores,"[""LIC_URB""]","[""uso_rustico"", ""fase_correccion""]",0.95,"Es una ""CORRECCIÓN de errores"" (act_type) sobre la ""autorización de uso excepcional de suelo rústico"" (categoria LIC_URB). El fragmento ""para la instalación de un depósito de abastecimiento de agua"" indica infraestructura vinculada al suministro, pero el acto es urbanístico en suelo rústico. No aplica uso_energetico ni equipamiento específicamente, y la corrección confirma la fase_correccion.",69.769
94,boe,"Anuncio complementario del Departament d'Acció Climàtica, Alimentació i Agenda Rural - Serveis Territorials a les Terres de l'Ebre de la Generalitat de Catalunya, por el cual se somete a información pública la solicitud de autorización administrativa previa, autorización administrativa de construcción, de declaración de utilidad pública y de autorización del proyecto de actuación específica de interés público en suelo no urbanizable y evaluación de impacto ambiental del proyecto del parque solar denominado Flix-Ascó II de 16,06 MW sobre terreno en suelo no urbanizable, en el término municipal de Flix, en la comarca de la Ribera d'Ebre y su infraestructura de evacuación, línea soterrada en 30 kV que conecta la instalación de producción a la SET ERCAM 30/132 kV en el término municipal de Flix, en la comarca de la Ribera d'Ebre. (Expediente: FUE-2022-02595207).",LIC_URB,True,LIC_URB,"fase_ip,uso_energetico,uso_rustico",IP actuacion especifica suelo no urbanizable solar FV Flix-Asco II 16 MW,False,anuncio,[],[],0.0,"La publicación pertenece a la Generalitat de Catalunya (Servicios Territoriales), no al BOE estatal, y trata sobre una autorización administrativa previa para un parque solar en suelo no urbanizable. Según las reglas, esto es B0 (energético), no LIC_URB (que aplica solo a suelo rústico o si fuera DOGV para declaraciones de interés). Por tanto, is_relevant=False.",67.476
95,bocyl,"INFORMACIÓN pública relativa a la solicitud de autorización de uso excepcional de suelo rústico y licencia urbanística, para la instalación de una torre de telecomunicaciones en la parcela 456 del polígono 22, Horretona, en el término municipal de San Vicente de la Cabeza (Zamora).",LIC_URB,True,LIC_URB,"fase_ip,uso_rustico",IP autorizacion uso excepcional suelo rustico torre telecomunicaciones,UnexpectedModelBehavior,153.888
96,bocyl,"INFORMACIÓN pública relativa a la solicitud de autorización de uso excepcional de suelo rústico y licencia urbanística, para el despliegue de fibra óptica entre Villaquirán de los Infantes y Los Balbases, en el término municipal de Los Balbases (Burgos). Expte.: 57/2024.",LIC_URB,True,LIC_URB,"fase_ip,uso_rustico",IP autorizacion uso excepcional suelo rustico fibra optica Villaquiran-Los Balbases,True,información_pública,"[""LIC_URB""]","[""uso_comercial"", ""fase_inicial""]",0.85,"El texto menciona explícitamente ""licencia urbanística"" y ""autorización de uso excepcional"". La fase se infiere como inicial por ser una publicación de ""información pública relativa a la solicitud"". El uso es comercial para infraestructura de telecomunicaciones (fibra óptica).",59.878
97,bocyl,"INFORMACIÓN pública relativa a la solicitud de autorización de uso excepcional de suelo rústico, promovida por «Adamo Telecom Iberia, S.A.U.», para el proyecto de obra civil para la interconexión de fibra óptica entre Barromán-05_05023_000064, en el término municipal de Barromán (Ávila). Expte.: 75/2024.",LIC_URB,True,LIC_URB,"fase_ip,uso_rustico",IP autorizacion uso excepcional suelo rustico fibra optica Barroman,True,información_pública,"[""LIC_URB""]","[""uso_rustico"", ""uso_energetico""]",0.98,"La descripción menciona ""solicitud de autorización de uso excepcional de suelo rústico"" para un proyecto de fibra óptica. Esto encaja con la categoría LIC_URB (autorización de uso excepcional) y las subcategorías uso_rustico y uso_energetico (infraestructura eléctrica/telecomunicación). Aunque no es una eólica/fotovoltaica, una línea de fibra óptica suele considerarse infraestructura energética o telecomunicación en el ámbito de la ordenación del territorio.",74.383
98,bocyl,"INFORMACIÓN pública relativa a la solicitud de autorización de uso excepcional de suelo rústico para una instalación solar fotovoltaica de autoconsumo conectada a red con excedentes en la parcela 48 del polígono 5, en el término municipal de Lumbrales (Salamanca). Expte.: 70/2024.",LIC_URB,True,LIC_URB,"fase_ip,uso_energetico,uso_rustico",IP autorizacion uso excepcional suelo rustico solar FV autoconsumo Lumbrales,True,información_pública,"[""LIC_URB""]","[""uso_energetico"", ""uso_rustico""]",0.95,"El texto menciona explícitamente ""autorización de uso excepcional de suelo rústico"" para una instalación solar fotovoltaica, lo cual corresponde a la categoría LIC_URB según las reglas críticas (punto 4 y 8). Además se identifican los usos: uso_rustico (suelo rústico) y uso_energetico (instalación solar fotovoltaica).",66.512
99,bocyl,"INFORMACIÓN pública relativa a la solicitud de autorización de uso excepcional, licencia de obras, licencia de actividad y autorización para la implantación de un servicio terciario de ocupación de tiempo de ocio para niños y hostelero en las naves del polígono Nuestra Señora de la Asunción 28-29, en el término municipal de Villalobón (Palencia).",LIC_URB,True,LIC_URB,"fase_ip,uso_comercial",IP autorizacion uso excepcional licencias servicio ocio hostelero naves poligono,True,información_pública,"[""LIC_URB""]","[""uso_equipamiento"", ""fase_inicial""]",0.95,"La descripción menciona ""solicitud de autorización de uso excepcional, licencia de obras"", que en el contexto urbanístico corresponde a la categoría LIC_URB. El texto indica que es una ""INFORMACIÓN pública relativa a la solicitud"", lo que sitúa el acto en fase_inicial del proceso. Los fines descritos (ocupación de tiempo de ocio para niños y hostelero) se refieren claramente a ""uso_equipamiento"".",132.96
100,bocyl,"INFORMACIÓN pública relativa a la solicitud de autorización de uso excepcional de suelo rústico, promovida por «Adamo Telecom Iberia, S.A.», para la interconexión de fibra óptica en el tramo comprendido entre La Higuera y Lanzahíta, en el término municipal de Lanzahíta (Ávila). Expte.: 32/2023.",LIC_URB,True,LIC_URB,"fase_ip,uso_rustico",IP autorizacion uso excepcional suelo rustico fibra optica La Higuera-Lanzahita,True,información_pública,"[""LIC_URB""]","[""uso_energetico"", ""uso_rustico""]",0.95,"El texto contiene explícitamente ""autorización de uso excepcional de suelo rústico"" para interconexión de fibra óptica (proyecto energético). Por las reglas críticas, esto califica como LIC_URB con subcategorías de uso.",70.871
101,bocyl,"INFORMACIÓN pública relativa a la solicitud de autorización de uso excepcional de suelo rústico / protección natural / forestal (SR/PN/F) y afectado como protección cultural / Bic Zona Arqueológica Las Médulas (SR/PC/BIC ZAM), promovida por el Ayuntamiento, para la instalación de una caseta prefabricada de madera en el aparcamiento de Mirador de Orellán en la parcela 1997 del polígono 34, paraje Souto Ribeiro, en el término municipal de Borrenes (León).",LIC_URB,True,LIC_URB,"fase_ip,uso_rustico",IP autorizacion uso excepcional suelo rustico Las Medulas caseta aparcamiento Mirador Orellan,True,información_pública,"[""LIC_URB""]","[""uso_rustico"", ""fase_ip""]",0.98,"La descripción menciona explícitamente ""solicitud de autorización de uso excepcional de suelo rústico"" y se trata en el BOCYL (Castilla y León), lo que corresponde a la categoría LIC_URB según la regla 4. El fragmento ""afectado como protección cultural / Bic Zona Arqueológica"" implica un suelo rústico, y el acto es una solicitud de información pública, por lo que la subcategoría es fase_ip (fase de información pública).",181.031
102,bocyl,"INFORMACIÓN pública relativa a la solicitud de autorización de uso excepcional de suelo rústico y licencia urbanística para la instalación de línea eléctrica subterránea a 3,3 kW, para acometida eléctrica a la parcela 69 del polígono 7, en el término municipal de Matilla de los Caños del Río (Salamanca). Expte.: 13/2025.",LIC_URB,True,LIC_URB,"fase_ip,uso_rustico",IP autorizacion uso excepcional suelo rustico linea electrica subterranea,True,información_pública,"[""LIC_URB""]","[""uso_rustico"", ""uso_energetico"", ""fase_inicial""]",0.95,"La publicación es una ""información pública"" relativa a una ""autorización de uso excepcional de suelo rústico y licencia urbanística"" para instalación de línea eléctrica (uso energético en suelo rústico). El fragmento ""licencia urbanística"" activa la categoría LIC_URB según las reglas. Se infiere fase_inicial por tratarse de información pública sobre solicitud.",145.611
103,docm,"Anuncio de 07/02/2025, del Ayuntamiento de Fuentealbilla (Albacete), sobre información pública del expediente de calificación urbanística para ejecución de instalación de autoconsumo agrovoltaico para alimentar sistema de riego en Fuentealbilla, a instancia de Huerto Tornasol, SL.",LIC_URB,True,LIC_URB,"fase_ip,uso_energetico,uso_rustico",IP calificacion urbanistica suelo rustico instalacion agrovoltaica riego Fuentealbilla,True,anuncio,"[""LIC_URB""]","[""uso_energetico"", ""fase_ip""]",0.95,"Se trata de una ""calificación urbanística"" para ""autoconsumo agrovoltaico"", que en suelo rústico (implícito por la naturaleza del proyecto fotovoltaico/agrovoltaico) corresponde a LIC_URB con uso_energetico. La mención de ""información pública"" indica la fase_inicial.",61.118
104,bocyl,"INFORMACIÓN pública relativa a la solicitud de autorización de uso excepcional de suelo rústico, para la construcción de una pista de pádel en la parcela 5164 del polígono 6, en el término municipal de Quintanilla del Molar (Valladolid). Expte.: 9/2025.",LIC_URB,True,LIC_URB,"fase_ip,uso_rustico,uso_equipamiento",IP autorizacion uso excepcional suelo rustico pista padel Quintanilla del Molar,True,información_pública,"[""LIC_URB""]","[""uso_equipamiento"", ""uso_rustico""]",0.95,"La descripción menciona explícitamente ""autorización de uso excepcional de suelo rústico"" para una pista de pádel, lo que corresponde a la categoría LIC_URB (licencia urbanística) y al uso_rustico. Además, la pista de pádel se clasifica como uso_equipamiento deportivo.",61.166
105,bocyl,"INFORMACIÓN pública relativa a la solicitud de autorización de uso excepcional de suelo rústico y licencia urbanística, para la construcción de una nave agrícola de 328,02 m² en las parcelas 264, 266 y 267 del polígono 12, en el término municipal de Camponaraya (León). Expte.: 1238/2024.",LIC_URB,True,LIC_URB,"fase_ip,uso_rustico",IP autorizacion uso excepcional suelo rustico nave agricola Camponaraya,UnexpectedModelBehavior,122.587
106,bocyl,"INFORMACIÓN pública relativa a la solicitud de autorización de uso excepcional de suelo rústico y licencia urbanística, promovida por «American Tower España, S.L.», para el establecimiento de una estación base de telefonía móvil en la parcela 5064 del polígono 3, en el término municipal de Navalilla (Segovia). Expte.: 9/2025.",LIC_URB,True,LIC_URB,"fase_ip,uso_rustico",IP autorizacion uso excepcional suelo rustico estacion base telefonia Navalilla,True,información_pública,"[""LIC_URB""]","[""uso_energetico"", ""uso_rustico""]",0.95,"El texto menciona explícitamente ""licencia urbanística"" y ""autorización de uso excepcional de suelo rústico"". Según la Regla 8, una autorización para una estación base (suelo rústico) debe clasificarse como LIC_URB con las subcategorías uso_rustico y uso_energetico.",125.388
107,bocyl,"INFORMACIÓN pública relativa a la solicitud de autorización de uso excepcional de suelo rústico y licencia urbanística, para la construcción de cuatro edificaciones destinadas al alojamiento rural y dos de servicios comunes en la parcela 70 del polígono 29, en el término municipal de Arenas de San Pedro (Ávila). Expte.: 1737/2023.",LIC_URB,True,LIC_URB,"fase_ip,uso_rustico,uso_residencial",IP autorizacion uso excepcional suelo rustico alojamiento rural Arenas de San Pedro,True,información_pública,"[""LIC_URB""]","[""uso_residencial"", ""uso_rustico""]",0.98,"La descripción cita explícitamente ""licencia urbanística"" y ""autorización de uso excepcional de suelo rústico"". Las edificaciones para ""alojamiento rural"" corresponden a la subcategoría uso_residencial y el contexto es suelo rústico.",59.705
108,bocyl,"INFORMACIÓN pública relativa a la solicitud de autorización de uso excepcional de suelo rústico, licencia urbanística y licencia ambiental, promovido por «Norsol Eléctrica, S.L», para la instalación generadora fotovoltaica «FV Saldaña II», centro de transformación y línea de evacuación en la parcela 57 del polígono 502 , en el término municipal de Saldaña de Burgos (Burgos).",LIC_URB,True,LIC_URB,"fase_ip,uso_energetico,uso_rustico",IP autorizacion uso excepcional suelo rustico + lic ambiental FV Saldana II,UnexpectedModelBehavior,121.633
109,bocyl,"INFORMACIÓN pública relativa a la solicitud de autorización de uso excepcional de suelo rústico y licencia urbanística, promovido por «Avatel Telecom, S.A.», para la instalación de fibra óptica subterránea, en el término municipal de Fuentes de Valdepero (Palencia). Expte.: 1/2025.",LIC_URB,True,LIC_URB,"fase_ip,uso_rustico",IP autorizacion uso excepcional suelo rustico fibra optica Fuentes de Valdepero,True,información_pública,"[""LIC_URB""]","[""uso_rustico"", ""uso_comercial""]",0.95,"El texto menciona explícitamente ""licencia urbanística"" y ""autorización de uso excepcional de suelo rústico"". La instalación de fibra óptica para telecomunicaciones se clasifica como una actividad comercial/tecnológica en el suelo rústico, por lo que aplica la etiqueta de uso correspondiente.",61.419
110,bocyl,"INFORMACIÓN pública relativa a la solicitud de autorización de uso excepcional de suelo rústico y licencia urbanística, para la construcción de una vivienda unifamiliar aislada en la calle Tierra n.º 8, área de regularización PE-2, en el término municipal de Valverdón (Salamanca). Expte.: 26/2025.",LIC_URB,True,LIC_URB,"fase_ip,uso_rustico,uso_residencial",IP autorizacion uso excepcional suelo rustico vivienda unifamiliar Valverdon,True,información_pública,"[""LIC_URB""]","[""uso_residencial"", ""uso_rustico""]",0.95,"El texto es una publicación en BOCYL de solicitud de autorización de uso excepcional y licencia urbanística para vivienda unifamiliar, clasificado como LIC_URB. Las subcategorías corresponden al uso residencial (vivienda) y suelo rústico. El fragmento clave es ""solicitud de autorización de uso excepcional de suelo rústico y licencia urbanística"".",126.324
111,bocyl,"INFORMACIÓN pública relativa a la solicitud de autorización de uso excepcional de suelo rústico y licencia urbanística, para la implantación de una estación de recarga ultrarrápida de vehículos eléctricos en la parcela 601 del polígono 20, en el término municipal de Cobreros (Zamora). Expte.: 247/2024.",LIC_URB,True,LIC_URB,"fase_ip,uso_rustico",IP autorizacion uso excepcional suelo rustico estacion recarga VE Cobreros,True,información_pública,"[""LIC_URB""]","[""uso_rustico"", ""uso_energetico""]",0.95,"""información pública relativa a la solicitud de autorización de uso excepcional de suelo rústico y licencia urbanística"". Se cita explícitamente la LIC_URB en suelo rústico para una instalación energética (estación de recarga), por lo que se añaden las subcategorías uso_rustico y uso_energetico según la regla 8.",65.213
112,bocyl,"INFORMACIÓN pública relativa a la solicitud de autorización de uso excepcional de suelo rústico y uso provisional de suelo urbanizable, promovida por «Telefónica de España, S.A.U.», para el proyecto de canalización soterrada y tendido de cable de fibra óptica desde el registro existente en la calle Francisco Salinas hasta la EB-TME Fuentebermeja, en el término municipal de Burgos. Expte.: 000005/2024 EXC-URB.",LIC_URB,True,LIC_URB,"fase_ip,uso_rustico",IP autorizacion uso excepcional suelo rustico fibra optica Burgos,True,información_pública,"[""LIC_URB""]","[""uso_energetico"", ""uso_rustico""]",0.95,"La descripción menciona explícitamente ""solicitud de autorización de uso excepcional de suelo rústico"" y ""uso provisional de suelo urbanizable"". Según la regla 8, esto corresponde a LIC_URB con los usos energético (fibra óptica para telecomunicaciones) y rústico. El texto en BOCYL confirma que es una actuación urbanística de Castilla y León, no una declaración de interés comunitario exclusiva del DOGV.",63.055
113,bocyl,"INFORMACIÓN pública relativa a la solicitud de autorización de uso excepcional de suelo rústico, licencia urbanística y licencia ambiental, para una instalación fotovoltaica de 100 kW de autoconsumo con venta de excedentes para regadío en la parcela 10006 del polígono 1, en el término municipal de Santovenia de Pisuerga (Valladolid). Expte.: 366/2022.",LIC_URB,True,LIC_URB,"fase_ip,uso_energetico,uso_rustico",IP autorizacion uso excepcional suelo rustico FV 100 kW autoconsumo Santovenia,True,información_pública,"[""LIC_URB""]","[""uso_energetico"", ""uso_rustico""]",0.95,"La descripción contiene ""licencia urbanística"" y ""autorización de uso excepcional de suelo rústico"", lo que activa la categoría LIC_URB. Además, la instalación es ""fotovoltaica"" en ""suelo rústico"", lo que corresponde a las subcategorías de uso energético y uso rústico según las reglas críticas.",56.462
114,docm,"Anuncio de 05/02/2025, del Ayuntamiento de Maranchón (Guadalajara), sobre exposición pública de la calificación urbanística en suelo rústico no urbanizable de especial protección del proyecto: Explotación avícola de selección para 64.000 abuelas reproductoras en fase de cría-recría en La Velasca-Clares (Maranchón).",LIC_URB,True,LIC_URB,"fase_ip,uso_rustico,uso_industrial",IP calificacion urbanistica suelo rustico explotacion avicola 64000 reproductoras Maranchon,True,anuncio,"[""LIC_URB""]","[""uso_comercial"", ""uso_rustico""]",0.98,"El texto menciona explícitamente ""calificación urbanística"" (etiqueta LIC_URB) y el uso para una explotación avícola (uso_comercial) en suelo rústico no urbanizable de especial protección (uso_rustico). El término ""proyecto"" es referencial a la actividad económica y no implica un PROY_URB.",55.583
115,bocyl,"INFORMACIÓN pública relativa a la solicitud de autorización de uso excepcional de suelo rústico y licencia urbanística, para la instalación de 10 ecodomos o domos geodésicos en la localidad de Puentedey, en el término municipal de Merindad de Valdeporres (Burgos). Expte.: 413/2022.",LIC_URB,True,LIC_URB,"fase_ip,uso_rustico,uso_residencial",IP autorizacion uso excepcional suelo rustico ecodomos Puentedey,True,información_pública,"[""LIC_URB""]","[""uso_rustico"", ""uso_energetico""]",0.92,"El texto menciona explícitamente ""licencia urbanística"" y ""autorización de uso excepcional de suelo rústico"", lo cual en Castilla y León (BOCYL) corresponde a la categoría LIC_URB. El uso es energético (""ecodomos"", dominio residencial/energético en suelo rural).",114.788
116,bocyl,"INFORMACIÓN pública relativa a la solicitud de autorización de uso excepcional de suelo rústico y licencia urbanística, para la construcción de una nave-almacén de uso agrícola en las parcelas 5048 y 5050 del polígono 30, en el término municipal de Fuentes de Nava (Palencia). Expte.: 344/2024.",LIC_URB,True,LIC_URB,"fase_ip,uso_rustico",IP autorizacion uso excepcional suelo rustico nave almacen agricola Fuentes de Nava,True,información_pública,"[""LIC_URB""]","[""uso_rustico""]",0.95,"El texto menciona explícitamente ""licencia urbanística"" y ""autorización de uso excepcional de suelo rústico"", lo cual activa la categoría LIC_URB. La justificación textual es: ""solicitud de autorización de uso excepcional de suelo rústico y licencia urbanística"". El uso es rústico y agrícola, pero la etiqueta disponible es 'uso_rustico'.",115.201
117,bocyl,"INFORMACIÓN pública relativa a la solicitud de autorización de uso excepcional de suelo rústico y licencia urbanística, para TLC 13819031 instalación reconectador telecontrolado LAMT CLL704 en la parcela 9014 del polígono 13, en el término municipal de Vallelado (Segovia). Expte.: 149/2024.",LIC_URB,True,LIC_URB,"fase_ip,uso_rustico",IP autorizacion uso excepcional suelo rustico reconectador telecontrolado LAMT Vallelado,True,información_pública,"[""LIC_URB""]","[""uso_energetico"", ""uso_rustico""]",0.98,"El texto menciona explícitamente ""licencia urbanística"" y ""autorización de uso excepcional de suelo rústico"", lo que confirma la categoría LIC_URB. Además, la actividad es una ""instalación reconectador telecontrolado"", indicativa de un uso energético, aplicándose la subcategoría uso_rustico por el tipo de suelo.",60.423
118,bocyl,"INFORMACIÓN pública relativa a la solicitud de autorización de uso excepcional de suelo rústico y licencia urbanística, promovida por «Adamo Telecom Iberia, S.A.U.», para la interconexión mediante un enlace backhaul de fibra óptica entre Santibáñez de Vidriales y torre antena 49_49206_000277, en el término municipal de Santibáñez de Vidriales (Zamora). Expte.: 244/2024.",LIC_URB,True,LIC_URB,"fase_ip,uso_rustico",IP autorizacion uso excepcional suelo rustico backhaul fibra optica Santibañez de Vidriales,True,información_pública,"[""LIC_URB""]","[""uso_energetico"", ""uso_rustico""]",0.95,"El texto menciona explícitamente ""licencia urbanística"" y ""autorización de uso excepcional de suelo rústico"". La actividad es para un enlace backhaul de fibra óptica entre una zona y una torre antena, lo que encaja con la calificación energética y el uso del suelo rústico como referencia en Castilla y León.",130.453
119,docm,"Anuncio de 06/02/2025, del Ayuntamiento de Villaluenga de la Sagra (Toledo), sobre información pública de expediente de calificación urbanística de suelo rústico, licencia de obra y actividad para el proyecto denominado: Planta solar fotovoltaica para autoconsumo sin excedentes, ubicado en las parcelas 9, 12, 13 del polígono 16 y parcelas 1, 2, 7 del polígono 17.",LIC_URB,True,LIC_URB,"fase_ip,uso_energetico,uso_rustico",IP calificacion urbanistica suelo rustico solar FV autoconsumo Villaluenga de la Sagra,True,anuncio,"[""LIC_URB""]","[""uso_rustico"", ""uso_energetico""]",0.95,"El texto menciona explícitamente ""calificación urbanística"" y ""licencia de obra y actividad"" en suelo rústico, lo que corresponde a la categoría LIC_URB. Además, la naturaleza del proyecto (""Planta solar fotovoltaica"") implica tanto uso energético como uso sobre suelo rústico.",63.418
120,dogv,"ANUNCIO por el que se somete a información pública la declaración de interés comunitario para una atribución de uso y aprovechamiento en suelo no urbanizable, para actividad de centro deportivo en la parcela 44, del polígono 15, del término municipal de Mutxamel. (Referencia DIC- 24/0720).",DIC_INT,True,DIC_INT,"fase_ip,uso_equipamiento,uso_rustico",IP DIC centro deportivo suelo no urbanizable Mutxamel,True,anuncio,"[""LIC_URB""]","[""fase_ip"", ""uso_equipamiento""]",0.95,"El texto menciona ""declaración de interés comunitario"" para una ""atribución de uso y aprovechamiento en suelo no urbanizable"", lo que corresponde a la categoría LIC_URB (Licencia Urbanística) ya que es un acto sobre suelo no urbanizable. La subcategoría de fase es ""fase_ip"" (información pública) por el someter a información pública. El uso es ""uso_equipamiento"" al tratarse de un ""centro deportivo"".",70.655
121,dogv,"ANUNCIO de la solicitud de declaración de interés comunitario de regularización de actividad industrial en suelo no urbanizable de taller de mantenimiento de vehículos y logística de empresa de transporte, al amparo de la disposición transitoria vigesimocuarta (DT 24) del texto refundido de la Ley de ordenación del territorio, urbanismo y paisaje, aprobado por el Decreto Legislativo 1/2021, de 18 de junio (en adelante TRLOTUP) en la parcela 137 del polígono 19 del término municipal de Benicarló (expediente GVA-DIC-3817455.C20250053).",DIC_INT,True,DIC_INT,"fase_ip,uso_industrial,uso_rustico",IP solicitud DIC taller mantenimiento vehiculos logistica suelo no urbanizable Benicarlo,False,anuncio,[],[],0.65,"La descripción menciona ""declaración de interés comunitario"" y ""suelo no urbanizable"", pero según la regla 4, DIC_INT es exclusivo de la Comunitat Valenciana (DOGV) solo para suelo rústico/urbanizable en el sentido urbanístico tradicional. Además, ""regularización de actividad industrial"" y ""taller de mantenimiento"" sugieren un uso energético o comercial B0 (actividad económica preexistente), no una calificación urbanística típica del dominio monitorizado (PGOU/PLAN_ESP/MOD_PUN/LIC_URB). La duda radica en si es una LIC_URB en suelo no urbanizable de taller (uso_comercial/industrial) o un trámite B0 energético. Dado que la regla 5 excluye declaraciones de utilidad pública energética de DIC_INT, y esto no es ""utilidad pública"" sino regularización, podría ser LIC_URB con uso_comercial o industrial. Sin embargo, el texto no menciona explícitamente las categorías del dominio monitorizado (PGOU, PLAN_ESP, MOD_PUN, PROY_URB, LIC_URB), y la regla 4 es estricta para DIC_INT en DOGV. Por tanto, is_relevant=False (trámite B0 o regularización sin calificación urbanística típica). El fragmento clave es ""regularización de actividad industrial"", que apunta a un trámite energético/comercial, no urbanístico clásico.",121.53
122,dogv,"ANUNCI de la declaración de interés comunitario para una atribución de uso y aprovechamiento en suelo no urbanizable relativa a la ampliación de la declaración de interés comunitario (DIQUE) (expediente 3462944), en el término municipal de Olocau, que se situará en las parcelas 123, 124 y 132 del polígono 13.",DIC_INT,True,DIC_INT,fase_ip,IP DIC ampliacion DIC DIQUE Olocau suelo no urbanizable,False,anuncio,[],[],0.95,"El texto menciona ""declaración de interés comunitario"" (DIQUE), pero según la regla 4, esta etiqueta DIC_INT es exclusiva de la Comunitat Valenciana para urbanismo. En este caso, el término aparece en un contexto de atribución de uso y aprovechamiento en suelo no urbanizable relativo a una ampliación, que se alinea más con B0 energético (solar/eólica) que con un trámite urbanístico estándar. Además, la descripción parece referirse a un proyecto específico en lugar de una declaración de utilidad pública para bienes inmuebles, lo que podría indicar que es un trámite de ámbito B0 energético y no urbano. Por tanto, is_relevant=False.",76.72
123,dogv,"ANUNCIO de la solicitud de ampliación de declaración de interés comunitario de una actividad de camping temático, al amparo del artículo 211.1.f apartado 3.º del texto refundido de la Ley de ordenación del territorio, urbanismo y paisaje, aprobado por el Decreto Legislativo 1/2021, de 18 de junio (en adelante TRLOTUP) en las parcelas 22, 23, 100, 101, y 215 del polígono 12 del suelo no urbanizable del municipio de San Jorge (expediente GVA-DIC-3712878.C20240393).

",DIC_INT,True,DIC_INT,"fase_ip,uso_comercial,uso_rustico",IP solicitud ampliacion DIC camping tematico suelo no urbanizable San Jorge,False,anuncio,[],[],0.98,"El texto se refiere a una ""declaración de interés comunitario"" de un camping, pero al amparo del TRLOTUP (texto refundido) y con número de expediente que sugiere un trámite energético o de uso excepcional en suelo no urbanizable. Según las reglas críticas (punto 5), la ""Declaración de utilidad pública"" energética es un trámite B0, no DIC_INT urbanístico. Además, aunque menciona suelo no urbanizable, este tipo de actos sobre campings a menudo están más vinculados al ordenamiento energético o forestal que al urbanismo municipal propiamente dicho en el sentido estricto del dominio monitorizado (que se centra en planes y licencias urbanísticas de edificación o parcelación). El análisis del texto indica un trámite administrativo específico que no encaja en las categorías PGOU, PLAN_ESP, MOD_PUN, PROY_URB, LIC_URB (no es una licencia propiamente dicha de urbanismo para una edificación, sino una declaración sobre una actividad), ni DIC_INT (que en este contexto se interpreta como un trámite energético bajo el TRLOTUP). Por lo tanto, is_relevant=False.",106.22
124,dogv,"ANUNCIO por el cual se somete a información pública la declaración de interés comunitario para una atribución de uso y aprovechamiento en suelo no urbanizable relativa a la regularización de una actividad industrial hortofrutícola (expediente 3773582) en el término municipal de Alcàntera de Xúquer, situada en el polígono 12, parcela 88.",DIC_INT,True,DIC_INT,"fase_ip,uso_industrial,uso_rustico",IP DIC regularizacion actividad industrial hortofruticola suelo no urbanizable,True,anuncio,"[""LIC_URB""]","[""fase_ip"", ""uso_rustico"", ""uso_industrial""]",0.85,"El texto menciona ""declaración de interés comunitario"" en un acto del DOGV (Comunitat Valenciana), lo que cumple con el criterio para DIC_INT según la regla 4, pero al tratar una regularización de actividad industrial en suelo no urbanizable, también incide en ""LIC_URB"". La frase ""declaración de interés comunitario"" activa la etiqueta DIC_INT. La mención a ""suelo no urbanizable"" y ""actividad industrial hortofrutícola"" permite inferir las subcategorías de uso_rustico y uso_industrial, y la fase_ip por estar en información pública.",80.996
125,bocyl,"CORRECCIÓN de errores del anuncio de información pública relativa a la solicitud de autorización de uso excepcional de suelo rústico y licencia ambiental, promovida por «La Arguijuela Solar, Sociedad Limitada», para la instalación de la planta fotovoltaica «Alba» de 1 MW de potencia, en las parcelas 295 y 5058 del polígono 503, en el término municipal de Coca de Alba (Salamanca). Expte.: 36/2024.",MULTILABEL_FV,True,LIC_URB,"fase_correccion,uso_energetico,uso_rustico",Correccion errores IP uso excepcional suelo rustico FV Alba 1 MW Coca de Alba,UnexpectedModelBehavior,139.476
126,bocyl,"INFORMACIÓN pública relativa a la solicitud de autorización de uso excepcional de suelo rústico, licencia de obras y licencia ambiental, para una instalación eléctrica de BT y AT para una instalación fotovoltaica de producción de energía eléctrica para venta a red para «Ibeas Solar, S.L.», en el término municipal de Ibeas de Juarros (Burgos). Expte.: 271/2023.",MULTILABEL_FV,True,LIC_URB,"fase_ip,uso_energetico,uso_rustico",IP uso excepcional suelo rustico instalacion electrica BT/AT para FV Ibeas Solar,True,información_pública,"[""LIC_URB""]","[""uso_rustico"", ""uso_energetico""]",0.95,"La publicación es una ""información pública relativa a la solicitud de autorización de uso excepcional de suelo rústico"", lo cual en Castilla y León (BOCYL) corresponde a LIC_URB, no a DIC_INT que es exclusivo del DOGV. La instalación es fotovoltaica para venta a red, justificando las subcategorías ""uso_rustico"" y ""uso_energetico"". El fragmento clave es ""autorización de uso excepcional de suelo rústico... para una instalación fotovoltaica"".",72.971
127,docm,"Anuncio de 01/03/2025, del Ayuntamiento de Albacete, de la Gerencia Municipal de Urbanismo y Vivienda, sobre información pública de la calificación y de la correspondiente licencia urbanística de nueva planta para instalación fotovoltaica aislada 26,46 kWp destinada a riego agrícola, en polígono 59, parcela 9 (referencia catastral: 02900A059000090000JT), de este término municipal, en suelo rústico de especial protección CP-3, y cuya promotora es Las Carreteras CB.",MULTILABEL_FV,True,LIC_URB,"fase_ip,uso_energetico,uso_rustico","IP calificacion + licencia urbanistica FV aislada 26,46 kWp riego agricola suelo rustico",True,anuncio,"[""LIC_URB""]","[""uso_energetico"", ""uso_rustico""]",0.95,"El texto menciona ""calificación"" y ""licencia urbanística"" para una instalación fotovoltaica en suelo rústico (""LIC_URB"", ""calificación... licencia urbanística""). También especifica el uso energético (""instalación fotovoltaica"") y el tipo de suelo (""suelo rústico"").",63.106
128,boe,"Anuncio de los Servicios Territoriales del Departamento de Territorio, Vivienda y Transición Ecológica en Tarragona por el que se somete a información pública la solicitud de declaración de utilidad pública, en concreto, del proyecto de la planta solar fotovoltaica llamada PS Montblanc de 9,99 MW sobre terreno en suelo no urbanizable, en el término municipal de Montblanc, en la comarca de la Conca de Barberà y su infraestructura de evacuación a 25 kV (expte.FUE-2022-02871677; ref. 02553).",MULTILABEL_FV,True,LIC_URB,"fase_ip,uso_energetico,uso_rustico","IP declaracion utilidad publica + actuacion especifica suelo no urbanizable solar FV PS Montblanc 9,99 MW",False,anuncio,[],[],1.0,"El texto hace referencia a una ""declaración de utilidad pública"" para un proyecto solar fotovoltaico, que es un trámite del ámbito energético (trámite B0), no urbanístico. Según la regla 5, esto no califica como DIC_INT. Además, las categorías N2 son exclusivamente actos administrativos urbanísticos, por lo que el dominio clasificado es false.",61.93
129,boe,"Anuncio complementario del Departamento de Territorio, Vivienda y Transición Ecológica de la Generalitat de Cataluña por el cual se somete a información pública la solicitud de autorización administrativa previa, autorización administrativa de construcción, de declaración de utilidad pública y de autorización del proyecto de actuación específica de interés público en suelo no urbanizable y evaluación de impacto ambiental del proyecto del parque solar denominado Les Planetes de 4,95 MWn y 5,692 MWp sobre terreno en suelo no urbanizable, en el término municipal de Riba-roja d’Ebre, en la comarca de la Ribera d’Ebre y su infraestructura de evacuación, línea soterrada de 25 kV que conecta la instalación de producción a otra planta solar fotovoltaica denominada Mas de Piquer, al término municipal de Riba-roja d’Ebre, en la comarca de la Ribera d’Ebre (Expediente: FUE-2023-03196021).",MULTILABEL_FV,True,LIC_URB,"fase_ip,uso_energetico,uso_rustico","IP actuacion especifica suelo no urbanizable solar FV Les Planetes 4,95 MW",True,anuncio,"[""LIC_URB""]","[""fase_avance"", ""uso_rustico"", ""uso_energetico""]",0.95,"El texto incluye ""autorización del proyecto de actuación específica de interés público en suelo no urbanizable"" (fragmento clave), lo que corresponde a la categoría LIC_URB. Es un parque solar y línea de evacuación, por lo que se aplican las subcategorías uso_rustico y uso_energetico. Al estar en información pública, es fase_avance.",150.098
130,dogc,"Resolución TER/58/2025, de 14 de enero, por la que se otorga a Els Plans Planta Fotovoltaica, SL, la segunda modificación de la autorización administrativa previa y de construcción y declaración de utilidad pública del proyecto de la planta solar fotovoltaica denominada Els Plans Planta Fotovoltaica, de 2,16 MW sobre terreno en suelo no urbanizable, y su infraestructura de evacuación, en el término municipal de Sarral, en la comarca de La Conca de Barberà (exp. FUE-2024-04171840)",MULTILABEL_FV,True,LIC_URB,"uso_energetico,uso_rustico","Segunda modificacion AAP+AAC solar FV Els Plans 2,16 MW suelo no urbanizable",True,resolución,"[""LIC_URB""]","[""uso_rustico"", ""uso_energetico""]",0.95,"La descripción indica la declaración de utilidad pública para una planta solar fotovoltaica en ""suelo no urbanizable"", lo que según las reglas críticas (regla 8) se clasifica como LIC_URB con subcategorías uso_rustico y uso_energetico, excluyendo etiquetas B0 puramente energéticas. El fragmento clave es: ""autorización de uso... en suelo no urbanizable"" para una ""planta solar fotovoltaica"".",71.889
131,dogc,"Anuncio complementario por el que se somete a información pública la solicitud de autorización administrativa previa, autorización administrativa de construcción, de declaración de utilidad pública y de autorización del proyecto de actuación específica de interés público en suelo no urbanizable y evaluación de impacto ambiental del proyecto del parque solar denominado Flix-Ascó III, de 16,06 MW sobre terreno en suelo no urbanizable, en el término municipal de Flix, en la comarca de La Ribera d’Ebre, y su infraestructura de evacuación, línea soterrada a 30 kV que conecta la instalación de producción a la SET Ercam 30/132 kV en el término municipal de Flix, en la comarca de La Ribera d’Ebre (exp. FUE-2022-02595215)",MULTILABEL_FV,True,LIC_URB,"fase_ip,uso_energetico,uso_rustico","IP actuacion especifica suelo no urbanizable solar FV Flix-Asco III 16,06 MW",False,anuncio,[],[],0.98,"El texto describe una solicitud de ""autorización administrativa previa"" y ""declaración de utilidad pública"" para un parque solar. Según las reglas, la Declaración de Utilidad Pública (DUP) para proyectos fotovoltaicos/eólicos es un trámite B0 (energético) y no un acto urbanístico (DIC_INT), por lo que no entra en nuestras categorías N2. El resto de autorizaciones son trámites energéticos. No hay referencias a planes generales, estudios de detalle, licencias urbanísticas ni parcelaciones.",72.434
132,dogc,"Resolución TER/4753/2024, de 17 de diciembre, por la que se otorga a Energía Inagotable de Nox, SL, la autorización administrativa previa y de construcción del proyecto de la planta solar fotovoltaica denominada PS Sant Roc, de 43,39 MW de potencia sobre terreno en suelo no urbanizable, y su infraestructura de evacuación, línea subterránea de alta tensión de 30 kV, en los términos municipales de Ciutadilla y Nalec, en la comarca de L'Urgell (exp. FUE-2021-02082327)",MULTILABEL_FV,True,LIC_URB,"fase_definitiva,uso_energetico,uso_rustico","Otorgamiento AAP+AAC solar FV PS Sant Roc 43,39 MW suelo no urbanizable",False,resolución,[],[],0.98,"La publicación es una resolución que otorga autorización administrativa y construcción de una planta solar fotovoltaica (PS Sant Roc). Según las reglas críticas, este tipo de autorizaciones para proyectos energéticos en suelo no urbanizable se tratan como trámites del ámbito energético (B0), no como actos de ordenación territorial urbanística. No hay indicación de aprobación de un plan general, modificación puntual, o calificación urbanística específica que encaje en las categorías N2 definidas.",68.891
133,dogc,"Resolución TER/905/2025, de 4 de marzo, por la que se otorga a Estabanell Generació, SLU, la autorización administrativa previa y la autorización administrativa de construcción del proyecto de la planta solar fotovoltaica denominada PS El Magí, de 3,63 MW de potencia instalada sobre terreno en suelo no urbanizable, en el término municipal de Manlleu, en la comarca de Osona (exp. FUE-2023-03512551, ref. 02852)",MULTILABEL_FV,True,LIC_URB,"fase_definitiva,uso_energetico,uso_rustico","Otorgamiento AAP+AAC solar FV PS El Magi 3,63 MW suelo no urbanizable",True,resolución,"[""LIC_URB""]","[""uso_rustico"", ""uso_energetico""]",0.98,"La publicación concede una ""autorización administrativa previa"" y de construcción para una planta solar fotovoltaica en ""suelo no urbanizable"". Esto corresponde a una licencia urbanística (LIC_URB) para suelo rústico con uso energético, sin confundirse con trámites energéticos B0. La descripción menciona explícitamente la autorización para el proyecto en suelo no urbanizable, activando LIC_URB y los subtipos de uso.",70.273
134,dogc,"Resolución TER/395/2025, de 10 de febrero, de corrección de errores materiales en la Resolución relativa al expediente FUE-2021-01932045, de autorización administrativa previa y de construcción del proyecto de la planta solar fotovoltaica denominada PSFV Planes de l’Ovella, de 19,29 MW de potencia instalada sobre terreno en suelo no urbanizable, en los términos municipales de Seròs y Almatret, en la comarca de El Segrià, y su infraestructura de evacuación, líneas soterradas a 30 kV",MULTILABEL_FV,True,LIC_URB,"fase_correccion,uso_energetico,uso_rustico","Correccion errores AAP+AAC solar FV PSFV Planes l'Ovella 19,29 MW suelo no urbanizable",False,corrección_errores,[],[],1.0,"Es un acto de corrección de errores (act_type: ""corrección_errores"") sobre una resolución de autorización administrativa previa para planta solar fotovoltaica (trámite B0 energético), sin categoría urbanística.",55.689
135,dogc,"Resolución PRE/175/2025, de 21 de enero, por la que se da publicidad al deslinde entre los términos municipales de Sort y de Rialp",NEGATIVO,False,,,Deslinde terminos municipales Sort y Rialp,False,resolución,[],[],0.85,"La publicación es una ""Resolución... por la que se da publicidad al deslinde entre términos municipales"", un acto administrativo de delimitación territorial, no un trámite urbanístico (plano de ordenación, licencia, modificación). Por tanto, no encaja en las categorías N2.",108.774
136,boja,"Anuncio de 21 de enero de 2025, de la Delegación Territorial de Agricultura, Pesca, Agua y Desarrollo Rural en Jaén, por el que se notifica a la persona interesada acto administrativo relativo a procedimiento sancionador incoado en materia de sanidad vegetal.",NEGATIVO,False,,,Procedimiento sancionador sanidad vegetal,False,anuncio,[],[],0.95,"El texto menciona un ""procedimiento sancionador incoado en materia de sanidad vegetal"", que no pertenece al ámbito urbanístico. No hay referencias a planes, licencias o ordenanzas urbanísticas. Por lo tanto, is_relevant es False.",52.213
137,dog,"RESOLUCIÓN de 24 de enero de 2025, del Departamento Territorial de Lugo, por la que se concede la autorización administrativa previa y de construcción de una instalación eléctrica en el ayuntamiento de Lugo (expediente IN407A 2023/157 AT).",NEGATIVO,False,,,AAP+AAC instalacion electrica Lugo - B0 no B2,False,resolución,[],[],1.0,"El texto describe una ""autorización administrativa previa y de construcción de una instalación eléctrica"", que corresponde a un expediente energético (B0). No es un acto urbanístico ya que la autorización es para construir, no para urbanizar o regular el uso del suelo según planes. Por tanto, is_relevant=False.",55.621
138,boe,"Anuncio de formalización de contratos de: Junta de Contratación del Ministerio de Trabajo y Economía Social. Objeto: Servicio de cafetería y comedor en el edificio de la calle Pío Baroja, 6 del Ministerio de Trabajo y Economía Social. Expediente: 10000437/2024.",NEGATIVO,False,,,Contratacion publica servicio cafeteria Ministerio Trabajo,False,anuncio,[],[],1.0,"El texto describe un anuncio de contratación pública para servicios de cafetería (contrato público), no contiene ningún término o referencia a actuación urbanística, plan urbanístico ni gestión del suelo. Fragmento clave: ""Anuncio de formalización de contratos... Servicio de cafetería y comedor"".",54.672
139,boc,Aprobación definitiva del presupuesto general de 2025.,NEGATIVO,False,,,Presupuesto general 2025,False,aprobación,[],[],1.0,"La descripción hace referencia exclusivamente a la ""Aprobación definitiva del presupuesto general de 2025"", lo cual es una materia contable y presupuestaria, no urbanística. Por tanto, no pertenece al dominio urbanístico monitorizado y todas las etiquetas relacionadas son vacías.",53.123
140,boib,Exposición pública Avance/Borrador del Plan General y el Plan de Ordenación Detallada de Sant Josep de sa Talaia,NEGATIVO,True,PGOU,fase_avance,Avance/Borrador Plan General y Plan Ordenacion Detallada Sant Josep de sa Talaia - false negative muestreo,UnexpectedModelBehavior,113.854
141,bocyl,"RESOLUCIÓN de 13 de febrero de 2025, del Rectorado de la Universidad de Burgos, por la que se resuelve la contratación del aspirante propuesto en el concurso público convocado por Resolución de 5 de noviembre de 2024, para la provisión de plazas de personal docente e investigador laboral, Profesor Permanente Laboral.",NEGATIVO,False,,,Contratacion PDI Universidad Burgos,False,resolución,[],[],1.0,"La publicación corresponde a un proceso de contratación de personal docente e investigador en una universidad (""contratación del aspirante propuesto... para la provisión de plazas de personal docente""), por lo que no pertenece al universo urbanístico monitorizado. No hay menciones relacionadas con planes de ordenación, licencias o proyectos de infraestructura urbana.",57.474
142,boe,"Resolución de 23 de diciembre de 2024, de ICEX España Exportación e Inversiones, E.P.E., por la que se publica el Convenio con Denominación de Origen Rueda, para la organización de extensiones de misiones inversas de compradores y prescriptores de opinión del sector del vino a celebrar en su ámbito geográfico.",NEGATIVO,False,,,Convenio ICEX DO Rueda vino,False,resolución,[],[],1.0,"Se trata de una resolución sobre un convenio para misiones inversas del sector vino, sin ninguna mención a instrumentos urbanísticos (PGOU, planes especiales, etc.) ni a trámites de ordenación o uso del suelo. El texto pertenece al ámbito de la promoción económica y comercial, no al urbanismo. Fragmento: ""Convenio con Denominación de Origen Rueda... para la organización de extensiones de misiones inversas"".",65.116
143,bon,Aprobación definitiva de la plantilla orgánica de 2025,NEGATIVO,False,,,Aprobacion plantilla organica 2025,False,aprobación,[],[],1.0,"La publicación se refiere a una ""plantilla orgánica"", que es un documento de recursos humanos, no urbanístico. Por lo tanto, is_relevant=False y las categorías urbanísticas están vacías.",48.388
144,bon,Concesión de licencia de actividad. Taller mecánico de reparación de vehículos automóviles,NEGATIVO,False,,,Licencia de actividad taller mecanico - no LIC_URB urbanistica,False,otros,[],[],1.0,"La publicación es una ""Concesión de licencia de actividad"" para un taller mecánico, lo cual es un trámite de B0 (licencia de actividad comercial) y no se clasifica en las categorías urbanísticas monitorizadas (PGOU, PLAN_ESP, MOD_PUN, PROY_URB, LIC_URB).",108.892
145,bocyl,"RESOLUCIÓN de 12 de marzo de 2025, del Rectorado de la Universidad de Burgos, por la que se publica la relación de aspirantes que han superado el proceso selectivo para la provisión de varios puestos de personal laboral, en la categoría de Auxiliares de Servicios (especialidad Conserjería, Vigilancia y Recepción) (Grupo IVA/IVB) de la Universidad de Burgos, convocado con fecha 17 de mayo de 2024.",NEGATIVO,False,,,Proceso selectivo auxiliares servicios Universidad Burgos,False,resolución,[],[],1.0,"El texto se refiere a un proceso selectivo para personal laboral en una universidad (Auxiliares de Servicios), lo cual corresponde al ámbito educativo y no al urbanístico; por tanto, todas las etiquetas urbanísticas son inaplicables.",54.123
146,boe,"Resolución de 12 de febrero de 2025, del Ayuntamiento de Turís (Valencia/València), referente a la convocatoria para proveer una plaza.",NEGATIVO,False,,,Convocatoria provision plaza Turis,False,resolución,[],[],0.95,"El texto describe una resolución de convocatoria para proveer una plaza, lo cual es un acto administrativo de gestión de personal y no tiene ninguna relación con el ámbito urbanístico ni con las categorías de planes o permisos urbanísticos definidas en la tabla (PGOU, PLAN_ESP, MOD_PUN, PROY_URB, LIC_URB).",49.914
147,doe,"Resolución de 17 de febrero de 2025, de la Dirección General de Personal Docente, por la que se dispone la ejecución del auto 346/2024, de 31/07/2024, dictado por el Juzgado de lo Contencioso-administrativo n.º 1 de Mérida en el procedimiento de extensión de efectos de sentencia tributaria y de personal 1065/2021 PA 107/2019.",NEGATIVO,False,,,Resolucion DG Personal Docente extension efectos sentencia,False,resolución,[],[],0.95,"La publicación trata sobre una resolución de la Dirección General de Personal Docente relacionada con un auto judicial y efectos de sentencia tributaria/personal, no tiene ninguna referencia a planes urbanísticos. Por tanto, is_relevant=False.",47.176
148,boe,"Resolución de 14 de marzo de 2025, del Ayuntamiento de Calatayud (Zaragoza), referente a la convocatoria para proveer una plaza.",NEGATIVO,False,,,Convocatoria provision plaza Calatayud,False,resolución,[],[],1.0,"La publicación es una resolución de convocatoria para proveer plaza, lo cual pertenece al ámbito del recurso personal (RRHH) y no contiene ninguna referencia a planes urbanísticos, normas urbanísticas o actos administrativos del dominio urbanístico.",43.743
149,bopa,"Resolución de 4 de diciembre de 2024, de la Consejería de Medio Rural y Política Agraria, por la que se concede la ayuda denominada Mantenimiento de razas autóctonas puras en peligro de extinción, compromisos 2023, campaña 2024. [Cód. 2025-00080]",NEGATIVO,False,,,Ayuda mantenimiento razas autoctonas peligro extincion,False,resolución,[],[],0.98,"El texto trata sobre una resolución que concede ayudas para el mantenimiento de razas autóctonas, lo cual se clasifica como una ayuda administrativa o política agraria, no teniendo ninguna relación con actos administrativos del dominio urbanístico. No contiene términos clave de las categorías N2 (PGOU, PLAN_ESP, MOD_PUN, PROY_URB, LIC_URB, DIC_INT) ni subcategorías de ciclo urbanístico o usos.",56.299
