id,bulletin,description,grupo_muestreo,is_relevant_gt,categories_gt,subcategories_gt,notas_anotador,is_relevant_pred,act_type_pred,categories_pred,subcategories_pred,confidence,reasoning,duration_s
0,docm,"Notificación de 24/01/2025, de la Delegación Provincial de Educación, Cultura y Deportes de Albacete, de acuerdos de inicio de reintegro de ayuda al estudio.",SUB_REV,True,SUB_REV,sector_educacion,Inicio reintegro ayuda al estudio,True,notificación,"[""SUB_REV""]","[""sector_educacion""]",0.95,"El texto contiene ""Notificación"" y ""inicio de reintegro de ayuda al estudio"", lo que cumple con la definición de SUB_REV (reintegro o revoca). La mención a ""ayuda al estudio"" identifica el sector como sector_educacion.",77.051
1,bocm,"Concesión subvenciones
– Orden de 27 de diciembre de 2024, de la Consejería de Vivienda, Transportes e Infraestructuras, por la que se declara la pérdida del derecho al cobro a los beneficiarios de las subvenciones al alquiler de vivienda en la Comunidad de Madrid convocadas para el año 2022 mediante Orden 3608/2022, de 19 de octubre de 2022",SUB_REV,True,SUB_REV,sector_vivienda,Perdida derecho al cobro subvenciones alquiler,True,orden,"[""SUB_REV""]","[""sector_vivienda""]",0.98,"La publicación se refiere a una Orden que ""declara la pérdida del derecho al cobro"" a los beneficiarios, lo cual es señal explícita de SUB_REV (reintegro/revocación). El sector es vivienda por las ""subvenciones al alquiler de vivienda"".",61.14
2,boja,"Acuerdo de 25 de febrero de 2025, de la Delegación Territorial de Fomento, Articulación del Territorio y Vivienda en Málaga, por el que se inicia procedimiento de declaración de pérdida del derecho al cobro de determinadas ayudas concedidas al amparo de la Orden 27 de julio de 2020, destinadas a atender el pago del alquiler de la vivienda habitual, correspondiente a la Línea 1 de la convocatoria aprobada por Orden de 1 de septiembre de 2020 (BOJA núm. 174, de 8 de septiembre).",SUB_REV,True,SUB_REV,sector_vivienda,Inicio perdida derecho al cobro ayudas alquiler,True,acuerdo,"[""SUB_REV""]","[""sector_vivienda""]",0.95,"La descripción incluye explícitamente ""declaración de pérdida del derecho al cobro"", lo cual encaja perfectamente con la categoría SUB_REV según las definiciones dadas. Además, el texto menciona que estas ayudas están destinadas a ""atender el pago del alquiler de la vivienda habitual"", lo que identifica claramente el sector como el de vivienda (sector_vivienda).",66.333
3,boja,"Anuncio de 14 de enero de 2025, de la Dirección General de Andalucía Global, de notificación de reintegro de subvención.",SUB_REV,True,SUB_REV,,Notificacion reintegro subvencion sin sector,True,notificación,"[""SUB_REV""]",[],0.95,"El texto indica explícitamente ""notificación de reintegro de subvención"", lo que corresponde a la categoría SUB_REV según las señales definidas. No se menciona el sector destinatario, por lo que categories de subcategorías permanece vacía.",52.962
4,dog,"ACUERDO de 13 de enero de 2025, del Departamento Territorial de Ourense, por el que se da publicidad al inicio de tres expedientes de reintegro de ayudas al estudio.",SUB_REV,True,SUB_REV,sector_educacion,Inicio expedientes reintegro ayudas estudio,True,acuerdo,"[""SUB_REV""]","[""sector_educacion""]",0.95,"El texto indica ""inicio de tres expedientes de reintegro de ayudas al estudio"", lo que corresponde a la categoría SUB_REV (reintegro). El fragmento clave es ""expedientes de reintegro"". La mención a ""ayudas al estudio"" identifica el sector destinatario como sector_educacion.",57.958
5,docm,"Notificación de 06/02/2025, de la Delegación Provincial de Educación, Cultura y Deportes de Toledo, de acuerdos de inicio de expedientes de reintegro de ayuda al estudio.",SUB_REV,True,SUB_REV,sector_educacion,Inicio reintegro ayuda al estudio,True,notificación,"[""SUB_REV""]","[""sector_educacion""]",0.95,"La notificación comunica ""acuerdos de inicio de expedientes de reintegro de ayuda al estudio"", lo que implica la revocación del derecho al cobro (etiqueta SUB_REV). El sector educativo se infiere por el término ""ayuda al estudio"" y la delegación en ""Educación, Cultura y Deportes"".",58.806
6,bocm,"Concesión subvenciones
– Orden de 27 de diciembre de 2024, de la Consejería de Vivienda, Transportes e Infraestructuras, por la que se declara la pérdida del derecho al cobro de determinadas cuantías a los beneficiarios de las subvenciones al alquiler de vivienda en la Comunidad de Madrid convocadas para el año 2022 mediante Orden 3608/2022, de 19 de octubre de 2022",SUB_REV,True,SUB_REV,sector_vivienda,Perdida derecho al cobro subvenciones alquiler,True,orden,"[""SUB_REV""]","[""sector_vivienda""]",0.95,"El texto indica ""pérdida del derecho al cobro"" de subvenciones al alquiler, lo cual corresponde a la categoría SUB_REV (reintegro/revocación). El sector es claramente vivienda (""subvenciones al alquiler de vivienda"").",57.163
7,docm,"Notificación de 14/02/2025, de la Delegación Provincial de Educación, Cultura y Deportes de Cuenca, de acuerdo de inicio de expedientes de reintegro de ayudas al estudio.",SUB_REV,True,SUB_REV,sector_educacion,Inicio reintegro ayudas estudio,True,notificación,"[""SUB_REV""]","[""sector_educacion""]",0.98,"La descripción contiene ""Notificación de ... acuerdo de inicio de expedientes de reintegro"", lo cual encaja con la categoría SUB_REV (reintegro). El sector es ""sector_educacion"" por el término ""ayudas al estudio"". La justificación se basa en los términos ""expedientes de reintegro"" y ""ayudas al estudio"".",59.259
8,bon,Reintegro de subvenciones,SUB_REV,True,SUB_REV,,Reintegro de subvenciones generico BON,True,información_pública,"[""SUB_REV""]",[],0.95,"El texto contiene explícitamente ""Reintegro de subvenciones"", que corresponde a la categoría SUB_REV según las reglas establecidas. No se infiere un sector específico dado el corto texto.",50.534
9,boja,"Anuncio de 22 de enero de 2025, de la Delegación Territorial de Fomento, Articulación del Territorio y Vivienda en Málaga, por el que se hace pública la relación de solicitantes de ayudas al alquiler cuyas bases son reguladas por la Orden de 1 de septiembre de 2020 (BOJA núm. 174, de 8 de septiembre de 2020), a los que no ha sido posible notificar diferentes actos relativos a procedimientos de reintegro de subvenciones.",SUB_REV,True,SUB_REV,sector_vivienda,Notificacion actos de reintegro ayudas alquiler,True,anuncio,"[""SUB_REV""]","[""sector_vivienda"", ""sector_social""]",0.95,"El anuncio hace pública la relación de solicitantes respecto a actos de reintegro (""reintegro de subvenciones"") y se declara la pérdida del derecho al cobro, lo que corresponde a la categoría SUB_REV. Las ayudas son para el alquiler (sector_vivienda) e implican inclusión o apoyo social (sector_social).",62.291
10,dog,"RESOLUCIÓN de 9 de diciembre de 2024 por la que se da publicidad del acuerdo del Consejo de Dirección que aprueba las bases reguladoras de las ayudas a las agrupaciones empresariales (clústeres) innovadoras en la Comunidad Autónoma de Galicia para el año 2025, y se procede a su convocatoria en régimen de concurrencia competitiva (código de procedimiento IG410A).",MULTILABEL_BC,True,"SUB_BASE, SUB_CONV","sector_industria, sector_investigacion",Acto completo: aprueba bases y convoca. Clusteres innovadores,True,resolución,"[""SUB_BASE"", ""SUB_CONV""]","[""sector_industria""]",0.95,"La descripción indica que la Resolución aprueba las bases reguladoras y procede a su convocatoria explícitamente, lo cual activa ambas categorías. El texto menciona ""ayudas a las agrupaciones empresariales (clústeres) innovadoras"", señalando claramente el sector industria.",59.25
11,dog,"ORDEN de 30 de diciembre de 2024 por la que se establecen las bases reguladoras para la concesión de subvenciones para la prevención de los daños causados a los bosques por incendios, desastres naturales y catástrofes en montes vecinales en mano común y agrupaciones forestales de gestión conjunta, cofinanciadas con el Fondo Europeo Agrícola de Desarrollo Rural (Feader) en el marco del Plan estratégico de la política agraria común (PEPAC) 2023-2027 y se convocan para el año 2025 (código de procedimiento MR651A).",MULTILABEL_BC,True,"SUB_BASE, SUB_CONV",sector_agricultura,Acto completo: bases y convocatoria. Prevencion incendios forestales,True,orden,"[""SUB_BASE"", ""SUB_CONV""]","[""sector_agricultura""]",0.95,"La descripción indica que la Orden ""se establecen las bases reguladoras"" (etiqueta SUB_BASE) y además ""se convocan"" las ayudas para el año 2025 (etiqueta SUB_CONV). El texto hace referencia explícita a bosques, montes, Feader y PEPAC, lo cual encaja claramente en el sector agrícola/forestal.",66.989
12,boja,"Extracto de 4 de febrero de 2025, de la Universidad de Huelva, por la que se aprueban las bases reguladoras y la convocatoria de Premios la Frente Pensativa y Zenobia Camprubí a Trabajos de Fin de Grado y Fin de Máster de la Cátedra Juan Ramón Jiménez, convocatoria 2024.",MULTILABEL_BC,True,SUB_CONV,sector_educacion,Extracto BDNS aunque apruebe bases. Premios TFG/TFM,True,resolución,"[""SUB_CONV""]","[""sector_cultura""]",0.98,"Es un EXTRACTO de una resolución por la que se aprueban bases y se convocan premios con dotación económica, lo que según la REGLA EXTRACTO solo permite etiquetarlo como SUB_CONV. El premio es a ""Trabajos de Fin de Grado y Fin de Máster"", ubicado claramente en sector_educacion (becas de estudio), pero el texto menciona explícitamente ""Premios... Pensativa y Zenobia Camprubí"" (referentes culturales) y la Cátedra Juan Ramón Jiménez, lo que podría sugerir un enfoque cultural; sin embargo, el contexto académico primario es educativo. Se asume sector_educación por ser el objetivo final de los trabajos premiados.",79.196
13,dog,"EXTRACTO de la Orden de 3 de enero de 2025 por la que se establecen las bases reguladoras de los programas de subvenciones para sufragar los gastos de funcionamiento de las entidades asociativas gallegas de personas trabajadoras autónomas y la contratación de personal de apoyo, y se convocan para el año 2025 (código de procedimiento TR358A).",MULTILABEL_BC,True,SUB_CONV,"sector_industria, sector_empleo",Extracto BDNS. Entidades de autonomos y contratacion personal apoyo,True,orden,"[""SUB_CONV""]","[""sector_empleo"", ""sector_industria""]",0.95,"La descripción es un EXTRACTO de una Orden que establece bases y convoca ayudas para entidades de autónomos y contratación de personal, lo que activa SUB_CONV por ser extracto (Regla 1). El texto menciona ""personas trabajadoras autónomas"" y ""contratación de personal de apoyo"", señalando sectores empleo e industria. Aunque el acto subyacente aprueba bases, al ser un EXTRACTO solo se etiqueta SUB_CONV.",68.272
14,dog,"EXTRACTO de la Resolución de 13 de enero de 2025 por la que se da publicidad del acuerdo del Consejo de Dirección que aprueba las bases reguladoras de las ayudas a proyectos que impulsen y refuercen la transición a la cadena de valor del vehículo eléctrico y a la descarbonización del sector de automoción en Galicia, cofinanciadas por la Unión Europea en el marco del programa Galicia Feder 2021-2027 para el año 2025, y se procede a su convocatoria en régimen de concurrencia no competitiva (código de procedimiento IN422P (línea 3).",MULTILABEL_BC,True,SUB_CONV,sector_industria,Extracto BDNS. Vehiculo electrico automocion,True,resolución,"[""SUB_CONV""]","[""sector_industria"", ""sector_renovable""]",0.98,"Es un EXTRACTO que publica el acuerdo que aprueba bases y convoca ayudas para proyectos de transición a la cadena de valor del vehículo eléctrico (indicado en ""ayudas a proyectos que impulsen y refuercen la transición a la cadena de valor del vehículo eléctrico"" -> sector_industria) y descarbonización del sector automoción (""descarbonización del sector de automoción"" -> sector_renovable). Por ser extracto, solo se etiqueta SUB_CONV según regla crítica.",71.997
15,boja,"Extracto de la Orden de 10 de enero de 2025, por la que se convocan para el año 2025 las ayudas previstas en la Orden de 13 de marzo de 2024, por la que se aprueban las bases reguladoras para la concesión de ayudas a la ejecución de programas nacionales veterinarios por las Asociaciones de Defensa Sanitaria Ganadera, en régimen de concurrencia no competitiva.",MULTILABEL_BC,True,SUB_CONV,sector_agricultura,Extracto. Convoca ayudas con bases previas. Veterinaria ADS,True,orden,"[""SUB_CONV""]","[""sector_agricultura""]",0.95,"La descripción comienza con ""Extracto de la Orden... por la que se convocan..."", lo cual activa la REGLA EXTRACTO (cláusula 1), forzando la etiqueta SOLO SUB_CONV a pesar de que el acto original aprueba bases. El sector destinatario es claramente ""Asociaciones de Defensa Sanitaria Ganadera"" y ""programas nacionales veterinarios"", señal explícita para sector_agricultura.",65.902
16,boja,"Extracto de 9 de enero de 2025, de la Universidad de Huelva, por la que se aprueban las bases reguladoras y la convocatoria del IV Concurso de Fotografía Miradas Erasmus de la Universidad de Huelva.",MULTILABEL_BC,True,SUB_CONV,sector_cultura,Extracto BDNS. Concurso fotografia con premio,True,extracto,"[""SUB_CONV""]","[""sector_cultura""]",0.98,"Es un ""EXTRACTO"", por lo que aunque el acto aprueba bases, la fase es ÚNICAMENTE SUB_CONV según la regla crítica de extractos. La denominación ""Concurso de Fotografía"" enmarca el acto en el sector_cultura (fotografía y artes visuales).",55.892
17,dog,"EXTRACTO de la Orden de 27 de diciembre de 2024 por la que se establecen las bases reguladoras para la concesión de subvenciones públicas, destinadas a la financiación del Programa Investigo, de contratación de personas jóvenes demandantes de empleo en la realización de iniciativas de investigación e innovación, y se procede a su convocatoria para el ejercicio 2025 (código de procedimiento TR349V).",MULTILABEL_BC,True,SUB_CONV,"sector_empleo, sector_investigacion",Extracto BDNS. Programa Investigo,True,orden,"[""SUB_CONV""]","[""sector_investigacion"", ""sector_empleo""]",0.95,"Es un EXTRACTO que, según la regla crítica, solo puede etiquetarse como SUB_CONV. El texto indica ""se establecen las bases... y se procede a su convocatoria"", lo cual confirma la fase de convocatoria (SUB_CONV). Las subcategorías se infieren de ""contratación de personas jóvenes demandantes de empleo"" (sector_empleo) e ""iniciativas de investigación e innovación"" (sector_investigacion).",67.711
18,bon,"RESOLUCIÓN 94E/2025, de 12 de febrero, de la directora general de Transportes y Movilidad Sostenible, por la que se aprueban, la convocatoria para el año 2025 y las bases reguladoras de la subvención destinada a la financiación del curso para la obtención del certificado de aptitud profesional acreditativo de la cualificación inicial de los conductores, residentes en Navarra, de determinados vehículos destinados al transporte por carretera. Identificación BDNS: 814522.",MULTILABEL_BC,True,"SUB_BASE, SUB_CONV",sector_empleo,Acto completo: aprueba convocatoria y bases. Formacion CAP conductores,True,resolución,"[""SUB_BASE"", ""SUB_CONV""]","[""sector_industria"", ""sector_empleo""]",0.95,"El texto indica explícitamente que la resolución aprueba tanto las bases reguladoras como la convocatoria para el año 2025, lo que activa ambas fases (SUB_BASE y SUB_CONV). Además, al tratarse de una formación para conductores profesionales en vehículos de transporte por carretera, se vincula con sector_industria y sector_empleo.",64.079
19,dogv,"EXTRACTO de la Resolución de 28 de febrero de 2025, del Vicerrectorado de Innovación y Transferencia, por la que se convocan y aprueban las bases reguladoras de los premios ToxiCOIL dirigidos a estudiantes de grado, máster y doctorado de la Universitat de València, de la Université de Bourgogne Europe-Institut Agro-Dijon (Francia) y la Università degli Studi di Palermo (Italia), del curso 2024-2025, con el mecenazgo de Santander Universidades y en el marco del programa internacional UVEMPREN.",MULTILABEL_BC,True,SUB_CONV,sector_educacion,Extracto BDNS. Premios estudiantes universitarios,True,resolución,"[""SUB_CONV""]",[],0.92,"Es un EXTRACTO de una resolución que ""se convocan y aprueban las bases reguladoras"". Según la REGLA EXTRACTO, aunque el acto original combine ambas fases, al ser un extracto publicitario la etiqueta es ÚNICAMENTE SUB_CONV. El texto menciona ""premios"" (dotación económica), lo que confirma la relevancia del dominio, pero no permite inferir claramente un sector específico sin más contexto (la referencia a estudiantes sugiere educación/estudio, pero como premio de investigación podría caer en investigación; sin embargo, dado que es extracto y el sector no es explícito en la frase clave, se deja vacío o requiere análisis semántico profundo. Dado que menciona ""estudiantes de grado, máster y doctorado"", el sector_eduación parece la inferencia más sólida). Re-evaluando: los premios son para estudiantes (beca/estudio) + investigación científica -> podría ser sector_educacion o sector_investigacion. El texto dice ""premios ToxiCOIL"" y menciona universidades extranjeras, sugiriendo cooperación internacional en I+D+i, pero el destinatario es el estudiante. Sin embargo, la regla de subcategorías pide señal explícita. ""Estudiantes"" apunta a educacion, pero el contexto es investigación. Dado que no hay una palabra clave única como ""apoyo a la educación"", y es un premio de I+D+i para estudiantes, podría ser sector_investigacion o sector_educacion. Pero siguiendo estrictamente ""señal explícita"", quizás deba dejar vacío si no es claro. Sin embargo, el ejemplo 1 dice ""nunca añadas SUB_BASE"" pero en este caso las categorías N2 se han decidido como solo SUB_CONV por la regla extracto. Para N3, hay que ver si hay señal. ""Estudiantes"" es señal de educacion? No exactamente, es condición de acceso. El sector no es explícitamente nombrado con palabras clave del listado. Dejaré lista vacía para ser conservador. Confianza alta (0.92) por ser extracto y convoca claramente.""",152.397
20,dog,"EXTRACTO de la Resolución de 27 de decembro de 2024 por la que se establecen las bases reguladoras, en régimen de concurrencia competitiva, para la concesión de subvenciones a la creación audiovisual para la promoción del talento audiovisual gallego y se convocan para el año 2025 (código de procedimiento CT207E).",MULTILABEL_BC,True,SUB_CONV,sector_cultura,Extracto BDNS. Creacion audiovisual,True,resolución,"[""SUB_CONV""]","[""sector_cultura""]",0.95,"Es un EXTRACTO de la Resolución que establece bases y convoca ayudas a la creación audiovisual (fragmento: ""EXTRACTO de la Resolución... se establecen las bases reguladoras... para la concesión de subvenciones a la creación audiovisual""). Según la Regla 1, los extractos solo etiquetan como SUB_CONV, independientemente de que el acto interno apruebe bases. El sector es cultura por la referencia a ""creación audiovisual"" y ""talento audiovisual"".",69.193
21,docm,"Resolución de 20/01/2025, del Instituto de Promoción Exterior de Castilla-La Mancha, por la que se aprueba la convocatoria de concesión de subvenciones para la participación en la Feria Micam I Shoe Event Milán 2025, al amparo de la Orden 152/2022, de 29 de julio, de la Consejería de Economía, Empresas y Empleo, por la que se establecen las bases reguladoras de las ayudas para la participación agrupada en acciones de internacionalización convocadas por el Instituto de Promoción Exterior de Castilla-La Mancha. Extracto BDNS (Identif.): 810396.",MULTILABEL_BC,True,SUB_CONV,sector_industria,Convocatoria de concesion: el acto convoca. Bases en orden previa. Feria internacionalizacion,True,resolución,"[""SUB_CONV""]",[],0.85,"La descripción es un extracto BDNS que aprueba la convocatoria de subvenciones (señalada en el título ""Resolución... por la que se aprueba la convocatoria""). No indica concesión directa, bases modificadas ni reintegros. La referencia a las ""bases reguladoras"" es al amparo de otra orden previa, no objeto del acto actual.",64.515
22,dog,"EXTRACTO de la Orden de 20 de diciembre de 2024 por la que se establecen las bases reguladoras de las ayudas, en régimen de concurrencia competitiva, para actuaciones encaminadas a la protección de los animales domésticos de compañía abandonados en Galicia y se convocan ayudas para el año 2025, destinadas a las asociaciones inscritas en el Registro Gallego de Asociaciones para la Protección y Defensa de los Animales de Compañía (código de procedimiento MT811B).",MULTILABEL_BC,True,SUB_CONV,,Extracto BDNS. Proteccion animales sin sector en taxonomia,True,orden,"[""SUB_CONV""]",[],0.95,"Es un EXTRACTO de la Orden que aprueba bases y convoca ayudas (""se establecen las bases reguladoras... y se convocan""), pero por la REGLA EXTRACTO, solo recibe SUB_CONV. No hay señal explícita en el texto del sector destinatario (sector_social no aparece).",58.827
23,dog,"ORDEN de 24 de febrero de 2025 por la que se establecen las bases reguladoras para la concesión de las ayudas para el sector editorial gallego, relativas a gastos de edición, distribución y comercialización de las publicaciones editoriales en el año 2025, y se procede a su convocatoria para el año 2025 (código de procedimiento CT238A).",MULTILABEL_BC,True,"SUB_BASE, SUB_CONV",sector_cultura,Acto completo: bases y convocatoria. Sector editorial,True,orden,"[""SUB_BASE"", ""SUB_CONV""]","[""sector_cultura""]",0.98,"La descripción indica que se establecen las bases reguladoras y se procede a la convocatoria, lo que encaja con las fases SUB_BASE y SUB_CONV. El texto menciona explícitamente ""sector editorial"", por lo que es claramente para el sector cultura.",56.69
24,dog,ANUNCIO de la convocatoria y bases reguladoras de la oferta de empleo público extraordinaria para estabilizar el empleo temporal del año 2024.,MULTILABEL_BC,False,,,Oferta de empleo publico estabilizacion: RRHH B5 no subvencion,False,anuncio,[],[],1.0,"Se trata de una oferta de empleo público y estabilización de personal, no de una subvención o ayuda pública con dotación económica. Por tanto, no cumple los criterios de relevancia para el dominio de ayudas (is_relevant=False).",52.282
25,dogc,"Anuncio sobre publicación de las bases reguladoras y las convocatorias para la selección de plazas de personal funcionario de carrera, incluidas en la oferta pública de empleo para el año 2023 (exp. 427/2025, 444/2025 y 609/2025)",NEGATIVO_RRHH,False,,,Seleccion plazas funcionario: RRHH,False,anuncio,[],[],1.0,"El texto menciona ""selección de plazas de personal funcionario de carrera"" y ""oferta pública de empleo"", lo cual corresponde a un proceso selectivo y no a una subvención o ayuda económica, por tanto is_relevant es False.",53.571
26,dogc,"Edicto relativo a las bases reguladoras del proceso de selección mediante concurso-oposición para cubrir con carácter interino el puesto de trabajo de secretaría de clase tercera, subescala de secretaría-intervención, y constitución de una bolsa de trabajo del Ayuntamiento de Sudanell",NEGATIVO_RRHH,False,,,Bases proceso seleccion secretaria interina: RRHH,False,edicto,[],[],0.98,"El texto describe un ""proceso de selección mediante concurso-oposición para cubrir con carácter interino el puesto de trabajo"" y ""constitución de una bolsa de trabajo"". Según las reglas, estos son procesos selectivos de personal (concurso-oposición) o bolsas de trabajo, que NO pertenecen al dominio de subvenciones y ayudas con dotación económica. Por tanto, is_relevant es False y no se asignan categorías ni subcategorías.",63.935
27,dogc,"Edicto por el que se hace pública la aprobación de la convocatoria y bases reguladoras del proceso de selección para incorporar a un/a técnico/a auxiliar para llevar a cabo el Proyecto de implementación de las acciones para certificar Viladecans como ciudad residuo cero, y la creación de la correspondiente bolsa de trabajo del Ayuntamiento de Viladecans",NEGATIVO_RRHH,False,,,Bases seleccion tecnico y bolsa trabajo: RRHH,False,edicto,[],[],1.0,"El texto se refiere a un ""proceso de selección para incorporar"" personal técnico, lo que corresponde a un proceso selectivo o plaza de empleo público, no a una subvención, ayuda o beca. Por tanto, is_relevant es False y no se asignan categorías ni subcategorías del dominio de ayudas.",58.805
28,dogc,"Anuncio sobre aprobación de la convocatoria y de las bases reguladoras para la cobertura definitiva de una plaza de técnico/a de ciudadanía, y constitución de una bolsa de trabajo",NEGATIVO_RRHH,False,,,Bases cobertura plaza tecnico y bolsa: RRHH,False,anuncio,[],[],1.0,"La publicación describe la aprobación de una convocatoria para cobertura definitiva de plaza y constitución de bolsa de trabajo, que se encuadran en procesos selectivos de personal o bolsas de trabajo, excluyéndose del dominio de subvenciones por la Regla 2. El fragmento ""cobertura definitiva de una plaza"" y ""constitución de una bolsa de trabajo"" confirman el carácter de selección de personal.",59.461
29,dogc,"Anuncio por el que se hace pública la aprobación de las bases reguladoras del proceso de selección, mediante el sistema de concurso-oposición, para cubrir una plaza de psicólogo juvenil, y la constitución de una bolsa de trabajo",NEGATIVO_RRHH,False,,,Bases concurso-oposicion psicologo y bolsa: RRHH,False,anuncio,[],[],1.0,"La publicación se refiere a un ""proceso de selección mediante el sistema de concurso-oposición para cubrir una plaza"", que según las reglas es un proceso selectivo de personal, no una subvención o ayuda. Por tanto, is_relevant=False y no hay categorías ni subcategorías aplicables.",55.293
30,dogc,"Edicto sobre aprobación de las bases reguladoras y la convocatoria que regirán el proceso selectivo para la creación de una bolsa de trabajo de funcionario interino para la ejecución de un programa de carácter temporal de técnico/a medio/a por el Plan educativo de entorno, grupo A, subgrupo A2 (X2024002739)",NEGATIVO_RRHH,False,,,Bases proceso selectivo bolsa trabajo: RRHH,False,edicto,[],[],1.0,"El texto menciona explícitamente ""proceso selectivo para la creación de una bolsa de trabajo"", lo cual según las reglas críticas es un proceso selectivo de personal y no corresponde al dominio de subvenciones/ayudas con dotación económica directa. El fragmento clave es: ""proceso selectivo para la creación de una bolsa de trabajo"".",59.734
31,dogc,Edicto sobre aprobación de las bases reguladoras del procedimiento de selección para la creación de una bolsa de trabajo de técnicos/as de empleo en el Ayuntamiento de Banyoles,NEGATIVO_RRHH,False,,,Bases bolsa tecnicos de empleo: RRHH,False,edicto,[],[],1.0,"La publicación es un ""Edicto sobre aprobación de las bases reguladoras del procedimiento de selección para la creación de una bolsa de trabajo de técnicos/as de empleo"", que corresponde a un proceso selectivo o bolsa de trabajo, excluido del dominio según la regla crítica. El fragmento clave es ""bolsa de trabajo de técnicos/as de empleo"".",57.471
32,boja,"Anuncio de 10 de diciembre de 2024, del Ayuntamiento de Zalamea la Real, de las bases reguladoras y convocatoria del procedimiento de selección para la provisión, mediante funcionarios de carrera, de las dos plazas de personal administrativo incluidas en la Oferta de Empleo Público del ejercicio 2022. (PP. 10232/2024).",NEGATIVO_RRHH,False,,,Bases provision plazas OEP: RRHH,False,anuncio,[],[],0.98,"La publicación es un anuncio de convocatoria para la provisión de plazas mediante funcionarios de carrera, lo que corresponde a un proceso selectivo de personal y no a una subvención o ayuda pública con dotación económica según la regla de exclusión (Ejemplo: procesos selectivos, oposiciones). La mención a ""Oferta de Empleo Público"" y ""funcionarios de carrera"" confirma que se trata de contratación de personal.",62.906
33,dogc,"Anuncio relativo a la convocatoria y las bases reguladoras del proceso selectivo para la cobertura definitiva de una plaza de técnico/a medio/a de gestión de administración general, de la escala de administración general, subescala técnica, grupo A, subgrupo A2, de la plantilla de personal funcionario del Ayuntamiento de Parets del Vallès, de acceso libre, y constitución de una bolsa de trabajo (exp. 2845/2024)",NEGATIVO_RRHH,False,,,Bases proceso selectivo plaza tecnico y bolsa: RRHH,False,anuncio,[],[],1.0,"El texto describe un proceso selectivo para personal funcionario (""proceso selectivo para la cobertura definitiva de una plaza... y constitución de una bolsa de trabajo""). Según las reglas, los procesos selectivos, oposiciones y bolsas de trabajo NO pertenecen al dominio de subvenciones. No hay términos clave como ""se convocan ayudas"", ""concesión"" o ""bases reguladoras de subvenciones"".",61.895
34,dogc,"Anuncio sobre aprobación de las bases reguladoras para la convocatoria del proceso de selección para cubrir un puesto de técnico/a de gestión administrativa, adscrito a la Secretaría del Ayuntamiento de Sant Andreu de Llavaneres, subgrupo A2, en régimen de personal funcionario de carrera, mediante concurso-oposición en turno de promoción interna",NEGATIVO_RRHH,False,,,Bases seleccion tecnico promocion interna: RRHH,False,anuncio,[],[],1.0,"El texto describe un proceso de selección para cubrir un puesto de trabajo (""cubrir un puesto de técnico/a de gestión administrativa... mediante concurso-oposición""), que cae en la categoría de procesos selectivos y oposiciones (personal), no siendo una subvención, ayuda o beca. Por tanto, is_relevant es False y no se asignan etiquetas.",57.447
35,dogc,Anuncio sobre aprobación de las bases reguladoras y la convocatoria del proceso selectivo del puesto de trabajo de técnico/a auxiliar de Recursos Humanos,NEGATIVO_RRHH,False,,,Bases proceso selectivo tecnico auxiliar RRHH,False,anuncio,[],[],1.0,"El texto describe un proceso selectivo para un puesto de trabajo (""puesto de trabajo de técnico/a auxiliar""), lo cual clasifica como oposiciones o concurso-oposición, no como una subvención. Según la definición, los procesos selectivos de personal tienen is_relevant=False. No se asignan categorías ni subcategorías de ayudas.",56.15
36,dogc,"Anuncio relativo a la aprobación de las bases reguladoras del proceso de selección para cubrir dos plazas de agente de la Guardia Municipal, funcionarios de carrera, y la creación de una bolsa de trabajo de agentes funcionarios interinos, por turno libre, por el sistema de concurso-oposición",NEGATIVO_RRHH,False,,,Bases plazas Guardia Municipal y bolsa: RRHH,False,anuncio,[],[],0.98,"La publicación describe un proceso de selección para personal (funcionarios e interinos) mediante concurso-oposición, no una subvención o ayuda económica. El texto menciona ""proceso de selección"" y ""bolsa de trabajo"", lo que la clasifica como personal y no como subvención según las reglas críticas.",57.247
37,dogc,"Resolución ISP/498/2025, de 18 de febrero, por la que se abre la convocatoria para formar parte de la bolsa de trabajo de personal interino de las policías locales de Cataluña y se aprueban sus bases reguladoras",NEGATIVO_RRHH,False,,,Convocatoria bolsa policias locales y bases: RRHH,False,resolución,[],[],0.98,"El texto hace referencia a una ""bolsa de trabajo de personal interino"", lo cual corresponde a un proceso selectivo o bolsa de trabajo, no a una subvención, ayuda o premio con dotación económica. Por tanto, is_relevant es False y no se asignan categorías ni subcategorías del dominio de subvenciones.",56.691
38,boc,"Bases reguladoras y convocatoria del procedimiento selectivo para la creación de una bolsa de trabajo temporal de Administrativos para atender las necesidades temporales y de interinidad, mediante sistema de concurso-oposición. Expediente 774/2024.",NEGATIVO_RRHH,False,,,Bases bolsa administrativos interinos: RRHH,False,convocatoria,[],[],0.98,"La descripción se refiere a un ""procedimiento selectivo para la creación de una bolsa de trabajo temporal"" mediante ""concurso-oposición"", lo cual encaja en procesos selectivos de personal (bolsas de trabajo) que según las reglas son no relevantes (is_relevant=False). Aunque hay bases reguladoras, estas son parte del procedimiento de personal y no de subvenciones.",59.338
39,bocyl,"ACUERDO de 28 de enero de 2025, de la Junta de Gobierno Local del Ayuntamiento de San Andrés del Rabanedo (León), por el que se aprueban las bases reguladoras del proceso selectivo para la provisión, mediante el sistema de concurso de méritos, de 1 plaza de Arquitecto/a Superior, dentro del proceso de estabilización de empleo temporal aprobado por la Ley 20/2021, de 28 de diciembre.",NEGATIVO_RRHH,False,,,Bases proceso selectivo arquitecto estabilizacion: RRHH,False,acuerdo,[],[],1.0,"El texto describe un proceso selectivo para la provisión de plaza mediante concurso de méritos dentro de una estabilización de empleo, lo cual corresponde a personal y no a subvenciones o ayudas públicas con dotación económica. No hay indicios de concesión de ayuda alguna.",55.94
40,dogc,"Resolución TER/302/2025, de 27 de enero, por la que se abre la convocatoria para la concesión de ayudas en forma de bonificación de los intereses de operaciones de préstamo, para la financiación de promociones de viviendas con protección oficial destinadas a alquiler o cesión de uso en régimen general (ref. BDNS 812668)",SUB_CONV,True,SUB_CONV,sector_vivienda,Abre convocatoria ayudas bonificacion intereses VPO alquiler,True,resolución,"[""SUB_CONV""]","[""sector_vivienda""]",0.95,"El texto indica explícitamente ""se abre la convocatoria"", lo que clasifica el acto como SUB_CONV. Además, se menciona ""viviendas con protección oficial destinadas a alquiler"", señalando claramente el sector_vivienda.",54.823
41,bocm,"Extracto convocatoria subvenciones
– Extracto de la Orden 394/2025, de 23 de febrero, del Consejero de Educación, Ciencia y Universidades, por la que se convocan las ayudas a estudiantes con discapacidad que cursan estudios universitarios o de enseñanzas artísticas superiores para el curso 2024-2025",SUB_CONV,True,SUB_CONV,"sector_educacion, sector_social",Extracto. Ayudas estudiantes con discapacidad,True,orden,"[""SUB_CONV""]","[""sector_educacion""]",0.95,"La descripción indica claramente ""Extracto convocatoria subvenciones"" y el texto especifica que se convocan ayudas, lo cual corresponde a la fase de convocatoria (SUB_CONV). El sector destinatario es educación por referencia a ""ayudas a estudiantes"", ""estudios universitarios"". La etiqueta SUB_BASE no se asigna porque, aunque en el acto original del que es extracto se aprueben bases, este documento es un EXTRACTO, y según la regla crítica, los extractos solo etiquetan como SUB_CONV.",69.077
42,boa,"ORDEN FOM/305/2025, de 17 de marzo, por la que se convocan subvenciones a entidades sin ánimo de lucro para la realización, durante el año 2025, de actuaciones culturales desestacionalizadas, en el marco de la Directriz Especial de Ordenación Territorial de Política Demográfica y contra la Despoblación, con cargo al Fondo de Cohesión Territorial.",SUB_CONV,True,SUB_CONV,sector_cultura,Convoca subvenciones actuaciones culturales,True,orden,"[""SUB_CONV""]","[""sector_cultura""]",0.95,"El texto contiene explícitamente la frase ""se convocan subvenciones"", lo que indica un acto de convocatoria (SUB_CONV). Además, se refiere a ""actuaciones culturales desestacionalizadas"", lo que permite inferir la subcategoría sector_cultura.",57.626
43,dog,"ORDEN de 20 de marzo de 2025 por la que se modifica parcialmente la Orden de 13 de agosto de 2024 por la que se establecen las bases reguladoras para el período 2024-2026 y se efectúa la primera convocatoria de subvenciones, en régimen de concurrencia no competitiva, a fin de financiar acciones formativas del Sistema de formación profesional de los grados A, B y C, y competencias clave, destinadas a personas trabajadoras ocupadas, para el ejercicio 2024 (código de procedimiento TR301X).",SUB_CONV,True,"SUB_BASE, SUB_CONV",sector_empleo,Modifica orden de bases y primera convocatoria: hereda ambas. Formacion ocupados,True,orden,"[""SUB_BASE"", ""SUB_CONV""]","[""sector_educacion""]",0.95,"La orden modifica una orden anterior que aprueba bases reguladoras (""se establece las bases"") y efectúa una convocatoria de subvenciones (""se efectúa la primera convocatoria""), cumpliendo así los requisitos para ambas categorías SUB_BASE y SUB_CONV. El objetivo es financiar acciones formativas, lo que encaja claramente con el sector educación.",61.257
44,boc,"Extracto de la Resolución de 18 de marzo de 2025, de la consejera de Inclusión Social, Juventud, Familias e Igualdad, por la que se convocan subvenciones a entidades locales, en régimen de concurrencia competitiva, destinadas a la realización de proyectos de sensibilización y capacitación entre la población joven de Cantabria.",SUB_CONV,True,SUB_CONV,sector_social,Extracto. Sensibilizacion juventud,True,resolución,"[""SUB_CONV""]","[""sector_social"", ""sector_educacion""]",0.95,"El texto indica claramente ""Extracto de la Resolución... por la que se convocan subvenciones"" (señal SUB_CONV). El fin es ""sensibilización y capacitación entre la población joven"", lo que apunta al sector social y educativo. Como es extracto, la fase es únicamente SUB_CONV según la regla crítica 1.",61.97
45,bon,"RESOLUCIÓN 906E/2024, de 2 de diciembre, del director general de Presidencia, Gobierno Abierto y Relaciones con el Parlamento de Navarra, por la que se aprueba la convocatoria de la subvención ""Subvenciones a entidades ciudadanas que desarrollen proyectos dirigidos a fomentar y promover la participación ciudadana en la Comunidad Foral de Navarra 2025"". Identificación BDNS: 801826.",SUB_CONV,True,SUB_CONV,,Aprueba convocatoria participacion ciudadana sin sector claro,True,resolución,"[""SUB_CONV""]",[],0.95,"La descripción indica explícitamente que la resolución ""aprueba la convocatoria de la subvención"", lo cual encaja con la categoría SUB_CONV. No hay mención a la aprobación, modificación o derogación de bases reguladoras, ni al reconocimiento de concesiones o reintegros. Por tanto, solo se etiqueta SUB_CONV.",59.779
46,dog,EXTRACTO de la Orden de 14 de enero de 2025 por la que se regula el régimen de ayudas a centros privados concertados para la contratación de auxiliares de conversación durante el curso 2024/25 con la finalidad de mejorar la competencia lingüística del alumnado en lenguas extranjeras (código de procedimiento ED504E).,SUB_CONV,True,SUB_CONV,sector_educacion,Extracto BDNS. Ayudas centros concertados auxiliares conversacion,True,orden,"[""SUB_CONV""]","[""sector_educacion""]",0.98,"Es un EXTRACTO de una orden que regula ayudas (contratación auxiliares en centros privados concertados para alumnado), por lo cual aplica la REGLA EXTRACTO: solo SUB_CONV, sin incluir SUB_BASE aunque el texto diga ""se regula"". El sector es EDUCACIÓN por referencia a ""centros privados concertados"", ""alumnado"" y ""competencia lingüística del alumnado"".",65.388
47,boca,"EXTRACTO de la Resolución de 6 de marzo de 2025, por la que se convocan ayudas para la realización de talleres de identificación de proyectos de cooperación universitaria al desarrollo para el año 2025.",SUB_CONV,True,SUB_CONV,sector_educacion,Extracto. Talleres cooperacion universitaria al desarrollo,True,resolución,"[""SUB_CONV""]",[],0.95,"La descripción indica explícitamente que es un ""EXTRACTO de la Resolución... por la que se convocan ayudas..."", lo cual activa la categoría SUB_CONV según la REGLA EXTRACTO, donde incluso si el acto original aprueba bases, el extracto solo permite etiquetarlo como convocatoria. No hay indicios en el texto de un sector concreto como educación o industria para asignar una subcategoría, aunque el contexto menciona ""cooperación universitaria"".",64.643
48,boib,Resolución del consejero de Educación y Universidades por la que se convocan ayudas complementarias para el alumnado de las Illes Balears que participa en programas institucionales de movilidad para cursar parte de los estudios universitarios en cualquier país de la Unión Europea (UE-27) durante el año académico 2024-2025,SUB_CONV,True,SUB_CONV,sector_educacion,Ayudas movilidad universitaria,True,resolución,"[""SUB_CONV""]","[""sector_educacion""]",0.98,"El texto contiene la señal explícita ""se convocan ayudas complementarias"", lo que identifica el acto como una convocatoria (SUB_CONV). Además, el ámbito es claramente educativo (""alumnado"", ""estudios universitarios""), justificando la subcategoría sector_educacion. La confianza es muy alta por la claridad de los términos.",60.738
49,docm,"Extracto de 18/02/2025, de la Universidad de Castilla-La Mancha, de la convocatoria de una beca de colaboración para colaborar en tareas de investigación sobre evaluación de procedimientos para actualizar hermanos digitales de centros de intercambio modal urbano. Departamento de Ingeniería Civil y de la Edificación de la Universidad de Castilla-La Mancha. Año 2025. BDNS (Identif.): 815625.",SUB_CONV,True,SUB_CONV,"sector_educacion, sector_investigacion",Extracto. Beca colaboracion en investigacion,True,convocatoria,"[""SUB_CONV""]","[""sector_investigacion"", ""sector_educacion""]",0.95,"El texto indica que es un EXTRACTO de una convocatoria de beca de colaboración para investigación (señal: ""convocatoria de una beca... colaborar en tareas de investigación""), por lo que la fase es SUB_CONV (Regla Extracto). Las etiquetas de subcategoría se asignan por los términos explícitos: ""tareas de investigación"" (sector_investigacion) y el contexto de una universidad (""Universidad de Castilla-La Mancha"", ""Departamento de Ingeniería Civil"") vinculando con sector_educacion.",71.925
50,borm,"Extracto de la Orden de 30 de diciembre de 2024, de modificación de la Orden de 30 de julio de 2021 de la Consejería de Empresa, Empleo, Universidades y Portavocía por la que se convocan en la Comunidad Autónoma de la Región de Murcia las ayudas correspondientes a programas de incentivos ligados a la movilidad eléctrica (MOVES III) en el marco del Plan de Recuperación, Transformación y Resiliencia.",SUB_CONV,True,SUB_CONV,sector_renovable,Modificacion de convocatoria MOVES III: hereda SUB_CONV,True,modificación,"[""SUB_CONV""]","[""sector_industria"", ""sector_renovable""]",0.98,"La descripción es un ""EXTRACTO"" de una modificación de una Orden que convoca ayudas a movilidad eléctrica (MOVES III). Al ser extracto, la regla crítica establece que la fase es ÚNICAMENTE SUB_CONV, ignorando la mención a ""modificación"". Las señales ""convocan"" y el contexto de ""ayudas correspondientes a programas de incentivos ligados a la movilidad eléctrica"" identifican las subcategorías sector_industria (movilidad) y sector_renovable (eléctrica).",70.303
51,docm,"Resolución de 12/02/2025, de la Consejería de Desarrollo Sostenible, por la que se deja sin efecto la Resolución de 27/12/2024, por la que se modifica la Resolución de 09/07/2021, por la que se aprueba la convocatoria del Programa de Incentivos a la Movilidad Eléctrica (Programa Moves III) -financiado por la Unión Europea- NextGenerationEU. Extracto BDNS (Identif.): 574801.",SUB_CONV,True,SUB_CONV,sector_renovable,Deja sin efecto modificacion de convocatoria MOVES III: hereda SUB_CONV,True,resolución,"[""SUB_REV""]",[],0.95,"La publicación describe una ""Resolución"" que deja sin efecto a otra resolución relacionada con subvenciones (Programa Moves III), lo cual se interpreta como una acción de revocación o anulación de una concesión/ayuda ya existente, encajando en la categoría SUB_REV. El texto menciona ""dejó sin efecto"", que implica una reversión o cancelación de un acto administrativo relacionado con ayudas, alineándose con la definición de SUB_REV.",63.324
52,dogv,"EXTRACTO de la  Resolución de 28 de enero de 2025, de la Dirección, mediante la que se establece la convocatoria para concesión y solicitud de pago anual de las ayudas incluidas en la solicitud única dentro del marco del Plan estratégico de la política agrícola común (PEPAC) para el año 2025 y de las ayudas a los agricultores en zonas con limitaciones naturales contenidas en la medida 13 del PDRCV 2014-2022.",SUB_CONV,True,SUB_CONV,sector_agricultura,Extracto. Convocatoria solicitud unica PAC,True,resolución,"[""SUB_CONV""]","[""sector_agricultura""]",0.98,"Es un EXTRACTO (regla crítica 1) que incluye la frase ""se establece la convocatoria"" (etiqueta SUB_CONV) y menciona ayudas al sector agrícola (""ayudas a los agricultores"", ""PEPAC"") (etiqueta sector_agricultura). Aunque el texto original aprobado podría contener bases, en formato extracto solo se puede inferir la fase de convocatoria.",55.648
53,boja,"Anuncio de 27 de febrero de 2025, del Ayuntamiento de Martos, de extracto de las bases reguladoras que han de regir la convocatoria y proceso de selección para la provisión de varias plazas de personal laboral fijo y funcionario: 2 plazas de Limpiador/as a tiempo parcial (71/43%) (laboral), 1 plaza de Agente de Igualdad (laboral) y 1 plaza de Ordenanza con reserva turno con discapacidad, (funcionario), en el Ayuntamiento de Martos. (PP. 433/2025).",SUB_CONV,False,,,Extracto de bases de seleccion de plazas: RRHH no subvencion,False,anuncio,[],[],1.0,"La descripción se refiere a una provisión de plazas de personal laboral fijo y funcionario (limpiadores, agente de igualdad, ordenanza), lo cual es un proceso selectivo de contratación de personal y no una subvención o ayuda económica pública. Por tanto, is_relevant=False.",56.931
54,dogv,"EXTRACTO de la Resolución de 27 de febrero de 2025, de beca de formación universitaria para la colaboración en la gestión y coordinación de las actividades deportivas competitivas que se desarrollan en la oficina de campus saludables y deportes de la Universidad Miguel Hernández de Elche.",SUB_CONV,True,SUB_CONV,"sector_educacion, sector_deporte",Extracto. Beca formacion universitaria en oficina deportes,True,resolución,"[""SUB_CONV""]","[""sector_educacion"", ""sector_deporte""]",0.95,"Es un EXTRACTO de una resolución de beca (""EXTRACTO de la Resolución... de beca""), lo que por regla 1 fija la categoría en SUB_CONV. La beca tiene destinatarios duales: formación universitaria (sector_educacion) y gestión de actividades deportivas competitivas (sector_deporte), justificando ambas subcategorías.",60.306
55,bon,"ORDEN FORAL 17E/2025, de 11 de febrero, de la consejera de Memoria y Convivencia, Acción Exterior y Euskera, por la que se aprueban las bases reguladoras y la convocatoria de la subvención ""Ayudas a asociaciones y entidades sin ánimo de lucro para la realización de actividades relacionadas con las víctimas, con la cultura de memoria y convivencia"" para 2025. Identificación BDNS: 814184.",SUB_CONV,True,"SUB_BASE, SUB_CONV",sector_social,Acto completo: aprueba bases y convocatoria. Asociaciones victimas memoria,True,orden,"[""SUB_BASE"", ""SUB_CONV""]","[""sector_cultura""]",0.95,"La descripción es una orden completa que aprueba las bases reguladoras y procede a la convocatoria de la subvención (""se aprueban las bases reguladoras y la convocatoria""), cumpliendo los criterios para ambas fases N2. El sector destinatario es claramente el cultural al referirse a ""víctimas, con la cultura de memoria y convivencia"" (fragmento clave: ""actividades relacionadas con las víctimas, con la cultura de memoria y convivencia"").",67.065
56,docm,"Resolución de 06/02/2025, de la Viceconsejería de Servicios y Prestaciones Sociales, por la que se publica el crédito presupuestario disponible, durante 2025, para atender las obligaciones de contenido económico derivadas de las subvenciones para financiar proyectos de acción humanitaria y de emergencia. Extracto BDNS (Identif.): 813563.",SUB_CONV,True,SUB_CONV,sector_social,Publica credito disponible de convocatoria: acto sobre convocatoria. Accion humanitaria,True,información_pública,"[""SUB_CONV""]",[],0.95,"La publicación da ""publicidad del crédito presupuestario disponible... para atender las obligaciones de contenido económico derivadas de las subvenciones"", lo que implica gestión de la convocatoria (publicación de créditos). Es extracto BDNS, por lo que según la regla crítica solo recibe SUB_CONV. No hay mención a sectores específicos ni concesión directa.",60.33
57,bon,Extracto de la convocatoria de subvenciones para actuaciones puntuales de sensibilización en 2025,SUB_CONV,True,SUB_CONV,,Extracto convocatoria sensibilizacion sin sector claro,True,convocatoria,"[""SUB_CONV""]",[],0.95,"Es un extracto que convoca subvenciones para actuaciones de sensibilización, lo cual activa la categoría SUB_CONV según la Regla EXTRACTO. El sector no es explícito en el texto (""sensibilización"" puede ser cultura o social, pero no se asigna sin señal clara).",56.163
58,bor,Convocatoria de subvenciones en régimen de concurrencia competitiva a entidades sin ánimo de lucro para el fomento y la promoción del deporte y la actividad física 2025 (extracto),SUB_CONV,True,SUB_CONV,sector_deporte,Convocatoria fomento deporte,True,convocatoria,"[""SUB_CONV""]","[""sector_deporte""]",0.95,"El texto indica ""Convocatoria de subvenciones... para el fomento y la promoción del deporte"", lo que encaja claramente con la etiqueta SUB_CONV y el sector_deporte. Se menciona explícitamente ""(extracto)"", por lo que, según las reglas críticas, solo se asigna la categoría de convocatoria.",58.924
59,bon,"ORDEN FORAL 33E/2025, de 28 de febrero, de la consejera de Cultura, Deporte y Turismo, por la que se aprueba la convocatoria de la subvención ""Generazinema Desarrollo 2025/2026"". Identificación BDNS: 817901.",SUB_CONV,True,SUB_CONV,sector_cultura,Aprueba convocatoria Generazinema audiovisual,True,orden,"[""SUB_CONV""]","[""sector_cultura"", ""sector_deporte""]",0.98,"La orden aprueba y convoca una subvención específica para proyectos de desarrollo cinematográfico y cultural (""Generazinema""), con mención explícita al sector cultura y deporte por el ámbito ministerial (Cultura, Deporte y Turismo). Fragmento clave: ""se aprueba la convocatoria de la subvención 'Generazinema Desarrollo 2025/2026'"".",65.292
60,borm,"Extracto de la Orden de 17 de febrero de 2025 de la Consejería de Agua, Agricultura, Ganadería y Pesca por la que se aprueba la convocatoria de las ayudas de reestructuración y reconversión de viñedo de la Región de Murcia, para el año 2025.",SUB_CONV,True,SUB_CONV,sector_agricultura,Extracto. Reestructuracion vinedo,True,orden,"[""SUB_CONV""]","[""sector_agricultura""]",0.98,"Es un ""Extracto"" de una orden que aprueba la convocatoria de ayudas, lo cual según la regla 1 implica únicamente la etiqueta SUB_CONV y nunca SUB_BASE. El sector es ""Agua, Agricultura, Ganadería y Pesca"", específicamente ""reestructuración y reconversión de viñedo"", encajando perfectamente en sector_agricultura.",60.42
61,docm,"Orden 5/2025, de 30 de enero, de la Consejería de Agricultura, Ganadería y Desarrollo Rural, por la que se establecen disposiciones de aplicación de las intervenciones en forma de pagos directos financiadas con cargo al Fondo Europeo Agrícola (Feaga), la solicitud única y los requisitos comunes para el cobro de las ayudas y se convocan para el año 2025. Extracto BDNS (Identif.): 811967.",SUB_CONV,True,SUB_CONV,sector_agricultura,Disposiciones de aplicacion y convocatoria pagos directos PAC. Disposiciones no son bases formales,True,orden,"[""SUB_CONV""]","[""sector_agricultura""]",0.98,"La descripción menciona ""se convocan para el año 2025"" y establece disposiciones para ayudas en agricultura (pagos directos), lo que indica una fase de convocatoria. Se identifica explícitamente como ""Extracto BDNS"", por lo que solo se aplica SUB_CONV según la regla crítica, aunque las bases sean objeto del acto subyacente.",62.319
62,boib,"Notificación del Decreto de Presidencia acordando el reconocimiento de la obligación de pago de las ayudas para el fomento del uso de materiales biodegradables en acolchado agrícola, línea e) de la Convocatoria de ayudas específicas para el desarrollo del ámbito rural y ganadero en la isla de Ibiza para el año 2024-2025",SUB_CONV,True,SUB_CON,sector_agricultura,Reconocimiento obligacion de pago de ayudas: fase concesion-pago,True,notificación,"[""SUB_CON""]","[""sector_agricultura"", ""sector_renovable""]",0.95,"La descripción indica un ""reconocimiento de la obligación de pago"" (señal clara de SUB_CON) de ayudas para ""material biodegradable en acolchado agrícola"", lo que también activa las subcategorías sector_agricultura y sector_renovable. El acto es una notificación, no una convocatoria o aprobación de bases.",63.805
63,bon,"ORDEN FORAL 7E/2025, de 13 de febrero, de la consejera de Cultura, Deporte y Turismo, por la que se aprueba la convocatoria de la subvención a entidades de voluntariado o con programas, en el ámbito deportivo y de la actividad física. Identificación BDNS: 814879.",SUB_CONV,True,SUB_CONV,sector_deporte,Aprueba convocatoria voluntariado deportivo,True,orden,"[""SUB_CONV""]","[""sector_deporte"", ""sector_cultura""]",0.95,"La descripción incluye explícitamente la palabra ""convocatoria"" (""se aprueba la convocatoria de la subvención""), lo cual encaja con la categoría SUB_CONV. Además, menciona el ámbito deportivo y cultural (""en el ámbito deportivo y de la actividad física""), lo que justifica las etiquetas sector_deporte y sector_cultura con alta confianza.",62.039
64,boib,"Resolución de la Consejera de Familias y Asuntos Sociales, a propuesta de la Directora General de Atención a la Dependencia por la que se modifica la Resolución de 18 de julio de 2024 de la Consejera de Familias y Asuntos Sociales por la que se aprueba la convocatoria de ayudas destinadas a personas mayores residentes en las islas de Menorca, Ibiza y Formentera que necesiten hacer desplazamientos a la isla de Mallorca para beneficiarse del Programa de Turismo del Instituto de Gente mayor y Servicios Sociales",SUB_CONV,True,SUB_CONV,sector_social,Modifica resolucion de convocatoria ayudas mayores: hereda SUB_CONV,True,modificación,"[""SUB_BASE"", ""SUB_CONV""]","[""sector_social""]",0.95,"La descripción menciona una modificación de una resolución anterior que aprueba las bases reguladoras y da por convocada una ayuda para desplazamientos de personas mayores (fragmento: ""modificar la... Resolución... por la que se aprueba la convocatoria de ayudas""), lo cual implica un acto de modificación de bases y, al referirse a una ya aprobada y convocada, también mantiene la fase de convocatoria. El sector es social debido a que está dirigido a personas mayores (fragmento: ""personas mayores residentes"").",69.854
65,bocyl,"EXTRACTO de la Orden de 24 de marzo de 2025, de la Consejería de Educación, por la que se convocan subvenciones a los centros privados sostenidos con fondos públicos de la Comunidad de Castilla y León para la realización de actividades de intercambios escolares con centros educativos de países extranjeros, para el curso académico 2025/2026.",SUB_CONV,True,SUB_CONV,sector_educacion,Extracto. Intercambios escolares,True,orden,"[""SUB_CONV""]","[""sector_educacion""]",0.95,"Es un ""EXTRACTO de la Orden... por la que se convocan subvenciones"" lo que activa SUB_CONV según la Regla Extracto; menciona ""intercambios escolares con centros educativos"", señal explícita para sector_educacion.",57.946
66,boc,Convocatoria de subvenciones para la adquisición de libros y de material educativo para el curso escolar 2024-2025.,SUB_CONV,True,SUB_CONV,sector_educacion,Convocatoria libros y material educativo,True,convocatoria,"[""SUB_CONV""]","[""sector_educacion""]",0.95,"La descripción indica explícitamente ""Convocatoria de subvenciones..."", lo cual activa la categoría SUB_CONV. El sector es el educativo por referencia a ""libros y material educativo para el curso escolar"".",52.005
67,docm,"Extracto de 18/02/2025, de la Universidad de Castilla-La Mancha, de la convocatoria de beca de colaboración para apoyar en la organización de los cursos de postgrado del Área de Derecho Constitucional. Facultad de Ciencias Jurídicas y Sociales de Toledo, 2025. BDNS (Identif.): 815629.",SUB_CONV,True,SUB_CONV,sector_educacion,Extracto. Beca colaboracion postgrado,True,convocatoria,"[""SUB_CONV""]","[""sector_educacion""]",0.98,"La descripción indica explícitamente que es un ""Extracto de... convocatoria de beca"" para apoyar en la organización de cursos de postgrado, lo cual recae en el sector educativo. La etiqueta SUB_CONV se asigna por ser una convocatoria (señal: ""convocatoria"") y por ser un extracto (regla 1), que limita la fase únicamente a convocatoria independientemente del contenido interno.",65.308
68,bon,Extracto de la convocatoria de ayudas a asociaciones y colectivos para el desarrollo de actividades socioculturales en 2025,SUB_CONV,True,SUB_CONV,sector_cultura,Extracto. Actividades socioculturales,True,convocatoria,"[""SUB_CONV""]","[""sector_cultura"", ""sector_social""]",0.95,"Es un EXTRACTO de una convocatoria, por lo que su única categoría es SUB_CONV según la regla crítica. El texto menciona explícitamente ""convocatoria de ayudas... para el desarrollo de actividades socioculturales"", lo que justifica las subcategorías sector_cultura y sector_social.",59.112
69,dogc,"Anuncio sobre extracto de la convocatoria del proceso selectivo para el acceso, mediante concurso-oposición libre, de un/a profesor/a integrador/a, grupo A, subgrupo A2",SUB_CONV,False,,,Extracto convocatoria proceso selectivo profesor: RRHH,False,anuncio,[],[],1.0,"El texto describe un ""proceso selectivo para el acceso... mediante concurso-oposición"", lo cual corresponde a un proceso selectivo de personal y no a una subvención, ayuda, beca o premio con dotación económica según la regla del dominio. Por tanto, is_relevant es False y las categorías están vacías.",57.037
70,boa,"ORDEN EMC/212/2025, de 18 de febrero, por la que se acuerda la distribución definitiva de los créditos presupuestarios previstos en la Orden EMC/1335/2024, de 25 de octubre, por la que se aprueba para el año 2024, la convocatoria de subvenciones para el desarrollo del Plan WAVE Desempleados, destinado a la actualización de las competencias laborales y mejora de la empleabilidad de las personas trabajadoras prioritariamente desempleadas de Aragón, a través de acciones de Formación Profesional para el Empleo, principalmente de carácter tecnológico.",SUB_CONV,True,SUB_CONV,sector_empleo,Distribucion definitiva creditos de convocatoria: acto sobre convocatoria. Plan WAVE desempleados,True,orden,"[""SUB_CONV""]","[""sector_empleo""]",0.92,"La orden aprueba y distribuye los créditos presupuestarios de la ""convocatoria de subvenciones para el desarrollo del Plan WAVE Desempleados"" (frases clave: ""se acuerda la distribución... previstos en la Orden... por la que se aprueba... la convocatoria""). El objetivo explícito es mejorar la empleabilidad mediante Formación Profesional, lo cual se enmarca claramente en el sector de empleo. Según la Regla 1 y la definición de categoría, una orden de distribución de créditos de una convocatoria activa es SUB_CONV.",73.101
71,bopa,"Extracto de la Resolución de 3 de marzo de 2025, de la Consejería de Cultura, Política Llingüística y Deporte, por la que se aprueba la convocatoria de subvenciones para la promoción del libro en asturiano y en gallego-asturiano o eonaviego, en régimen de concurrencia competitiva. [Cód. 2025-01797]",SUB_CONV,True,SUB_CONV,sector_cultura,Extracto. Promocion libro asturiano,True,resolución,"[""SUB_CONV""]","[""sector_cultura"", ""sector_industria""]",0.95,"La descripción es explícitamente un ""EXTRACTO"" donde se da publicidad a la resolución que aprueba y convoca subvenciones para ""promoción del libro"" (sector cultura) y en variedades lingüísticas, lo que implica también sector industria/lengua. Siguiendo la regla crítica de extracto, solo se asigna SUB_CONV.",63.775
72,bopa,"Extracto de la Resolución de 12 de marzo de 2025, de la Vicerrectora de Investigación de la Universidad de Oviedo, para la contratación de personal investigador y técnico de apoyo, según artículo 23.bis de la Ley 14/2011, de la Ciencia, la Tecnología y la Innovación (marzo-2025). [Cód. 2025-02021]",SUB_CONV,False,,,Contratacion personal investigador: proceso de empleo aunque publique extracto BDNS. Frontera RRHH,False,extracto,[],[],1.0,"La publicación es un extracto de una resolución relativa a la ""contratación de personal investigador"", lo cual cae bajo procesos selectivos y contratación laboral de personal (como indica la Regla 2 y el Ejemplo 1), excluyéndola del ámbito de subvenciones. El fragmento clave es: ""para la contratación de personal investigador y técnico de apoyo"".",61.926
73,dogc,"Resolución de 6 de febrero de 2025, por la que se abre la convocatoria 2025 para la concesión de subvenciones en régimen de concurrencia competitiva para la programación internacional de la creación artística catalana en el ámbito de las artes visuales, el diseño y la arquitectura (ref. BDNS 813471)",SUB_CONV,True,SUB_CONV,sector_cultura,Abre convocatoria programacion internacional artes visuales,True,resolución,"[""SUB_CONV""]","[""sector_cultura""]",0.95,"El acto es una ""Resolución"" que ""se abre la convocatoria 2025 para la concesión de subvenciones"", lo que indica claramente la fase de convocatoria (SUB_CONV). El sector destinatario se identifica explícitamente con ""programación internacional de la creación artística catalana en el ámbito de las artes visuales, el diseño y la arquitectura"", correspondiendo al sector cultura.",63.134
74,bopa,"Extracto de la Resolución de 26 de febrero de 2025, de la Consejería de Presidencia, Reto Demográfico, Igualdad y Turismo, por la que se autoriza el gasto y se aprueba la convocatoria pública de ayudas individuales para asturianos y asturianas y descendientes residentes en el exterior para el año 2025. [Cód. 2025-01925]",SUB_CONV,True,SUB_CONV,sector_social,Extracto. Ayudas individuales asturianos en el exterior,True,resolución,"[""SUB_CONV""]",[],0.98,"Es un EXTRACTO que aprueba y convoca ayudas (se autoriza el gasto y se aprueba la convocatoria pública de ayudas individuales), por lo que solo aplica SUB_CONV según la regla extracto. No hay señal explícita del sector destinatario en la descripción proporcionada, por lo que subcategories queda vacía.",58.685
75,dogv,"EXTRACTO de la Resolución de 31 de enero de 2025, por la que se convocan para el ejercicio 2025 las subvenciones relativas a la concesión de plazas para estancias en balnearios de la Comunitat Valenciana (Programa de termalismo valenciano).",SUB_CONV,True,SUB_CONV,sector_social,Extracto. Termalismo plazas balnearios,True,resolución,"[""SUB_CONV""]",[],0.95,"Es un EXTRACTO, por lo que según la regla crítica, solo puede etiquetarse como SUB_CONV. El fragmento ""se convocan... las subvenciones"" confirma la convocatoria. No se menciona sector específico explícitamente en el texto proporcionado, así que las subcategorías permanecen vacías.",58.767
76,doe,"Extracto de la Resolución de 16 de diciembre de 2024, de la Secretaría General, por la que se efectúa convocatoria de ayudas a las inversiones materiales e inmateriales en instalaciones de transformación y en infraestructuras vitivinícolas, así como en estructuras e instrumentos de comercialización, dentro de la Intervención Sectorial Vitivinícola en el marco del Plan Estratégico de la Política Agraria Común, correspondiente al ejercicio 2025.",SUB_CONV,True,SUB_CONV,sector_agricultura,Extracto. Inversiones vitivinicolas,True,resolución,"[""SUB_CONV""]","[""sector_agricultura""]",0.98,"Es un ""EXTRACTO"" que efectúa la ""convocatoria de ayudas"" (señal SUB_CONV) en el ámbito del sector vitivinícola/agro, que corresponde al sector_agricultura (inversiones en infraestructuras vitivinícolas).",56.834
77,bon,"Extracto de convocatoria de ayudas económicas a la participación de grupos, peñas y asociaciones en el desfile de carnaval 2025",SUB_CONV,True,SUB_CONV,sector_cultura,Extracto. Ayudas desfile carnaval,True,extracto,"[""SUB_CONV""]","[""sector_cultura""]",0.95,"La descripción es un ""Extracto de convocatoria de ayudas económicas"", lo que según la regla crítica de extractos, solo permite etiquetar SUB_CONV a pesar de que el acto original pueda aprobar bases. El fragmento ""ayudas económicas a la participación de grupos, peñas y asociaciones en el desfile de carnaval"" identifica claramente el sector cultura.",59.119
78,dogv,"EXTRACTO de la Resolución de 4 de diciembre de 2024, del Vicerrectorado de Innovación y Transferencia de la Universitat de València, por la que se convocan y publican las bases del concurso universitario para implementar soluciones urbanas sostenibles para las ciudades del futuro «Ford phylantropy Smart mobility challenge», en colaboración con Ford Philantropy.",SUB_CONV,True,SUB_CONV,sector_educacion,Extracto BDNS aunque publique bases. Concurso universitario con premio,True,extracto,"[""SUB_CONV""]","[""sector_educacion""]",0.98,"La descripción contiene ""EXTRACTO"", lo que por regla crítica implica ÚNICAMENTE la categoría SUB_CONV, aunque el acto extractado mencione bases. El fragmento ""se convocan"" activa claramente la etiqueta SUB_CONV. La colaboración con una universidad y la denominación de ""concurso universitario"" indica el sector educativo.",59.566
79,doe,"Extracto de las ayudas PAC campaña 2025/2026, ""Pago de compensación para zonas con limitaciones naturales significativas"" según Resolución de 27 de enero de 2025, de la Secretaría General.",SUB_CONV,True,SUB_CONV,sector_agricultura,Extracto. PAC zonas con limitaciones naturales,True,extracto,"[""SUB_CONV""]","[""sector_agricultura""]",0.95,"Es un ""EXTRACTO"" que da publicidad a las ayudas PAC (Pago de compensación para zonas con limitaciones naturales significativas), lo cual implica convocatoria pública. El término ""ayudas PAC"" señala claramente el sector agrícola. Según la Regla Extracto, aunque el acto subyacente pueda aprobar bases, en extracto solo se etiqueta SUB_CONV.",59.259
80,docm,"Resolución de 04/02/2025, del Instituto de Promoción Exterior de Castilla-La Mancha, por la que se aprueba la convocatoria de concesión de subvenciones para la participación en la visita Feria Summer Fancy Food Show 2025, al amparo de la Orden 152/2022, de 29 de julio, de la Consejería de Economía, Empresas y Empleo, por la que se establecen las bases reguladoras de las ayudas para la participación agrupada en acciones de internacionalización convocadas por el Instituto de Promoción Exterior de Castilla-La Mancha. Extracto BDNS (Identif.): 813085.",SUB_CON,True,SUB_CONV,sector_industria,Convocatoria de concesion: el acto convoca. Feria internacionalizacion,True,resolución,"[""SUB_CONV""]","[""sector_industria"", ""sector_empleo""]",0.95,"La descripción incluye la frase ""se aprueba la convocatoria de concesión de subvenciones"", que indica claramente una fase de convocatoria (SUB_CONV). Aunque hace referencia a las bases reguladoras, estas son aprobadas en otro acto normativo (la Orden citada) y no como parte del objeto directo de esta resolución. El texto también implica apoyo a la internacionalización empresarial, lo cual se alinea con los sectores de industria y empleo.",69.688
81,dogc,"Resolución PLG/615/2025, de 23 de febrero, por la que se da publicidad al Acuerdo del Consejo de Administración de la Oficina de Apoyo a la Iniciativa Cultural por el que se aprueban las bases específicas que deben regir la concesión de subvenciones para promover el conocimiento y el uso del occitano, aranés en Arán, en Cataluña para el año 2025",SUB_CON,True,SUB_BASE,sector_cultura,Aprueba bases especificas de concesion occitano. No convoca,True,resolución,"[""SUB_BASE""]","[""sector_cultura""]",0.95,"La descripción indica que la resolución ""se da publicidad al Acuerdo... por el que se aprueban las bases específicas que deben regir la concesión de subvenciones"". El fragmento clave es ""se aprueban las bases específicas"", lo que confirma la fase SUB_BASE. Además, el objetivo es ""promover el conocimiento y el uso del occitano, aranés"", lo que clasifica claramente el sector como sector_cultura.",66.31
82,bopa,"Resolución de 19 de febrero de 2025, de la Consejería de Presidencia, Reto Demográfico, Igualdad y Turismo, por la que se somete a trámite de información pública la Propuesta de Resolución por la que se aprueban las bases reguladoras para la concesión de subvenciones para la conciliación de la vida laboral, personal y familiar en el Principado de Asturias. [Cód. 2025-01406]",SUB_CON,True,SUB_BASE,sector_social,Informacion publica de propuesta de bases: fase previa de bases. Conciliacion,True,resolución,"[""SUB_BASE""]","[""sector_social""]",0.95,"La descripción indica que la resolución ""aprueba las bases reguladoras para la concesión de subvenciones"". El fragmento clave es ""por la que se aprueban las bases reguladoras"", que define claramente un acto de aprobación de bases (SUB_BASE). La naturaleza de la ayuda (""conciliación de la vida laboral, personal y familiar"") encaja con el sector social. No hay indicativo de convocatoria simultánea ni de concesión directa, por lo que se clasifica como SUB_BASE.",69.639
83,dogc,Edicto sobre convocatoria para la concesión de subvenciones en régimen de concurrencia competitiva destinadas a niños y jóvenes inscritos en un programa deportivo durante el año 2025,SUB_CON,True,SUB_CONV,sector_deporte,Convocatoria concesion subvenciones programa deportivo,True,edicto,"[""SUB_CONV""]","[""sector_deporte"", ""sector_empleo""]",0.92,"""Edicto sobre convocatoria para la concesión de subvenciones"": el texto indica claramente que se trata de una publicación relativa a la convocatoria de subvenciones (SUB_CONV). Las menciones a ""niños y jóvenes"" y un ""programa deportivo"" permiten inferir los sectores destinatarios sector_empleo (jóvenes) y sector_deporte.",62.397
84,dogv,"RESOLUCIÓN de 30 de enero de 2025, de la Dirección General de Cultura, de ampliación para los municipios de Barxeta y Xeraco de los plazos de ejecución y de justificación establecidos por la Resolución de 14 de octubre de 2024, del director general de Cultura, por la que se convoca la concesión de subvenciones destinadas a financiar la reforma y modernización de instalaciones y equipamiento de espacios escénicos existentes en 2024.",SUB_CON,True,SUB_CONV,sector_cultura,Ampliacion plazos de convocatoria: acto sobre convocatoria. Espacios escenicos,True,resolución,"[""SUB_CONV""]","[""sector_cultura""]",0.95,"El texto indica que se realiza una ""ampliación para los municipios... de los plazos de ejecución y de justificación establecidos por la Resolución... por la que se convoca la concesión de subvenciones..."", lo cual es una gestión de convocatoria (SUB_CONV) con extensión temporal. La denominación y el objeto de las ayudas (""reforma y modernización de instalaciones y equipamiento de espacios escénicos"") sitúan a los beneficiarios en el sector cultura.",66.31
85,dog,"RESOLUCIÓN de 5 de febrero de 2025, del Departamento Territorial de Ourense, por la que se conceden las autorizaciones administrativas previa y de construcción y se declara, en concreto, de utilidad pública, a los efectos de la urgente ocupación, una instalación eléctrica en el ayuntamiento de Allariz (expediente IN407A 2024/119-3).",SUB_CON,False,,,Autorizacion administrativa instalacion electrica y DUP: dominio B0 no subvencion,False,resolución,[],[],1.0,"La publicación es una resolución sobre concesión de autorizaciones administrativas y declaración de utilidad pública para obras, no implica subvenciones, ayudas o becas con dotación económica. No hay términos clave relacionados con subsidios o ayudas públicas.",53.141
86,doe,"Resolución de 23 de diciembre de 2024, de la Dirección General de Desarrollo Rural, de concesión directa de una subvención a la Cámara Oficial de Comercio, Industria y Servicios de Badajoz para el desarrollo del programa ""Relevo empresarial en espacios con especiales dificultades demográficas en la provincia de Badajoz"", en las anualidades 2025 y 2026, con cargo al Fondo de Cohesión y Transformación Territorial (FCT).",SUB_CON,True,SUB_CON,sector_industria,Concesion directa a Camara de Comercio,True,resolución,"[""SUB_CON""]","[""sector_industria"", ""sector_empleo""]",0.95,"La descripción indica una ""Resolución... de concesión directa de una subvención"" a una Cámara de Comercio e Industria para el desarrollo del programa ""Relevo empresarial"". El texto cita explícitamente ""concesión directa"", lo que enmarca la ayuda dentro de la fase de SUB_CON. Los sectores destinatarios son claramente sector_industria (Cámara de Comercio, Industria) y sector_empleo (programa de requalificación/renovación empresarial).",68.186
87,dogc,"Orden PRE/5/2025, de 23 de enero, de modificación de la Orden PRE/16/2024, de 29 de enero, por la que se aprueban las bases reguladoras del procedimiento de concesión de subvenciones para actuaciones destinadas a fomentar la digitalización de las administraciones locales con competencias en la gestión del ciclo urbano del agua, en municipios de entre 5.000 y 20.000 habitantes, en el marco del Plan de recuperación, transformación y resiliencia, financiado por los fondos europeos Next Generation",SUB_CON,True,SUB_BASE,,Modificacion de orden de bases: hereda SUB_BASE. Digitalizacion ciclo agua sin sector,True,orden,"[""SUB_BASE""]",[],0.95,"La orden aprueba las bases reguladoras (""se aprueban las bases reguladoras""), lo cual corresponde a la categoría SUB_BASE. Aunque menciona fondos europeos, no se especifica el sector destinatario en la descripción, por lo que subcategorías vacía es apropiado. La confianza es alta debido a la mención explícita de ""bases reguladoras"".",62.174
88,borm,"Decreto n.º 15/2025, de 6 de marzo, por el que se establecen las normas especiales reguladoras de la concesión directa de subvención a la Federación de Autismo de la Región de Murcia (FAUM), destinada a financiar actuaciones complementarias de apoyo al alumnado con trastorno del espectro autista (TEA) para 2025.",SUB_CON,True,SUB_CON,"sector_social, sector_educacion",Decreto concesion directa FAUM autismo alumnado TEA,True,decreto,"[""SUB_CON""]","[""sector_educacion""]",0.95,"El acto es un ""Decreto... por el que se establecen las normas especiales reguladoras de la concesión directa"", lo cual según la regla 5 implica una concesión sin convocatoria (solo SUB_CON). El texto también indica claramente que financia actuaciones para apoyar al alumnado con TEA, situándolo en el sector educación.",60.477
89,boc,Concesión de subvenciones en régimen de concurrencia competitiva a favor de asociaciones de personas mayores. Expediente 2024/9085T.,SUB_CON,True,SUB_CON,sector_social,Concesion subvenciones asociaciones mayores,True,notificación,"[""SUB_CON""]","[""sector_social""]",0.95,"El texto menciona ""Concesión de subvenciones"", lo que indica la fase de concesión (SUB_CON). Además, la ayuda está dirigida a ""asociaciones de personas mayores"", lo cual encaja claramente en el sector social. La referencia al expediente 2024/9085T refuerza que se trata de un acto administrativo específico sobre una subvención concreta.",61.791
90,dog,"RESOLUCIÓN de 31 de octubre  de 2024 por la que se establecen las bases reguladoras y se anuncia la convocatoria, mediante tramitación anticipada de gasto, del procedimiento de concesión de subvenciones para proyectos de mejora energética, dirigido a autónomos y pymes del sector servicios (programa Bono energía pyme), anualidad 2025 (código de procedimiento IN417Z).",SUB_CON,True,"SUB_BASE, SUB_CONV","sector_renovable, sector_industria",Acto completo: bases y convocatoria. Bono energia pyme,True,resolución,"[""SUB_CONV"", ""SUB_BASE""]","[""sector_industria"", ""sector_investigacion""]",0.95,"El texto describe una Resolución que tanto establece bases reguladoras como anuncia la convocatoria para subvenciones de mejora energética (""se establecen las bases reguladoras y se anuncia la convocatoria""). Los destinatarios son autónomos y pymes del sector servicios, con enfoque en eficiencia energética (""mejora energética""), lo que conecta con los sectores industria e investigación.",63.946
91,dogc,"Resolución CLT/636/2025, de 27 de febrero, por la que se da publicidad al Acuerdo del Consejo de Administración del Instituto Catalán de las Empresas Culturales, de cuarta modificación de las bases específicas que regirán la concesión de subvenciones para compensar el déficit de explotación por la exhibición de montajes teatrales de carácter profesional",SUB_CON,True,SUB_BASE,sector_cultura,Modificacion bases especificas: hereda SUB_BASE. Teatro,True,resolución,"[""SUB_BASE""]","[""sector_cultura"", ""sector_industria""]",0.85,"La publicación es una resolución que da publicidad a un acuerdo de modificación de bases para la concesión de subvenciones en el sector cultural (teatro profesional) e industria empresarial (Instituto Catalán de las Empresas Culturales). El texto explícitamente menciona ""cuarta modificación de las bases específicas"" y ""concesión de subvenciones"", lo que indica una fase de bases reguladoras modificadas. No hay indicios de convocatoria, concesión directa o reintegro.",69.915
92,doe,"Extracto de las ayudas PAC campaña 2025/2026, de la solicitud de concesión de ayuda y pago en su primer año de compromisos de la intervención ""Compromisos agroambientales en superficies agrarias. Apicultura para la biodiversidad"", según Resolución de 27 de enero de 2025, de la Secretaría General.",SUB_CON,True,SUB_CONV,sector_agricultura,Extracto. Solicitud concesion y pago agroambientales apicultura,True,solicitud,"[""SUB_CONV""]","[""sector_agricultura"", ""sector_renovable""]",0.95,"El texto indica que es un ""Extracto"" relacionado con la gestión de una solicitud de ayuda (SUB_CONV). Se menciona explícitamente la intervención sobre superficies agrarias y apicultura, señalando claramente los sectores agricultura y renovable (biodiversidad/ecosistemas).",59.961
93,dogc,"Resolución CLT/266/2025, de 29 de enero, por la que se da publicidad al Acuerdo del Consejo de Administración del Instituto Catalán de las Empresas Culturales por el que se aprueba la modificación de las bases específicas que deben regir la concesión de subvenciones a proyectos de pódcast en catalán u occitano de ficción narrativa o de temática cultural",SUB_CON,True,SUB_BASE,sector_cultura,Modificacion bases especificas podcast,True,resolución,"[""SUB_BASE""]","[""sector_cultura"", ""sector_industria""]",0.95,"La descripción indica que la resolución da publicidad a un acuerdo que aprueba la modificación de las bases específicas para la concesión de subvenciones a proyectos de pódcast y ficción cultural, lo cual encaja claramente con el acto administrativo de modificar bases reguladoras (SUB_BASE). Además, menciona explícitamente ""pódcast"" y ""ficción narrativa o de temática cultural"", asignando las subcategorías sector_cultura y sector_industria. El fragmento clave es: ""se aprueba la modificación de las bases específicas que deben regir la concesión de subvenciones"".",76.101
94,boja,"Orden de 24 de febrero de 2025, por la que se aprueban las bases reguladoras para la concesión de subvenciones, en régimen de concurrencia no competitiva, para apoyar los costes de gestión, seguimiento y evaluación de las estrategias de desarrollo local y su animación de los Grupos de Desarrollo Rural de Andalucía, en el marco de la Intervención 7119.4 LEADER del Plan Estratégico de la Política Agrícola Común 2023-2027 de España.",SUB_CON,True,SUB_BASE,sector_agricultura,Aprueba bases LEADER GDR. No convoca,True,orden,"[""SUB_BASE""]","[""sector_agricultura""]",0.95,"La orden aprueba bases reguladoras para subvenciones vinculadas al desarrollo local y Grupos de Desarrollo Rural, señal explícita en ""aprueban las bases reguladoras... estrategias de desarrollo local"". El texto no incluye convocatoria ni concesión, solo aprobación de bases. Sector agrícola inferible por ""LEADER"", ""Grupos de Desarrollo Rural"" y contexto rural/terciario agroalimentario.",65.451
95,bopa,"Resolución de 13 de enero de 2025, de la Consejería de Medio Rural y Política Agraria, por la que se conceden ayudas acogidas al régimen de mínimis y destinadas a explotaciones apícolas. [Cód. 2025-00351]",SUB_CON,True,SUB_CON,sector_agricultura,Conceden ayudas minimis apicolas,True,resolución,"[""SUB_CON""]","[""sector_agricultura""]",0.98,"El texto indica ""se conceden ayudas acogidas al régimen de mínimis"", lo que corresponde a una concesión (SUB_CON). El sector es claramente el apícola, encuadrándose en agricultura (sector_agricultura). La confianza es alta ya que los términos son explícitos.",55.753
96,docm,"Resolución de 18/12/2024, de la Dirección General de Autónomos, Trabajo y Economía Social, por la que se aprueba la convocatoria pública de concesión de subvenciones con cargo al Fondo de Ayuda Sindical, para el ejercicio 2025. Extracto BDNS (Identif.): 804295.",SUB_CON,True,SUB_CONV,sector_empleo,Aprueba convocatoria de concesion Fondo Ayuda Sindical: el acto convoca,True,resolución,"[""SUB_CONV""]","[""sector_empleo""]",0.95,"La descripción indica ""se aprueba la convocatoria pública de concesión de subvenciones"", señal explícita para SUB_CONV. El sector es empleo por referencia a ""Fondo de Ayuda Sindical"" y ámbito laboral/económico. Aunque menciona ""aprobación de bases"", el acto convoca explícitamente, por lo que se asigna [SUB_CONV].",62.5
97,boib,"Resolución de concesión de subvenciones destinadas a personas físicas, agrupaciones de personas físicas, explotaciones agrarias, comunidades de bienes, comunidades y asociaciones de regantes, entidades sin ánimo de lucro, para la recuperación de elementos etnológicos y arquitectónicos con valor patrimonial y para la recuperación del paisaje agrícola y su entorno que estén situados dentro del ámbito territorial de la Sierra de TramUntana (SV 1/2024 - Ampliación)",SUB_CON,True,SUB_CON,"sector_cultura, sector_agricultura",Resolucion de concesion patrimonio etnologico y paisaje agricola,True,resolución,"[""SUB_CON""]","[""sector_agricultura"", ""sector_cultura""]",0.98,"El fragmento ""Resolución de concesión de subvenciones"" identifica claramente la fase de concesión (SUB_CON). El objeto de las ayudas menciona explícitamente la recuperación de elementos etnológicos y arquitectónicos (sector_cultura) y la recuperación del paisaje agrícola (sector_agricultura), activando ambas subcategorías.",62.229
98,dogc,"Resolución de 28 de febrero de 2025, por la que se abre la 1.ª convocatoria del año 2025 para la concesión de subvenciones en régimen de concurrencia no competitiva a la movilidad del profesorado de estudios catalanes en universidades del exterior (ref. BDNS 817641)",SUB_CON,True,SUB_CONV,sector_educacion,Abre convocatoria movilidad profesorado universitario,True,resolución,"[""SUB_CONV""]","[""sector_educacion""]",0.98,"El texto indica explícitamente ""se abre la 1.ª convocatoria del año 2025 para la concesión de subvenciones..."", lo que identifica claramente el acto como una convocatoria. El sector destinatario es el ""sector_educacion"" debido a la mención a la ""movilidad del profesorado de estudios catalanes en universidades"".",61.52
99,dogc,"Resolución CLT/147/2025, de 21 de enero, por la que se da publicidad al Acuerdo del Consejo de Administración de la Oficina de Apoyo a la Iniciativa Cultural por el que se aprueban las bases específicas que deben regir la concesión de subvenciones para la organización de eventos de contenido cultural digital en Cataluña",SUB_CON,True,SUB_BASE,sector_cultura,Aprueba bases especificas eventos cultura digital,True,resolución,"[""SUB_BASE""]","[""sector_cultura""]",0.95,"La descripción indica claramente ""se aprueban las bases específicas que deben regir la concesión de subvenciones"", lo cual corresponde a la fase de aprobación de bases (SUB_BASE). Además, el contexto se refiere a ""organización de eventos de contenido cultural digital en Cataluña"", indicando el sector cultura. No hay mención explícita de una convocatoria directa en este acto (solo aprobación de las bases), por lo que no aplica SUB_CONV.",65.997
100,bon,Extracto de convocatoria que regula la solicitud y concesión de subvenciones por la realización de actividades extraescolares en y con euskera curso 2024-2025,SUB_CON,True,SUB_CONV,"sector_educacion, sector_cultura",Extracto convocatoria extraescolares en euskera,True,convocatoria,"[""SUB_CONV""]","[""sector_educacion""]",0.95,"El texto es un ""EXTRACTO de convocatoria"", por lo cual, aunque menciona la concesión, su fase única y relevante es la convocatoria (SUB_CONV). Se identifica como subcategoría sector_educación por la referencia a ""actividades extraescolares"" en el contexto educativo del curso 2024-2025.",59.379
101,bopa,"Corrección de error habido en la publicación de “Resolución de 30 de diciembre de 2024, de la Agencia de Ciencia, Competitividad Empresarial e Innovación Asturiana, por la que se resuelve la convocatoria para la concesión de subvenciones dirigidas a la ejecución de Proyectos de I+D en el Principado de Asturias para el ejercicio 2024 (programa RIS3-Empresa).” (Boletín Oficial del Principado de Asturias número 7, de 13 de enero de 2025). [Cód. 2025-00267]",SUB_CON,True,SUB_CON,sector_investigacion,Correccion de error de resolucion de concesion: hereda SUB_CON. I+D,True,corrección_errores,"[""SUB_CON""]","[""sector_investigacion""]",0.98,"La descripción es una ""Corrección de error"" sobre una ""Resolución... por la que se resuelve la convocatoria para la concesión de subvenciones"". Según la regla 6, las correcciones heredan la etiqueta del acto original. El acto original resuelve una concesión (SUB_CON) y está dirigido a ""Proyectos de I+D"", lo que indica el sector investigación.",67.749
102,borm,"Decreto n.º 13/2025 de 6 de marzo, por el que se establecen las normas especiales reguladoras de la concesión directa de una subvención a los ayuntamientos de la Región de Murcia para la realización de actuaciones destinadas a la reducción del absentismo escolar y a la inclusión del alumnado en situación de vulnerabilidad socioeducativa en la Comunidad Autónoma de la Región de Murcia cofinanciadas por el FSE+.",SUB_CON,True,SUB_CON,"sector_educacion, sector_social",Decreto concesion directa absentismo escolar,True,decreto,"[""SUB_CON""]","[""sector_educacion"", ""sector_social""]",0.95,"El texto indica explícitamente que es una ""concesión directa"" mediante un decreto, lo cual se clasifica como SUB_CON según la regla 5 para concesiones directas por decreto. Además, las actuaciones están dirigidas a la ""reducción del absentismo escolar y a la inclusión del alumnado"", señalando claramente el sector educación (sector_educacion) y la inclusión de vulnerable, señalando el sector social (sector_social).",69.692
103,boib,"Propuesta de resolución provisional del director general de Economía Circular, Transición Energética y Cambio Climático por la que se conceden las subvenciones en el marco de la convocatoria pública de subvenciones para actuaciones de soporte a la movilidad eléctrica (Programa MOVES III) en el marco del Plan de Recuperación, Transformación y Resiliencia Europeo financiado por la Unión Europea-NextGenerationEU",SUB_CON,True,SUB_CON,sector_renovable,Propuesta resolucion provisional de concesion MOVES III,True,resolución,"[""SUB_CONV""]","[""sector_industria"", ""sector_renovable""]",0.95,"""Propuesta de resolución provisional... por la que se conceden las subvenciones en el marco de la convocatoria pública..."" indica que es una propuesta para convocar/conceder ayudas (SUB_CONV). Los sectores son ""movilidad eléctrica"" (sector_renovable) y soportes a esa movilidad (sector_industria/pymes), además de estar vinculadas a NextGenerationEU (contexto europeo de transformación energética).",67.707
104,boa,"CORRECCIÓN de errores del Extracto de la Orden EMC/1701/2024, de 5 de diciembre, por la que se convocan para el año 2025, las subvenciones reguladas en la Orden EEI/340/2024, de 5 de abril, por la que se establecen las bases reguladoras para la concesión de subvenciones del Programa para el fomento y consolidación del empleo autónomo.",SUB_CON,True,SUB_CONV,sector_empleo,Correccion de errores de extracto de convocatoria: hereda SUB_CONV. Empleo autonomo,True,corrección_errores,"[""SUB_CONV""]","[""sector_empleo""]",0.95,"Es una ""CORRECCIÓN de errores"" del extracto que ""convoca las subvenciones"" para el año 2025; según la regla crítica, las correcciones heredan la fase del acto original (SUB_CONV). El texto menciona explícitamente ""fomento y consolidación del empleo autónomo"", lo cual encaja con sector_empleo.",64.643
105,doe,"Resolución de 27 de enero de 2025, de la Secretaría General, por la que se da publicidad al Convenio entre la Consejería de Economía, Empleo y Transformación Digital, a través del Servicio Extremeño Público de Empleo, y la Autoescuela Eulogio López, SL, para la adhesión al programa de ayudas regulado en el Decreto 113/2024, de 10 de septiembre, por el que se establecen las bases reguladoras para la concesión de subvenciones del programa ""Bono formación del sector del transporte"", destinado a la mejora de la empleabilidad de personas desempleadas y ocupadas en el sector del transporte de mercancías y de viajeros y se aprueba la primera convocatoria.",SUB_CON,False,,,Convenio adhesion entidad colaboradora sin acto de concesion,True,resolución,"[""SUB_CONV""]","[""sector_empleo"", ""sector_industria""]",0.85,"Es una Resolución que publica un Convenio para la adhesión a un programa de ayudas y aprueba la primera convocatoria (""se aprueba la primera convocatoria""). El texto cita ""bases reguladoras"" pero solo como referencia del programa, no como objeto del acto de esta resolución. Las subcategorías sector_empleo y sector_industria se infieren por el destino a mejora de empleabilidad (""empleabilidad de personas desempleadas"") y el sector de transporte del vehículo y mercancías (industria).",73.288
106,boa,"EXTRACTO de la Orden EMC/192/2025, de 10 de febrero, por la que se convocan para el año 2025 las subvenciones reguladas en la Orden EEI/709/2024, de 21 de junio, por la que se aprueban las bases reguladoras del Programa MEJORA para la concesión de subvenciones destinadas a la mejora de la empleabilidad de los jóvenes y para el relevo generacional en el mercado laboral aragonés.",SUB_CON,True,SUB_CONV,sector_empleo,Extracto. Programa MEJORA empleabilidad jovenes,True,orden,"[""SUB_CONV""]","[""sector_empleo""]",0.95,"El texto es un ""EXTRACTO"" de una orden que ""se convocan... las subvenciones"", lo que indica claramente la fase de convocatoria. Además, el objetivo es la ""mejora de la empleabilidad"", señal explícita del sector empleo. Según la regla crítica, los extractos solo etiquetan SUB_CONV.",60.364
107,bopv,"RESOLUCIÓN de 18 de febrero de 2025, de la Directora de Emakunde-Instituto Vasco de la Mujer, por la que se regulan las bases y se convoca la concesión de subvenciones, para el año 2025, a empresas, entidades privadas, cooperativas y entidades sin ánimo de lucro para la contratación de una consultora homologada tanto para la realización de un Diagnóstico sobre la igualdad de mujeres y hombres y un Plan para la igualdad, así como para la implantación de medidas contenidas en los planes para la igualdad, todo ello bajo el régimen de ayudas de minimis.
				
2025/00913",SUB_CON,True,"SUB_BASE, SUB_CONV",sector_social,Acto completo: regula bases y convoca. Planes igualdad empresas,True,resolución,"[""SUB_BASE"", ""SUB_CONV""]","[""sector_social""]",0.95,"La descripción indica que la Resolución ""se regulan las bases y se convoca la concesión de subvenciones"", lo cual implica dos fases: aprobación de bases y convocatoria. El fragmento clave es ""por la que se regulan las bases y se convoca la concesión de subvenciones"". Además, el objeto (contratación de consultoría para Diagnóstico sobre igualdad e implantación de medidas de planes para la igualdad) encaja claramente en sector_social.",72.133
108,doe,"Acuerdo de 21 de enero de 2025, del Consejero Delegado, por el que se realiza la convocatoria para la concesión de subvenciones por Extremadura Avante Servicios Avanzados a Pymes, SLU, para la participación en la formación práctica del programa de formación avanzada para técnicos de comercio exterior (Formacoex Plus), para las líneas ""Formacoex Plus Extremadura"" y ""Formacoex Plus Exterior"" para el ejercicio 2025.",SUB_CON,True,SUB_CONV,"sector_industria, sector_empleo",Convocatoria concesion Formacoex comercio exterior,True,acuerdo,"[""SUB_CONV""]",[],0.98,"La descripción indica explícitamente ""se realiza la convocatoria para la concesión de subvenciones"", lo que corresponde a la categoría SUB_CONV. El texto no asigna subcategorías de sector ya que el programa se dirige a técnicos de comercio exterior (no encaja perfectamente con sector_industria definido como industria/comercio/pymes/autónomos, y el objetivo es formación específica). No hay señal de aprobación de bases o reintegro.",65.282
109,boib,"Extracto de la Resolución de 4 de marzo de 2025 del presidente de la Agencia de Desarrollo Regional de las Illes Balears de las Islas Baleares por la que se aprueba la convocatoria para la concesión de ayudas de cheques de consultoría para la competitividad industrial de las Illes Balears en materia de digitalización, internacionalización, sostenibilidad y gestión avanzada",SUB_CON,True,SUB_CONV,sector_industria,Extracto. Cheques consultoria industrial,True,resolución,"[""SUB_CONV""]","[""sector_industria"", ""sector_investigacion""]",0.95,"La descripción identifica un ""Extracto de la Resolución... por la que se aprueba la convocatoria para la concesión de ayudas"", lo cual aplica la REGLA EXTRACTO (N3) y obliga a etiquetar únicamente como SUB_CONV, sin añadir SUB_BASE a pesar de mencionar las bases. El texto menciona explícitamente ""ayudas de cheques de consultoría para la competitividad industrial"" y materias como ""digitalización, internacionalización"", lo que apunta claramente al sector industria (""sector_industria"") y, dado el enfoque en consultoría y digitalización, también se puede inferir sector investigación (""sector_investigacion"").",78.035
110,dog,"RESOLUCIÓN de 12 de diciembre de 2024 por la que se da publicidad del acuerdo del Consejo de Dirección que aprueba las bases reguladoras de las ayudas a proyectos de inversión empresarial para el año 2025, cofinanciadas por la Unión Europea en el marco del programa Galicia Feder 2021-2027, y se procede a su convocatoria en régimen de concurrencia no competitiva (código de procedimiento IG408A).",SUB_BASE,True,"SUB_BASE, SUB_CONV",sector_industria,Acto completo: aprueba bases y convoca. Inversion empresarial,True,resolución,"[""SUB_CONV"", ""SUB_BASE""]","[""sector_industria""]",0.95,"La descripción indica que la resolución ""aprueba las bases reguladoras... y se procede a su convocatoria"", lo que activa tanto SUB_BASE (por aprobar bases) como SUB_CONV (por convocar). El fragmento clave es: ""aprueba las bases reguladoras... y se procede a su convocatoria"". Se identifica el sector industrial por la mención a ""proyectos de inversión empresarial"" y al programa ""Galicia Feder"", que apoya la industria.",68.131
111,docm,"Resolución de 20/01/2025, del Instituto de Promoción Exterior de Castilla-La Mancha, por la que se aprueba la convocatoria de concesión de subvenciones para la participación en la Feria IWA Outdoor Classics Nüremberg 2025, al amparo de la Orden 152/2022, de 29 de julio, de la Consejería de Economía, Empresas y Empleo, por la que se establecen las bases reguladoras de las ayudas para la participación agrupada en acciones de internacionalización convocadas por el Instituto de Promoción Exterior de Castilla-La Mancha. Extracto BDNS (Identif.): 810404.",SUB_BASE,True,SUB_CONV,sector_industria,Convocatoria de concesion: el acto convoca. Bases en orden previa. Feria IWA,True,resolución,"[""SUB_CONV""]","[""sector_empleo""]",0.95,"El fragmento ""se aprueba la convocatoria de concesión de subvenciones"" indica claramente una fase de convocatoria (SUB_CONV). El sector es el empleo, dado que se trata de ayudas para ""participación en acciones de internacionalización"" relacionadas con promoción exterior.",60.503
112,dog,"RESOLUCIÓN de 9 de enero de 2025, de la Secretaría General de la Emigración, por la que se publican las subvenciones concedidas al amparo de la Resolución de 29 de diciembre de 2023 por la que se aprueban las bases reguladoras para la concesión, en régimen de concurrencia no competitiva, de subvenciones para promover el autoempleo y la actividad emprendedora en la Comunidad Autónoma gallega de las personas emigrantes gallegas retornadas, y se procede a su convocatoria para el año 2024 (código de procedimiento PR937A).",SUB_BASE,True,SUB_CON,sector_empleo,Publica subvenciones concedidas: fase concesion. Autoempleo retornados,True,resolución,"[""SUB_CONV""]","[""sector_empleo""]",0.95,"La descripción indica ""por la que se publican las subvenciones concedidas..."", señal clara de concesión (SUB_CON), pero el texto también menciona explícitamente ""se procede a su convocatoria"", lo que implica una doble función: publicación de concesiones y gestión de la convocatoria. Además, el objeto es promover el autoempleo y la actividad emprendedora, correspondiente al sector empleo.",66.82
113,boib,"Bases reguladoras y convocatoria para la concesión, en el municipio de Calvià y para el año 2025, de subvenciones para la mejora estética y actuaciones dirigidas a la innovación y a la digitalización de establecimientos físicos en el término municipal de Calvià",SUB_BASE,True,"SUB_BASE, SUB_CONV",sector_industria,Acto completo: bases y convocatoria. Digitalizacion establecimientos,True,acuerdo,"[""SUB_BASE"", ""SUB_CONV""]","[""sector_industria""]",0.92,"El texto describe un acuerdo que aprueba las bases reguladoras y convoca la subvención (""Bases reguladoras y convocatoria para la concesión...""). El sector destinatario es el comercio/industria local de establecimientos físicos (""establecimientos físicos"", ""innovación y digitalización""). Como no está marcado como extracto, se reconocen ambas fases del ciclo.",61.251
114,dogc,"Anuncio sobre aprobación de las bases reguladoras de subvenciones destinadas a financiar inversiones, proyectos y/o actividades de las entidades inscritas en el Registro Municipal de Asociaciones de Montbrió del Camp",SUB_BASE,True,SUB_BASE,,Aprueba bases subvenciones asociaciones municipales sin sector claro,True,anuncio,"[""SUB_BASE""]",[],0.85,"El texto menciona ""Aprobación de las bases reguladoras de subvenciones"", lo cual indica claramente la fase de aprobación de bases (SUB_BASE). No se detecta explícitamente señal de convocatoria (ej. ""se convocan""), por lo que no se etiqueta SUB_CONV. La confianza es 0.85 porque la palabra ""bases"" es clave pero no se infiere el sector desde la descripción dada.",62.189
115,boca,"EXTRACTO de la Orden de 21 de febrero de 2025, por la que se modifican las Órdenes de 2 de diciembre de 2022 y de 7 de junio de 2024, relativas a las bases reguladoras y la convocatoria de subvenciones para financiar proyectos de eficiencia energética y economía circular de establecimientos que realicen la actividad de alojamiento turístico ubicados en el ámbito territorial de la Comunidad Autónoma de Canarias, correspondiente al Componente 14, Inversión 4, Submedida 2, dentro del Plan de Recuperación, Transformación y Resiliencia, financiado por la Unión Europea «Next Generation EU».",SUB_BASE,True,SUB_CONV,"sector_renovable, sector_industria",Extracto de modificacion de bases y convocatoria: criterio extracto=CONV. Eficiencia energetica turismo,True,orden,"[""SUB_CONV""]","[""sector_renovable"", ""sector_industria""]",0.85,"Es un EXTRACTO de una orden que modifica las bases y convoca subvenciones, por lo que según la Regla Extracto solo se etiqueta SUB_CONV. Los sectores derivados son renovable (eficiencia energética) e industria (economía circular), aunque el ámbito principal es el alojamiento turístico que no tiene categoría específica propia para asignar, pero sí implica sector económico/industrial.",67.845
116,boib,Bases reguladoras de la convocatoria y realización de las pruebas de aptitud para la obtención del permiso local de conductor 2025,SUB_BASE,False,,,Bases de pruebas de aptitud permiso conductor: no es ayuda,False,orden,[],[],1.0,"La publicación se refiere a ""pruebas de aptitud para la obtención del permiso local de conductor"", lo que corresponde a un proceso selectivo o oposiciones, no a una subvención, ayuda, beca o premio con dotación económica. Por tanto, no es relevante según los criterios definidos.",55.486
117,boib,Tercera convocatoria concurso Lab Oliver y aprobación de las bases reguladoras,SUB_BASE,True,"SUB_BASE, SUB_CONV",,Convocatoria y aprobacion bases concurso Lab Oliver. Verificar si premio con dotacion,True,orden,"[""SUB_BASE"", ""SUB_CONV""]",[],0.95,"El texto menciona explícitamente ""aprobación de las bases reguladoras"" (etiqueta SUB_BASE) y ""Tercera convocatoria concurso Lab Oliver"" que implica la gestión de la convocatoria (etiqueta SUB_CONV). La mención a un ""concurso"" también sugiere el sector industria/comercio, pero dado que no se especifica explícitamente como objetivo de la ayuda en este fragmento breve, la inferencia sobre subcategoría podría considerarse ambigua sin más detalles, por lo que es mejor dejar la lista vacía o verificar si ""Lab Oliver"" implica directamente un sector (en este caso, Lab suele referirse a Laboratorio, investigación o desarrollo, pero el término concreto no aparece en las categorías predefinidas de manera directa como 'investigación' a menos que sea explícito). Sin embargo, revisando la lista de subcategorías, 'sector_investigacion' es válida si hay una conexión clara. Dado que ""Lab"" es un acrónimo común para Laboratorio, y en contextos de ayuda pública los laboratorios suelen estar vinculados a I+D+i (investigación), se podría incluir. Pero siguiendo la instrucción de ""señal explícita"", el término ""concurso Lab Oliver"" no es una señal explícita de un sector definido como 'investigación' sin más contexto sobre qué son los Labs en este caso específico, aunque sea muy probable. Para ser estrictos con ""signo explícita"" y la lista de etiquetas, si no se dice ""para la investigación"", no lo asigno.",121.145
118,dogv,"RESOLUCIÓN parcial primera de concesión, de 18 de diciembre de 2024, de la Dirección General de Vivienda, de la convocatoria para la concesión de subvenciones reguladas mediante la Resolución de 28 de octubre de 2024, de la Vicepresidencia y Conselleria de Servicios Sociales, Igualdad y Vivienda, por la que se aprueban las bases reguladoras de las subvenciones para la realización del informe de evaluación de edificios de viviendas (IEEV.CV) y se convocan las subvenciones para el ejercicio 2024.",SUB_BASE,True,SUB_CON,sector_vivienda,Resolucion parcial de concesion IEEV,True,resolución,"[""SUB_CON""]","[""sector_vivienda"", ""sector_social""]",0.95,"La publicación es una ""RESOLUCIÓN parcial primera de concesión"" que publica las ayudas concedidas (""de la convocatoria para la concesión de subvenciones""), lo que indica claramente la fase SUB_CON. Las señales ""concesión"", ""subvenciones reguladas mediante... bases reguladoras de las subvenciones para la realización del informe de evaluación de edificios de viviendas (IEEV.CV)"" apuntan a sectores vivienda y social. La referencia a las bases anteriores es solo contextual, no indica que esta resolución apruebe o modifique bases (que sería SUB_BASE).",75.808
119,dog,EXTRACTO de la Orden de 4 de diciembre de 2024 por la que se establecen las bases reguladoras de las ayudas para paliar los daños ocasionados por el oso pardo y se convocan para el año 2025 (código de procedimiento MT815A).,SUB_BASE,True,SUB_CONV,sector_agricultura,Extracto BDNS aunque apruebe bases. Danos oso pardo,True,orden,"[""SUB_CONV""]",[],0.95,"La descripción indica que es un ""EXTRACTO"" de una orden que aprueba bases y convoca ayudas, por lo que según la regla crítica de extractos, la etiqueta única es SUB_CONV. No se infiere un sector específico (como agricultura o naturaleza) del texto proporcionado, dejando la lista de subcategorías vacía.",57.127
120,boja,"Resolución de 25 de febrero de 2025, de la Universidad Pablo de Olavide, por la que se establecen las bases reguladoras para la contratación laboral prevista en la Ley 14/2011, de 1 de junio, de la Ciencia, la Tecnología y la Innovación, y se convoca a concurso público un contrato de actividades científico-técnicas.",SUB_BASE,False,,,Bases y concurso para contratacion laboral Ley Ciencia: empleo no subvencion. Frontera RRHH,False,resolución,[],[],0.98,"La publicación es una ""Resolución... por la que se establecen las bases reguladoras para la contratación laboral prevista en la Ley 14/2011, de la Ciencia... y se convoca a concurso público un contrato"". Según la definición de dominio, los procesos selectivos, oposiciones, bolsas de trabajo y sus bases reguladoras (incluyendo contratos de actividades científico-técnicas bajo la LCI) son irrelevantes (is_relevant=False). El texto menciona ""se convoca"" y ""bases reguladoras"", pero se trata de una convocatoria para contratación laboral de personal investigador, que queda excluida del ámbito relevante.",75.133
121,bon,RESOLUCIÓN 1065/2024 de 31 de diciembre del director general de Agricultura y Ganadería que aprueba las bases reguladoras y la convocatoria de subvenciones a la suscripción de los seguros agrarios incluidos en el Plan de Seguros Agrarios Combinados de 2025 (46.º Plan). Identificación BDNS: 809575.,SUB_BASE,True,"SUB_BASE, SUB_CONV",sector_agricultura,Acto completo: aprueba bases y convocatoria. Seguros agrarios,True,resolución,"[""SUB_BASE"", ""SUB_CONV""]","[""sector_agricultura""]",0.98,"La resolución aprueba las bases reguladoras y la convocatoria de subvenciones a seguros agrarios, citando explícitamente ""aprueba las bases reguladoras y la convocatoria de subvenciones"" (disparador SUB_BASE + SUB_CONV) y se dirige al sector agrícola (""seguros agrarios"", ""Plan de Seguros Agrarios"") (sector_agricultura).",63.678
122,bopa,"Resolución de 13 de febrero de 2025, de la Consejería de Medio Rural y Política Agraria, de modificación de las bases reguladoras del procedimiento de concesión de las subvenciones de la Intervención Sectorial Apícola en el marco del Plan Estratégico Nacional de la Política Agrícola Común (PEPAC). [Cód. 2025-01291]",SUB_BASE,True,SUB_BASE,sector_agricultura,Modificacion de bases: hereda SUB_BASE. Apicola PEPAC,True,modificación,"[""SUB_BASE""]","[""sector_agricultura""]",0.98,"La descripción indica una ""modificación de las bases reguladoras"" del procedimiento de concesión de subvenciones, lo cual es explícitamente SUB_BASE. El sector destinatario es claramente ""sector_agricultura"" por los términos ""Intervención Sectorial Apícola"" y ""Política Agrícola Común"".",59.915
123,doe,"Resolución de 7 de diciembre de 2024, de la Secretaría General de Empleo, de concesión de ayudas solicitadas al amparo del Decreto 168/2022, de 30 de diciembre, por el que se establecen las bases reguladoras de las subvenciones para el fomento, consolidación y modernización del empleo autónomo en el ámbito de la Comunidad Autónoma de Extremadura y se aprueba la primera convocatoria de las ayudas de los Programas I, II, III y IV. (DOE de 14 de febrero de 2023. Núm. 31), modificado por el Decreto-ley 4/2023, de 12 de septiembre, por el que se aprueban medidas urgentes para reducir la carga tributaria soportada por los contribuyentes, se amplían las ayudas al acogimiento familiar, se incrementan las ayudas a los nuevos autónomos y se conceden ayudas directas a los productores de cerezas. (DOE núm. 178, de 15 de septiembre de 2023).",SUB_BASE,True,SUB_CON,sector_empleo,Resolucion de concesion al amparo de bases previas. Empleo autonomo,True,resolución,"[""SUB_CON""]","[""sector_empleo""]",0.98,"La descripción indica una ""Resolución... de concesión de ayudas solicitadas"" (señal clara de SUB_CON). El sector es claramente el empleo (""fomento, consolidación y modernización del empleo autónomo"") en Extremadura. La referencia al Decreto de bases es solo contexto (""al amparo de""), no define el objeto del acto actual que es conceder las ayudas.",69.941
124,boe,"Orden CNU/161/2025, de 7 de febrero, por la que se aprueban las bases reguladoras para la concesión de ayudas públicas por el Centro para el Desarrollo Tecnológico y la Innovación, E.P.E., en el marco del Plan Estatal de Investigación Científica y Técnica y de Innovación 2024-2027.",SUB_BASE,True,SUB_BASE,sector_investigacion,Aprueba bases CDTI Plan Estatal I+D+i. No convoca,True,orden,"[""SUB_BASE""]","[""sector_investigacion""]",0.98,"El texto indica ""se aprueban las bases reguladoras para la concesión de ayudas públicas"", lo cual corresponde a SUB_BASE. El fragmento ""Plan Estatal de Investigación Científica y Técnica y de Innovación"" señala explícitamente el sector investigador como destinatario, asignando la subcategoría sector_investigacion.",55.568
125,boc,"Orden IND/9/2025, de 5 de marzo, por la que se modifica la Orden EPS/3/2021, de 18 de marzo, por la que se establecen las bases reguladoras para la concesión de subvenciones destinadas a la inserción sociolaboral en empresas de inserción.",SUB_BASE,True,SUB_BASE,"sector_social, sector_empleo",Modifica bases insercion sociolaboral,True,orden,"[""SUB_BASE""]","[""sector_social""]",0.95,"La descripción indica que la orden ""modifica"" una anterior Orden que ""establece las bases reguladoras"", lo cual identifica un acto de modificación de bases reguladoras (SUB_BASE). El sector destinatario es claramente el social, específicamente ""inserción sociolaboral en empresas de inserción"". No hay indicación de que se proceda a la convocatoria o concesión.",57.466
126,doe,"Resolución de 27 de septiembre de 2024, de la Secretaría General de Empleo, de concesión de ayudas solicitadas al amparo del Decreto 168/2022, de 30 de diciembre, por el que se establecen las bases reguladoras de las subvenciones para el fomento, consolidación y modernización del empleo autónomo en el ámbito de la Comunidad Autónoma de Extremadura y se aprueba la primera convocatoria de las ayudas de los Programas I, II, III y IV. (DOE de 14 de febrero de 2023. Núm. 31).",SUB_BASE,True,SUB_CON,sector_empleo,Resolucion de concesion al amparo de bases previas. Empleo autonomo,True,resolución,"[""SUB_CON""]","[""sector_empleo""]",0.95,"""Resolución... de concesión de ayudas solicitadas"" indica un acto de concesión (SUB_CON). El sector se identifica explícitamente como ""fomento, consolidación y modernización del empleo autónomo"", lo que corresponde a sector_empleo. Todo lo demás (""al amparo del Decreto..."", ""aprobado en la primera convocatoria"") es contexto y referencia, no etiqueta aparte según la Regla 2 y 10.",63.73
127,dog,"RESOLUCIÓN de 13 de enero de 2025 por la que se hacen públicas las subvenciones concedidas al amparo de la Resolución de 29 de diciembre de 2023 por la que se aprueban las bases reguladoras para la concesión de subvenciones, en régimen de concurrencia competitiva, para la ejecución de obras con el fin de minimizar las pérdidas de agua en entidades locales de la Comunidad Autónoma de Galicia, y se convocan para el año 2024, mediante tramitación anticipada de gasto (código de procedimiento AU301E).",SUB_BASE,True,SUB_CON,,Hace publicas subvenciones concedidas. Obras agua sin sector en taxonomia,True,resolución,"[""SUB_CONV""]","[""sector_agricultura""]",0.95,"La descripción indica ""se hacen públicas las subvenciones concedidas"" y hace referencia a una resolución que ""se aprueban las bases reguladoras... y se convocan"". Aunque el texto parece mezclar la publicación de concedidos con una convocatoria futura, la frase clave ""y se convocan para el año 2024"" indica claramente una fase de convocatoria. El sector ""agua"" en entidades locales cae bajo sector_agricultura por gestión hídrica y eficiencia en el uso del recurso vital agrícola/urbano.",69.62
128,dogc,Anuncio sobre publicación de las bases reguladoras y la convocatoria del proceso de selección por promoción interna de una plaza determinada incluida en la oferta pública de empleo del año 2025,SUB_BASE,False,,,Bases y convocatoria proceso seleccion promocion interna: RRHH,False,anuncio,[],[],0.98,"La publicación se refiere a un ""proceso de selección por promoción interna de una plaza determinada"" en el ámbito laboral/empleo público, lo que corresponde a procesos selectivos de personal (no subvenciones), según la regla 2 y los ejemplos. Además, es un anuncio de una oferta pública de empleo, no una ayuda económica con dotación.",53.142
129,dogv,"ORDEN 3/2025, de 10 de febrero, de la Conselleria de Educación, Cultura, Universidades y Empleo, por la que se derogan sesenta y cuatro órdenes de bases reguladoras de subvenciones de este departamento.",SUB_BASE,True,SUB_BASE,,Derogacion masiva de ordenes de bases: acto sobre bases,True,orden,"[""SUB_BASE""]","[""sector_educacion"", ""sector_cultura"", ""sector_empleo""]",0.98,"El texto indica ""se derogan sesenta y cuatro órdenes de bases reguladoras de subvenciones"", lo cual corresponde a la etiqueta SUB_BASE (acto que deroga bases). Las subcategorías se infieren del departamento: Conselleria de Educación, Cultura y Empleo.",112.045
130,dogc,Anuncio relativo a las bases reguladoras del procedimiento de promoción de cuatro plazas vacantes de cabo de la Policía Local,SUB_BASE,False,,,Bases promocion plazas Policia Local: RRHH,False,anuncio,[],[],0.98,"El texto describe ""plazas vacantes de cabo de la Policía Local"", lo cual indica un proceso selectivo o bolsa de trabajo para personal, no una subvención con dotación económica. No hay referencia a ayudas, becas o premios económicos.",48.79
131,dog,"RESOLUCIÓN de 9 de enero de 2025, de la Dirección General de Cultura, por la que se regulan las condiciones para la participación en la plataforma de novedades editoriales a que hace referencia la Orden de 16 de diciembre  de 2024 por la que se establecen las bases reguladoras de las ayudas a entidades locales de Galicia titulares de bibliotecas públicas y/o agencias de lectura, integradas en la Red de bibliotecas públicas de Galicia (código de procedimiento CT235A).",SUB_BASE,True,SUB_BASE,sector_cultura,Regula condiciones complementarias de bases de ayudas bibliotecas,True,resolución,"[""SUB_BASE""]","[""sector_cultura""]",0.95,"El texto indica ""por la que se regulan las condiciones para la participación en la plataforma..."", lo que implica el establecimiento de normas regulatorias para una ayuda específica (sector cultural: bibliotecas públicas). Se cita además a una Orden previa que establece las bases. No hay señal explícita de convocatoria (""se convocan""), por lo que se clasifica como aprobación de bases (SUB_BASE) en el sector cultura.",60.796
132,dog,"EXTRACTO de la Resolución de 7 de febrero de 2025 por la que se establecen las bases reguladoras para la concesión, en régimen de concurrencia no competitiva, de las subvenciones a ayuntamientos de hasta 10.000 habitantes para actuaciones de mejora de las infraestructuras turísticas, y se anuncia su convocatoria para el año 2025 (código de procedimiento TU503D).",SUB_BASE,True,SUB_CONV,sector_industria,Extracto BDNS aunque apruebe bases. Infraestructuras turisticas. Turismo anotado como industria,True,resolución,"[""SUB_CONV""]",[],0.95,"Es un EXTRACTO que anuncia la convocatoria de subvenciones para actuaciones en infraestructuras turísticas (señales: ""EXTRACTO"", ""anuncia su convocatoria""). Dado que ""turismo"" no es una categoría específica disponible y la descripción no coincide explícitamente con ninguna de las subcategorías dadas (sector_industria sería más para industria productiva), se deja la lista de subcategorías vacía. La fase es únicamente SUB_CONV por ser extracto.",174.802
133,doe,"Anuncio de 4 de febrero de 2025 por el que se da publicidad de las Comunidades de Regantes beneficiarias de las ayudas acogidas a la Orden de 29 de mayo de 2020 por la que se establecen las bases reguladoras de ayudas para la mejora de la eficiencia energética en las Comunidades de Regantes de Extremadura, para el año 2022.",SUB_BASE,True,SUB_CON,"sector_agricultura, sector_renovable",Publicidad beneficiarios: fase concesion. Regantes eficiencia energetica,False,anuncio,[],[],0.98,"La publicación es un ""Anuncio"" que da publicidad de las Comunidades de Regantes beneficiarias, no una resolución o acto de concesión, base reguladoras o convocatoria explícita. Es una mera publicación informativa de beneficiarios ya reconocidos por otro acto administrativo (resolución de concesión). Aunque se refiere a ayudas de eficiencia energética (sector_renovable), la naturaleza del acto es solo publicidad de beneficiarios sin acto administrativo relevante clasificado en las categorías N2/Subcategorías para este dominio.",63.855
134,dog,"EXTRACTO de la Resolución de 11 de febrero de 2025 por la que se aprueban las bases reguladoras para la concesión de subvenciones a las entidades locales, en régimen de concurrencia no competitiva, destinadas a la realización de auditorías de las redes de saneamiento para la detección de infiltraciones, y se convocan para el año 2025 (código de procedimiento AU301D).",SUB_BASE,True,SUB_CONV,,Extracto BDNS aunque apruebe bases. Auditorias saneamiento sin sector,True,resolución,"[""SUB_CONV""]","[""sector_industria"", ""sector_agricultura""]",0.95,"Es un EXTRACTO de una resolución que aprueba bases y convoca, por lo que según la REGLA EXTRACTO solo se etiqueta SUB_CONV. El texto cita ""auditorías de las redes de saneamiento"" (sector_industria/infraestructura) y afecta a entidades locales en un contexto de gestión de recursos públicos, por lo que asigno sectores industria y agricultura como posibles áreas de impacto en saneamiento urbano/rural.",63.901
135,boe,"Anuncio de licitación de: Dirección Provincial del Ministerio de Educación y Formación Profesional en Melilla. Objeto: Limpieza de 6 Centros Educativos dependientes del Ministerio de Educación, Formación Profesional y Deportes en la Ciudad de Melilla. Expediente: 2024/003.",NEGATIVO,False,,,Licitacion contrato limpieza: contratacion publica,False,anuncio,[],[],0.98,"El texto describe una ""licitación"" para la limpieza de centros educativos, lo que indica un procedimiento de contratación pública de servicios y no una subvención, ayuda o beca económica. Por tanto, no es relevante (is_relevant=False).",50.684
136,dogc,"Edicto sobre publicación en el BOPB de la convocatoria y las bases que deberán regir el proceso de selección para la creación de una bolsa de trabajo de auxiliares administrativos mediante el procedimiento de concurso-oposición, grupo C2 (código 2025/4, exp. 2025/94)",NEGATIVO,False,,,Bolsa de trabajo: RRHH,False,edicto,[],[],0.98,"Es un edicto sobre una ""bolsa de trabajo"" mediante ""concurso-oposición"". Según las reglas, los procesos selectivos y bolsas de trabajo no son subvenciones (is_relevant=False). No hay actos de concesión económica ni gestión de ayudas.",51.385
137,boib,Nombramiento de personal funcionario de carrera,NEGATIVO,False,,,Nombramiento funcionario: RRHH,False,otros,[],[],1.0,"El texto describe un ""Nombramiento de personal funcionario de carrera"", que es una medida administrativa de nombramientos y no pertenece al dominio de subvenciones, ayudas, becas o premios. Por tanto, is_relevant=False y se utiliza la categoría genérica 'otros' para el tipo de acto ya que 'nombramiento' no está en la lista de etiquetas predefinidas.",108.604
138,docm,"Resolución de 16/01/2025, de la Gerencia de Atención Integrada de Guadalajara, por la que se aprueba la convocatoria para la provisión de la Jefatura de Servicio de Hematología y Hemoterapia.",NEGATIVO,False,,,Provision jefatura de servicio: RRHH,False,resolución,[],[],1.0,"La descripción se refiere a una ""Resolución... por la que se aprueba la convocatoria para la provisión de la Jefatura"", lo cual corresponde a un proceso selectivo o concurso-oposición para el acceso al empleo público (nombramiento personal), y no a la concesión de ayudas, subvenciones ni becas. Por tanto, is_relevant es False.",57.561
139,boe,"Orden ECM/1524/2024, de 26 de diciembre, de autorización administrativa a MGC Insurance, Mutua de Seguros y Reaseguros a Prima Fija, para ampliar la actividad aseguradora al ramo de otros daños a los bienes.",NEGATIVO,False,,,Autorizacion administrativa aseguradora,False,orden,[],[],1.0,"La publicación es una Orden de autorización administrativa para ampliar actividad aseguradora, no une subvención, ayuda, beca ni premio con dotación económica. Corresponde a gestión autorizativa regulada en leyes financieras y códigos del ramo.",49.728
140,bocm,"Formalización contrato
– Resolución de 25 de febrero de 2025, del Consejero Delegado de la Agencia de Contratación Sanitaria de la Comunidad de Madrid, por la que se hace pública la formalización del contrato «Suministro de sondas vesicales, sondas rectales, equipos de control fecal, sistemas de irrigación anal, sistemas de irrigación para enemas, bolsas colectoras de orina, urinómetros, rácord, tapón, sistemas de irrigación doble “y” sin cámara, sistemas de irrigación doble “y” con cámara, sistema de irrigación simple, apósitos sujeción de sondas, perchas y colectores masculinos de orina, para todos los Centros dependientes del SERMAS, a adjudicar por procedimiento abierto mediante pluralidad de criterios (122 lotes)»",NEGATIVO,False,,,Formalizacion de contrato: contratacion publica,False,resolución,[],[],1.0,"La publicación es una resolución sobre ""Formalización contrato"" por suministro de material médico, lo que corresponde a contratación pública y no a subvenciones o ayudas públicas con dotación económica.",52.023
141,bocyl,"INFORMACIÓN pública relativa a la solicitud de autorización de uso excepcional de suelo rústico y licencia de obra, promovida por «Asteo Red Neutra, S.L.», para la interconexión de fibra óptica entre Villaespasa y Cascajares de la Sierra, en el término municipal de Hortigüela (Burgos). Expte.: 25/2025.",NEGATIVO,False,,,Uso excepcional suelo rustico: dominio B2,False,información_pública,[],[],1.0,"La publicación es ""INFORMACIÓN pública relativa a la solicitud de autorización de uso excepcional de suelo rústico y licencia de obra"", que corresponde a un proceso administrativo de gestión urbanística (autorización de uso y licencia) sin concesión de subvención, ayuda o premio con dotación económica. No hay mención a convocatorias, concesiones de ayudas, becas ni premios económicos regulados.",58.38
142,bon,SUBASTA de bien inmueble en Sesma.,NEGATIVO,False,,,Subasta de inmueble,False,otros,[],[],1.0,"La publicación describe una ""SUBASTA de bien inmueble"", que es un procedimiento administrativo de enajenación de activos y no constituye ninguna fase de concesión de subvenciones, ayudas o becas con dotación económica (ni bases ni convocatoria).",47.969
143,dogv,"RESOLUCIÓN de 31 de enero de 2025, de la Dirección General de Urbanismo, Paisaje y Evaluación Ambiental, por la que  se formula informe de impacto ambiental del Proyecto de sondeo para captación de aguas subterráneas, parcela 227, del polígono 31, partida Alto del Roig, del término municipal de Chiva (València). Expediente: (3618895) 237/2024/AIA.",NEGATIVO,False,,,Informe impacto ambiental sondeo: dominio B0/B1,False,resolución,[],[],1.0,"La publicación es una resolución de informe de impacto ambiental para un proyecto de sondeo de aguas subterráneas, lo cual corresponde a un proceso administrativo de evaluación ambiental y no a una subvención, ayuda, beca o premio con dotación económica. Por tanto, no cumple con el criterio de relevancia establecido.",53.554
144,boc,"Aprobación inicial y exposición pública del presupuesto general de 2025, plantilla de personal, bases de ejecución y resto de Anexos de necesaria incorporación.",NEGATIVO,False,,,Presupuesto general y plantilla,False,otros,[],[],1.0,"La publicación se refiere a la ""Aprobación inicial y exposición pública del presupuesto general de 2025"", lo cual corresponde a una gestión presupuestaria general y no a un acto administrativo específico de subvención o ayuda con convocatoria o concesión, por lo que es is_relevant=False según las reglas.",50.7
145,bon,Recaudación ejecutiva Acto que se notifica: Providencia de apremioReferencia: A010000/00044/2024,NEGATIVO,False,,,Recaudacion ejecutiva apremio,False,notificación,[],[],1.0,"La descripción se refiere a una ""Providencia de apremio"" y ""Recaudación ejecutiva"", que son actos de gestión tributaria o de la tesorería relacionados con el cobro forzoso, no con subvenciones, ayudas o becas. Por tanto, no es relevante para este dominio.",51.376
146,dogc,Anuncio sobre aceptación de revocación y delegación de competencias,NEGATIVO,False,,,Revocacion de delegacion de competencias: no es revocacion de ayuda,False,anuncio,[],[],0.98,"El texto ""Anuncio sobre aceptación de revocación y delegación de competencias"" se refiere a un acto administrativo de gestión interna (delegación/revocación de competencias) y no a una ayuda económica, subvención, beca o premio con dotación. Por lo tanto, is_relevant es False y no se aplican categorías del ciclo de la subvención.",54.554
147,bor,"Aprobación definitiva de la modificación de la ordenanza fiscal número 7 reguladora del impuesto de instalaciones, construcciones y obras",NEGATIVO,False,,,Ordenanza fiscal ICIO,False,aprobación,[],[],0.99,"La descripción se refiere a la ""aprobación definitiva de la modificación de la ordenanza fiscal"", que es un acto normativo administrativo sobre impuestos, no una subvención, ayuda, beca o premio con dotación económica. Por tanto, is_relevant=False.",48.541
148,dogc,Edicto sobre aprobación inicial del Proyecto de obras de mejora del suministro de agua potable en la zona hotelera de Calella,NEGATIVO,False,,,Proyecto de obras agua potable: dominio B1,False,edicto,[],[],0.98,"El texto describe un ""Edicto sobre aprobación inicial del Proyecto de obras de mejora del suministro de agua potable"". Esta es una obra pública y un proyecto de infraestructura, no una subvención, ayuda, beca o premio con dotación económica para particulares o entidades. No cumple con la definición de actos relevantes del dominio (concesión de ayudas).",53.06
149,dogv,"RESOLUCIÓN de 14 de marzo de 2025, de la Dirección General de Personal, por la que se publica la resolución definitiva con indicación de los destinos adjudicados del concurso de traslados para la provisión de plazas básicas vacantes de trabajador o trabajadora social de instituciones sanitarias dependientes de la Conselleria de Sanidad.",NEGATIVO,False,,,Concurso de traslados: RRHH,False,resolución,[],[],1.0,"Se trata de un concurso de traslados para personal (trabajador social), no de una subvención o ayuda económica. La publicación es sobre destinos adjudicados en un proceso de movilidad del personal, por lo que no cumple con el dominio de subvenciones/ayudas.",51.612
