id,bulletin,description,grupo_muestreo,is_relevant_gt,categories_gt,subcategories_gt,notas_anotador,is_relevant_pred,act_type_pred,categories_pred,subcategories_pred,confidence,reasoning,duration_s
0,docm,"Notificación de 24/01/2025, de la Delegación Provincial de Educación, Cultura y Deportes de Albacete, de acuerdos de inicio de reintegro de ayuda al estudio.",SUB_REV,True,SUB_REV,sector_educacion,Inicio reintegro ayuda al estudio,True,notificación,"[""SUB_REV""]","[""sector_educacion""]",0.95,"El texto menciona explícitamente ""reintegro de ayuda al estudio"", lo que clasifica la publicación como un acto de reintegro (SUB_REV). El sector destinatario es claramente el educativo por la referencia a ""ayuda al estudio"" (sector_educacion). La Delegación Provincial de Educación confirma este enfoque educativo.",108.66
1,bocm,"Concesión subvenciones
– Orden de 27 de diciembre de 2024, de la Consejería de Vivienda, Transportes e Infraestructuras, por la que se declara la pérdida del derecho al cobro a los beneficiarios de las subvenciones al alquiler de vivienda en la Comunidad de Madrid convocadas para el año 2022 mediante Orden 3608/2022, de 19 de octubre de 2022",SUB_REV,True,SUB_REV,sector_vivienda,Perdida derecho al cobro subvenciones alquiler,True,orden,"[""SUB_REV""]","[""sector_vivienda""]",0.95,"El texto menciona ""pérdida del derecho al cobro"" a beneficiarios de ""subvenciones al alquiler de vivienda"", lo que indica claramente un proceso de revocación o reintegro (SUB_REV) en el sector vivienda. La fecha y el organismo confirman que se trata de una orden administrativa sobre ayudas a la vivienda.",63.623
2,boja,"Acuerdo de 25 de febrero de 2025, de la Delegación Territorial de Fomento, Articulación del Territorio y Vivienda en Málaga, por el que se inicia procedimiento de declaración de pérdida del derecho al cobro de determinadas ayudas concedidas al amparo de la Orden 27 de julio de 2020, destinadas a atender el pago del alquiler de la vivienda habitual, correspondiente a la Línea 1 de la convocatoria aprobada por Orden de 1 de septiembre de 2020 (BOJA núm. 174, de 8 de septiembre).",SUB_REV,True,SUB_REV,sector_vivienda,Inicio perdida derecho al cobro ayudas alquiler,True,acuerdo,"[""SUB_REV""]","[""sector_vivienda""]",0.95,"El texto menciona ""declaración de pérdida del derecho al cobro de determinadas ayudas"" para ""pago del alquiler de la vivienda habitual"", lo que activa claramente las etiquetas SUB_REV y sector_vivienda según las señales léxicas clave. La Orden 27 de julio de 2020 es el acto original sobre el que se aplica esta pérdida de derecho.",66.729
3,boja,"Anuncio de 14 de enero de 2025, de la Dirección General de Andalucía Global, de notificación de reintegro de subvención.",SUB_REV,True,SUB_REV,,Notificacion reintegro subvencion sin sector,True,notificación,"[""SUB_REV""]",[],0.95,"El texto es un ""Anuncio de notificación de reintegro de subvención"", lo que encaja claramente con la categoría SUB_REV. No hay mención de un sector destinatario específico en el fragmento proporcionado, por lo que las subcategorías permanecen vacías. La confianza es alta debido a la terminología explícita (""reintegro de subvención"").",59.033
4,dog,"ACUERDO de 13 de enero de 2025, del Departamento Territorial de Ourense, por el que se da publicidad al inicio de tres expedientes de reintegro de ayudas al estudio.",SUB_REV,True,SUB_REV,sector_educacion,Inicio expedientes reintegro ayudas estudio,True,acuerdo,"[""SUB_REV""]","[""sector_educacion""]",0.95,"El texto menciona ""reintegro de ayudas al estudio"", lo que corresponde a la categoría SUB_REV (reintegro). El sector destinatario es el educativo debido a las ""ayudas al estudio"". La confianza es alta (0.95) dado que los términos son explícitos.",56.041
5,docm,"Notificación de 06/02/2025, de la Delegación Provincial de Educación, Cultura y Deportes de Toledo, de acuerdos de inicio de expedientes de reintegro de ayuda al estudio.",SUB_REV,True,SUB_REV,sector_educacion,Inicio reintegro ayuda al estudio,False,notificación,[],[],0.85,"La publicación menciona ""reintegro de ayuda al estudio"", que pertenece a la categoría SUB_REV, pero según las instrucciones, las becas y ayudas al estudio no están en el dominio de subvenciones. Por lo tanto, is_relevant debe ser False. El acto es una notificación sobre acuerdos administrativos, por lo que act_type es ""notificación"".",56.663
6,bocm,"Concesión subvenciones
– Orden de 27 de diciembre de 2024, de la Consejería de Vivienda, Transportes e Infraestructuras, por la que se declara la pérdida del derecho al cobro de determinadas cuantías a los beneficiarios de las subvenciones al alquiler de vivienda en la Comunidad de Madrid convocadas para el año 2022 mediante Orden 3608/2022, de 19 de octubre de 2022",SUB_REV,True,SUB_REV,sector_vivienda,Perdida derecho al cobro subvenciones alquiler,True,orden,"[""SUB_REV""]","[""sector_vivienda""]",0.95,"La descripción menciona ""declaración de la pérdida del derecho al cobro"", lo que corresponde a una SUB_REV. Se refiere explícitamente a ""subvenciones al alquiler de vivienda"", encajando en sector_vivienda.",55.734
7,docm,"Notificación de 14/02/2025, de la Delegación Provincial de Educación, Cultura y Deportes de Cuenca, de acuerdo de inicio de expedientes de reintegro de ayudas al estudio.",SUB_REV,True,SUB_REV,sector_educacion,Inicio reintegro ayudas estudio,True,notificación,"[""SUB_REV""]","[""sector_educacion""]",0.95,"El texto menciona ""reintegro de ayudas al estudio"", lo que indica claramente la fase de reintegro (SUB_REV) y el sector destinatario es educación por el término ""estudio"".",50.558
8,bon,Reintegro de subvenciones,SUB_REV,True,SUB_REV,,Reintegro de subvenciones generico BON,True,otros,"[""SUB_REV""]",[],1.0,"El texto menciona explícitamente ""Reintegro de subvenciones"", lo cual corresponde directamente a la categoría SUB_REV (reintegro o revocación de ayuda). No se puede inferir el sector destinatario sin más información.",50.753
9,boja,"Anuncio de 22 de enero de 2025, de la Delegación Territorial de Fomento, Articulación del Territorio y Vivienda en Málaga, por el que se hace pública la relación de solicitantes de ayudas al alquiler cuyas bases son reguladas por la Orden de 1 de septiembre de 2020 (BOJA núm. 174, de 8 de septiembre de 2020), a los que no ha sido posible notificar diferentes actos relativos a procedimientos de reintegro de subvenciones.",SUB_REV,True,SUB_REV,sector_vivienda,Notificacion actos de reintegro ayudas alquiler,True,anuncio,"[""SUB_CONV""]","[""sector_vivienda"", ""sector_social""]",0.85,"La publicación es un anuncio que hace pública la relación de solicitantes de ayudas al alquiler, lo cual corresponde a una fase de concesión/convocatoria (SUB_CONV). Los sectores son vivienda y social por el motivo ""ayudas al alquiler"". Se añade la categoría de reintegro (SUB_REV) porque el texto menciona explícitamente ""procedimientos de reintegro de subvenciones"" como motivo por el que no se notificó a los interesados, aunque sea en un anuncio.",68.884
10,dog,"RESOLUCIÓN de 9 de diciembre de 2024 por la que se da publicidad del acuerdo del Consejo de Dirección que aprueba las bases reguladoras de las ayudas a las agrupaciones empresariales (clústeres) innovadoras en la Comunidad Autónoma de Galicia para el año 2025, y se procede a su convocatoria en régimen de concurrencia competitiva (código de procedimiento IG410A).",MULTILABEL_BC,True,"SUB_BASE, SUB_CONV","sector_industria, sector_investigacion",Acto completo: aprueba bases y convoca. Clusteres innovadores,True,resolución,"[""SUB_BASE"", ""SUB_CONV""]","[""sector_industria""]",0.98,"La resolución aprueba las bases reguladoras de las ayudas a clústeres (señal SUB_BASE: ""aprueba las bases reguladoras"") y procede a su convocatoria (señal SUB_CONV: ""procede a su convocatoria""). El sector es industria por referencia a ""agrupaciones empresariales (clústeres) innovadoras"".",62.241
11,dog,"ORDEN de 30 de diciembre de 2024 por la que se establecen las bases reguladoras para la concesión de subvenciones para la prevención de los daños causados a los bosques por incendios, desastres naturales y catástrofes en montes vecinales en mano común y agrupaciones forestales de gestión conjunta, cofinanciadas con el Fondo Europeo Agrícola de Desarrollo Rural (Feader) en el marco del Plan estratégico de la política agraria común (PEPAC) 2023-2027 y se convocan para el año 2025 (código de procedimiento MR651A).",MULTILABEL_BC,True,"SUB_BASE, SUB_CONV",sector_agricultura,Acto completo: bases y convocatoria. Prevencion incendios forestales,True,orden,"[""SUB_BASE"", ""SUB_CONV""]","[""sector_agricultura""]",0.98,"El texto contiene explícitamente ""se establecen las bases reguladoras"" (disparador SUB_BASE) y ""y se convocan"" (disparador SUB_CONV), en el contexto de subvenciones para prevención de daños a bosques y gestión forestal (sector_agricultura). La alta confianza se debe a la mención clara de Feader y PEPAC, instrumentos europeos agrícolas.",65.933
12,boja,"Extracto de 4 de febrero de 2025, de la Universidad de Huelva, por la que se aprueban las bases reguladoras y la convocatoria de Premios la Frente Pensativa y Zenobia Camprubí a Trabajos de Fin de Grado y Fin de Máster de la Cátedra Juan Ramón Jiménez, convocatoria 2024.",MULTILABEL_BC,True,SUB_CONV,sector_educacion,Extracto BDNS aunque apruebe bases. Premios TFG/TFM,True,orden,"[""SUB_BASE"", ""SUB_CONV""]","[""sector_educacion""]",0.95,"El texto describe una orden que aprueba las bases reguladoras y convoca unos premios con dotación económica para trabajos de fin de grado y máster, lo cual se ajusta a las categorías SUB_BASE y SUB_CONV. El fragmento clave es ""se aprueban las bases reguladoras y la convocatoria de Premios"".",61.5
13,dog,"EXTRACTO de la Orden de 3 de enero de 2025 por la que se establecen las bases reguladoras de los programas de subvenciones para sufragar los gastos de funcionamiento de las entidades asociativas gallegas de personas trabajadoras autónomas y la contratación de personal de apoyo, y se convocan para el año 2025 (código de procedimiento TR358A).",MULTILABEL_BC,True,SUB_CONV,"sector_industria, sector_empleo",Extracto BDNS. Entidades de autonomos y contratacion personal apoyo,True,orden,"[""SUB_BASE"", ""SUB_CONV""]","[""sector_empleo""]",0.95,"El texto menciona explícitamente ""bases reguladoras"" y ""convocan"", justificando las etiquetas SUB_BASE y SUB_CONV. El sector destinatario es el empleo, dado que la ayuda está dirigida a ""gastos de funcionamiento... autónomas y la contratación de personal"".",58.463
14,dog,"EXTRACTO de la Resolución de 13 de enero de 2025 por la que se da publicidad del acuerdo del Consejo de Dirección que aprueba las bases reguladoras de las ayudas a proyectos que impulsen y refuercen la transición a la cadena de valor del vehículo eléctrico y a la descarbonización del sector de automoción en Galicia, cofinanciadas por la Unión Europea en el marco del programa Galicia Feder 2021-2027 para el año 2025, y se procede a su convocatoria en régimen de concurrencia no competitiva (código de procedimiento IN422P (línea 3).",MULTILABEL_BC,True,SUB_CONV,sector_industria,Extracto BDNS. Vehiculo electrico automocion,True,extracto,"[""SUB_BASE"", ""SUB_CONV""]","[""sector_industria""]",0.95,"El documento es un EXTRACTO que aprueba las bases reguladoras (""aprobación de las bases reguladoras"") y simultáneamente convoca a la ayuda (""se procede a su convocatoria""), lo cual cumple con la regla multilabel. El sector industrial está definido por los términos ""vehículo eléctrico"" y ""sector de automoción"".",125.84
15,boja,"Extracto de la Orden de 10 de enero de 2025, por la que se convocan para el año 2025 las ayudas previstas en la Orden de 13 de marzo de 2024, por la que se aprueban las bases reguladoras para la concesión de ayudas a la ejecución de programas nacionales veterinarios por las Asociaciones de Defensa Sanitaria Ganadera, en régimen de concurrencia no competitiva.",MULTILABEL_BC,True,SUB_CONV,sector_agricultura,Extracto. Convoca ayudas con bases previas. Veterinaria ADS,True,orden,"[""SUB_BASE"", ""SUB_CONV""]","[""sector_agricultura""]",0.95,"La publicación es una orden que aprueba las bases reguladoras (""aprobadas las bases reguladoras"") y convoca ayudas (""convocan para el año 2025 las ayudas""), cumpliendo con las categorías SUB_BASE y SUB_CONV. El sector destinatario es claramente agricultura, especificado en ""defensa sanitaria ganadera"".",61.329
16,boja,"Extracto de 9 de enero de 2025, de la Universidad de Huelva, por la que se aprueban las bases reguladoras y la convocatoria del IV Concurso de Fotografía Miradas Erasmus de la Universidad de Huelva.",MULTILABEL_BC,True,SUB_CONV,sector_cultura,Extracto BDNS. Concurso fotografia con premio,True,orden,"[""SUB_BASE"", ""SUB_CONV""]","[""sector_cultura""]",0.98,"La descripción menciona explícitamente la ""aprobación de las bases reguladoras"" y la ""convocatoria"", lo que corresponde a las fases SUB_BASE y SUB_CONV respectivamente. El premio es un ""Concurso de Fotografía"", lo que claramente sitúa al sector destinatario en el ámbito cultural.",57.829
17,dog,"EXTRACTO de la Orden de 27 de diciembre de 2024 por la que se establecen las bases reguladoras para la concesión de subvenciones públicas, destinadas a la financiación del Programa Investigo, de contratación de personas jóvenes demandantes de empleo en la realización de iniciativas de investigación e innovación, y se procede a su convocatoria para el ejercicio 2025 (código de procedimiento TR349V).",MULTILABEL_BC,True,SUB_CONV,"sector_empleo, sector_investigacion",Extracto BDNS. Programa Investigo,True,orden,"[""SUB_BASE"", ""SUB_CONV""]","[""sector_investigacion"", ""sector_empleo""]",0.98,"El texto describe una orden que ""establecen las bases reguladoras"" (etiqueta SUB_BASE) y además se ""procede a su convocatoria"" (etiqueta SUB_CONV). Los sectores destinatarios son investigación (""iniciativas de investigación e innovación"") y empleo (""contratación de personas jóvenes demandantes de empleo"").",61.072
18,bon,"RESOLUCIÓN 94E/2025, de 12 de febrero, de la directora general de Transportes y Movilidad Sostenible, por la que se aprueban, la convocatoria para el año 2025 y las bases reguladoras de la subvención destinada a la financiación del curso para la obtención del certificado de aptitud profesional acreditativo de la cualificación inicial de los conductores, residentes en Navarra, de determinados vehículos destinados al transporte por carretera. Identificación BDNS: 814522.",MULTILABEL_BC,True,"SUB_BASE, SUB_CONV",sector_empleo,Acto completo: aprueba convocatoria y bases. Formacion CAP conductores,True,resolución,"[""SUB_CONV"", ""SUB_BASE""]",[],0.98,"El texto menciona explícitamente ""se aprueban, la convocatoria... y las bases reguladoras de la subvención"", indicando tanto la fase de base (SUB_BASE) como la convocatoria (SUB_CONV). La referencia a ""subvención destinada a la financiación del curso"" confirma su relevancia. No se identifican sectores específicos en el texto proporcionado.",62.589
19,dogv,"EXTRACTO de la Resolución de 28 de febrero de 2025, del Vicerrectorado de Innovación y Transferencia, por la que se convocan y aprueban las bases reguladoras de los premios ToxiCOIL dirigidos a estudiantes de grado, máster y doctorado de la Universitat de València, de la Université de Bourgogne Europe-Institut Agro-Dijon (Francia) y la Università degli Studi di Palermo (Italia), del curso 2024-2025, con el mecenazgo de Santander Universidades y en el marco del programa internacional UVEMPREN.",MULTILABEL_BC,True,SUB_CONV,sector_educacion,Extracto BDNS. Premios estudiantes universitarios,True,resolución,"[""SUB_CONV"", ""SUB_BASE""]","[""sector_educacion""]",0.98,"El texto contiene la frase clave ""por la que se convocan y aprueban las bases reguladoras"", lo cual activa simultáneamente las etiquetas de convocatoria (SUB_CONV) y bases reguladoras (SUB_BASE). El ámbito es claro: ""premios ToxiCOIL dirigidos a estudiantes... UVEMPREN"", situando el sector en educación superior.",63.595
20,dog,"EXTRACTO de la Resolución de 27 de decembro de 2024 por la que se establecen las bases reguladoras, en régimen de concurrencia competitiva, para la concesión de subvenciones a la creación audiovisual para la promoción del talento audiovisual gallego y se convocan para el año 2025 (código de procedimiento CT207E).",MULTILABEL_BC,True,SUB_CONV,sector_cultura,Extracto BDNS. Creacion audiovisual,True,resolución,"[""SUB_BASE"", ""SUB_CONV""]","[""sector_cultura""]",0.98,"El texto menciona explícitamente ""extracto de la Resolución... por la que se establecen las bases reguladoras"" (SUB_BASE) y también ""se convocan para el año 2025"" (SUB_CONV). El sector es claramente cultura debido a la referencia a ""creación audiovisual"" y ""talento audiovisual"".",62.589
21,docm,"Resolución de 20/01/2025, del Instituto de Promoción Exterior de Castilla-La Mancha, por la que se aprueba la convocatoria de concesión de subvenciones para la participación en la Feria Micam I Shoe Event Milán 2025, al amparo de la Orden 152/2022, de 29 de julio, de la Consejería de Economía, Empresas y Empleo, por la que se establecen las bases reguladoras de las ayudas para la participación agrupada en acciones de internacionalización convocadas por el Instituto de Promoción Exterior de Castilla-La Mancha. Extracto BDNS (Identif.): 810396.",MULTILABEL_BC,True,SUB_CONV,sector_industria,Convocatoria de concesion: el acto convoca. Bases en orden previa. Feria internacionalizacion,True,resolución,"[""SUB_BASE"", ""SUB_CONV""]","[""sector_industria""]",0.95,"El texto menciona explícitamente ""por la que se aprueba la convocatoria de concesión de subvenciones"" y referencia las bases reguladoras, lo que indica tanto SUB_BASE como SUB_CONV. El sector destinatario es industria por referencia a ""participación en la Feria Micam I Shoe Event Milán"", feria del calzado y sector industrial/pimmes.",66.538
22,dog,"EXTRACTO de la Orden de 20 de diciembre de 2024 por la que se establecen las bases reguladoras de las ayudas, en régimen de concurrencia competitiva, para actuaciones encaminadas a la protección de los animales domésticos de compañía abandonados en Galicia y se convocan ayudas para el año 2025, destinadas a las asociaciones inscritas en el Registro Gallego de Asociaciones para la Protección y Defensa de los Animales de Compañía (código de procedimiento MT811B).",MULTILABEL_BC,True,SUB_CONV,,Extracto BDNS. Proteccion animales sin sector en taxonomia,True,orden,"[""SUB_BASE"", ""SUB_CONV""]","[""sector_social""]",0.95,"El texto menciona explícitamente ""se establecen las bases reguladoras"" (disparador SUB_BASE) y ""se convocan ayudas para el año 2025"" (disparador SUB_CONV). El sector destinatario es el social al referirse a la ""protección de los animales domésticos"", que cae bajo servicios sociales/inclusión.",62.78
23,dog,"ORDEN de 24 de febrero de 2025 por la que se establecen las bases reguladoras para la concesión de las ayudas para el sector editorial gallego, relativas a gastos de edición, distribución y comercialización de las publicaciones editoriales en el año 2025, y se procede a su convocatoria para el año 2025 (código de procedimiento CT238A).",MULTILABEL_BC,True,"SUB_BASE, SUB_CONV",sector_cultura,Acto completo: bases y convocatoria. Sector editorial,True,orden,"[""SUB_BASE"", ""SUB_CONV""]","[""sector_cultura""]",0.98,"El texto menciona explícitamente que se establecen las bases reguladoras (""se establecen las bases reguladoras"") y se procede a su convocatoria (""y se procede a su convocatoria""). El sector destinatario es el cultural, específicamente el sector editorial gallego.",57.789
24,dog,ANUNCIO de la convocatoria y bases reguladoras de la oferta de empleo público extraordinaria para estabilizar el empleo temporal del año 2024.,MULTILABEL_BC,False,,,Oferta de empleo publico estabilizacion: RRHH B5 no subvencion,False,anuncio,[],[],1.0,"La publicación es un anuncio de convocatoria y bases para una oferta de empleo público extraordinaria, no se trata de subvenciones o ayudas públicas, sino de procesos selectivos de personal. Según la regla crítica 3, las ""bases reguladoras"" de bolsas de trabajo o ofertas de empleo público NO son subvenciones.",56.485
25,dogc,"Anuncio sobre publicación de las bases reguladoras y las convocatorias para la selección de plazas de personal funcionario de carrera, incluidas en la oferta pública de empleo para el año 2023 (exp. 427/2025, 444/2025 y 609/2025)",NEGATIVO_RRHH,False,,,Seleccion plazas funcionario: RRHH,False,anuncio,[],[],1.0,"La descripción se refiere a la ""selección de plazas de personal funcionario de carrera"" y ""oferta pública de empleo"", lo cual corresponde a un proceso selectivo de personal o bolsa de trabajo, no a una subvención con dotación económica. El texto cita bases reguladoras, pero en el contexto de selección de personal, por lo que is_relevant es False según las reglas críticas 1 y 3.",64.538
26,dogc,"Edicto relativo a las bases reguladoras del proceso de selección mediante concurso-oposición para cubrir con carácter interino el puesto de trabajo de secretaría de clase tercera, subescala de secretaría-intervención, y constitución de una bolsa de trabajo del Ayuntamiento de Sudanell",NEGATIVO_RRHH,False,,,Bases proceso seleccion secretaria interina: RRHH,False,edicto,[],[],1.0,"Se trata de bases reguladoras para una bolsa de trabajo y proceso selectivo de personal (interino), no de subvención, conforme a la regla 3 que excluye estos casos del ámbito de ayudas.",50.27
27,dogc,"Edicto por el que se hace pública la aprobación de la convocatoria y bases reguladoras del proceso de selección para incorporar a un/a técnico/a auxiliar para llevar a cabo el Proyecto de implementación de las acciones para certificar Viladecans como ciudad residuo cero, y la creación de la correspondiente bolsa de trabajo del Ayuntamiento de Viladecans",NEGATIVO_RRHH,False,,,Bases seleccion tecnico y bolsa trabajo: RRHH,False,edicto,[],[],1.0,"El texto describe un ""proceso de selección para incorporar a un/a técnico/a"" y la ""creación de la correspondiente bolsa de trabajo"", lo cual corresponde claramente a un proceso selectivo de personal público o concurso de méritos, no a una subvención. Según las reglas, los procesos selectivos tienen is_relevant=False.",58.563
28,dogc,"Anuncio sobre aprobación de la convocatoria y de las bases reguladoras para la cobertura definitiva de una plaza de técnico/a de ciudadanía, y constitución de una bolsa de trabajo",NEGATIVO_RRHH,False,,,Bases cobertura plaza tecnico y bolsa: RRHH,False,anuncio,[],[],0.98,"La publicación menciona la ""aprobación de la convocatoria y de las bases reguladoras para la cobertura definitiva de una plaza"" y ""constitución de una bolsa de trabajo"", pero se refiere a procesos selectivos de personal (plazas fijas), no a subvenciones, ayudas o becas. Por tanto, is_relevant es False según la regla crítica 3.",57.732
29,dogc,"Anuncio por el que se hace pública la aprobación de las bases reguladoras del proceso de selección, mediante el sistema de concurso-oposición, para cubrir una plaza de psicólogo juvenil, y la constitución de una bolsa de trabajo",NEGATIVO_RRHH,False,,,Bases concurso-oposicion psicologo y bolsa: RRHH,False,anuncio,[],[],1.0,"El texto describe un proceso selectivo de personal (psicólogo juvenil) y una bolsa de trabajo, que son excluidos del dominio de subvenciones según las reglas críticas: ""Bases reguladoras"" de procesos selectivos o bolsas de trabajo no son subvenciones.",53.172
30,dogc,"Edicto sobre aprobación de las bases reguladoras y la convocatoria que regirán el proceso selectivo para la creación de una bolsa de trabajo de funcionario interino para la ejecución de un programa de carácter temporal de técnico/a medio/a por el Plan educativo de entorno, grupo A, subgrupo A2 (X2024002739)",NEGATIVO_RRHH,False,,,Bases proceso selectivo bolsa trabajo: RRHH,False,edicto,[],[],1.0,"El texto hace referencia a un ""proceso selectivo"" y a una ""bolsa de trabajo de funcionario interino"", lo que encaja con la descripción de procesos selectivos de personal, que son is_relevant=False según las reglas. Además, menciona explícitamente ""bases reguladoras"" pero en el contexto de una bolsa de trabajo, no de una subvención, por lo que no aplica ninguna categoría N2.",62.435
31,dogc,Edicto sobre aprobación de las bases reguladoras del procedimiento de selección para la creación de una bolsa de trabajo de técnicos/as de empleo en el Ayuntamiento de Banyoles,NEGATIVO_RRHH,False,,,Bases bolsa tecnicos de empleo: RRHH,False,edicto,[],[],1.0,"El texto describe un ""procedimiento de selección"" para una ""bolsa de trabajo"", lo cual corresponde a un proceso selectivo de personal, no a una subvención o ayuda pública. Según las reglas críticas, este tipo de publicaciones son irrelevantes para el dominio de subvenciones.",53.185
32,boja,"Anuncio de 10 de diciembre de 2024, del Ayuntamiento de Zalamea la Real, de las bases reguladoras y convocatoria del procedimiento de selección para la provisión, mediante funcionarios de carrera, de las dos plazas de personal administrativo incluidas en la Oferta de Empleo Público del ejercicio 2022. (PP. 10232/2024).",NEGATIVO_RRHH,False,,,Bases provision plazas OEP: RRHH,False,anuncio,[],[],1.0,"El texto describe una convocatoria para la provisión de plazas mediante funcionarios de carrera, lo cual corresponde a un proceso selectivo de personal, no a una subvención, ayuda o beca con dotación económica. La mención de ""bases reguladoras"" se refiere a las bases del procedimiento de selección personal, excluyendo por la regla 3.",58.667
33,dogc,"Anuncio relativo a la convocatoria y las bases reguladoras del proceso selectivo para la cobertura definitiva de una plaza de técnico/a medio/a de gestión de administración general, de la escala de administración general, subescala técnica, grupo A, subgrupo A2, de la plantilla de personal funcionario del Ayuntamiento de Parets del Vallès, de acceso libre, y constitución de una bolsa de trabajo (exp. 2845/2024)",NEGATIVO_RRHH,False,,,Bases proceso selectivo plaza tecnico y bolsa: RRHH,False,anuncio,[],[],1.0,"La publicación es un ""Anuncio relativo a la convocatoria... del proceso selectivo para la cobertura definitiva de una plaza de técnico/a medio/a"" y ""constitución de una bolsa de trabajo"", lo que indica un proceso selectivo de personal funcionario, no una subvención o ayuda pública con dotación económica.",56.653
34,dogc,"Anuncio sobre aprobación de las bases reguladoras para la convocatoria del proceso de selección para cubrir un puesto de técnico/a de gestión administrativa, adscrito a la Secretaría del Ayuntamiento de Sant Andreu de Llavaneres, subgrupo A2, en régimen de personal funcionario de carrera, mediante concurso-oposición en turno de promoción interna",NEGATIVO_RRHH,False,,,Bases seleccion tecnico promocion interna: RRHH,False,anuncio,[],[],0.95,"El texto describe un proceso de selección para cubrir un puesto de personal funcionario mediante concurso-oposición (""proceso de selección para cubrir un puesto de técnico/a... mediante concurso-oposición""). Según la regla 3, las ""bases reguladoras"" aplicadas a procesos selectivos de personal son excluidas del dominio de subvenciones.",56.633
35,dogc,Anuncio sobre aprobación de las bases reguladoras y la convocatoria del proceso selectivo del puesto de trabajo de técnico/a auxiliar de Recursos Humanos,NEGATIVO_RRHH,False,,,Bases proceso selectivo tecnico auxiliar RRHH,False,anuncio,[],[],0.98,"El texto describe un proceso selectivo para un puesto de trabajo (""técnico/a auxiliar de Recursos Humanos""), no una subvención o ayuda pública. Según las reglas, las ""bases reguladoras"" de procesos selectivos de personal corresponden a is_relevant=False.",51.743
36,dogc,"Anuncio relativo a la aprobación de las bases reguladoras del proceso de selección para cubrir dos plazas de agente de la Guardia Municipal, funcionarios de carrera, y la creación de una bolsa de trabajo de agentes funcionarios interinos, por turno libre, por el sistema de concurso-oposición",NEGATIVO_RRHH,False,,,Bases plazas Guardia Municipal y bolsa: RRHH,False,anuncio,[],[],1.0,"La publicación describe la aprobación de bases para un proceso selectivo de personal (plazas de agente de Guardia Municipal) y creación de bolsa de trabajo, lo cual corresponde a procesos selectivos de personal y no a subvenciones con dotación económica.",50.766
37,dogc,"Resolución ISP/498/2025, de 18 de febrero, por la que se abre la convocatoria para formar parte de la bolsa de trabajo de personal interino de las policías locales de Cataluña y se aprueban sus bases reguladoras",NEGATIVO_RRHH,False,,,Convocatoria bolsa policias locales y bases: RRHH,False,resolución,[],[],0.98,"El texto menciona ""bolsa de trabajo de personal interino"" y se aprueban bases reguladoras para ello, lo que según las reglas excluye subvenciones (is_relevant=False) ya que son procesos selectivos de personal.",51.125
38,boc,"Bases reguladoras y convocatoria del procedimiento selectivo para la creación de una bolsa de trabajo temporal de Administrativos para atender las necesidades temporales y de interinidad, mediante sistema de concurso-oposición. Expediente 774/2024.",NEGATIVO_RRHH,False,,,Bases bolsa administrativos interinos: RRHH,False,orden,[],[],1.0,"El texto describe ""procedimiento selectivo para la creación de una bolsa de trabajo temporal"", lo que corresponde a un proceso selectivo de personal según las reglas críticas, por tanto is_relevant=False. Los fragmentos clave son: ""bases reguladoras y convocatoria del procedimiento selectivo"" y ""bolsa de trabajo temporal"".",53.763
39,bocyl,"ACUERDO de 28 de enero de 2025, de la Junta de Gobierno Local del Ayuntamiento de San Andrés del Rabanedo (León), por el que se aprueban las bases reguladoras del proceso selectivo para la provisión, mediante el sistema de concurso de méritos, de 1 plaza de Arquitecto/a Superior, dentro del proceso de estabilización de empleo temporal aprobado por la Ley 20/2021, de 28 de diciembre.",NEGATIVO_RRHH,False,,,Bases proceso selectivo arquitecto estabilizacion: RRHH,False,acuerdo,[],[],1.0,"El texto describe un ""proceso selectivo para la provisión, mediante el sistema de concurso de méritos"" de una plaza de Arquitecto/a Superior, lo cual corresponde a un proceso selectivo de personal (estabilización) y no a una subvención o ayuda pública con dotación económica. La referencia a ""bases reguladoras"" se refiere al procedimiento de concurso, no a la regulación de una convocatoria de ayudas.",62.161
40,dogc,"Resolución TER/302/2025, de 27 de enero, por la que se abre la convocatoria para la concesión de ayudas en forma de bonificación de los intereses de operaciones de préstamo, para la financiación de promociones de viviendas con protección oficial destinadas a alquiler o cesión de uso en régimen general (ref. BDNS 812668)",SUB_CONV,True,SUB_CONV,sector_vivienda,Abre convocatoria ayudas bonificacion intereses VPO alquiler,True,resolución,"[""SUB_CONV""]","[""sector_vivienda""]",0.95,"La publicación es una ""Resolución... por la que se abre la convocatoria para la concesión de ayudas"", lo cual coincide con las señales léxicas de SUB_CONV (convocatoria y concesión). El sector destinatario es claramente vivienda, evidenciado por las palabras ""financiación de promociones de viviendas con protección oficial"".",59.889
41,bocm,"Extracto convocatoria subvenciones
– Extracto de la Orden 394/2025, de 23 de febrero, del Consejero de Educación, Ciencia y Universidades, por la que se convocan las ayudas a estudiantes con discapacidad que cursan estudios universitarios o de enseñanzas artísticas superiores para el curso 2024-2025",SUB_CONV,True,SUB_CONV,"sector_educacion, sector_social",Extracto. Ayudas estudiantes con discapacidad,True,orden,"[""SUB_CONV"", ""SUB_BASE""]","[""sector_educacion"", ""sector_social""]",0.98,"El texto menciona explícitamente ""Extracto de la Orden... por la que se convocan las ayudas"" (SUB_CONV, SUB_BASE) y describe ayuda para ""estudiantes con discapacidad que cursan estudios universitarios o de enseñanzas artísticas superiores"", lo que encaja en sector_educacion y sector_social. La mención a las bases reguladoras implica que es un acto dual.",64.502
42,boa,"ORDEN FOM/305/2025, de 17 de marzo, por la que se convocan subvenciones a entidades sin ánimo de lucro para la realización, durante el año 2025, de actuaciones culturales desestacionalizadas, en el marco de la Directriz Especial de Ordenación Territorial de Política Demográfica y contra la Despoblación, con cargo al Fondo de Cohesión Territorial.",SUB_CONV,True,SUB_CONV,sector_cultura,Convoca subvenciones actuaciones culturales,True,orden,"[""SUB_CONV"", ""SUB_BASE""]","[""sector_cultura""]",0.98,"El texto menciona explícitamente ""por la que se convocan subvenciones"", lo cual indica una convocatoria (SUB_CONV). Además, también aprueba las bases de estas subvenciones para actuaciones culturales, lo que indica una aprobación de bases reguladoras (SUB_BASE). El sector cultural es claramente identificado por el término ""actuaciones culturales"".",61.063
43,dog,"ORDEN de 20 de marzo de 2025 por la que se modifica parcialmente la Orden de 13 de agosto de 2024 por la que se establecen las bases reguladoras para el período 2024-2026 y se efectúa la primera convocatoria de subvenciones, en régimen de concurrencia no competitiva, a fin de financiar acciones formativas del Sistema de formación profesional de los grados A, B y C, y competencias clave, destinadas a personas trabajadoras ocupadas, para el ejercicio 2024 (código de procedimiento TR301X).",SUB_CONV,True,"SUB_BASE, SUB_CONV",sector_empleo,Modifica orden de bases y primera convocatoria: hereda ambas. Formacion ocupados,True,modificación,"[""SUB_CONV"", ""SUB_BASE""]","[""sector_educacion""]",0.95,"La descripción menciona explícitamente que se aprueban las bases reguladoras (""se establecen las bases"") y se realiza la convocatoria de subvenciones (""primera convocatoria de subvenciones""). El sector destinatario es claramente formación profesional, encajando en el sector de educación.",59.684
44,boc,"Extracto de la Resolución de 18 de marzo de 2025, de la consejera de Inclusión Social, Juventud, Familias e Igualdad, por la que se convocan subvenciones a entidades locales, en régimen de concurrencia competitiva, destinadas a la realización de proyectos de sensibilización y capacitación entre la población joven de Cantabria.",SUB_CONV,True,SUB_CONV,sector_social,Extracto. Sensibilizacion juventud,True,resolución,"[""SUB_CONV""]","[""sector_social""]",0.98,"El texto indica explícitamente ""Extracto de la Resolución... por la que se convocan subvenciones"" (etiqueta SUB_CONV). Los proyectos están dirigidos a ""la población joven"", enmarcados en el ámbito de Inclusión Social, Juventud e Igualdad, lo que asigna claramente el sector social (sector_social).",60.024
45,bon,"RESOLUCIÓN 906E/2024, de 2 de diciembre, del director general de Presidencia, Gobierno Abierto y Relaciones con el Parlamento de Navarra, por la que se aprueba la convocatoria de la subvención ""Subvenciones a entidades ciudadanas que desarrollen proyectos dirigidos a fomentar y promover la participación ciudadana en la Comunidad Foral de Navarra 2025"". Identificación BDNS: 801826.",SUB_CONV,True,SUB_CONV,,Aprueba convocatoria participacion ciudadana sin sector claro,True,resolución,"[""SUB_CONV"", ""SUB_BASE""]","[""sector_social""]",0.98,"La resolución aprueba la convocatoria de subvenciones (""se aprueba la convocatoria de la subvención"") y establece las bases reguladoras para ellas (""fomentar y promover la participación ciudadana""), encajando en sector social por referencia a entidades ciudadanas y participación ciudadana.",58.498
46,dog,EXTRACTO de la Orden de 14 de enero de 2025 por la que se regula el régimen de ayudas a centros privados concertados para la contratación de auxiliares de conversación durante el curso 2024/25 con la finalidad de mejorar la competencia lingüística del alumnado en lenguas extranjeras (código de procedimiento ED504E).,SUB_CONV,True,SUB_CONV,sector_educacion,Extracto BDNS. Ayudas centros concertados auxiliares conversacion,True,orden,"[""SUB_BASE"", ""SUB_CONV""]","[""sector_educacion""]",0.95,"El texto menciona ""EXTRACTO de la Orden... por la que se regula el régimen de ayudas"" (señal SUB_BASE) y ""con la finalidad de mejorar..."" junto con el contexto de contratación en centros concertados para alumnado, lo que implica una convocatoria implícita o conjunta. Además, el ámbito es educativo (""centros privados concertados"", ""alumnado"").",62.661
47,boca,"EXTRACTO de la Resolución de 6 de marzo de 2025, por la que se convocan ayudas para la realización de talleres de identificación de proyectos de cooperación universitaria al desarrollo para el año 2025.",SUB_CONV,True,SUB_CONV,sector_educacion,Extracto. Talleres cooperacion universitaria al desarrollo,True,resolución,"[""SUB_CONV""]","[""sector_educacion""]",0.95,"La descripción indica ""EXTRACTO de la Resolución... por la que se convocan ayudas"", lo que confirma la fase SUB_CONV. Además, menciona ""cooperación universitaria al desarrollo"" y ""proyectos"", encajando claramente en sector_educacion.",53.583
48,boib,Resolución del consejero de Educación y Universidades por la que se convocan ayudas complementarias para el alumnado de las Illes Balears que participa en programas institucionales de movilidad para cursar parte de los estudios universitarios en cualquier país de la Unión Europea (UE-27) durante el año académico 2024-2025,SUB_CONV,True,SUB_CONV,sector_educacion,Ayudas movilidad universitaria,True,resolución,"[""SUB_CONV""]","[""sector_educacion""]",0.98,"La descripción menciona ""Resolución... por la que se convocan ayudas complementarias"", lo cual indica claramente una convocatoria de subvención (SUB_CONV). Además, las ayudas están dirigidas al ""alumnado"" para participar en programas de movilidad universitarios, lo que las enmarca en el sector educativo (sector_educacion).",61.495
49,docm,"Extracto de 18/02/2025, de la Universidad de Castilla-La Mancha, de la convocatoria de una beca de colaboración para colaborar en tareas de investigación sobre evaluación de procedimientos para actualizar hermanos digitales de centros de intercambio modal urbano. Departamento de Ingeniería Civil y de la Edificación de la Universidad de Castilla-La Mancha. Año 2025. BDNS (Identif.): 815625.",SUB_CONV,True,SUB_CONV,"sector_educacion, sector_investigacion",Extracto. Beca colaboracion en investigacion,True,extracto,"[""SUB_CONV"", ""SUB_BASE""]","[""sector_investigacion""]",0.95,"El texto menciona explícitamente ""convocatoria de una beca"" y ""BDNS"", lo que indica SUB_CONV. También se aprueban las bases reguladoras implícitamente al citar el documento completo (""Extracto de... de la convocatoria""), por lo que también aplica SUB_BASE según las reglas de multilabel. El sector es claramente investigación, dado a que la beca está para ""colaborar en tareas de investigación"".",69.167
50,borm,"Extracto de la Orden de 30 de diciembre de 2024, de modificación de la Orden de 30 de julio de 2021 de la Consejería de Empresa, Empleo, Universidades y Portavocía por la que se convocan en la Comunidad Autónoma de la Región de Murcia las ayudas correspondientes a programas de incentivos ligados a la movilidad eléctrica (MOVES III) en el marco del Plan de Recuperación, Transformación y Resiliencia.",SUB_CONV,True,SUB_CONV,sector_renovable,Modificacion de convocatoria MOVES III: hereda SUB_CONV,True,modificación,"[""SUB_CONV""]","[""sector_industria"", ""sector_renovable""]",0.95,"El texto indica que es un ""Extracto de la Orden... por la que se convocan"" las ayudas MOVES III, lo cual activa la categoría SUB_CONV (convocatoria). Las subcategorías sector_industria y sector_renovable son inferibles de ""movilidad eléctrica"", que implica vehículos eléctricos (industria/automoción) y tecnologías limpias (renovables). La confianza es alta por la claridad del texto.",68.846
51,docm,"Resolución de 12/02/2025, de la Consejería de Desarrollo Sostenible, por la que se deja sin efecto la Resolución de 27/12/2024, por la que se modifica la Resolución de 09/07/2021, por la que se aprueba la convocatoria del Programa de Incentivos a la Movilidad Eléctrica (Programa Moves III) -financiado por la Unión Europea- NextGenerationEU. Extracto BDNS (Identif.): 574801.",SUB_CONV,True,SUB_CONV,sector_renovable,Deja sin efecto modificacion de convocatoria MOVES III: hereda SUB_CONV,True,resolución,"[""SUB_BASE"", ""SUB_CONV""]","[""sector_industria"", ""sector_renovable""]",0.98,"El texto menciona ""por la que se aprueba la convocatoria del Programa de Incentivos a la Movilidad Eléctrica (Programa Moves III)"" y ""Extracto BDNS"", lo que indica tanto la aprobación de bases reguladoras como la convocatoria. Los sectores son industria (incentivos a la movilidad) y renovable (eléctrica).",64.482
52,dogv,"EXTRACTO de la  Resolución de 28 de enero de 2025, de la Dirección, mediante la que se establece la convocatoria para concesión y solicitud de pago anual de las ayudas incluidas en la solicitud única dentro del marco del Plan estratégico de la política agrícola común (PEPAC) para el año 2025 y de las ayudas a los agricultores en zonas con limitaciones naturales contenidas en la medida 13 del PDRCV 2014-2022.",SUB_CONV,True,SUB_CONV,sector_agricultura,Extracto. Convocatoria solicitud unica PAC,True,resolución,"[""SUB_CONV""]","[""sector_agricultura""]",0.95,"El texto describe una resolución que ""establece la convocatoria para concesión"" de ayudas agrícolas bajo el PEPAC y las medidas del PDRCV, lo que indica claramente una fase de convocatoria (SUB_CONV). Además, menciona explícitamente ""ayudas incluidas en la solicitud única dentro del marco del Plan estratégico de la política agrícola común"", lo que apunta al sector agrícola (sector_agricultura).",64.386
53,boja,"Anuncio de 27 de febrero de 2025, del Ayuntamiento de Martos, de extracto de las bases reguladoras que han de regir la convocatoria y proceso de selección para la provisión de varias plazas de personal laboral fijo y funcionario: 2 plazas de Limpiador/as a tiempo parcial (71/43%) (laboral), 1 plaza de Agente de Igualdad (laboral) y 1 plaza de Ordenanza con reserva turno con discapacidad, (funcionario), en el Ayuntamiento de Martos. (PP. 433/2025).",SUB_CONV,False,,,Extracto de bases de seleccion de plazas: RRHH no subvencion,False,anuncio,[],[],1.0,"El texto se refiere a ""bases reguladoras... para la provisión de varias plazas de personal laboral fijo y funcionario"", que corresponde a un proceso selectivo de personal, no a una subvención con dotación económica.",54.762
54,dogv,"EXTRACTO de la Resolución de 27 de febrero de 2025, de beca de formación universitaria para la colaboración en la gestión y coordinación de las actividades deportivas competitivas que se desarrollan en la oficina de campus saludables y deportes de la Universidad Miguel Hernández de Elche.",SUB_CONV,True,SUB_CONV,"sector_educacion, sector_deporte",Extracto. Beca formacion universitaria en oficina deportes,True,resolución,"[""SUB_CONV""]","[""sector_educacion"", ""sector_deporte""]",0.95,"Es una beca (ayuda con dotación económica) para formación universitaria con destino en gestión de actividades deportivas competitivas, lo que activa las etiquetas SUB_CONV por ser una convocatoria/resolución y sector_educacion/sector_deporte por los términos ""formación universitaria"" y ""actividades deportivas competitivas"".",59.652
55,bon,"ORDEN FORAL 17E/2025, de 11 de febrero, de la consejera de Memoria y Convivencia, Acción Exterior y Euskera, por la que se aprueban las bases reguladoras y la convocatoria de la subvención ""Ayudas a asociaciones y entidades sin ánimo de lucro para la realización de actividades relacionadas con las víctimas, con la cultura de memoria y convivencia"" para 2025. Identificación BDNS: 814184.",SUB_CONV,True,"SUB_BASE, SUB_CONV",sector_social,Acto completo: aprueba bases y convocatoria. Asociaciones victimas memoria,True,orden,"[""SUB_BASE"", ""SUB_CONV""]","[""sector_cultura"", ""sector_social""]",0.95,"La descripción menciona explícitamente ""se aprueban las bases reguladoras y la convocatoria de la subvención"", justificando ambas categorías N2 (SUB_BASE y SUB_CONV). Además, el texto referencia claramente a víctimas, cultura de memoria y convivencia (sector_cultura) y ayuda a asociaciones (sector_social), permitiendo asignar las subcategorías correspondientes.",64.359
56,docm,"Resolución de 06/02/2025, de la Viceconsejería de Servicios y Prestaciones Sociales, por la que se publica el crédito presupuestario disponible, durante 2025, para atender las obligaciones de contenido económico derivadas de las subvenciones para financiar proyectos de acción humanitaria y de emergencia. Extracto BDNS (Identif.): 813563.",SUB_CONV,True,SUB_CONV,sector_social,Publica credito disponible de convocatoria: acto sobre convocatoria. Accion humanitaria,True,resolución,"[""SUB_CONV""]","[""sector_social""]",0.95,"La publicación es una resolución que convoca subvenciones para proyectos de acción humanitaria y emergencia, lo cual indica claramente la fase de convocatoria (SUB_CONV). El sector social se infiere del texto ""Servicios y Prestaciones Sociales"" y ""acción humanitaria"", que encaja directamente con el sector_social definido. La mención a ""Extracto BDNS"" refuerza la clasificación como convocatoria.",65.158
57,bon,Extracto de la convocatoria de subvenciones para actuaciones puntuales de sensibilización en 2025,SUB_CONV,True,SUB_CONV,,Extracto convocatoria sensibilizacion sin sector claro,True,extracto,"[""SUB_CONV""]",[],0.95,"El texto es un ""Extracto de la convocatoria de subvenciones"", lo que coincide directamente con la categoría SUB_CONV y act_type=""extracto"". No se menciona explícitamente ningún sector destinatario específico en la descripción proporcionada, por lo que no asignamos una subcategoría.",57.1
58,bor,Convocatoria de subvenciones en régimen de concurrencia competitiva a entidades sin ánimo de lucro para el fomento y la promoción del deporte y la actividad física 2025 (extracto),SUB_CONV,True,SUB_CONV,sector_deporte,Convocatoria fomento deporte,True,convocatoria,"[""SUB_CONV""]","[""sector_deporte""]",0.95,"El texto es explícitamente una ""Convocatoria de subvenciones... para el fomento y la promoción del deporte"". La señal léxica clave que activa SUB_CONV es ""Convocatoria de subvenciones"", y la subcategoría sector_deporte se infiere directamente del objeto: ""fomento y la promoción del deporte"".",59.51
59,bon,"ORDEN FORAL 33E/2025, de 28 de febrero, de la consejera de Cultura, Deporte y Turismo, por la que se aprueba la convocatoria de la subvención ""Generazinema Desarrollo 2025/2026"". Identificación BDNS: 817901.",SUB_CONV,True,SUB_CONV,sector_cultura,Aprueba convocatoria Generazinema audiovisual,True,orden,"[""SUB_CONV"", ""SUB_BASE""]","[""sector_cultura"", ""sector_deporte""]",0.95,"El texto menciona ""por la que se aprueba la convocatoria de la subvención"" lo que activa SUB_CONV y SUB_BASE simultáneamente. El nombre ""Generazinema"" y la consejería de Cultura, Deporte y Turismo justifican las subcategorías sector_cultura y sector_deporte.",61.284
60,borm,"Extracto de la Orden de 17 de febrero de 2025 de la Consejería de Agua, Agricultura, Ganadería y Pesca por la que se aprueba la convocatoria de las ayudas de reestructuración y reconversión de viñedo de la Región de Murcia, para el año 2025.",SUB_CONV,True,SUB_CONV,sector_agricultura,Extracto. Reestructuracion vinedo,True,orden,"[""SUB_CONV"", ""SUB_BASE""]","[""sector_agricultura""]",0.98,"El texto menciona explícitamente ""por la que se aprueba la convocatoria de las ayudas"", lo que indica una fase de convocatoria (SUB_CONV) y aprobación de bases reguladoras (SUB_BASE). Además, el sector es claramente agricultura y ganadería con ""reestructuración y reconversión de viñedo"".",58.869
61,docm,"Orden 5/2025, de 30 de enero, de la Consejería de Agricultura, Ganadería y Desarrollo Rural, por la que se establecen disposiciones de aplicación de las intervenciones en forma de pagos directos financiadas con cargo al Fondo Europeo Agrícola (Feaga), la solicitud única y los requisitos comunes para el cobro de las ayudas y se convocan para el año 2025. Extracto BDNS (Identif.): 811967.",SUB_CONV,True,SUB_CONV,sector_agricultura,Disposiciones de aplicacion y convocatoria pagos directos PAC. Disposiciones no son bases formales,True,orden,"[""SUB_CONV"", ""SUB_BASE""]","[""sector_agricultura""]",0.95,"El texto menciona explícitamente ""se establecen disposiciones de aplicación... y se convocan para el año 2025"", lo que indica una convocatoria (SUB_CONV). También se aprueban bases o disposiciones de aplicación (SUB_BASE) y la temática es claramente agrícola, referida al Feaga y pagos directos agrícolas (sector_agricultura).",63.945
62,boib,"Notificación del Decreto de Presidencia acordando el reconocimiento de la obligación de pago de las ayudas para el fomento del uso de materiales biodegradables en acolchado agrícola, línea e) de la Convocatoria de ayudas específicas para el desarrollo del ámbito rural y ganadero en la isla de Ibiza para el año 2024-2025",SUB_CONV,True,SUB_CON,sector_agricultura,Reconocimiento obligacion de pago de ayudas: fase concesion-pago,True,notificación,"[""SUB_CON""]","[""sector_agricultura""]",0.95,"El texto menciona ""reconocimiento de la obligación de pago de las ayudas"", lo que indica una concesión (SUB_CON). Además, se refiere a ""acolchado agrícola"" y ""ámbito rural y ganadero"", señalando claramente el sector agricultura (sector_agricultura). La referencia a la convocatoria original confirma el contexto de subvención.",62.856
63,bon,"ORDEN FORAL 7E/2025, de 13 de febrero, de la consejera de Cultura, Deporte y Turismo, por la que se aprueba la convocatoria de la subvención a entidades de voluntariado o con programas, en el ámbito deportivo y de la actividad física. Identificación BDNS: 814879.",SUB_CONV,True,SUB_CONV,sector_deporte,Aprueba convocatoria voluntariado deportivo,True,orden,"[""SUB_CONV""]","[""sector_deporte""]",0.95,"El texto menciona explícitamente ""por la que se aprueba la convocatoria de la subvención"" y ""en el ámbito deportivo"", lo que activa las etiquetas SUB_CONV (fase de convocatoria) y sector_deporte (sector destinatario).",56.748
64,boib,"Resolución de la Consejera de Familias y Asuntos Sociales, a propuesta de la Directora General de Atención a la Dependencia por la que se modifica la Resolución de 18 de julio de 2024 de la Consejera de Familias y Asuntos Sociales por la que se aprueba la convocatoria de ayudas destinadas a personas mayores residentes en las islas de Menorca, Ibiza y Formentera que necesiten hacer desplazamientos a la isla de Mallorca para beneficiarse del Programa de Turismo del Instituto de Gente mayor y Servicios Sociales",SUB_CONV,True,SUB_CONV,sector_social,Modifica resolucion de convocatoria ayudas mayores: hereda SUB_CONV,True,modificación,"[""SUB_CONV""]","[""sector_social"", ""sector_vivienda""]",0.92,"El texto es una ""modificación"" de una ""Resolución... por la que se aprueba la convocatoria de ayudas destinadas a personas mayores"". La ayuda es para ""desplazamientos a la isla"", lo cual encaja en sector social (personas mayores, dependencia) y sector vivienda/turismo.",61.75
65,bocyl,"EXTRACTO de la Orden de 24 de marzo de 2025, de la Consejería de Educación, por la que se convocan subvenciones a los centros privados sostenidos con fondos públicos de la Comunidad de Castilla y León para la realización de actividades de intercambios escolares con centros educativos de países extranjeros, para el curso académico 2025/2026.",SUB_CONV,True,SUB_CONV,sector_educacion,Extracto. Intercambios escolares,True,orden,"[""SUB_CONV"", ""SUB_BASE""]","[""sector_educacion""]",0.98,"El texto menciona explícitamente ""EXTRACTO de la Orden... por la que se convocan subvenciones"" para actividades educativas (intercambios escolares), lo cual activa las etiquetas SUB_CONV (convocatoria) y SUB_BASE (bases reguladoras implícitas en la orden de convocatoria). El sector destinatario es claramente ""sector_educacion"" debido a la mención de ""centros privados sostenidos con fondos públicos"" y ""actividades de intercambios escolares"".",65.892
66,boc,Convocatoria de subvenciones para la adquisición de libros y de material educativo para el curso escolar 2024-2025.,SUB_CONV,True,SUB_CONV,sector_educacion,Convocatoria libros y material educativo,True,convocatoria,"[""SUB_CONV""]","[""sector_educacion""]",0.95,"El texto describe una ""Convocatoria de subvenciones"", indicando claramente la fase de convocatoria (SUB_CONV). Además, se menciona la adquisición de ""libros y material educativo"" para el curso escolar, lo que sitúa a los destinatarios en el sector de la educación (sector_educacion).",57.068
67,docm,"Extracto de 18/02/2025, de la Universidad de Castilla-La Mancha, de la convocatoria de beca de colaboración para apoyar en la organización de los cursos de postgrado del Área de Derecho Constitucional. Facultad de Ciencias Jurídicas y Sociales de Toledo, 2025. BDNS (Identif.): 815629.",SUB_CONV,True,SUB_CONV,sector_educacion,Extracto. Beca colaboracion postgrado,True,extracto,"[""SUB_CONV""]","[""sector_educacion""]",0.95,"El texto menciona explícitamente ""extracto de... la convocatoria de beca de colaboración"" y ""BDNS"", lo que indica una fase de convocatoria de una beca con dotación económica (SUB_CONV). La beca está destinada a apoyar la organización de cursos de postgrado en el Área de Derecho Constitucional, situándola claramente en el sector educación.",62.973
68,bon,Extracto de la convocatoria de ayudas a asociaciones y colectivos para el desarrollo de actividades socioculturales en 2025,SUB_CONV,True,SUB_CONV,sector_cultura,Extracto. Actividades socioculturales,True,orden,"[""SUB_CONV""]","[""sector_cultura"", ""sector_social""]",0.95,"El texto menciona explícitamente ""Extracto de la convocatoria de ayudas"" (SUB_CONV) y destina recursos a ""asociaciones y colectivos para el desarrollo de actividades socioculturales"" (actividades sociales y culturales).",55.476
69,dogc,"Anuncio sobre extracto de la convocatoria del proceso selectivo para el acceso, mediante concurso-oposición libre, de un/a profesor/a integrador/a, grupo A, subgrupo A2",SUB_CONV,False,,,Extracto convocatoria proceso selectivo profesor: RRHH,False,anuncio,[],[],1.0,"La publicación se refiere a un ""proceso selectivo para el acceso... de un/a profesor/a"", que es una oposición o concurso-oposición para personal laboral, no una subvención o ayuda económica, por lo tanto is_relevant=False según la regla 3.",53.18
70,boa,"ORDEN EMC/212/2025, de 18 de febrero, por la que se acuerda la distribución definitiva de los créditos presupuestarios previstos en la Orden EMC/1335/2024, de 25 de octubre, por la que se aprueba para el año 2024, la convocatoria de subvenciones para el desarrollo del Plan WAVE Desempleados, destinado a la actualización de las competencias laborales y mejora de la empleabilidad de las personas trabajadoras prioritariamente desempleadas de Aragón, a través de acciones de Formación Profesional para el Empleo, principalmente de carácter tecnológico.",SUB_CONV,True,SUB_CONV,sector_empleo,Distribucion definitiva creditos de convocatoria: acto sobre convocatoria. Plan WAVE desempleados,False,orden,[],[],0.95,"El texto describe una ""distribución definitiva de los créditos presupuestarios"" de una orden previa sobre convocatoria. Aunque la orden anterior (EMC/1335/2024) fue una SUB_CONV, este acto específico es puramente presupuestario (reparto de créditos) y no constituye un nuevo acto administrativo de subvención ni modifica el acto de concesión o convocatorias, por lo que según las reglas, se clasifica como presupuesto sin concesión.",68.3
71,bopa,"Extracto de la Resolución de 3 de marzo de 2025, de la Consejería de Cultura, Política Llingüística y Deporte, por la que se aprueba la convocatoria de subvenciones para la promoción del libro en asturiano y en gallego-asturiano o eonaviego, en régimen de concurrencia competitiva. [Cód. 2025-01797]",SUB_CONV,True,SUB_CONV,sector_cultura,Extracto. Promocion libro asturiano,True,resolución,"[""SUB_CONV"", ""SUB_BASE""]","[""sector_cultura""]",0.95,"La descripción contiene explícitamente ""aprobación la convocatoria de subvenciones"", indicando tanto fase de bases (SUB_BASE) como fase de convocatoria (SUB_CONV). El ámbito es claramente cultura (""promoción del libro en asturiano y en gallego-asturiano o eonaviego""), lo que activa sector_cultura.",63.244
72,bopa,"Extracto de la Resolución de 12 de marzo de 2025, de la Vicerrectora de Investigación de la Universidad de Oviedo, para la contratación de personal investigador y técnico de apoyo, según artículo 23.bis de la Ley 14/2011, de la Ciencia, la Tecnología y la Innovación (marzo-2025). [Cód. 2025-02021]",SUB_CONV,False,,,Contratacion personal investigador: proceso de empleo aunque publique extracto BDNS. Frontera RRHH,False,resolución,[],[],0.98,"La publicación es una resolución de contratación de personal investigador y técnico de apoyo según la Ley 14/2011, pero se refiere a procesos selectivos de personal (contratación de empleados) y no a subvenciones o ayudas públicas para proyectos. El texto menciona explícitamente ""contratación de personal"", que cae en la categoría de procesos selectivos donde is_relevant=False.",62.725
73,dogc,"Resolución de 6 de febrero de 2025, por la que se abre la convocatoria 2025 para la concesión de subvenciones en régimen de concurrencia competitiva para la programación internacional de la creación artística catalana en el ámbito de las artes visuales, el diseño y la arquitectura (ref. BDNS 813471)",SUB_CONV,True,SUB_CONV,sector_cultura,Abre convocatoria programacion internacional artes visuales,True,resolución,"[""SUB_CONV"", ""SUB_BASE""]","[""sector_cultura""]",0.95,"La descripción menciona ""por la que se abre la convocatoria 2025 para la concesión de subvenciones"", indicando tanto la apertura de convocatoria como las bases implícitas en el acto inicial. El fragmento ""programación internacional de la creación artística catalana en el ámbito de las artes visuales, el diseño y la arquitectura"" confirma el sector cultura.",63.792
74,bopa,"Extracto de la Resolución de 26 de febrero de 2025, de la Consejería de Presidencia, Reto Demográfico, Igualdad y Turismo, por la que se autoriza el gasto y se aprueba la convocatoria pública de ayudas individuales para asturianos y asturianas y descendientes residentes en el exterior para el año 2025. [Cód. 2025-01925]",SUB_CONV,True,SUB_CONV,sector_social,Extracto. Ayudas individuales asturianos en el exterior,True,resolución,"[""SUB_CONV""]",[],0.95,"El texto describe un ""Extracto de la Resolución... por la que se autoriza el gasto y se aprueba la convocatoria pública de ayudas individuales"", lo cual encaja claramente con la categoría SUB_CONV (Convocatoria). Aunque menciona ayuda a asturianos/as, no especifica el sector destinatario explícito para clasificar una subcategoría.",61.618
75,dogv,"EXTRACTO de la Resolución de 31 de enero de 2025, por la que se convocan para el ejercicio 2025 las subvenciones relativas a la concesión de plazas para estancias en balnearios de la Comunitat Valenciana (Programa de termalismo valenciano).",SUB_CONV,True,SUB_CONV,sector_social,Extracto. Termalismo plazas balnearios,True,resolución,"[""SUB_CONV""]",[],0.9,"El texto indica explícitamente ""por la que se convocan para el ejercicio 2025 las subvenciones"", confirmando una convocatoria de ayuda. La descripción no menciona claramente un sector específico entre los definidos en la taxonomía (como agricultura, cultura, vivienda, etc.), por lo que las subcategorías se dejan vacías aunque la actividad sea termalismo (que podría relacionarse indirectamente con bienestar social o salud, pero no hay una etiqueta exacta disponible para ello).",126.372
76,doe,"Extracto de la Resolución de 16 de diciembre de 2024, de la Secretaría General, por la que se efectúa convocatoria de ayudas a las inversiones materiales e inmateriales en instalaciones de transformación y en infraestructuras vitivinícolas, así como en estructuras e instrumentos de comercialización, dentro de la Intervención Sectorial Vitivinícola en el marco del Plan Estratégico de la Política Agraria Común, correspondiente al ejercicio 2025.",SUB_CONV,True,SUB_CONV,sector_agricultura,Extracto. Inversiones vitivinicolas,True,resolución,"[""SUB_CONV""]","[""sector_agricultura""]",0.98,"El texto es un ""extracto de la Resolución... por la que se efectúa convocatoria de ayudas"" a inversiones en instalaciones vitivinícolas, lo cual corresponde claramente a una SUB_CONV. El sector destinatario es el agrícola y de la producción vitivinícola, encajando en sector_agricultura según las señales de ""instalaciones de transformación"", ""infraestructuras vitivinícolas"" y ""Intervención Sectorial Vitivinícola"".",61.106
77,bon,"Extracto de convocatoria de ayudas económicas a la participación de grupos, peñas y asociaciones en el desfile de carnaval 2025",SUB_CONV,True,SUB_CONV,sector_cultura,Extracto. Ayudas desfile carnaval,True,extracto,"[""SUB_CONV""]","[""sector_cultura""]",0.95,"El texto menciona ""Extracto de convocatoria de ayudas económicas"" lo que indica la fase de convocatoria, y el fragmento ""ayudas económicas a la participación de grupos, peñas y asociaciones en el desfile de carnaval"" señala claramente el sector cultura.",54.313
78,dogv,"EXTRACTO de la Resolución de 4 de diciembre de 2024, del Vicerrectorado de Innovación y Transferencia de la Universitat de València, por la que se convocan y publican las bases del concurso universitario para implementar soluciones urbanas sostenibles para las ciudades del futuro «Ford phylantropy Smart mobility challenge», en colaboración con Ford Philantropy.",SUB_CONV,True,SUB_CONV,sector_educacion,Extracto BDNS aunque publique bases. Concurso universitario con premio,True,orden,"[""SUB_CONV"", ""SUB_BASE""]",[],0.95,"El texto contiene tanto una convocatoria como la aprobación de las bases, lo cual se refleja en el fragmento: ""por la que se convocan y publican las bases"". No hay referencia explícita a un sector concreto en la descripción proporcionada.",56.64
79,doe,"Extracto de las ayudas PAC campaña 2025/2026, ""Pago de compensación para zonas con limitaciones naturales significativas"" según Resolución de 27 de enero de 2025, de la Secretaría General.",SUB_CONV,True,SUB_CONV,sector_agricultura,Extracto. PAC zonas con limitaciones naturales,True,extracto,"[""SUB_CONV""]","[""sector_agricultura""]",0.98,"La publicación es un ""extracto de las ayudas PAC"" para la campaña 2025/2026, lo que indica una convocatoria (SUB_CONV). El ámbito ""zonas con limitaciones naturales"" y las siglas PAC (Política Agrícola Común) asignan claramente al sector agrícola (sector_agricultura).",60.446
80,docm,"Resolución de 04/02/2025, del Instituto de Promoción Exterior de Castilla-La Mancha, por la que se aprueba la convocatoria de concesión de subvenciones para la participación en la visita Feria Summer Fancy Food Show 2025, al amparo de la Orden 152/2022, de 29 de julio, de la Consejería de Economía, Empresas y Empleo, por la que se establecen las bases reguladoras de las ayudas para la participación agrupada en acciones de internacionalización convocadas por el Instituto de Promoción Exterior de Castilla-La Mancha. Extracto BDNS (Identif.): 813085.",SUB_CON,True,SUB_CONV,sector_industria,Convocatoria de concesion: el acto convoca. Feria internacionalizacion,True,resolución,"[""SUB_CONV""]",[],0.95,"El texto menciona explícitamente ""aprobación de la convocatoria de concesión de subvenciones"", lo cual encaja con SUB_CONV, aunque no se especifica el sector destinatario. La referencia a ""bases reguladoras"" es parte del marco normativo para la convocatoria actual y no indica una aprobación independiente de bases en este acto, por lo que solo figura como SUB_CONV.",65.929
81,dogc,"Resolución PLG/615/2025, de 23 de febrero, por la que se da publicidad al Acuerdo del Consejo de Administración de la Oficina de Apoyo a la Iniciativa Cultural por el que se aprueban las bases específicas que deben regir la concesión de subvenciones para promover el conocimiento y el uso del occitano, aranés en Arán, en Cataluña para el año 2025",SUB_CON,True,SUB_BASE,sector_cultura,Aprueba bases especificas de concesion occitano. No convoca,True,resolución,"[""SUB_BASE""]","[""sector_cultura""]",0.98,"La descripción incluye explícitamente ""se aprueban las bases específicas que deben regir la concesión de subvenciones"", lo cual activa la categoría SUB_BASE. Además, el texto menciona ""conocimiento y el uso del occitano, aranés en Arán"", lo que indica claramente el sector destinatario: sector_cultura.",60.989
82,bopa,"Resolución de 19 de febrero de 2025, de la Consejería de Presidencia, Reto Demográfico, Igualdad y Turismo, por la que se somete a trámite de información pública la Propuesta de Resolución por la que se aprueban las bases reguladoras para la concesión de subvenciones para la conciliación de la vida laboral, personal y familiar en el Principado de Asturias. [Cód. 2025-01406]",SUB_CON,True,SUB_BASE,sector_social,Informacion publica de propuesta de bases: fase previa de bases. Conciliacion,True,resolución,"[""SUB_BASE""]",[],0.9,"El texto describe una resolución que ""aprueba las bases reguladoras para la concesión de subvenciones"", lo cual encaja claramente en la categoría SUB_BASE (bases reguladoras). No hay evidencia en el fragmento proporcionado sobre el sector destinatario específico, por lo que la lista de subcategorías queda vacía. La confianza es alta (0.9) ya que las palabras clave ""bases reguladoras"" y ""concesión de subvenciones"" están explícitamente mencionadas.",68.438
83,dogc,Edicto sobre convocatoria para la concesión de subvenciones en régimen de concurrencia competitiva destinadas a niños y jóvenes inscritos en un programa deportivo durante el año 2025,SUB_CON,True,SUB_CONV,sector_deporte,Convocatoria concesion subvenciones programa deportivo,True,edicto,"[""SUB_CONV""]","[""sector_deporte""]",0.95,"El texto es un ""Edicto sobre convocatoria para la concesión de subvenciones"", lo que indica claramente una fase de convocatoria (SUB_CONV). Además, se menciona explícitamente que son para ""niños y jóvenes inscritos en un programa deportivo"", identificando el sector deporte como destinatario. La mención a ""concurrencia competitiva"" refuerza el carácter de convocatoria.",62.534
84,dogv,"RESOLUCIÓN de 30 de enero de 2025, de la Dirección General de Cultura, de ampliación para los municipios de Barxeta y Xeraco de los plazos de ejecución y de justificación establecidos por la Resolución de 14 de octubre de 2024, del director general de Cultura, por la que se convoca la concesión de subvenciones destinadas a financiar la reforma y modernización de instalaciones y equipamiento de espacios escénicos existentes en 2024.",SUB_CON,True,SUB_CONV,sector_cultura,Ampliacion plazos de convocatoria: acto sobre convocatoria. Espacios escenicos,True,resolución,"[""SUB_CONV"", ""SUB_BASE""]","[""sector_cultura""]",0.95,"El texto menciona explícitamente ""se convoca la concesión de subvenciones"" (disparador para SUB_CONV) y se refiere a una Resolución que ""aprueba ampliación... de los plazos... establecidos por la Resolución... por la que se convoca"", indicando que se aprueban o modifican las bases reguladoras (SUB_BASE). Además, el ámbito es ""Dirección General de Cultura"" y la ayuda financia ""reforma... de espacios escénicos"", lo cual encaja claramente en sector_cultura.",72.062
85,dog,"RESOLUCIÓN de 5 de febrero de 2025, del Departamento Territorial de Ourense, por la que se conceden las autorizaciones administrativas previa y de construcción y se declara, en concreto, de utilidad pública, a los efectos de la urgente ocupación, una instalación eléctrica en el ayuntamiento de Allariz (expediente IN407A 2024/119-3).",SUB_CON,False,,,Autorizacion administrativa instalacion electrica y DUP: dominio B0 no subvencion,False,resolución,[],[],1.0,"La publicación describe una resolución sobre ""concesión de autorizaciones administrativas"" y declaración de ""utilidad pública"", no se refiere a subvenciones, ayudas o dotación económica, por lo que is_relevant=False. El fragmento clave es: ""se conceden las autorizaciones administrativas... y se declara... de utilidad pública"".",60.128
86,doe,"Resolución de 23 de diciembre de 2024, de la Dirección General de Desarrollo Rural, de concesión directa de una subvención a la Cámara Oficial de Comercio, Industria y Servicios de Badajoz para el desarrollo del programa ""Relevo empresarial en espacios con especiales dificultades demográficas en la provincia de Badajoz"", en las anualidades 2025 y 2026, con cargo al Fondo de Cohesión y Transformación Territorial (FCT).",SUB_CON,True,SUB_CON,sector_industria,Concesion directa a Camara de Comercio,True,resolución,"[""SUB_CON""]","[""sector_agricultura"", ""sector_industria""]",0.95,"La publicación es una ""Resolución de... concesión directa de una subvención"", lo que la encuadra claramente en SUB_CON (concesión de ayudas). El texto menciona explícitamente ""desarrollo rural"" y ""Cámara Oficial de Comercio, Industria y Servicios"", justificando las subcategorías sector_agricultura y sector_industria respectivamente.",56.374
87,dogc,"Orden PRE/5/2025, de 23 de enero, de modificación de la Orden PRE/16/2024, de 29 de enero, por la que se aprueban las bases reguladoras del procedimiento de concesión de subvenciones para actuaciones destinadas a fomentar la digitalización de las administraciones locales con competencias en la gestión del ciclo urbano del agua, en municipios de entre 5.000 y 20.000 habitantes, en el marco del Plan de recuperación, transformación y resiliencia, financiado por los fondos europeos Next Generation",SUB_CON,True,SUB_BASE,,Modificacion de orden de bases: hereda SUB_BASE. Digitalizacion ciclo agua sin sector,True,modificación,"[""SUB_BASE"", ""SUB_CONV""]","[""sector_industria""]",0.95,"Es una ""modificación de la Orden... por la que se aprueban las bases reguladoras del procedimiento de concesión de subvenciones"" y también contiene la ""convocatoria"" implícita en la aprobación de las bases para el procedimiento. El sector es el industrial/tecnologico dado a la ""digitalización"".",62.768
88,borm,"Decreto n.º 15/2025, de 6 de marzo, por el que se establecen las normas especiales reguladoras de la concesión directa de subvención a la Federación de Autismo de la Región de Murcia (FAUM), destinada a financiar actuaciones complementarias de apoyo al alumnado con trastorno del espectro autista (TEA) para 2025.",SUB_CON,True,SUB_CON,"sector_social, sector_educacion",Decreto concesion directa FAUM autismo alumnado TEA,True,decreto,"[""SUB_BASE""]","[""sector_social"", ""sector_educacion""]",0.95,"El texto indica ""se establecen las normas especiales reguladoras de la concesión directa de subvención"", lo que corresponde a la aprobación de bases reguladoras (SUB_BASE). La finalidad es financiar apoyos al alumnado con TEA, lo que la sitúa en sector social (sector_social) y sector educación (sector_educación).",63.63
89,boc,Concesión de subvenciones en régimen de concurrencia competitiva a favor de asociaciones de personas mayores. Expediente 2024/9085T.,SUB_CON,True,SUB_CON,sector_social,Concesion subvenciones asociaciones mayores,True,resolución,"[""SUB_CON""]","[""sector_social""]",0.95,"El texto menciona explícitamente ""Concesión de subvenciones..."", lo cual indica claramente la fase de SUB_CON, y el destinatario es ""asociaciones de personas mayores"", situándolo en el sector_social. La confianza es alta por la claridad del lenguaje utilizado.",55.819
90,dog,"RESOLUCIÓN de 31 de octubre  de 2024 por la que se establecen las bases reguladoras y se anuncia la convocatoria, mediante tramitación anticipada de gasto, del procedimiento de concesión de subvenciones para proyectos de mejora energética, dirigido a autónomos y pymes del sector servicios (programa Bono energía pyme), anualidad 2025 (código de procedimiento IN417Z).",SUB_CON,True,"SUB_BASE, SUB_CONV","sector_renovable, sector_industria",Acto completo: bases y convocatoria. Bono energia pyme,True,resolución,"[""SUB_CONV"", ""SUB_BASE""]","[""sector_renovable"", ""sector_industria""]",0.95,"La descripción menciona explícitamente que se establecen las bases reguladoras y se anuncia la convocatoria de subvenciones para proyectos de mejora energética, dirigida a autónomos y pymes del sector servicios, lo cual confirma las categorías SUB_BASE y SUB_CONV. Los sectores destino son renovable (mejora energética) e industria (pymes del sector servicios).",64.737
91,dogc,"Resolución CLT/636/2025, de 27 de febrero, por la que se da publicidad al Acuerdo del Consejo de Administración del Instituto Catalán de las Empresas Culturales, de cuarta modificación de las bases específicas que regirán la concesión de subvenciones para compensar el déficit de explotación por la exhibición de montajes teatrales de carácter profesional",SUB_CON,True,SUB_BASE,sector_cultura,Modificacion bases especificas: hereda SUB_BASE. Teatro,True,resolución,"[""SUB_BASE""]","[""sector_cultura"", ""sector_industria""]",0.9,"El texto menciona explícitamente ""modificación de las bases específicas que regirán la concesión de subvenciones"" (etiqueta SUB_BASE) y estas subvenciones están dirigidas a compensar el déficit por ""exhibición de montajes teatrales"", lo que encaja claramente con el sector cultura. El Instituto Catalán de las Empresas Culturales también sitúa el ámbito industrial/empresarial dentro del sector industria.",68.774
92,doe,"Extracto de las ayudas PAC campaña 2025/2026, de la solicitud de concesión de ayuda y pago en su primer año de compromisos de la intervención ""Compromisos agroambientales en superficies agrarias. Apicultura para la biodiversidad"", según Resolución de 27 de enero de 2025, de la Secretaría General.",SUB_CON,True,SUB_CONV,sector_agricultura,Extracto. Solicitud concesion y pago agroambientales apicultura,True,extracto,"[""SUB_CON""]","[""sector_agricultura""]",0.95,"El texto menciona ""Extracto de las ayudas PAC campaña 2025/2026, de la solicitud de concesión de ayuda"", lo cual corresponde claramente a la fase de concesión (SUB_CON). Además, el contenido se refiere a ""Compromisos agroambientales en superficies agrarias. Apicultura para la biodiversidad"", que sitúa al destinatario en el sector agricultura (sector_agricultura).",66.059
93,dogc,"Resolución CLT/266/2025, de 29 de enero, por la que se da publicidad al Acuerdo del Consejo de Administración del Instituto Catalán de las Empresas Culturales por el que se aprueba la modificación de las bases específicas que deben regir la concesión de subvenciones a proyectos de pódcast en catalán u occitano de ficción narrativa o de temática cultural",SUB_CON,True,SUB_BASE,sector_cultura,Modificacion bases especificas podcast,True,resolución,"[""SUB_BASE""]","[""sector_cultura""]",0.95,"La descripción menciona explícitamente ""modificación de las bases específicas que deben regir la concesión de subvenciones"", lo que corresponde a la fase de bases reguladoras. Además, el texto especifica proyectos de ""pódcast"" y temáticas ""cultural"", indicando claramente el sector de cultura como destinatario.",59.919
94,boja,"Orden de 24 de febrero de 2025, por la que se aprueban las bases reguladoras para la concesión de subvenciones, en régimen de concurrencia no competitiva, para apoyar los costes de gestión, seguimiento y evaluación de las estrategias de desarrollo local y su animación de los Grupos de Desarrollo Rural de Andalucía, en el marco de la Intervención 7119.4 LEADER del Plan Estratégico de la Política Agrícola Común 2023-2027 de España.",SUB_CON,True,SUB_BASE,sector_agricultura,Aprueba bases LEADER GDR. No convoca,True,orden,"[""SUB_BASE""]","[""sector_agricultura""]",0.95,"El texto menciona explícitamente ""se aprueban las bases reguladoras para la concesión de subvenciones"", lo que corresponde a la categoría SUB_BASE. Además, la referencia a los Grupos de Desarrollo Rural y al Plan Estratégico de la Política Agrícola Común (PAC) indica claramente el sector destinatario como agricultura.",62.501
95,bopa,"Resolución de 13 de enero de 2025, de la Consejería de Medio Rural y Política Agraria, por la que se conceden ayudas acogidas al régimen de mínimis y destinadas a explotaciones apícolas. [Cód. 2025-00351]",SUB_CON,True,SUB_CON,sector_agricultura,Conceden ayudas minimis apicolas,True,resolución,"[""SUB_CON""]","[""sector_agricultura""]",0.95,"El texto menciona ""se conceden ayudas"", lo que corresponde a la categoría SUB_CON. Además, las ayudas están destinadas a ""explotaciones apícolas"", encajando claramente en el sector_agricultura.",54.061
96,docm,"Resolución de 18/12/2024, de la Dirección General de Autónomos, Trabajo y Economía Social, por la que se aprueba la convocatoria pública de concesión de subvenciones con cargo al Fondo de Ayuda Sindical, para el ejercicio 2025. Extracto BDNS (Identif.): 804295.",SUB_CON,True,SUB_CONV,sector_empleo,Aprueba convocatoria de concesion Fondo Ayuda Sindical: el acto convoca,True,resolución,"[""SUB_CONV""]","[""sector_industria""]",0.95,"La publicación es una ""Resolución... por la que se aprueba la convocatoria pública de concesión de subvenciones"" (señal SUB_CONV). El sector industrial o autónomos se deduce de la mención a la ""Dirección General de Autónomos, Trabajo y Economía Social"" y el ""Fondo de Ayuda Sindical"".",61.324
97,boib,"Resolución de concesión de subvenciones destinadas a personas físicas, agrupaciones de personas físicas, explotaciones agrarias, comunidades de bienes, comunidades y asociaciones de regantes, entidades sin ánimo de lucro, para la recuperación de elementos etnológicos y arquitectónicos con valor patrimonial y para la recuperación del paisaje agrícola y su entorno que estén situados dentro del ámbito territorial de la Sierra de TramUntana (SV 1/2024 - Ampliación)",SUB_CON,True,SUB_CON,"sector_cultura, sector_agricultura",Resolucion de concesion patrimonio etnologico y paisaje agricola,True,resolución,"[""SUB_CON""]","[""sector_agricultura"", ""sector_cultura""]",0.95,"La descripción menciona explícitamente ""Resolución de concesión de subvenciones"" y destina la ayuda a la recuperación de elementos etnológicos (cultura) y al paisaje agrícola (agricultura), cumpliendo con los criterios de relevancia y subcategorías.",59.763
98,dogc,"Resolución de 28 de febrero de 2025, por la que se abre la 1.ª convocatoria del año 2025 para la concesión de subvenciones en régimen de concurrencia no competitiva a la movilidad del profesorado de estudios catalanes en universidades del exterior (ref. BDNS 817641)",SUB_CON,True,SUB_CONV,sector_educacion,Abre convocatoria movilidad profesorado universitario,True,resolución,"[""SUB_CONV""]",[],0.98,"El texto indica ""por la que se abre la 1.ª convocatoria"" y ""concesión de subvenciones"", lo cual claramente identifica el acto como una convocatoria (SUB_CONV). Aunque la descripción menciona el objetivo educativo (""movilidad del profesorado""), no hay un nombre de sector explícito en las categorías N3 definidas; se requiere señal más directa para etiquetar el sector.",62.97
99,dogc,"Resolución CLT/147/2025, de 21 de enero, por la que se da publicidad al Acuerdo del Consejo de Administración de la Oficina de Apoyo a la Iniciativa Cultural por el que se aprueban las bases específicas que deben regir la concesión de subvenciones para la organización de eventos de contenido cultural digital en Cataluña",SUB_CON,True,SUB_BASE,sector_cultura,Aprueba bases especificas eventos cultura digital,True,resolución,"[""SUB_BASE""]","[""sector_cultura""]",0.95,"El texto menciona explícitamente ""apruéban las bases específicas que deben regir la concesión de subvenciones"" (SUB_BASE) y el propósito es para ""eventos de contenido cultural digital"" (sector_cultura). No hay indicación de convocatoria en este acto específico, solo la aprobación de bases.",61.578
100,bon,Extracto de convocatoria que regula la solicitud y concesión de subvenciones por la realización de actividades extraescolares en y con euskera curso 2024-2025,SUB_CON,True,SUB_CONV,"sector_educacion, sector_cultura",Extracto convocatoria extraescolares en euskera,True,convocatoria,"[""SUB_CONV""]","[""sector_educacion""]",0.95,"El texto menciona explícitamente ""Extracto de convocatoria"" y ""concesión de subvenciones"", justificando la etiqueta SUB_CONV. El contexto de ""actividades extraescolares en y con euskera curso 2024-2025"" sitúa claramente la ayuda en el ámbito educativo (sector_educacion).",59.911
101,bopa,"Corrección de error habido en la publicación de “Resolución de 30 de diciembre de 2024, de la Agencia de Ciencia, Competitividad Empresarial e Innovación Asturiana, por la que se resuelve la convocatoria para la concesión de subvenciones dirigidas a la ejecución de Proyectos de I+D en el Principado de Asturias para el ejercicio 2024 (programa RIS3-Empresa).” (Boletín Oficial del Principado de Asturias número 7, de 13 de enero de 2025). [Cód. 2025-00267]",SUB_CON,True,SUB_CON,sector_investigacion,Correccion de error de resolucion de concesion: hereda SUB_CON. I+D,True,corrección_errores,"[""SUB_CONV"", ""SUB_BASE""]","[""sector_investigacion""]",0.98,"Es una ""Corrección de error"" que modifica la ""Resolución... por la que se resuelve la convocatoria para la concesión de subvenciones dirigidas a la ejecución de Proyectos de I+D"". Las señales clave son ""convocatoria para la concesión de subvenciones"" (SUB_CONV), ""Programa RIS3-Empresa"" y ""Proyectos de I+D"" (sector_investigacion). También implica las bases reguladoras implícitas en la resolución original.",74.933
102,borm,"Decreto n.º 13/2025 de 6 de marzo, por el que se establecen las normas especiales reguladoras de la concesión directa de una subvención a los ayuntamientos de la Región de Murcia para la realización de actuaciones destinadas a la reducción del absentismo escolar y a la inclusión del alumnado en situación de vulnerabilidad socioeducativa en la Comunidad Autónoma de la Región de Murcia cofinanciadas por el FSE+.",SUB_CON,True,SUB_CON,"sector_educacion, sector_social",Decreto concesion directa absentismo escolar,True,decreto,"[""SUB_BASE""]","[""sector_educacion"", ""sector_social""]",0.98,"El texto indica ""por el que se establecen las normas especiales reguladoras de la concesión directa de una subvención"" (señal SUB_BASE), y el objetivo es para ""actuaciones destinadas a la reducción del absentismo escolar y a la inclusión del alumnado en situación de vulnerabilidad socioeducativa"", apuntando al sector educativo y social.",64.163
103,boib,"Propuesta de resolución provisional del director general de Economía Circular, Transición Energética y Cambio Climático por la que se conceden las subvenciones en el marco de la convocatoria pública de subvenciones para actuaciones de soporte a la movilidad eléctrica (Programa MOVES III) en el marco del Plan de Recuperación, Transformación y Resiliencia Europeo financiado por la Unión Europea-NextGenerationEU",SUB_CON,True,SUB_CON,sector_renovable,Propuesta resolucion provisional de concesion MOVES III,True,resolución,"[""SUB_CON""]","[""sector_industria"", ""sector_renovable"", ""sector_agricultura""]",0.95,"El texto menciona explícitamente ""por la que se conceden las subvenciones en el marco de la convocatoria pública"", lo que confirma la categoría SUB_CON (concesión). El fragmento ""actuaciones de soporte a la movilidad eléctrica"" apunta al sector_renovable, mientras que MOVES III abarca tanto ""sector_industria"" como ""sector_agricultura"".",67.426
104,boa,"CORRECCIÓN de errores del Extracto de la Orden EMC/1701/2024, de 5 de diciembre, por la que se convocan para el año 2025, las subvenciones reguladas en la Orden EEI/340/2024, de 5 de abril, por la que se establecen las bases reguladoras para la concesión de subvenciones del Programa para el fomento y consolidación del empleo autónomo.",SUB_CON,True,SUB_CONV,sector_empleo,Correccion de errores de extracto de convocatoria: hereda SUB_CONV. Empleo autonomo,True,modificación,"[""SUB_CONV"", ""SUB_BASE""]","[""sector_empleo""]",0.98,"Se trata de una 'modificación' (corregión) que cita tanto a la Orden EMC/1701/2024 que 'convoca para el año 2025, las subvenciones' como a la Orden EEI/340/2024 por la que 'se establecen las bases reguladoras'. El texto explicita el sector: 'Programa para el fomento y consolidación del empleo autónomo', correspondiendo al sector_empleo.",70.43
105,doe,"Resolución de 27 de enero de 2025, de la Secretaría General, por la que se da publicidad al Convenio entre la Consejería de Economía, Empleo y Transformación Digital, a través del Servicio Extremeño Público de Empleo, y la Autoescuela Eulogio López, SL, para la adhesión al programa de ayudas regulado en el Decreto 113/2024, de 10 de septiembre, por el que se establecen las bases reguladoras para la concesión de subvenciones del programa ""Bono formación del sector del transporte"", destinado a la mejora de la empleabilidad de personas desempleadas y ocupadas en el sector del transporte de mercancías y de viajeros y se aprueba la primera convocatoria.",SUB_CON,False,,,Convenio adhesion entidad colaboradora sin acto de concesion,True,notificación,"[""SUB_CONV"", ""SUB_BASE""]","[""sector_empleo""]",0.95,"La publicación es una resolución de notificación que hace referencia a un convenio para la adhesión al programa de ayudas ""Bono formación del sector del transporte"" y aprueba la primera convocatoria (""se da publicidad al Convenio... para la adhesión al programa de ayudas... y se aprueba la primera convocatoria""). El fragmento explícito que activa la categoría SUB_BASE es el Decreto 113/2024 por el que ""se establecen las bases reguladoras"". La mención a personas desempleadas, ocupadas en el transporte y fomento del empleo activa la subcategoría sector_empleo.",79.725
106,boa,"EXTRACTO de la Orden EMC/192/2025, de 10 de febrero, por la que se convocan para el año 2025 las subvenciones reguladas en la Orden EEI/709/2024, de 21 de junio, por la que se aprueban las bases reguladoras del Programa MEJORA para la concesión de subvenciones destinadas a la mejora de la empleabilidad de los jóvenes y para el relevo generacional en el mercado laboral aragonés.",SUB_CON,True,SUB_CONV,sector_empleo,Extracto. Programa MEJORA empleabilidad jovenes,True,orden,"[""SUB_BASE"", ""SUB_CONV""]","[""sector_empleo""]",0.95,"El texto menciona explícitamente ""se aprueban las bases reguladoras del Programa MEJORA"" (etiqueta SUB_BASE) y ""se convocan para el año 2025 las subvenciones"" (etiqueta SUB_CONV). El objetivo es ""mejora de la empleabilidad de los jóvenes"", lo que identifica al sector destinatario como empleo.",65.106
107,bopv,"RESOLUCIÓN de 18 de febrero de 2025, de la Directora de Emakunde-Instituto Vasco de la Mujer, por la que se regulan las bases y se convoca la concesión de subvenciones, para el año 2025, a empresas, entidades privadas, cooperativas y entidades sin ánimo de lucro para la contratación de una consultora homologada tanto para la realización de un Diagnóstico sobre la igualdad de mujeres y hombres y un Plan para la igualdad, así como para la implantación de medidas contenidas en los planes para la igualdad, todo ello bajo el régimen de ayudas de minimis.
				
2025/00913",SUB_CON,True,"SUB_BASE, SUB_CONV",sector_social,Acto completo: regula bases y convoca. Planes igualdad empresas,True,resolución,"[""SUB_BASE"", ""SUB_CONV""]","[""sector_social""]",0.98,"La descripción menciona explícitamente que la resolución ""regula las bases y se convoca la concesión de subvenciones"", lo cual activa tanto SUB_BASE como SUB_CONV simultáneamente. El ámbito de aplicación es ""igualdad de mujeres y hombres"" y ""medidas contenidas en los planes para la igualdad"", claramente encajando en sector_social.",66.453
108,doe,"Acuerdo de 21 de enero de 2025, del Consejero Delegado, por el que se realiza la convocatoria para la concesión de subvenciones por Extremadura Avante Servicios Avanzados a Pymes, SLU, para la participación en la formación práctica del programa de formación avanzada para técnicos de comercio exterior (Formacoex Plus), para las líneas ""Formacoex Plus Extremadura"" y ""Formacoex Plus Exterior"" para el ejercicio 2025.",SUB_CON,True,SUB_CONV,"sector_industria, sector_empleo",Convocatoria concesion Formacoex comercio exterior,True,acuerdo,"[""SUB_CONV""]","[""sector_educacion"", ""sector_industria"", ""sector_empleo""]",0.95,"El texto menciona explícitamente ""convocatoria para la concesión de subvenciones"" y ""participación en la formación práctica"", lo que indica una convocatoria (SUB_CONV) relacionada con educación y formación profesional, además de tener un componente industrial y de empleo al estar dirigido a técnicos de comercio exterior y PYMES.",64.417
109,boib,"Extracto de la Resolución de 4 de marzo de 2025 del presidente de la Agencia de Desarrollo Regional de las Illes Balears de las Islas Baleares por la que se aprueba la convocatoria para la concesión de ayudas de cheques de consultoría para la competitividad industrial de las Illes Balears en materia de digitalización, internacionalización, sostenibilidad y gestión avanzada",SUB_CON,True,SUB_CONV,sector_industria,Extracto. Cheques consultoria industrial,True,resolución,"[""SUB_CONV"", ""SUB_BASE""]","[""sector_industria""]",0.98,"El texto menciona explícitamente ""convocatoria para la concesión de ayudas"" (señal SUB_CONV) y también ""aprueba la convocatoria"" junto con detalles sobre las condiciones, lo que sugiere el acto de aprobación de bases reguladoras (SUB_BASE). El objetivo ""competitividad industrial"", ""digitalización, internacionalización, sostenibilidad y gestión avanzada"" sitúa claramente la ayuda en el sector industria.",67.32
110,dog,"RESOLUCIÓN de 12 de diciembre de 2024 por la que se da publicidad del acuerdo del Consejo de Dirección que aprueba las bases reguladoras de las ayudas a proyectos de inversión empresarial para el año 2025, cofinanciadas por la Unión Europea en el marco del programa Galicia Feder 2021-2027, y se procede a su convocatoria en régimen de concurrencia no competitiva (código de procedimiento IG408A).",SUB_BASE,True,"SUB_BASE, SUB_CONV",sector_industria,Acto completo: aprueba bases y convoca. Inversion empresarial,True,resolución,"[""SUB_BASE"", ""SUB_CONV""]","[""sector_industria""]",0.95,"La descripción menciona explícitamente que se ""aprueba las bases reguladoras"" y también ""se procede a su convocatoria"", lo que activa ambas categorías SUB_BASE y SUB_CONV. El texto hace referencia a ""ayudas a proyectos de inversión empresarial"", lo que la enmarca claramente en el sector industria.",61.112
111,docm,"Resolución de 20/01/2025, del Instituto de Promoción Exterior de Castilla-La Mancha, por la que se aprueba la convocatoria de concesión de subvenciones para la participación en la Feria IWA Outdoor Classics Nüremberg 2025, al amparo de la Orden 152/2022, de 29 de julio, de la Consejería de Economía, Empresas y Empleo, por la que se establecen las bases reguladoras de las ayudas para la participación agrupada en acciones de internacionalización convocadas por el Instituto de Promoción Exterior de Castilla-La Mancha. Extracto BDNS (Identif.): 810404.",SUB_BASE,True,SUB_CONV,sector_industria,Convocatoria de concesion: el acto convoca. Bases en orden previa. Feria IWA,True,resolución,"[""SUB_CONV"", ""SUB_BASE""]","[""sector_industria""]",0.95,"El texto menciona explícitamente ""se aprueba la convocatoria de concesión de subvenciones"", lo que dispara la etiqueta SUB_CONV, y también ""por la que se establecen las bases reguladoras"", disparando SUB_BASE. El sector es industria debido a ""participación en la Feria IWA Outdoor Classics Nüremberg"", relacionada con internacionalización industrial.",66.929
112,dog,"RESOLUCIÓN de 9 de enero de 2025, de la Secretaría General de la Emigración, por la que se publican las subvenciones concedidas al amparo de la Resolución de 29 de diciembre de 2023 por la que se aprueban las bases reguladoras para la concesión, en régimen de concurrencia no competitiva, de subvenciones para promover el autoempleo y la actividad emprendedora en la Comunidad Autónoma gallega de las personas emigrantes gallegas retornadas, y se procede a su convocatoria para el año 2024 (código de procedimiento PR937A).",SUB_BASE,True,SUB_CON,sector_empleo,Publica subvenciones concedidas: fase concesion. Autoempleo retornados,True,resolución,"[""SUB_CON"", ""SUB_CONV""]","[""sector_empleo""]",0.95,"El texto menciona explícitamente ""se publican las subvenciones concedidas"" (SUB_CON) y ""se procede a su convocatoria para el año 2024"" (SUB_CONV). Además, el objetivo es ""promover el autoempleo y la actividad emprendedora"", lo que encaja con sector_empleo. La referencia a bases reguladoras previas confirma el contexto de subvención, no de concurso selectivo de personal.",71.651
113,boib,"Bases reguladoras y convocatoria para la concesión, en el municipio de Calvià y para el año 2025, de subvenciones para la mejora estética y actuaciones dirigidas a la innovación y a la digitalización de establecimientos físicos en el término municipal de Calvià",SUB_BASE,True,"SUB_BASE, SUB_CONV",sector_industria,Acto completo: bases y convocatoria. Digitalizacion establecimientos,True,orden,"[""SUB_BASE"", ""SUB_CONV""]","[""sector_industria""]",0.95,"El texto menciona explícitamente ""Bases reguladoras y convocatoria para la concesión... de subvenciones"", lo que justifica las etiquetas SUB_BASE y SUB_CONV en un mismo acto (multilabel). Las actuaciones dirigidas a la innovación y digitalización de establecimientos físicos, en el contexto de mejora estética, se alinean claramente con el sector industrial.",60.95
114,dogc,"Anuncio sobre aprobación de las bases reguladoras de subvenciones destinadas a financiar inversiones, proyectos y/o actividades de las entidades inscritas en el Registro Municipal de Asociaciones de Montbrió del Camp",SUB_BASE,True,SUB_BASE,,Aprueba bases subvenciones asociaciones municipales sin sector claro,True,anuncio,"[""SUB_BASE""]",[],0.95,"El texto menciona explícitamente ""aprobación de las bases reguladoras de subvenciones"", lo que indica la fase SUB_BASE. No hay información suficiente para inferir un sector destinatario específico.",50.558
115,boca,"EXTRACTO de la Orden de 21 de febrero de 2025, por la que se modifican las Órdenes de 2 de diciembre de 2022 y de 7 de junio de 2024, relativas a las bases reguladoras y la convocatoria de subvenciones para financiar proyectos de eficiencia energética y economía circular de establecimientos que realicen la actividad de alojamiento turístico ubicados en el ámbito territorial de la Comunidad Autónoma de Canarias, correspondiente al Componente 14, Inversión 4, Submedida 2, dentro del Plan de Recuperación, Transformación y Resiliencia, financiado por la Unión Europea «Next Generation EU».",SUB_BASE,True,SUB_CONV,"sector_renovable, sector_industria",Extracto de modificacion de bases y convocatoria: criterio extracto=CONV. Eficiencia energetica turismo,True,modificación,"[""SUB_CONV"", ""SUB_BASE""]","[""sector_renovable"", ""sector_vivienda""]",0.98,"Es una ""modificación de las Órdenes... relativas a las bases reguladoras y la convocatoria de subvenciones"" (dispara SUB_BASE y SUB_CONV). La ayuda es para ""eficiencia energética y economía circular de establecimientos que realicen la actividad de alojamiento turístico"", señal explícita para sector_renovable y sector_vivienda.",67.055
116,boib,Bases reguladoras de la convocatoria y realización de las pruebas de aptitud para la obtención del permiso local de conductor 2025,SUB_BASE,False,,,Bases de pruebas de aptitud permiso conductor: no es ayuda,False,otros,[],[],0.95,"El texto menciona ""Bases reguladoras de la convocatoria y realización de las pruebas de aptitud para la obtención del permiso local de conductor 2025"". Se trata de un proceso selectivo o prueba de aptitud, no una subvención o ayuda económica, por lo que is_relevant=False. El act_type es 'otros' ya que ""bases reguladoras"" no está en la lista de tipos permitidos para is_relevant=False y el contenido es un trámite administrativo.",118.29
117,boib,Tercera convocatoria concurso Lab Oliver y aprobación de las bases reguladoras,SUB_BASE,True,"SUB_BASE, SUB_CONV",,Convocatoria y aprobacion bases concurso Lab Oliver. Verificar si premio con dotacion,True,orden,"[""SUB_BASE"", ""SUB_CONV""]","[""sector_cultura""]",0.98,"El texto menciona explícitamente ""aprobación de las bases reguladoras"" (disparador SUB_BASE) y ""convocatoria concurso Lab Oliver"" (disparador SUB_CONV). El Laboratorio Oliva (Lab Oliver) es una iniciativa cultural relacionada con la edición y el periodismo, encajando claramente en sector_cultura.",59.426
118,dogv,"RESOLUCIÓN parcial primera de concesión, de 18 de diciembre de 2024, de la Dirección General de Vivienda, de la convocatoria para la concesión de subvenciones reguladas mediante la Resolución de 28 de octubre de 2024, de la Vicepresidencia y Conselleria de Servicios Sociales, Igualdad y Vivienda, por la que se aprueban las bases reguladoras de las subvenciones para la realización del informe de evaluación de edificios de viviendas (IEEV.CV) y se convocan las subvenciones para el ejercicio 2024.",SUB_BASE,True,SUB_CON,sector_vivienda,Resolucion parcial de concesion IEEV,True,resolución,"[""SUB_CON""]","[""sector_vivienda"", ""sector_industria""]",0.95,"Es una resolución de concesión de subvenciones para la realización del informe de evaluación de edificios de viviendas (IEEV.CV), lo que indica claramente el sector vivienda. También menciona la aprobación de bases reguladoras y la convocatoria, pero como acto principal es la concesión, por lo que se asigna SUB_CON. El texto cita explícitamente ""concesión de subvenciones"" para las ayudas a edificios y viviendas, y también implica sector industria/emprendimiento al tratar con informes técnicos de edificación.",70.009
119,dog,EXTRACTO de la Orden de 4 de diciembre de 2024 por la que se establecen las bases reguladoras de las ayudas para paliar los daños ocasionados por el oso pardo y se convocan para el año 2025 (código de procedimiento MT815A).,SUB_BASE,True,SUB_CONV,sector_agricultura,Extracto BDNS aunque apruebe bases. Danos oso pardo,True,orden,"[""SUB_BASE"", ""SUB_CONV""]",[],1.0,"El texto contiene explícitamente ""se establecen las bases reguladoras"" (etiqueta SUB_BASE) y también dice ""y se convocan"" la ayuda, confirmando que es una convocatoria simultánea (etiqueta SUB_CONV). No se menciona un sector destinatario específico en el fragmento proporcionado.",55.27
120,boja,"Resolución de 25 de febrero de 2025, de la Universidad Pablo de Olavide, por la que se establecen las bases reguladoras para la contratación laboral prevista en la Ley 14/2011, de 1 de junio, de la Ciencia, la Tecnología y la Innovación, y se convoca a concurso público un contrato de actividades científico-técnicas.",SUB_BASE,False,,,Bases y concurso para contratacion laboral Ley Ciencia: empleo no subvencion. Frontera RRHH,False,resolución,[],[],0.95,"El texto describe una resolución que aprueba bases para la contratación laboral prevista en una ley de ciencia, tecnología e innovación y convoca un concurso público para un contrato de actividades científico-técnicas. Según las reglas críticas (punto 3), las ""bases reguladoras"" o convocatorias referidas a procesos selectivos, contrataciones laborales o concursos públicos de personal no son subvenciones (is_relevant=False), incluso si contienen palabras como ""convoca"", porque se trata de contratación del personal y no de concesión de ayudas.",68.589
121,bon,RESOLUCIÓN 1065/2024 de 31 de diciembre del director general de Agricultura y Ganadería que aprueba las bases reguladoras y la convocatoria de subvenciones a la suscripción de los seguros agrarios incluidos en el Plan de Seguros Agrarios Combinados de 2025 (46.º Plan). Identificación BDNS: 809575.,SUB_BASE,True,"SUB_BASE, SUB_CONV",sector_agricultura,Acto completo: aprueba bases y convocatoria. Seguros agrarios,True,resolución,"[""SUB_BASE"", ""SUB_CONV""]","[""sector_agricultura""]",0.98,"La resolución ""aprueba las bases reguladoras y la convocatoria de subvenciones"" activa ambas categorías N2. El sector es agricultura, explícito en ""director general de Agricultura y Ganadería"", ""seguros agrarios"" y ""Plan de Seguros Agrarios"".",58.667
122,bopa,"Resolución de 13 de febrero de 2025, de la Consejería de Medio Rural y Política Agraria, de modificación de las bases reguladoras del procedimiento de concesión de las subvenciones de la Intervención Sectorial Apícola en el marco del Plan Estratégico Nacional de la Política Agrícola Común (PEPAC). [Cód. 2025-01291]",SUB_BASE,True,SUB_BASE,sector_agricultura,Modificacion de bases: hereda SUB_BASE. Apicola PEPAC,True,modificación,"[""SUB_BASE""]","[""sector_agricultura""]",0.95,"La publicación es una ""modificación de las bases reguladoras"" del procedimiento para subvenciones de la Intervención Sectorial Apícola, lo que identifica claramente la fase de SUB_BASE y el sector_agricultura por el término apícola en el contexto PEPAC.",57.738
123,doe,"Resolución de 7 de diciembre de 2024, de la Secretaría General de Empleo, de concesión de ayudas solicitadas al amparo del Decreto 168/2022, de 30 de diciembre, por el que se establecen las bases reguladoras de las subvenciones para el fomento, consolidación y modernización del empleo autónomo en el ámbito de la Comunidad Autónoma de Extremadura y se aprueba la primera convocatoria de las ayudas de los Programas I, II, III y IV. (DOE de 14 de febrero de 2023. Núm. 31), modificado por el Decreto-ley 4/2023, de 12 de septiembre, por el que se aprueban medidas urgentes para reducir la carga tributaria soportada por los contribuyentes, se amplían las ayudas al acogimiento familiar, se incrementan las ayudas a los nuevos autónomos y se conceden ayudas directas a los productores de cerezas. (DOE núm. 178, de 15 de septiembre de 2023).",SUB_BASE,True,SUB_CON,sector_empleo,Resolucion de concesion al amparo de bases previas. Empleo autonomo,True,resolución,"[""SUB_CONV""]","[""sector_empleo""]",0.98,"La descripción indica una ""Resolución... de concesión de ayudas solicitadas al amparo del Decreto... por el que se establecen las bases reguladoras de las subvenciones para el fomento, consolidación y modernización del empleo autónomo"", lo que identifica claramente una concesión en el sector del empleo.",63.363
124,boe,"Orden CNU/161/2025, de 7 de febrero, por la que se aprueban las bases reguladoras para la concesión de ayudas públicas por el Centro para el Desarrollo Tecnológico y la Innovación, E.P.E., en el marco del Plan Estatal de Investigación Científica y Técnica y de Innovación 2024-2027.",SUB_BASE,True,SUB_BASE,sector_investigacion,Aprueba bases CDTI Plan Estatal I+D+i. No convoca,True,orden,"[""SUB_BASE"", ""SUB_CONV""]","[""sector_investigacion""]",0.98,"El texto menciona explícitamente ""se aprueban las bases reguladoras"" (SUB_BASE) y también indica el propósito de la resolución: ""por la que se aprueban las bases... para la concesión de ayudas públicas"", lo que implica una convocatoria paralela (SUB_CONV). El sector es claramente investigación (""Plan Estatal de Investigación Científica y Técnica y de Innovación 2024-2027"").",60.081
125,boc,"Orden IND/9/2025, de 5 de marzo, por la que se modifica la Orden EPS/3/2021, de 18 de marzo, por la que se establecen las bases reguladoras para la concesión de subvenciones destinadas a la inserción sociolaboral en empresas de inserción.",SUB_BASE,True,SUB_BASE,"sector_social, sector_empleo",Modifica bases insercion sociolaboral,True,modificación,"[""SUB_BASE""]","[""sector_social""]",0.98,"La publicación es una ""modificación"" de una orden que aprueba bases reguladoras para subvenciones a empresas de inserción. El fragmento clave es: ""Orden... por la que se modifica la Orden... por la que se establecen las bases reguladoras"". Esto encaja con SUB_BASE (bases) y sector_social (""inserción sociolaboral"").",49.88
126,doe,"Resolución de 27 de septiembre de 2024, de la Secretaría General de Empleo, de concesión de ayudas solicitadas al amparo del Decreto 168/2022, de 30 de diciembre, por el que se establecen las bases reguladoras de las subvenciones para el fomento, consolidación y modernización del empleo autónomo en el ámbito de la Comunidad Autónoma de Extremadura y se aprueba la primera convocatoria de las ayudas de los Programas I, II, III y IV. (DOE de 14 de febrero de 2023. Núm. 31).",SUB_BASE,True,SUB_CON,sector_empleo,Resolucion de concesion al amparo de bases previas. Empleo autonomo,True,resolución,"[""SUB_CONV""]","[""sector_empleo""]",0.95,"Es una Resolución de concesión de ayudas al amparo del Decreto 168/2022 para el fomento, consolidación y modernización del empleo autónomo en Extremadura, claramente asociada al sector empleo. La frase ""de concesión de ayudas solicitadas"" confirma la etapa de concesión.",49.618
127,dog,"RESOLUCIÓN de 13 de enero de 2025 por la que se hacen públicas las subvenciones concedidas al amparo de la Resolución de 29 de diciembre de 2023 por la que se aprueban las bases reguladoras para la concesión de subvenciones, en régimen de concurrencia competitiva, para la ejecución de obras con el fin de minimizar las pérdidas de agua en entidades locales de la Comunidad Autónoma de Galicia, y se convocan para el año 2024, mediante tramitación anticipada de gasto (código de procedimiento AU301E).",SUB_BASE,True,SUB_CON,,Hace publicas subvenciones concedidas. Obras agua sin sector en taxonomia,True,resolución,"[""SUB_BASE"", ""SUB_CONV""]","[""sector_industria""]",0.95,"El texto menciona explícitamente ""se aprueban las bases reguladoras"" (etiqueta SUB_BASE) y ""se convocan... para el año 2024"" (etiqueta SUB_CONV). El sector destinatario es la industria, dado que se trata de ""ejecución de obras con el fin de minimizar las pérdidas de agua"", que se refiere al tratamiento del agua en infraestructuras industriales o urbanas.",55.656
128,dogc,Anuncio sobre publicación de las bases reguladoras y la convocatoria del proceso de selección por promoción interna de una plaza determinada incluida en la oferta pública de empleo del año 2025,SUB_BASE,False,,,Bases y convocatoria proceso seleccion promocion interna: RRHH,False,anuncio,[],[],1.0,"El texto describe una ""publicación de las bases reguladoras y la convocatoria del proceso de selección por promoción interna"", lo cual corresponde a un proceso selectivo de personal (oferta pública de empleo), no a una subvención o ayuda económica. La referencia a ""plaza determinada incluida en la oferta pública de empleo"" confirma que es un procedimiento de personal, por lo que is_relevant=False según las reglas críticas.",48.329
129,dogv,"ORDEN 3/2025, de 10 de febrero, de la Conselleria de Educación, Cultura, Universidades y Empleo, por la que se derogan sesenta y cuatro órdenes de bases reguladoras de subvenciones de este departamento.",SUB_BASE,True,SUB_BASE,,Derogacion masiva de ordenes de bases: acto sobre bases,False,orden,[],[],1.0,"La descripción indica una orden de derogación de bases reguladoras de subvenciones, pero no convoca, concede ni aprueba directamente nuevas ayudas en este texto específico (es meramente revocatoria administrativa sin contenido concesional activo descrito aquí). Como no hay indicio de convocatoria o concesión actual de fondos para un sector concreto, se considera is_relevant=False.",48.685
130,dogc,Anuncio relativo a las bases reguladoras del procedimiento de promoción de cuatro plazas vacantes de cabo de la Policía Local,SUB_BASE,False,,,Bases promocion plazas Policia Local: RRHH,False,anuncio,[],[],0.98,"El texto refiere a ""bases reguladoras del procedimiento de promoción de cuatro plazas vacantes de cabo"", lo cual es un proceso selectivo interno para el personal (promoción y ascensos), no una subvención o ayuda económica al público, por lo que is_relevant=False según la regla 3. No hay indicio de concesión económica ni fin lucrativo/subvencional.",53.773
131,dog,"RESOLUCIÓN de 9 de enero de 2025, de la Dirección General de Cultura, por la que se regulan las condiciones para la participación en la plataforma de novedades editoriales a que hace referencia la Orden de 16 de diciembre  de 2024 por la que se establecen las bases reguladoras de las ayudas a entidades locales de Galicia titulares de bibliotecas públicas y/o agencias de lectura, integradas en la Red de bibliotecas públicas de Galicia (código de procedimiento CT235A).",SUB_BASE,True,SUB_BASE,sector_cultura,Regula condiciones complementarias de bases de ayudas bibliotecas,True,resolución,"[""SUB_BASE""]","[""sector_cultura""]",0.95,"La resolución aprueba las bases reguladoras para ""ayudas a entidades locales de Galicia titulares de bibliotecas públicas"", lo que corresponde claramente a la fase SUB_BASE. El sector destinatario es explícitamente ""cultura"" por referencia a bibliotecas, agencias de lectura y Red de bibliotecas públicas.",54.535
132,dog,"EXTRACTO de la Resolución de 7 de febrero de 2025 por la que se establecen las bases reguladoras para la concesión, en régimen de concurrencia no competitiva, de las subvenciones a ayuntamientos de hasta 10.000 habitantes para actuaciones de mejora de las infraestructuras turísticas, y se anuncia su convocatoria para el año 2025 (código de procedimiento TU503D).",SUB_BASE,True,SUB_CONV,sector_industria,Extracto BDNS aunque apruebe bases. Infraestructuras turisticas. Turismo anotado como industria,True,resolución,"[""SUB_BASE"", ""SUB_CONV""]",[],0.95,"El texto es un ""extracto de la Resolución"" que establece bases reguladoras y anuncia la convocatoria de subvenciones, lo que activa las etiquetas SUB_BASE y SUB_CONV. El fragmento clave es: ""EXTRACTO de la Resolución... por la que se establecen las bases reguladoras... y se anuncia su convocatoria"". No hay mención explícita a un sector destinatario específico en el texto proporcionado.",60.088
133,doe,"Anuncio de 4 de febrero de 2025 por el que se da publicidad de las Comunidades de Regantes beneficiarias de las ayudas acogidas a la Orden de 29 de mayo de 2020 por la que se establecen las bases reguladoras de ayudas para la mejora de la eficiencia energética en las Comunidades de Regantes de Extremadura, para el año 2022.",SUB_BASE,True,SUB_CON,"sector_agricultura, sector_renovable",Publicidad beneficiarios: fase concesion. Regantes eficiencia energetica,True,anuncio,"[""SUB_BASE""]","[""sector_renovable""]",0.92,"El texto menciona explícitamente ""bases reguladoras de ayudas para la mejora de la eficiencia energética"" (disparador SUB_BASE) y el ámbito ""eficiencia energética en las Comunidades de Regantes"" apunta al sector renovable/energético. El acto es un anuncio de publicidad de beneficiarios, pero clasificado como SUB_BASE porque el núcleo del documento aprobado son las bases.",58.248
134,dog,"EXTRACTO de la Resolución de 11 de febrero de 2025 por la que se aprueban las bases reguladoras para la concesión de subvenciones a las entidades locales, en régimen de concurrencia no competitiva, destinadas a la realización de auditorías de las redes de saneamiento para la detección de infiltraciones, y se convocan para el año 2025 (código de procedimiento AU301D).",SUB_BASE,True,SUB_CONV,,Extracto BDNS aunque apruebe bases. Auditorias saneamiento sin sector,True,resolución,"[""SUB_BASE"", ""SUB_CONV""]","[""sector_industria""]",0.98,"El texto menciona explícitamente ""se aprueban las bases reguladoras"" (etiqueta SUB_BASE) y ""se convocan para el año 2025"" (etiqueta SUB_CONV), lo que indica un acto dual con ambas etiquetas. El sector se infiere del objetivo de la ayuda: ""auditorías de las redes de saneamiento"", que se relaciona con infraestructuras industriales/urbanísticas, por lo que es adecuado etiquetar sector_industria.",64.251
135,boe,"Anuncio de licitación de: Dirección Provincial del Ministerio de Educación y Formación Profesional en Melilla. Objeto: Limpieza de 6 Centros Educativos dependientes del Ministerio de Educación, Formación Profesional y Deportes en la Ciudad de Melilla. Expediente: 2024/003.",NEGATIVO,False,,,Licitacion contrato limpieza: contratacion publica,False,anuncio,[],[],1.0,"El texto describe una ""licitación"" para limpieza de centros educativos, que se enmarca en contratación pública (servicios) y no en la concesión de subvenciones o ayudas públicas con dotación económica. El objeto es un servicio de mantenimiento, no una prestación financiera concursable a entidades o ciudadanos.",52.269
136,dogc,"Edicto sobre publicación en el BOPB de la convocatoria y las bases que deberán regir el proceso de selección para la creación de una bolsa de trabajo de auxiliares administrativos mediante el procedimiento de concurso-oposición, grupo C2 (código 2025/4, exp. 2025/94)",NEGATIVO,False,,,Bolsa de trabajo: RRHH,False,edicto,[],[],0.98,"El texto describe una ""bolsa de trabajo"" y un proceso de ""concurso-oposición para la creación de una bolsa"", lo cual se refiere a procesos selectivos de personal público, no a subvenciones o ayudas públicas con dotación económica. Según las reglas críticas, las bases reguladoras para bolsas de trabajo no son subvenciones (is_relevant=False).",55.148
137,boib,Nombramiento de personal funcionario de carrera,NEGATIVO,False,,,Nombramiento funcionario: RRHH,False,otros,[],[],1.0,"El texto ""Nombramiento de personal funcionario de carrera"" se refiere a un proceso selectivo o nombramiento de personal, no a una subvención, ayuda, beca o premio con dotación económica. Por tanto, no cumple los criterios de relevancia del dominio.",48.537
138,docm,"Resolución de 16/01/2025, de la Gerencia de Atención Integrada de Guadalajara, por la que se aprueba la convocatoria para la provisión de la Jefatura de Servicio de Hematología y Hemoterapia.",NEGATIVO,False,,,Provision jefatura de servicio: RRHH,False,resolución,[],[],1.0,"El texto describe una ""Resolución... por la que se aprueba la convocatoria para la provisión de la Jefatura de Servicio de Hematología y Hemoterapia"", lo cual es un proceso selectivo para personal (Jefatura), no una subvención, ayuda o beca. Por tanto, is_relevant=False.",53.785
139,boe,"Orden ECM/1524/2024, de 26 de diciembre, de autorización administrativa a MGC Insurance, Mutua de Seguros y Reaseguros a Prima Fija, para ampliar la actividad aseguradora al ramo de otros daños a los bienes.",NEGATIVO,False,,,Autorizacion administrativa aseguradora,False,orden,[],[],1.0,"La publicación es una autorización administrativa para ampliar actividad aseguradora a un ramo específico, no implica concesión de ayuda económica ni subvención. No contiene señales léxicas de convocatorias, bases reguladoras, concesiones o reintegros de ayudas. Se ajusta a la regla de contratación pública o autorización administrativa sin dotación económica.",51.945
140,bocm,"Formalización contrato
– Resolución de 25 de febrero de 2025, del Consejero Delegado de la Agencia de Contratación Sanitaria de la Comunidad de Madrid, por la que se hace pública la formalización del contrato «Suministro de sondas vesicales, sondas rectales, equipos de control fecal, sistemas de irrigación anal, sistemas de irrigación para enemas, bolsas colectoras de orina, urinómetros, rácord, tapón, sistemas de irrigación doble “y” sin cámara, sistemas de irrigación doble “y” con cámara, sistema de irrigación simple, apósitos sujeción de sondas, perchas y colectores masculinos de orina, para todos los Centros dependientes del SERMAS, a adjudicar por procedimiento abierto mediante pluralidad de criterios (122 lotes)»",NEGATIVO,False,,,Formalizacion de contrato: contratacion publica,False,resolución,[],[],1.0,"La publicación corresponde a la ""formalización de un contrato"" mediante un ""procedimiento abierto"", lo que constituye una actuación de contratación pública (adjudicación y formalización) y no una subvención, ayuda o premio. El texto describe claramente una licitación para el suministro de material médico («Suministro de sondas vesicales...») a centros sanitarios, sin mención alguna a dotación económica en forma de ayuda pública ni a criterios de subvenciones.",64.16
141,bocyl,"INFORMACIÓN pública relativa a la solicitud de autorización de uso excepcional de suelo rústico y licencia de obra, promovida por «Asteo Red Neutra, S.L.», para la interconexión de fibra óptica entre Villaespasa y Cascajares de la Sierra, en el término municipal de Hortigüela (Burgos). Expte.: 25/2025.",NEGATIVO,False,,,Uso excepcional suelo rustico: dominio B2,False,información_pública,[],[],1.0,"El texto es una ""INFORMACIÓN pública relativa a la solicitud de autorización de uso excepcional de suelo rústico y licencia de obra"", correspondiente a un trámite de urbanismo/licencias, no a una subvención ni ayuda económica. No hay indicio de convocatoria, concesión o bases reguladoras de una dotación económica.",109.824
142,bon,SUBASTA de bien inmueble en Sesma.,NEGATIVO,False,,,Subasta de inmueble,False,otros,[],[],1.0,"El texto describe una ""SUBASTA de bien inmueble"", que es un procedimiento de contratación pública o venta de bienes, no una subvención, ayuda, beca o premio con dotación económica. Por tanto, is_relevant=False y no se asignan categorías ni subcategorías. La confianza es alta (1.0) porque la naturaleza del acto está claramente definida como una subasta de bien inmueble, excluyéndolo del ámbito de ayudas.",116.514
143,dogv,"RESOLUCIÓN de 31 de enero de 2025, de la Dirección General de Urbanismo, Paisaje y Evaluación Ambiental, por la que  se formula informe de impacto ambiental del Proyecto de sondeo para captación de aguas subterráneas, parcela 227, del polígono 31, partida Alto del Roig, del término municipal de Chiva (València). Expediente: (3618895) 237/2024/AIA.",NEGATIVO,False,,,Informe impacto ambiental sondeo: dominio B0/B1,False,resolución,[],[],1.0,"La publicación es una ""RESOLUCIÓN... por la que se formula informe de impacto ambiental"", lo cual es un procedimiento administrativo ambiental y no encaja con subvenciones, ayudas, becas ni premios. No hay indicios de concesión de fondos públicos concursables, sino de evaluación ambiental para un proyecto específico.",53.665
144,boc,"Aprobación inicial y exposición pública del presupuesto general de 2025, plantilla de personal, bases de ejecución y resto de Anexos de necesaria incorporación.",NEGATIVO,False,,,Presupuesto general y plantilla,False,aprobación,[],[],0.98,"La descripción se refiere a ""Aprobación... del presupuesto general de 2025"", lo cual corresponde claramente a la categoría de presupuestos y modificaciones presupuestarias, excluyéndose del dominio de subvenciones según las reglas críticas establecidas.",48.162
145,bon,Recaudación ejecutiva Acto que se notifica: Providencia de apremioReferencia: A010000/00044/2024,NEGATIVO,False,,,Recaudacion ejecutiva apremio,False,resolución,[],[],0.98,"La descripción menciona ""Providencia de apremio"" y ""Recaudación ejecutiva"", que son términos propios del procedimiento administrativo coercitivo para la ejecución de deuda, no pertenecientes a las subvenciones ni ayudas públicas. Por tanto, is_relevant=False.",49.041
146,dogc,Anuncio sobre aceptación de revocación y delegación de competencias,NEGATIVO,False,,,Revocacion de delegacion de competencias: no es revocacion de ayuda,False,anuncio,[],[],0.98,"El texto menciona ""revocación de competencias"" que no es una subvención o ayuda económica, y tampoco se refiere a reintegro de ayudas. La descripción no contiene señales léxicas del dominio de subvenciones ni ayudas públicas con dotación económica.",47.554
147,bor,"Aprobación definitiva de la modificación de la ordenanza fiscal número 7 reguladora del impuesto de instalaciones, construcciones y obras",NEGATIVO,False,,,Ordenanza fiscal ICIO,False,aprobación,[],[],0.98,"El texto describe una ""Aprobación definitiva de la modificación de la ordenanza fiscal número 7"", que es un acto presupuestario/tributario y no corresponde a subvenciones, ayudas, becas ni premios con dotación económica.",47.087
148,dogc,Edicto sobre aprobación inicial del Proyecto de obras de mejora del suministro de agua potable en la zona hotelera de Calella,NEGATIVO,False,,,Proyecto de obras agua potable: dominio B1,False,edicto,[],[],1.0,"El texto describe un ""Edicto sobre aprobación inicial del Proyecto de obras de mejora del suministro de agua potable"", que corresponde a una actuación en el ámbito de infraestructuras y servicios públicos (agua), no a una subvención, ayuda, beca o premio con dotación económica. Se trata de una orden administrativa de obra pública, por lo que is_relevant es False.",52.745
149,dogv,"RESOLUCIÓN de 14 de marzo de 2025, de la Dirección General de Personal, por la que se publica la resolución definitiva con indicación de los destinos adjudicados del concurso de traslados para la provisión de plazas básicas vacantes de trabajador o trabajadora social de instituciones sanitarias dependientes de la Conselleria de Sanidad.",NEGATIVO,False,,,Concurso de traslados: RRHH,False,resolución,[],[],1.0,"El texto describe un concurso de traslados para personal sanitario, que corresponde a un proceso selectivo de personal y no a una subvención o ayuda pública. La frase clave es ""concurso de traslados para la provisión de plazas básicas vacantes de trabajador o trabajadora social"".",50.844
