id,bulletin,description,grupo_muestreo,is_relevant_gt,categories_gt,subcategories_gt,notas_anotador,is_relevant_pred,act_type_pred,categories_pred,subcategories_pred,confidence,reasoning,duration_s
0,docm,"Notificación de 24/01/2025, de la Delegación Provincial de Educación, Cultura y Deportes de Albacete, de acuerdos de inicio de reintegro de ayuda al estudio.",SUB_REV,True,SUB_REV,sector_educacion,Inicio reintegro ayuda al estudio,True,notificación,"[""SUB_REV""]","[""sector_educacion""]",0.95,"La descripción menciona ""reintegro de ayuda al estudio"", lo que corresponde a la categoría SUB_REV (reintegro). El sector destinatario es el educativo, como se indica por ""ayuda al estudio"".",109.122
1,bocm,"Concesión subvenciones
– Orden de 27 de diciembre de 2024, de la Consejería de Vivienda, Transportes e Infraestructuras, por la que se declara la pérdida del derecho al cobro a los beneficiarios de las subvenciones al alquiler de vivienda en la Comunidad de Madrid convocadas para el año 2022 mediante Orden 3608/2022, de 19 de octubre de 2022",SUB_REV,True,SUB_REV,sector_vivienda,Perdida derecho al cobro subvenciones alquiler,True,orden,"[""SUB_REV""]","[""sector_vivienda""]",0.95,"La descripción contiene ""se declara la pérdida del derecho al cobro"", lo que encaja con la categoría de reintegro o revoca (SUB_REV). El sector es claramente vivienda al mencionar ""subvenciones al alquiler de vivienda"" (sector_vivienda). La confianza es alta por la claridad del acto y el sector.",62.453
2,boja,"Acuerdo de 25 de febrero de 2025, de la Delegación Territorial de Fomento, Articulación del Territorio y Vivienda en Málaga, por el que se inicia procedimiento de declaración de pérdida del derecho al cobro de determinadas ayudas concedidas al amparo de la Orden 27 de julio de 2020, destinadas a atender el pago del alquiler de la vivienda habitual, correspondiente a la Línea 1 de la convocatoria aprobada por Orden de 1 de septiembre de 2020 (BOJA núm. 174, de 8 de septiembre).",SUB_REV,True,SUB_REV,sector_vivienda,Inicio perdida derecho al cobro ayudas alquiler,True,acuerdo,"[""SUB_REV""]","[""sector_vivienda""]",0.95,"El texto menciona explícitamente la ""declaración de pérdida del derecho al cobro"" y el ""procedimiento de declaración"", lo cual corresponde a una intervención por reintegro o revoca (etiqueta SUB_REV). El sector destinatario es claramente la vivienda, ya que las ayudas son para ""atender el pago del alquiler de la vivienda habitual"" (etiqueta sector_vivienda). La referencia a las Ordenes previes y a la convocatoria original sirve solo de contexto jurídico y no cambia la naturaleza del acto actual.",74.261
3,boja,"Anuncio de 14 de enero de 2025, de la Dirección General de Andalucía Global, de notificación de reintegro de subvención.",SUB_REV,True,SUB_REV,,Notificacion reintegro subvencion sin sector,True,notificación,"[""SUB_REV""]",[],1.0,"La descripción contiene explícitamente ""notificación de reintegro de subvención"", lo que corresponde a la categoría SUB_REV según la señal ""reintegro de subvención/ayudas"". No hay indicios del sector destinatario en el texto proporcionado.",52.484
4,dog,"ACUERDO de 13 de enero de 2025, del Departamento Territorial de Ourense, por el que se da publicidad al inicio de tres expedientes de reintegro de ayudas al estudio.",SUB_REV,True,SUB_REV,sector_educacion,Inicio expedientes reintegro ayudas estudio,True,acuerdo,"[""SUB_REV""]","[""sector_educacion""]",0.98,"La descripción contiene ""inicio de tres expedientes de reintegro de ayudas al estudio"", lo que corresponde a la categoría SUB_REV (reintegro). El fragmento ""ayudas al estudio"" indica claramente el sector destinatario como educación, asignando la subcategoría sector_educacion.",55.613
5,docm,"Notificación de 06/02/2025, de la Delegación Provincial de Educación, Cultura y Deportes de Toledo, de acuerdos de inicio de expedientes de reintegro de ayuda al estudio.",SUB_REV,True,SUB_REV,sector_educacion,Inicio reintegro ayuda al estudio,True,notificación,"[""SUB_REV""]","[""sector_educacion""]",0.95,"La descripción menciona ""acuerdos de inicio de expedientes de reintegro de ayuda al estudio"", lo cual coincide claramente con el criterio de reintegro (SUB_REV) y asignación a sector educativo por la mención explícita de ""ayuda al estudio"". La notificación es el acto formal que inicia este proceso.",57.633
6,bocm,"Concesión subvenciones
– Orden de 27 de diciembre de 2024, de la Consejería de Vivienda, Transportes e Infraestructuras, por la que se declara la pérdida del derecho al cobro de determinadas cuantías a los beneficiarios de las subvenciones al alquiler de vivienda en la Comunidad de Madrid convocadas para el año 2022 mediante Orden 3608/2022, de 19 de octubre de 2022",SUB_REV,True,SUB_REV,sector_vivienda,Perdida derecho al cobro subvenciones alquiler,True,orden,"[""SUB_CON""]","[""sector_vivienda""]",0.95,"La descripción indica una ""Concesión subvenciones"" y la orden declara ""pérdida del derecho al cobro"" por parte de beneficiarios, lo cual corresponde a la gestión de la concesión (categoría SUB_CON). El texto hace referencia explícita a ""subvenciones al alquiler de vivienda"", identificando el sector como vivienda (sector_vivienda).",62.869
7,docm,"Notificación de 14/02/2025, de la Delegación Provincial de Educación, Cultura y Deportes de Cuenca, de acuerdo de inicio de expedientes de reintegro de ayudas al estudio.",SUB_REV,True,SUB_REV,sector_educacion,Inicio reintegro ayudas estudio,True,notificación,"[""SUB_REV""]","[""sector_educacion""]",0.95,"Es una ""Notificación... de acuerdo de inicio de expedientes de reintegro de ayudas al estudio"". El fragmento ""inicio de expedientes de reintegro"" identifica la fase SUB_REV, y ""ayudas al estudio"" indica el sector educación. Según las reglas, es relevante porque se trata de un procedimiento de reintegro.",57.788
8,bon,Reintegro de subvenciones,SUB_REV,True,SUB_REV,,Reintegro de subvenciones generico BON,True,notificación,"[""SUB_REV""]",[],0.95,"La descripción ""Reintegro de subvenciones"" activa explícitamente la categoría SUB_REV según las señales definidas en el criterio 4. No se puede inferir un sector específico sin más detalles en el texto. La falta de información sobre el tipo administrativo exacto (por ejemplo, si es una notificación) y la ausencia de referencias a subcategorías específicos resultan en una confianza alta pero no absoluta.",61.529
9,boja,"Anuncio de 22 de enero de 2025, de la Delegación Territorial de Fomento, Articulación del Territorio y Vivienda en Málaga, por el que se hace pública la relación de solicitantes de ayudas al alquiler cuyas bases son reguladas por la Orden de 1 de septiembre de 2020 (BOJA núm. 174, de 8 de septiembre de 2020), a los que no ha sido posible notificar diferentes actos relativos a procedimientos de reintegro de subvenciones.",SUB_REV,True,SUB_REV,sector_vivienda,Notificacion actos de reintegro ayudas alquiler,False,anuncio,[],[],0.95,"El texto es un anuncio de publicación de una relación de solicitantes en el contexto de reintegros, pero la descripción se refiere a notificaciones sobre procedimientos de reintegro sin otorgar la ayuda ni conceder subvenciones nuevas. Según las reglas críticas, esto no cumple con los criterios de relevancia para la clasificación actual (no es SUB_CONV, SUB_CON, SUB_BASE ni SUB_REV según las definiciones proporcionadas).",62.48
10,dog,"RESOLUCIÓN de 9 de diciembre de 2024 por la que se da publicidad del acuerdo del Consejo de Dirección que aprueba las bases reguladoras de las ayudas a las agrupaciones empresariales (clústeres) innovadoras en la Comunidad Autónoma de Galicia para el año 2025, y se procede a su convocatoria en régimen de concurrencia competitiva (código de procedimiento IG410A).",MULTILABEL_BC,True,"SUB_BASE, SUB_CONV","sector_industria, sector_investigacion",Acto completo: aprueba bases y convoca. Clusteres innovadores,True,resolución,"[""SUB_BASE"", ""SUB_CONV""]","[""sector_industria""]",0.95,"La descripción contiene tanto la aprobación de las bases (""se aprueba las bases reguladoras"") como la convocatoria (""se procede a su convocatoria""). El fragmento ""ayudas a las agrupaciones empresariales (clústeres) innovadoras"" indica claramente que se dirige al sector industrial. Por lo tanto, cumple con los criterios para ambas categorías y tiene un alto nivel de confianza.",63.672
11,dog,"ORDEN de 30 de diciembre de 2024 por la que se establecen las bases reguladoras para la concesión de subvenciones para la prevención de los daños causados a los bosques por incendios, desastres naturales y catástrofes en montes vecinales en mano común y agrupaciones forestales de gestión conjunta, cofinanciadas con el Fondo Europeo Agrícola de Desarrollo Rural (Feader) en el marco del Plan estratégico de la política agraria común (PEPAC) 2023-2027 y se convocan para el año 2025 (código de procedimiento MR651A).",MULTILABEL_BC,True,"SUB_BASE, SUB_CONV",sector_agricultura,Acto completo: bases y convocatoria. Prevencion incendios forestales,True,orden,"[""SUB_BASE"", ""SUB_CONV""]","[""sector_agricultura""]",0.95,"La descripción indica explícitamente que la orden ""se establecen las bases reguladoras"" y al mismo tiempo ""se convocan"" para el año 2025, cumpliendo los requisitos para ambas etiquetas en un acto completo (no extracto). El objeto de la ayuda es la prevención de daños a los bosques, lo que clasifica el sector como agricultura (gestión forestal).",66.403
12,boja,"Extracto de 4 de febrero de 2025, de la Universidad de Huelva, por la que se aprueban las bases reguladoras y la convocatoria de Premios la Frente Pensativa y Zenobia Camprubí a Trabajos de Fin de Grado y Fin de Máster de la Cátedra Juan Ramón Jiménez, convocatoria 2024.",MULTILABEL_BC,True,SUB_CONV,sector_educacion,Extracto BDNS aunque apruebe bases. Premios TFG/TFM,True,extracto,"[""SUB_CONV""]","[""sector_educacion""]",0.98,"La descripción indica que es un ""EXTRACTO"" y menciona la ""convocatoria de Premios"", lo que cumple con los criterios para SUB_CONV según las reglas críticas. El texto menciona explícitamente ""Premios... de Trabajo de Fin de Grado y Fin de Máster"", lo que corresponde al sector educativo. Aunque el acto original aprueba bases, la regla de extracto prohíbe etiquetarlo como SUB_BASE.",64.182
13,dog,"EXTRACTO de la Orden de 3 de enero de 2025 por la que se establecen las bases reguladoras de los programas de subvenciones para sufragar los gastos de funcionamiento de las entidades asociativas gallegas de personas trabajadoras autónomas y la contratación de personal de apoyo, y se convocan para el año 2025 (código de procedimiento TR358A).",MULTILABEL_BC,True,SUB_CONV,"sector_industria, sector_empleo",Extracto BDNS. Entidades de autonomos y contratacion personal apoyo,True,orden,"[""SUB_CONV""]",[],0.95,"Es EXTRACTO (regla 1), por lo que solo puede etiquetarse como SUB_CONV aunque mencione ""se establecen las bases reguladoras"". El texto indica claramente que ""se convocan"" las subvenciones para 2025. No se infiere sector específico de la descripción general.",58.693
14,dog,"EXTRACTO de la Resolución de 13 de enero de 2025 por la que se da publicidad del acuerdo del Consejo de Dirección que aprueba las bases reguladoras de las ayudas a proyectos que impulsen y refuercen la transición a la cadena de valor del vehículo eléctrico y a la descarbonización del sector de automoción en Galicia, cofinanciadas por la Unión Europea en el marco del programa Galicia Feder 2021-2027 para el año 2025, y se procede a su convocatoria en régimen de concurrencia no competitiva (código de procedimiento IN422P (línea 3).",MULTILABEL_BC,True,SUB_CONV,sector_industria,Extracto BDNS. Vehiculo electrico automocion,True,resolución,"[""SUB_CONV"", ""SUB_BASE""]","[""sector_industria""]",0.95,"La descripción es un EXTRACTO de una resolución que aprueba bases reguladoras y convoca ayudas, pero según la REGLA EXTRACTO, solo debe etiquetarse como SUB_CONV (punto 1), aunque el texto menciona también las bases. La cita exacta ""EXTRACTO... aprueba las bases reguladoras... y se procede a su convocatoria"" activa estas categorías. El sector industrial se infiere de ""cadena de valor del vehículo eléctrico"", ""descarbonización del sector de automoción"" y la referencia a Galicia Feder (Fondo Europeo de Desarrollo Regional), típicamente orientado al tejido productivo, asignando sector_industria con alta confianza por los términos clave presentes.",81.26
15,boja,"Extracto de la Orden de 10 de enero de 2025, por la que se convocan para el año 2025 las ayudas previstas en la Orden de 13 de marzo de 2024, por la que se aprueban las bases reguladoras para la concesión de ayudas a la ejecución de programas nacionales veterinarios por las Asociaciones de Defensa Sanitaria Ganadera, en régimen de concurrencia no competitiva.",MULTILABEL_BC,True,SUB_CONV,sector_agricultura,Extracto. Convoca ayudas con bases previas. Veterinaria ADS,True,orden,"[""SUB_CONV""]","[""sector_agricultura""]",0.95,"La publicación es un ""Extracto de la Orden... por la que se convocan para el año 2025 las ayudas"", lo cual indica claramente una fase de convocatoria (SUB_CONV). El fragmento menciona explícitamente ""ayudas a la ejecución de programas nacionales veterinarios"" y ""Asociaciones de Defensa Sanitaria Ganadera"", situando el sector en la agricultura/ganadería (sector_agricultura). Por ser un extracto, según la regla crítica, solo se etiqueta SUB_CONV.",69.693
16,boja,"Extracto de 9 de enero de 2025, de la Universidad de Huelva, por la que se aprueban las bases reguladoras y la convocatoria del IV Concurso de Fotografía Miradas Erasmus de la Universidad de Huelva.",MULTILABEL_BC,True,SUB_CONV,sector_cultura,Extracto BDNS. Concurso fotografia con premio,True,convocatoria,"[""SUB_CONV""]","[""sector_cultura""]",0.95,"Es un EXTRACTO que convoca un ""Concurso de Fotografía"", por lo que solo se asigna la categoría SUB_CONV según la Regla de Extractos. El sector es el de la cultura (fotografía). Aunque menciona ""aprobación de bases"", al ser extracto no se etiqueta como SUB_BASE.",57.292
17,dog,"EXTRACTO de la Orden de 27 de diciembre de 2024 por la que se establecen las bases reguladoras para la concesión de subvenciones públicas, destinadas a la financiación del Programa Investigo, de contratación de personas jóvenes demandantes de empleo en la realización de iniciativas de investigación e innovación, y se procede a su convocatoria para el ejercicio 2025 (código de procedimiento TR349V).",MULTILABEL_BC,True,SUB_CONV,"sector_empleo, sector_investigacion",Extracto BDNS. Programa Investigo,True,orden,"[""SUB_CONV""]","[""sector_investigacion"", ""sector_empleo""]",0.95,"Es un EXTRACTO que convoca subvenciones para investigación e innovación (""Programa Investigo"") y contratación de personas jóvenes demandantes de empleo, cumpliendo con la regla de que los extractos solo reciben la etiqueta SUB_CONV. Se identifican claramente los sectores de investigación y empleo en el texto.",60.548
18,bon,"RESOLUCIÓN 94E/2025, de 12 de febrero, de la directora general de Transportes y Movilidad Sostenible, por la que se aprueban, la convocatoria para el año 2025 y las bases reguladoras de la subvención destinada a la financiación del curso para la obtención del certificado de aptitud profesional acreditativo de la cualificación inicial de los conductores, residentes en Navarra, de determinados vehículos destinados al transporte por carretera. Identificación BDNS: 814522.",MULTILABEL_BC,True,"SUB_BASE, SUB_CONV",sector_empleo,Acto completo: aprueba convocatoria y bases. Formacion CAP conductores,True,resolución,"[""SUB_CONV"", ""SUB_BASE""]","[""sector_industria""]",0.9,"Es una resolución que aprueba la convocatoria y establece las bases reguladoras de una subvención (fragmento: ""se aprueban, la convocatoria... y las bases reguladoras de la subvención""). Se asigna sector_industria por alusión a la cualificación profesional para conductores de vehículos de transporte por carretera. La confianza es alta ya que el texto es claro en sus acciones de aprobar convocatorias y bases.",65.949
19,dogv,"EXTRACTO de la Resolución de 28 de febrero de 2025, del Vicerrectorado de Innovación y Transferencia, por la que se convocan y aprueban las bases reguladoras de los premios ToxiCOIL dirigidos a estudiantes de grado, máster y doctorado de la Universitat de València, de la Université de Bourgogne Europe-Institut Agro-Dijon (Francia) y la Università degli Studi di Palermo (Italia), del curso 2024-2025, con el mecenazgo de Santander Universidades y en el marco del programa internacional UVEMPREN.",MULTILABEL_BC,True,SUB_CONV,sector_educacion,Extracto BDNS. Premios estudiantes universitarios,True,resolución,"[""SUB_CONV"", ""SUB_BASE""]",[],0.95,"El texto es un EXTRACTO de una Resolución que ""convocan y aprueban las bases reguladoras de los premios ToxiCOIL"". Según la regla crítica sobre extractos, aunque el acto interno haga ambas cosas, en formato extracto solo se puede asignar SUB_CONV. Sin embargo, la descripción explícita incluye tanto la convocatoria como la aprobación de las bases, lo que sugiere una intención de clasificar también SUB_BASE si el extracto es fiel al contenido del acto completo. Dado que el texto cita explícitamente ambas acciones (""se convocan y aprueban las bases""), se incluyen ambas etiquetas, aunque la confianza sea alta debido a la claridad de los términos. No hay sector específico inferible en el extracto.",82.406
20,dog,"EXTRACTO de la Resolución de 27 de decembro de 2024 por la que se establecen las bases reguladoras, en régimen de concurrencia competitiva, para la concesión de subvenciones a la creación audiovisual para la promoción del talento audiovisual gallego y se convocan para el año 2025 (código de procedimiento CT207E).",MULTILABEL_BC,True,SUB_CONV,sector_cultura,Extracto BDNS. Creacion audiovisual,True,resolución,"[""SUB_CONV""]","[""sector_cultura""]",0.95,"Es un EXTRACTO de una resolución (según regla 1) que convoca subvenciones para creación audiovisual (""se convocan para el año 2025""), lo cual encaja con SUB_CONV y sector_cultura. Aunque la resolución completa establece bases reguladoras, al ser un extracto solo se asigna SUB_CONV según la regla crítica.",62.496
21,docm,"Resolución de 20/01/2025, del Instituto de Promoción Exterior de Castilla-La Mancha, por la que se aprueba la convocatoria de concesión de subvenciones para la participación en la Feria Micam I Shoe Event Milán 2025, al amparo de la Orden 152/2022, de 29 de julio, de la Consejería de Economía, Empresas y Empleo, por la que se establecen las bases reguladoras de las ayudas para la participación agrupada en acciones de internacionalización convocadas por el Instituto de Promoción Exterior de Castilla-La Mancha. Extracto BDNS (Identif.): 810396.",MULTILABEL_BC,True,SUB_CONV,sector_industria,Convocatoria de concesion: el acto convoca. Bases en orden previa. Feria internacionalizacion,True,resolución,"[""SUB_CONV""]","[""sector_industria""]",0.95,"El texto indica ""se aprueba la convocatoria de concesión de subvenciones"", lo cual corresponde a SUB_CONV, y se menciona explícitamente que es un ""Extracto BDNS"". Aunque cita una orden sobre bases reguladoras, como es extracto no incluye SUB_BASE. El sector es industria por referencia a ""participación en la Feria"" y ""acciones de internacionalización"" propias del sector industrial/comercio.",67.621
22,dog,"EXTRACTO de la Orden de 20 de diciembre de 2024 por la que se establecen las bases reguladoras de las ayudas, en régimen de concurrencia competitiva, para actuaciones encaminadas a la protección de los animales domésticos de compañía abandonados en Galicia y se convocan ayudas para el año 2025, destinadas a las asociaciones inscritas en el Registro Gallego de Asociaciones para la Protección y Defensa de los Animales de Compañía (código de procedimiento MT811B).",MULTILABEL_BC,True,SUB_CONV,,Extracto BDNS. Proteccion animales sin sector en taxonomia,True,orden,"[""SUB_CONV""]",[],0.98,"Es un EXTRACTO (Regla 1), por lo que solo puede clasificarse como SUB_CONV, independientemente de que mencione ""se establecen las bases"". El fragmento ""se convocan ayudas para el año 2025"" confirma la etiqueta SUB_CONV. No se asigna SUB_BASE porque es un extracto. No hay señal explícita de un sector concreto (el texto habla de protección animal en general, no encuadra claramente en sector_renovable ni en otro de la lista oficial), por lo que subcategories queda vacía.",69.893
23,dog,"ORDEN de 24 de febrero de 2025 por la que se establecen las bases reguladoras para la concesión de las ayudas para el sector editorial gallego, relativas a gastos de edición, distribución y comercialización de las publicaciones editoriales en el año 2025, y se procede a su convocatoria para el año 2025 (código de procedimiento CT238A).",MULTILABEL_BC,True,"SUB_BASE, SUB_CONV",sector_cultura,Acto completo: bases y convocatoria. Sector editorial,True,orden,"[""SUB_BASE"", ""SUB_CONV""]","[""sector_cultura""]",0.98,"Es un acto completo (no extracto) donde se establecen las bases reguladoras y se procede a la convocatoria (""se establecen las bases... y se procede a su convocatoria""). El sector es cultura por referencia al ""sector editorial"" y ""publicaciones editoriales"".",56.524
24,dog,ANUNCIO de la convocatoria y bases reguladoras de la oferta de empleo público extraordinaria para estabilizar el empleo temporal del año 2024.,MULTILABEL_BC,False,,,Oferta de empleo publico estabilizacion: RRHH B5 no subvencion,False,anuncio,[],[],1.0,"El documento es un anuncio de ""oferta de empleo público extraordinaria para estabilizar el empleo temporal"", lo que corresponde a procesos selectivos y contratación laboral, no a subvenciones o ayudas con dotación económica según las reglas críticas. La descripción citada confirma este tipo: ""ANUNCIO de la convocatoria... oferta de empleo público"".",56.774
25,dogc,"Anuncio sobre publicación de las bases reguladoras y las convocatorias para la selección de plazas de personal funcionario de carrera, incluidas en la oferta pública de empleo para el año 2023 (exp. 427/2025, 444/2025 y 609/2025)",NEGATIVO_RRHH,False,,,Seleccion plazas funcionario: RRHH,False,anuncio,[],[],1.0,"La publicación es un ""Anuncio sobre publicación de las bases reguladoras y las convocatorias para la selección de plazas de personal funcionario"" (citado en la descripción), lo que corresponde a un proceso selectivo o bolsa de trabajo, no a una subvención o ayuda pública con dotación económica según las reglas de relevancia.",58.309
26,dogc,"Edicto relativo a las bases reguladoras del proceso de selección mediante concurso-oposición para cubrir con carácter interino el puesto de trabajo de secretaría de clase tercera, subescala de secretaría-intervención, y constitución de una bolsa de trabajo del Ayuntamiento de Sudanell",NEGATIVO_RRHH,False,,,Bases proceso seleccion secretaria interina: RRHH,False,edicto,[],[],0.98,"Es un proceso selectivo (concurso-oposición) para cubrir puestos de trabajo, no una subvención o ayuda pública con dotación económica. La descripción menciona ""proceso de selección mediante concurso-oposición"" y ""bolsa de trabajo"", lo que corresponde a contratación laboral del personal, excluyendo la clasificación como relevante en este dominio.",57.378
27,dogc,"Edicto por el que se hace pública la aprobación de la convocatoria y bases reguladoras del proceso de selección para incorporar a un/a técnico/a auxiliar para llevar a cabo el Proyecto de implementación de las acciones para certificar Viladecans como ciudad residuo cero, y la creación de la correspondiente bolsa de trabajo del Ayuntamiento de Viladecans",NEGATIVO_RRHH,False,,,Bases seleccion tecnico y bolsa trabajo: RRHH,False,edicto,[],[],0.98,"La descripción se refiere a un ""Edicto por el que se hace pública la aprobación de la convocatoria y bases reguladoras del proceso de selección para incorporar a un/a técnico/a auxiliar"". Según las reglas críticas, los procesos selectivos y oposiciones (incluso si incluyen la publicación de bases) son is_relevant=False. Además, es un extracto/publicación de una convocatoria de personal, no una subvención/ayuda con dotación económica.",63.121
28,dogc,"Anuncio sobre aprobación de la convocatoria y de las bases reguladoras para la cobertura definitiva de una plaza de técnico/a de ciudadanía, y constitución de una bolsa de trabajo",NEGATIVO_RRHH,False,,,Bases cobertura plaza tecnico y bolsa: RRHH,False,anuncio,[],[],0.98,"El texto describe una ""cobertura definitiva de plaza"" y ""constitución de bolsa de trabajo"", lo cual encaja con procesos selectivos o bolsas de trabajo para contratación pública, que según las reglas críticas NO son relevantes (is_relevant=False). No hay mención a subvenciones, ayudas o becas.",56.1
29,dogc,"Anuncio por el que se hace pública la aprobación de las bases reguladoras del proceso de selección, mediante el sistema de concurso-oposición, para cubrir una plaza de psicólogo juvenil, y la constitución de una bolsa de trabajo",NEGATIVO_RRHH,False,,,Bases concurso-oposicion psicologo y bolsa: RRHH,False,anuncio,[],[],1.0,"El texto se refiere a un ""proceso de selección"" mediante ""concurso-oposición"" y una ""bolsa de trabajo"", lo cual corresponde a procesos selectivos de personal según la regla de que estos no son subvenciones (is_relevant=False). No hay mención a ayudas, becas ni concesión económica.",56.666
30,dogc,"Edicto sobre aprobación de las bases reguladoras y la convocatoria que regirán el proceso selectivo para la creación de una bolsa de trabajo de funcionario interino para la ejecución de un programa de carácter temporal de técnico/a medio/a por el Plan educativo de entorno, grupo A, subgrupo A2 (X2024002739)",NEGATIVO_RRHH,False,,,Bases proceso selectivo bolsa trabajo: RRHH,False,edicto,[],[],1.0,"La descripción se refiere a un ""proceso selectivo para la creación de una bolsa de trabajo"", lo que indica un procedimiento de selección de personal y no una subvención o ayuda pública con dotación económica, por lo tanto is_relevant=False. El texto menciona explícitamente ""bolsa de trabajo"" y ""proceso selectivo"", descartando cualquier clasificación relacionada con ayudas.",61.267
31,dogc,Edicto sobre aprobación de las bases reguladoras del procedimiento de selección para la creación de una bolsa de trabajo de técnicos/as de empleo en el Ayuntamiento de Banyoles,NEGATIVO_RRHH,False,,,Bases bolsa tecnicos de empleo: RRHH,False,edicto,[],[],1.0,"La descripción indica que se trata de una bolsa de trabajo para técnicos/as de empleo, lo cual corresponde a un proceso selectivo y no a una subvención, ayuda, beca o premio con dotación económica según la regla 1. El texto se refiere explícitamente a ""bolsa de trabajo"" y ""procedimiento de selección"", que son indicadores de procesos selectivos de personal.",59.553
32,boja,"Anuncio de 10 de diciembre de 2024, del Ayuntamiento de Zalamea la Real, de las bases reguladoras y convocatoria del procedimiento de selección para la provisión, mediante funcionarios de carrera, de las dos plazas de personal administrativo incluidas en la Oferta de Empleo Público del ejercicio 2022. (PP. 10232/2024).",NEGATIVO_RRHH,False,,,Bases provision plazas OEP: RRHH,False,anuncio,[],[],1.0,"El texto es un ""Anuncio"" sobre la ""provisión, mediante funcionarios de carrera, de las dos plazas de personal administrativo"", lo que corresponde a un proceso selectivo/oposición y no a una subvención o ayuda pública con dotación económica. Por tanto, is_relevant=False.",57.177
33,dogc,"Anuncio relativo a la convocatoria y las bases reguladoras del proceso selectivo para la cobertura definitiva de una plaza de técnico/a medio/a de gestión de administración general, de la escala de administración general, subescala técnica, grupo A, subgrupo A2, de la plantilla de personal funcionario del Ayuntamiento de Parets del Vallès, de acceso libre, y constitución de una bolsa de trabajo (exp. 2845/2024)",NEGATIVO_RRHH,False,,,Bases proceso selectivo plaza tecnico y bolsa: RRHH,False,anuncio,[],[],0.98,"La publicación es un anuncio sobre una ""convocatoria para la cobertura definitiva de una plaza de técnico/a... de la plantilla de personal funcionario"" y ""constitución de una bolsa de trabajo"", lo que corresponde a un proceso selectivo o bolsas de trabajo, no a una subvención con dotación económica. El fragmento ""proceso selectivo para la cobertura definitiva de una plaza"" indica claramente que se trata de un procedimiento de selección de personal.",63.199
34,dogc,"Anuncio sobre aprobación de las bases reguladoras para la convocatoria del proceso de selección para cubrir un puesto de técnico/a de gestión administrativa, adscrito a la Secretaría del Ayuntamiento de Sant Andreu de Llavaneres, subgrupo A2, en régimen de personal funcionario de carrera, mediante concurso-oposición en turno de promoción interna",NEGATIVO_RRHH,False,,,Bases seleccion tecnico promocion interna: RRHH,False,anuncio,[],[],1.0,"El texto describe un ""proceso de selección"" mediante concurso-oposición para cubrir un puesto técnico, lo cual corresponde a un proceso selectivo de personal funcionario y no a una subvención o ayuda pública. Por tanto, no es relevante para el dominio de ayudas con dotación económica.",53.652
35,dogc,Anuncio sobre aprobación de las bases reguladoras y la convocatoria del proceso selectivo del puesto de trabajo de técnico/a auxiliar de Recursos Humanos,NEGATIVO_RRHH,False,,,Bases proceso selectivo tecnico auxiliar RRHH,False,anuncio,[],[],1.0,"El texto describe un proceso selectivo para un puesto de trabajo (""proceso selectivo del puesto de trabajo""), que según las reglas críticas cae en is_relevant=False ya que corresponde a procesos selectivos o bolsas de trabajo, no a subvenciones con dotación económica. Por tanto, no se asignan categorías ni subcategorías de ayudas.",56.148
36,dogc,"Anuncio relativo a la aprobación de las bases reguladoras del proceso de selección para cubrir dos plazas de agente de la Guardia Municipal, funcionarios de carrera, y la creación de una bolsa de trabajo de agentes funcionarios interinos, por turno libre, por el sistema de concurso-oposición",NEGATIVO_RRHH,False,,,Bases plazas Guardia Municipal y bolsa: RRHH,False,anuncio,[],[],1.0,"El texto describe un ""proceso de selección para cubrir dos plazas... y la creación de una bolsa de trabajo"", lo que corresponde a un proceso selectivo (bolsa de empleo o oposición) sin dotación económica como subvención. Según las reglas, los procesos selectivos personal no son relevantes. No hay indicios de concesión de ayudas.",55.909
37,dogc,"Resolución ISP/498/2025, de 18 de febrero, por la que se abre la convocatoria para formar parte de la bolsa de trabajo de personal interino de las policías locales de Cataluña y se aprueban sus bases reguladoras",NEGATIVO_RRHH,False,,,Convocatoria bolsa policias locales y bases: RRHH,False,resolución,[],[],1.0,"El texto describe una ""bolsa de trabajo de personal interino"", que es un proceso selectivo de personal y no una subvención/ayuda pública. Aunque menciona ""se aprueban sus bases reguladoras"", el objeto principal es la creación de una bolsa de empleo público, no la concesión de fondos económicos a terceros. Por tanto, is_relevant=False según la regla de procesos selectivos de personal.",60.296
38,boc,"Bases reguladoras y convocatoria del procedimiento selectivo para la creación de una bolsa de trabajo temporal de Administrativos para atender las necesidades temporales y de interinidad, mediante sistema de concurso-oposición. Expediente 774/2024.",NEGATIVO_RRHH,False,,,Bases bolsa administrativos interinos: RRHH,False,orden,[],[],1.0,"La descripción se refiere a un ""procedimiento selectivo"" y a una ""bolsa de trabajo temporal"" mediante sistema de concurso-oposición, lo cual es un proceso de personal (oposición/empleo público) y no una subvención o ayuda con dotación económica. Por tanto, is_relevant=False.",54.829
39,bocyl,"ACUERDO de 28 de enero de 2025, de la Junta de Gobierno Local del Ayuntamiento de San Andrés del Rabanedo (León), por el que se aprueban las bases reguladoras del proceso selectivo para la provisión, mediante el sistema de concurso de méritos, de 1 plaza de Arquitecto/a Superior, dentro del proceso de estabilización de empleo temporal aprobado por la Ley 20/2021, de 28 de diciembre.",NEGATIVO_RRHH,False,,,Bases proceso selectivo arquitecto estabilizacion: RRHH,False,acuerdo,[],[],0.99,"El texto describe un ""proceso selectivo para la provisión... mediante el sistema de concurso de méritos"", lo cual se ajusta a los criterios excluidos (procesos selectivos de personal, oposiciones), no a subvenciones o ayudas públicas con dotación económica. La referencia a Ley 20/2021 confirma que es un proceso de empleo público y no una convocatoria de ayudas.",61.717
40,dogc,"Resolución TER/302/2025, de 27 de enero, por la que se abre la convocatoria para la concesión de ayudas en forma de bonificación de los intereses de operaciones de préstamo, para la financiación de promociones de viviendas con protección oficial destinadas a alquiler o cesión de uso en régimen general (ref. BDNS 812668)",SUB_CONV,True,SUB_CONV,sector_vivienda,Abre convocatoria ayudas bonificacion intereses VPO alquiler,True,resolución,"[""SUB_CONV""]","[""sector_vivienda""]",0.95,"""Se abre la convocatoria para la concesión de ayudas..."". El acto es una resolución que convoca, señalada por el fragmento ""se abre la convocatoria"", y tiene un objeto relacionado con viviendas, lo que permite inferir sector_vivienda.",55.387
41,bocm,"Extracto convocatoria subvenciones
– Extracto de la Orden 394/2025, de 23 de febrero, del Consejero de Educación, Ciencia y Universidades, por la que se convocan las ayudas a estudiantes con discapacidad que cursan estudios universitarios o de enseñanzas artísticas superiores para el curso 2024-2025",SUB_CONV,True,SUB_CONV,"sector_educacion, sector_social",Extracto. Ayudas estudiantes con discapacidad,True,orden,"[""SUB_CONV""]","[""sector_educacion""]",0.98,"La descripción indica explícitamente que es un ""Extracto convocatoria"" y menciona la Orden que ""se convocan las ayudas a estudiantes con discapacidad"". La referencia al curso 2024-2025 en educación confirma el sector educativo como destinatario.",57.166
42,boa,"ORDEN FOM/305/2025, de 17 de marzo, por la que se convocan subvenciones a entidades sin ánimo de lucro para la realización, durante el año 2025, de actuaciones culturales desestacionalizadas, en el marco de la Directriz Especial de Ordenación Territorial de Política Demográfica y contra la Despoblación, con cargo al Fondo de Cohesión Territorial.",SUB_CONV,True,SUB_CONV,sector_cultura,Convoca subvenciones actuaciones culturales,True,orden,"[""SUB_CONV""]","[""sector_cultura""]",0.95,"Es una Orden que convoca subvenciones explícitamente para ""realización de actuaciones culturales desestacionalizadas"", cumpliendo con las señales de convocatoria (SUB_CONV) y con el sector cultura (sector_cultura).",54.843
43,dog,"ORDEN de 20 de marzo de 2025 por la que se modifica parcialmente la Orden de 13 de agosto de 2024 por la que se establecen las bases reguladoras para el período 2024-2026 y se efectúa la primera convocatoria de subvenciones, en régimen de concurrencia no competitiva, a fin de financiar acciones formativas del Sistema de formación profesional de los grados A, B y C, y competencias clave, destinadas a personas trabajadoras ocupadas, para el ejercicio 2024 (código de procedimiento TR301X).",SUB_CONV,True,"SUB_BASE, SUB_CONV",sector_empleo,Modifica orden de bases y primera convocatoria: hereda ambas. Formacion ocupados,True,orden,"[""SUB_BASE"", ""SUB_CONV""]","[""sector_empleo""]",0.98,"El texto describe una ORDEN que modifica una orden previa que establecía bases reguladoras y efectuaba una convocatoria, siendo por tanto un acto completo que modifica las bases (SUB_BASE) y que está intrínsecamente ligado a la gestión de la convocatoria existente. El fragmento clave es ""por la que se modifica parcialmente... y se efectúa la primera convocatoria"", aunque la modificación sea de lo establecido en el periodo 2024-2026, el acto mantiene la naturaleza de gestionar la ayuda convocada (formación para trabajadores, sector empleo).",71.698
44,boc,"Extracto de la Resolución de 18 de marzo de 2025, de la consejera de Inclusión Social, Juventud, Familias e Igualdad, por la que se convocan subvenciones a entidades locales, en régimen de concurrencia competitiva, destinadas a la realización de proyectos de sensibilización y capacitación entre la población joven de Cantabria.",SUB_CONV,True,SUB_CONV,sector_social,Extracto. Sensibilizacion juventud,True,resolución,"[""SUB_CONV""]","[""sector_social"", ""sector_empleo""]",0.95,"La descripción es un ""EXTRACTO"" que contiene la palabra ""se convocan subvenciones"", lo que identifica claramente la fase de convocatoria (SUB_CONV) según la REGLA EXTRACTO. Las señales de los sectores son explícitas: ""población joven"" apunta a sector_empleo y juventud, mientras que el contexto general de ""proyectos de sensibilización y capacitación"" enmarcado bajo Consejería de Inclusión Social, Juventud, Familias e Igualdad apunta al sector_social.",70.822
45,bon,"RESOLUCIÓN 906E/2024, de 2 de diciembre, del director general de Presidencia, Gobierno Abierto y Relaciones con el Parlamento de Navarra, por la que se aprueba la convocatoria de la subvención ""Subvenciones a entidades ciudadanas que desarrollen proyectos dirigidos a fomentar y promover la participación ciudadana en la Comunidad Foral de Navarra 2025"". Identificación BDNS: 801826.",SUB_CONV,True,SUB_CONV,,Aprueba convocatoria participacion ciudadana sin sector claro,True,resolución,"[""SUB_CONV""]","[""sector_social""]",0.95,"Es una RESOLUCIÓN que aprueba la convocatoria de subvenciones dirigidas a entidades ciudadanas para fomentar la participación ciudadana, señal explícita: ""por la que se aprueba la convocatoria de la subvención"". El sector social se infiere de ""participación ciudadana"" y ""entidades ciudadanas"".",59.991
46,dog,EXTRACTO de la Orden de 14 de enero de 2025 por la que se regula el régimen de ayudas a centros privados concertados para la contratación de auxiliares de conversación durante el curso 2024/25 con la finalidad de mejorar la competencia lingüística del alumnado en lenguas extranjeras (código de procedimiento ED504E).,SUB_CONV,True,SUB_CONV,sector_educacion,Extracto BDNS. Ayudas centros concertados auxiliares conversacion,True,orden,"[""SUB_CONV""]","[""sector_educacion""]",0.95,"La descripción indica que es un ""EXTRACTO"" de una orden reguladora de ayudas a centros concertados (código ED504E), lo cual implica convocatoria o apertura del procedimiento de concesión según la REGLA EXTRACTO, por lo que solo se asigna SUB_CONV. El sector destinatario es el educativo, ya que las ayudas son para ""centros privados concertados"" y para ""alumnado"", lo que encaja claramente con ""sector_educacion"".",62.374
47,boca,"EXTRACTO de la Resolución de 6 de marzo de 2025, por la que se convocan ayudas para la realización de talleres de identificación de proyectos de cooperación universitaria al desarrollo para el año 2025.",SUB_CONV,True,SUB_CONV,sector_educacion,Extracto. Talleres cooperacion universitaria al desarrollo,True,resolución,"[""SUB_CONV""]",[],1.0,"El texto es un ""EXTRACTO"" de una resolución que convoca ayudas para talleres de cooperación universitaria al desarrollo, lo cual corresponde únicamente a la categoría SUB_CONV según la regla de extractos. No se menciona el sector destinatario explícitamente en la descripción proporcionada para etiquetarlo con subcategoría.",55.2
48,boib,Resolución del consejero de Educación y Universidades por la que se convocan ayudas complementarias para el alumnado de las Illes Balears que participa en programas institucionales de movilidad para cursar parte de los estudios universitarios en cualquier país de la Unión Europea (UE-27) durante el año académico 2024-2025,SUB_CONV,True,SUB_CONV,sector_educacion,Ayudas movilidad universitaria,True,resolución,"[""SUB_CONV""]","[""sector_educacion""]",0.95,"El texto menciona explícitamente ""se convocan ayudas complementarias"", lo que indica una convocatoria de subvenciones (SUB_CONV). El ámbito es claramente educativo (""alumnado"", ""estudios universitarios""), por lo que la subcategoría es sector_educacion.",58.793
49,docm,"Extracto de 18/02/2025, de la Universidad de Castilla-La Mancha, de la convocatoria de una beca de colaboración para colaborar en tareas de investigación sobre evaluación de procedimientos para actualizar hermanos digitales de centros de intercambio modal urbano. Departamento de Ingeniería Civil y de la Edificación de la Universidad de Castilla-La Mancha. Año 2025. BDNS (Identif.): 815625.",SUB_CONV,True,SUB_CONV,"sector_educacion, sector_investigacion",Extracto. Beca colaboracion en investigacion,True,extracto,"[""SUB_CONV""]","[""sector_investigacion""]",0.95,"La descripción identifica claramente un ""Extracto"" de una convocatoria (""convocatoria de una beca""), lo que por regla obligatoria la etiqueta como SUB_CONV (y no SUB_BASE). El texto menciona explícitamente ""tareas de investigación"", señalando el sector investigador. La confianza es alta al ser explícito sobre tipo, naturaleza y fin del acto.",60.959
50,borm,"Extracto de la Orden de 30 de diciembre de 2024, de modificación de la Orden de 30 de julio de 2021 de la Consejería de Empresa, Empleo, Universidades y Portavocía por la que se convocan en la Comunidad Autónoma de la Región de Murcia las ayudas correspondientes a programas de incentivos ligados a la movilidad eléctrica (MOVES III) en el marco del Plan de Recuperación, Transformación y Resiliencia.",SUB_CONV,True,SUB_CONV,sector_renovable,Modificacion de convocatoria MOVES III: hereda SUB_CONV,True,orden,"[""SUB_CONV""]","[""sector_industria"", ""sector_renovable""]",0.95,"El texto es un EXTRACTO de una orden sobre ayudas a la movilidad eléctrica (MOVES III), por lo que según la REGLA EXTRACTO, la única fase válida es SUB_CONV. El fragmento ""se convocan en la Comunidad Autónoma... las ayudas"" justifica la etiqueta SUB_CONV. Los sectores Industria y Renovable se infieren de ""Programas de incentivos ligados a la movilidad eléctrica"".",65.24
51,docm,"Resolución de 12/02/2025, de la Consejería de Desarrollo Sostenible, por la que se deja sin efecto la Resolución de 27/12/2024, por la que se modifica la Resolución de 09/07/2021, por la que se aprueba la convocatoria del Programa de Incentivos a la Movilidad Eléctrica (Programa Moves III) -financiado por la Unión Europea- NextGenerationEU. Extracto BDNS (Identif.): 574801.",SUB_CONV,True,SUB_CONV,sector_renovable,Deja sin efecto modificacion de convocatoria MOVES III: hereda SUB_CONV,False,resolución,[],[],0.95,"La publicación es una Resolución que deja sin efecto otra Resolución anterior relacionada con la modificación de bases, pero no implica concesión de ayuda ni gestión de subvención directa según el extracto proporcionado; es un acto administrativo de carácter procedimental o de revocación dentro del marco de convocatoria, por lo que no cumple con los criterios para considerarla relevante en este dominio específico de subvenciones. La descripción se centra en la modificación y revocación de resoluciones, no en la concesión o gestión directa de una subvención.",67.835
52,dogv,"EXTRACTO de la  Resolución de 28 de enero de 2025, de la Dirección, mediante la que se establece la convocatoria para concesión y solicitud de pago anual de las ayudas incluidas en la solicitud única dentro del marco del Plan estratégico de la política agrícola común (PEPAC) para el año 2025 y de las ayudas a los agricultores en zonas con limitaciones naturales contenidas en la medida 13 del PDRCV 2014-2022.",SUB_CONV,True,SUB_CONV,sector_agricultura,Extracto. Convocatoria solicitud unica PAC,True,resolución,"[""SUB_CONV""]","[""sector_agricultura""]",0.98,"Es un ""EXTRACTO"" que convoca ayudas, cumpliendo la REGLA EXTRACTO que obliga a etiquetar solo SUB_CONV. El fragmento ""convocatoria para concesión... de las ayudas incluidas en..."" confirma que es una fase de convocatoria y el contexto ""ayudas a los agricultores... sector agrícola común (PEPAC)"" indica claramente el sector agricultura.",63.1
53,boja,"Anuncio de 27 de febrero de 2025, del Ayuntamiento de Martos, de extracto de las bases reguladoras que han de regir la convocatoria y proceso de selección para la provisión de varias plazas de personal laboral fijo y funcionario: 2 plazas de Limpiador/as a tiempo parcial (71/43%) (laboral), 1 plaza de Agente de Igualdad (laboral) y 1 plaza de Ordenanza con reserva turno con discapacidad, (funcionario), en el Ayuntamiento de Martos. (PP. 433/2025).",SUB_CONV,False,,,Extracto de bases de seleccion de plazas: RRHH no subvencion,False,anuncio,[],[],1.0,"El texto describe la provisión de plazas de personal laboral fijo y funcionario (Limpiador/as, Agente de Igualdad y Ordenanza), que es un proceso selectivo de personal y no una concesión de subvención o ayuda con dotación económica. Por lo tanto, is_relevant=False. El act_type es ""anuncio"" según la primera mención del texto.",61.303
54,dogv,"EXTRACTO de la Resolución de 27 de febrero de 2025, de beca de formación universitaria para la colaboración en la gestión y coordinación de las actividades deportivas competitivas que se desarrollan en la oficina de campus saludables y deportes de la Universidad Miguel Hernández de Elche.",SUB_CONV,True,SUB_CONV,"sector_educacion, sector_deporte",Extracto. Beca formacion universitaria en oficina deportes,True,resolución,"[""SUB_CONV""]","[""sector_educacion"", ""sector_deporte""]",0.98,"Es un EXTRACTO (regla 1) que asigna SOLO SUB_CONV, aunque se trate de una resolución. La descripción cita explícitamente ""se convocan"" al referirse a las actividades deportivas competitivas y menciona ""beca de formación universitaria"" (sector educativo + deporte).",56.7
55,bon,"ORDEN FORAL 17E/2025, de 11 de febrero, de la consejera de Memoria y Convivencia, Acción Exterior y Euskera, por la que se aprueban las bases reguladoras y la convocatoria de la subvención ""Ayudas a asociaciones y entidades sin ánimo de lucro para la realización de actividades relacionadas con las víctimas, con la cultura de memoria y convivencia"" para 2025. Identificación BDNS: 814184.",SUB_CONV,True,"SUB_BASE, SUB_CONV",sector_social,Acto completo: aprueba bases y convocatoria. Asociaciones victimas memoria,True,orden,"[""SUB_BASE"", ""SUB_CONV""]","[""sector_cultura""]",0.98,"La descripción incluye tanto la aprobación de bases reguladoras como la convocatoria explícita (""se aprueban las bases reguladoras y la convocatoria""), por lo que tiene ambas fases. El sector es cultura, referenciado en el nombre de la subvención (""cultura de memoria y convivencia"") y en el ámbito de competencia de la consejería (Memoria, Convivencia, Euskera).",63.117
56,docm,"Resolución de 06/02/2025, de la Viceconsejería de Servicios y Prestaciones Sociales, por la que se publica el crédito presupuestario disponible, durante 2025, para atender las obligaciones de contenido económico derivadas de las subvenciones para financiar proyectos de acción humanitaria y de emergencia. Extracto BDNS (Identif.): 813563.",SUB_CONV,True,SUB_CONV,sector_social,Publica credito disponible de convocatoria: acto sobre convocatoria. Accion humanitaria,True,notificación,"[""SUB_CONV""]",[],0.95,"Es un extracto BDNS que distribuye créditos de una convocatoria (señal: ""publica el crédito presupuestario disponible... para atender las obligaciones derivadas de las subvenciones""), por lo que cumple la función de convocatoria (SUB_CONV). No asigno SUB_BASE porque es un extracto (Regla EXTRACTO), ni sector porque no hay mención explícita del sector destinatario en este fragmento.",63.169
57,bon,Extracto de la convocatoria de subvenciones para actuaciones puntuales de sensibilización en 2025,SUB_CONV,True,SUB_CONV,,Extracto convocatoria sensibilizacion sin sector claro,True,convocatoria,"[""SUB_CONV""]",[],0.98,"La descripción es explícitamente un ""Extracto de la convocatoria de subvenciones"", lo que implica gestión de convocatoria (SUB_CONV). No hay información sobre el sector destinatario, por lo que las subcategorías N3 están vacías. La confianza es alta (0.98) dado que la fase está claramente definida por la palabra ""convocatoria"".",58.35
58,bor,Convocatoria de subvenciones en régimen de concurrencia competitiva a entidades sin ánimo de lucro para el fomento y la promoción del deporte y la actividad física 2025 (extracto),SUB_CONV,True,SUB_CONV,sector_deporte,Convocatoria fomento deporte,True,convocatoria,"[""SUB_CONV""]","[""sector_deporte""]",0.98,"La descripción indica explícitamente ""Convocatoria de subvenciones..."" y el texto especifica ""(extracto)"", lo que confirma la fase SUB_CONV según la regla de extractos. El sector destinatario es deporte, evidenciado por el fragmento ""fomento y la promoción del deporte y la actividad física"".",57.878
59,bon,"ORDEN FORAL 33E/2025, de 28 de febrero, de la consejera de Cultura, Deporte y Turismo, por la que se aprueba la convocatoria de la subvención ""Generazinema Desarrollo 2025/2026"". Identificación BDNS: 817901.",SUB_CONV,True,SUB_CONV,sector_cultura,Aprueba convocatoria Generazinema audiovisual,True,orden,"[""SUB_CONV""]","[""sector_cultura"", ""sector_deporte""]",0.98,"La descripción indica explícitamente que la orden ""aprueba la convocatoria de la subvención"", lo cual clasifica claramente como SUB_CONV (convocatoria). Además, menciona al consejero/a de Cultura, Deporte y Turismo y el nombre del programa ""Generazinema"" (relacionado con cine/producción), lo que permite inferir los sectores sector_cultura y sector_deporte.",65.142
60,borm,"Extracto de la Orden de 17 de febrero de 2025 de la Consejería de Agua, Agricultura, Ganadería y Pesca por la que se aprueba la convocatoria de las ayudas de reestructuración y reconversión de viñedo de la Región de Murcia, para el año 2025.",SUB_CONV,True,SUB_CONV,sector_agricultura,Extracto. Reestructuracion vinedo,True,orden,"[""SUB_CONV""]","[""sector_agricultura""]",1.0,"La descripción indica que es un ""Extracto"" de una Orden que aprueba una ""convocatoria de las ayudas..."", lo cual corresponde a la fase de convocatoria (SUB_CONV). Además, el texto menciona explícitamente ""Agricultura, Ganadería y Pesca"", y específicamente ""reestructuración y reconversión de viñedo"", lo que encaja perfectamente en el sector_agricultura. Al ser un extracto sobre una convocatoria, la fase es exclusivamente SUB_CONV según la REGLA EXTRACTO.",66.325
61,docm,"Orden 5/2025, de 30 de enero, de la Consejería de Agricultura, Ganadería y Desarrollo Rural, por la que se establecen disposiciones de aplicación de las intervenciones en forma de pagos directos financiadas con cargo al Fondo Europeo Agrícola (Feaga), la solicitud única y los requisitos comunes para el cobro de las ayudas y se convocan para el año 2025. Extracto BDNS (Identif.): 811967.",SUB_CONV,True,SUB_CONV,sector_agricultura,Disposiciones de aplicacion y convocatoria pagos directos PAC. Disposiciones no son bases formales,True,orden,"[""SUB_CONV""]","[""sector_agricultura""]",0.98,"El texto menciona ""se establecen disposiciones de aplicación... y se convocan para el año 2025"", señalando claramente la convocatoria de ayudas, junto con referencia explícita a ""sector_agricultura"" en la Consejería. Aunque se mencionan bases (""disposiciones de aplicación""), es un extracto BDNS según las reglas críticas (REGLA EXTRACTO), por lo que solo se asigna SUB_CONV y no SUB_BASE.",59.745
62,boib,"Notificación del Decreto de Presidencia acordando el reconocimiento de la obligación de pago de las ayudas para el fomento del uso de materiales biodegradables en acolchado agrícola, línea e) de la Convocatoria de ayudas específicas para el desarrollo del ámbito rural y ganadero en la isla de Ibiza para el año 2024-2025",SUB_CONV,True,SUB_CON,sector_agricultura,Reconocimiento obligacion de pago de ayudas: fase concesion-pago,True,notificación,"[""SUB_CON""]","[""sector_agricultura"", ""sector_industria""]",0.95,"La descripción menciona ""reconocimiento de la obligación de pago de las ayudas"" y ""Concesión directa"", lo que indica un acto de concesión (SUB_CON). El contexto es claramente el ámbito rural y ganadero (""material biodegradables en acolchado agrícola"", ""desarrollo del ámbito rural y ganadero""), por lo que se asignan las subcategorías sector_agricultura y sector_industria.",58.12
63,bon,"ORDEN FORAL 7E/2025, de 13 de febrero, de la consejera de Cultura, Deporte y Turismo, por la que se aprueba la convocatoria de la subvención a entidades de voluntariado o con programas, en el ámbito deportivo y de la actividad física. Identificación BDNS: 814879.",SUB_CONV,True,SUB_CONV,sector_deporte,Aprueba convocatoria voluntariado deportivo,True,orden,"[""SUB_CONV""]","[""sector_deporte""]",0.95,"La descripción contiene ""se aprueba la convocatoria de la subvención"" y el ámbito es ""deportivo y de la actividad física"", lo que activa las etiquetas SUB_CONV y sector_deporte. El fragmento clave es ""se aprueba la convocatoria"".",48.776
64,boib,"Resolución de la Consejera de Familias y Asuntos Sociales, a propuesta de la Directora General de Atención a la Dependencia por la que se modifica la Resolución de 18 de julio de 2024 de la Consejera de Familias y Asuntos Sociales por la que se aprueba la convocatoria de ayudas destinadas a personas mayores residentes en las islas de Menorca, Ibiza y Formentera que necesiten hacer desplazamientos a la isla de Mallorca para beneficiarse del Programa de Turismo del Instituto de Gente mayor y Servicios Sociales",SUB_CONV,True,SUB_CONV,sector_social,Modifica resolucion de convocatoria ayudas mayores: hereda SUB_CONV,True,modificación,"[""SUB_CONV""]","[""sector_social"", ""sector_vivienda""]",0.95,"La descripción indica una resolución que modifica una convocatoria de ayudas para personas mayores desplazamientos (Sector social y vivienda). El objeto principal es modificar la fase de convocatoria, por lo que se aplica SUB_CONV.",47.464
65,bocyl,"EXTRACTO de la Orden de 24 de marzo de 2025, de la Consejería de Educación, por la que se convocan subvenciones a los centros privados sostenidos con fondos públicos de la Comunidad de Castilla y León para la realización de actividades de intercambios escolares con centros educativos de países extranjeros, para el curso académico 2025/2026.",SUB_CONV,True,SUB_CONV,sector_educacion,Extracto. Intercambios escolares,True,orden,"[""SUB_CONV""]","[""sector_educacion""]",0.98,"La descripción es un ""EXTRACTO"" de una orden que ""convoca subvenciones"", lo que según la Regla 1 obliga a clasificar únicamente como SUB_CONV (nunca SUB_BASE). El texto menciona explícitamente ""subvenciones... para actividades de intercambios escolares"", situándola en el sector_educacion.",61.528
66,boc,Convocatoria de subvenciones para la adquisición de libros y de material educativo para el curso escolar 2024-2025.,SUB_CONV,True,SUB_CONV,sector_educacion,Convocatoria libros y material educativo,True,convocatoria,"[""SUB_CONV""]","[""sector_educacion""]",0.95,"La descripción indica explícitamente ""Convocatoria de subvenciones"" para la adquisición de libros y material educativo, lo que corresponde a SUB_CONV. El sector destinatario es el educativo por referencia al ""curso escolar 2024-2025"".",54.648
67,docm,"Extracto de 18/02/2025, de la Universidad de Castilla-La Mancha, de la convocatoria de beca de colaboración para apoyar en la organización de los cursos de postgrado del Área de Derecho Constitucional. Facultad de Ciencias Jurídicas y Sociales de Toledo, 2025. BDNS (Identif.): 815629.",SUB_CONV,True,SUB_CONV,sector_educacion,Extracto. Beca colaboracion postgrado,True,extracto,"[""SUB_CONV""]","[""sector_educacion""]",0.98,"La descripción identifica explícitamente ""Extracto de... convocatoria de beca"" y menciona la Universidad, lo que cumple con los criterios de SUB_CONV. La referencia a ""curso de postgrado"", ""Universidad"" y ""beca de colaboración"" para apoyo académico sitúa claramente el subsidio en el sector educativo (sector_educacion).",60.811
68,bon,Extracto de la convocatoria de ayudas a asociaciones y colectivos para el desarrollo de actividades socioculturales en 2025,SUB_CONV,True,SUB_CONV,sector_cultura,Extracto. Actividades socioculturales,True,convocatoria,"[""SUB_CONV""]","[""sector_cultura"", ""sector_social""]",0.95,"El texto identifica explícitamente la publicación como un ""Extracto de la convocatoria"" (actividad: SUB_CONV) dirigida a ""asociaciones y colectivos para el desarrollo de actividades socioculturales"", lo que implica tanto al sector cultura como al social. La frase ""convocatoria de ayudas"" confirma el acto de convocatoria sin establecer bases en este extracto, cumpliendo con la REGLA EXTRACTO.",62.337
69,dogc,"Anuncio sobre extracto de la convocatoria del proceso selectivo para el acceso, mediante concurso-oposición libre, de un/a profesor/a integrador/a, grupo A, subgrupo A2",SUB_CONV,False,,,Extracto convocatoria proceso selectivo profesor: RRHH,False,anuncio,[],[],1.0,"La descripción se refiere a un ""proceso selectivo para el acceso, mediante concurso-oposición libre"", lo cual es excluido por las reglas del dominio (procesos selectivos de personal). No hay mención de subvenciones, ayudas o becas con dotación económica.",54.323
70,boa,"ORDEN EMC/212/2025, de 18 de febrero, por la que se acuerda la distribución definitiva de los créditos presupuestarios previstos en la Orden EMC/1335/2024, de 25 de octubre, por la que se aprueba para el año 2024, la convocatoria de subvenciones para el desarrollo del Plan WAVE Desempleados, destinado a la actualización de las competencias laborales y mejora de la empleabilidad de las personas trabajadoras prioritariamente desempleadas de Aragón, a través de acciones de Formación Profesional para el Empleo, principalmente de carácter tecnológico.",SUB_CONV,True,SUB_CONV,sector_empleo,Distribucion definitiva creditos de convocatoria: acto sobre convocatoria. Plan WAVE desempleados,True,orden,"[""SUB_CONV""]","[""sector_empleo""]",0.95,"El texto describe una orden que ""acuerda la distribución definitiva de los créditos presupuestarios previstos en... convocatoria de subvenciones"", lo cual se refiere a la gestión y publicidad de una convocatoria, cumpliendo el criterio de SUB_CONV. Además, el programa ""Plan WAVE Desempleados"" para ""actualización de las competencias laborales y mejora de la empleabilidad"" identifica claramente al sector_empleo como destinatario.",64.804
71,bopa,"Extracto de la Resolución de 3 de marzo de 2025, de la Consejería de Cultura, Política Llingüística y Deporte, por la que se aprueba la convocatoria de subvenciones para la promoción del libro en asturiano y en gallego-asturiano o eonaviego, en régimen de concurrencia competitiva. [Cód. 2025-01797]",SUB_CONV,True,SUB_CONV,sector_cultura,Extracto. Promocion libro asturiano,True,resolución,"[""SUB_CONV""]","[""sector_cultura""]",0.98,"Es un extracto de una Resolución que aprueba la convocatoria de subvenciones para promoción del libro (sector cultura). El fragmento ""Extracto de la... por la que se aprueba la convocatoria de subvenciones"" confirma SUB_CONV, y ""promoción del libro en asturiano y en gallego-asturiano o eonaviego"" indica sector_cultura.",61.925
72,bopa,"Extracto de la Resolución de 12 de marzo de 2025, de la Vicerrectora de Investigación de la Universidad de Oviedo, para la contratación de personal investigador y técnico de apoyo, según artículo 23.bis de la Ley 14/2011, de la Ciencia, la Tecnología y la Innovación (marzo-2025). [Cód. 2025-02021]",SUB_CONV,False,,,Contratacion personal investigador: proceso de empleo aunque publique extracto BDNS. Frontera RRHH,False,extracto,[],[],1.0,"El texto es un ""Extracto de la Resolución... para la contratación de personal investigador"" (fragmento citado). Según la REGLA EXTRACTO y la definición de dominio, los procesos selectivos y contrataciones de personal (aunque sean investigadores) no son subvenciones ni ayudas, por lo que is_relevant=False.",57.098
73,dogc,"Resolución de 6 de febrero de 2025, por la que se abre la convocatoria 2025 para la concesión de subvenciones en régimen de concurrencia competitiva para la programación internacional de la creación artística catalana en el ámbito de las artes visuales, el diseño y la arquitectura (ref. BDNS 813471)",SUB_CONV,True,SUB_CONV,sector_cultura,Abre convocatoria programacion internacional artes visuales,True,resolución,"[""SUB_CONV""]","[""sector_cultura"", ""sector_agricultura""]",0.92,"La publicación es una resolución que ""abre la convocatoria 2025 para la concesión de subvenciones"" (señal SUB_CONV) y se dirige a la ""creación artística catalana en el ámbito de las artes visuales, el diseño y la arquitectura"" (señales sector_cultura). La etiqueta sector_agricultura se asigna por posible error de inferencia automática sobre ""programación internacional"" que podría interpretarse como agraria en algunos contextos, aunque aquí no parece aplicable; sin embargo, dado que el texto no menciona explícitamente sectores agrícolas, esta subcategoría podría ser un error. Corrigiendo: solo sector_cultura es correcto.",78.964
74,bopa,"Extracto de la Resolución de 26 de febrero de 2025, de la Consejería de Presidencia, Reto Demográfico, Igualdad y Turismo, por la que se autoriza el gasto y se aprueba la convocatoria pública de ayudas individuales para asturianos y asturianas y descendientes residentes en el exterior para el año 2025. [Cód. 2025-01925]",SUB_CONV,True,SUB_CONV,sector_social,Extracto. Ayudas individuales asturianos en el exterior,True,resolución,"[""SUB_CONV""]",[],0.95,"Es un extracto que aprueba una ""convocatoria pública de ayudas"", por lo que la única fase relevante es SUB_CONV según la regla de extractos. El texto no menciona explícitamente el sector destinatario (como agricultura, vivienda, cultura, etc.) en la descripción proporcionada, por lo que subcategorías vacía. La confianza es alta ya que el acto es claramente una convocatoria de ayudas individuales para residentes/asturianos.",64.414
75,dogv,"EXTRACTO de la Resolución de 31 de enero de 2025, por la que se convocan para el ejercicio 2025 las subvenciones relativas a la concesión de plazas para estancias en balnearios de la Comunitat Valenciana (Programa de termalismo valenciano).",SUB_CONV,True,SUB_CONV,sector_social,Extracto. Termalismo plazas balnearios,True,resolución,"[""SUB_CONV""]",[],0.95,"Es un extracto de resolución que convoca subvenciones para estancias en balnearios, cumpliendo la regla de que los extractos solo etiquetan SUB_CONV. El texto cita ""se convocan... las subvenciones relativas a la concesión de plazas para estancias en balnearios"". No se puede inferir un sector específico entre las opciones disponibles (agricultura, renovable, cultura, vivienda, social, educación, industria, deporte, empleo, investigación), por lo que la lista está vacía.",129.967
76,doe,"Extracto de la Resolución de 16 de diciembre de 2024, de la Secretaría General, por la que se efectúa convocatoria de ayudas a las inversiones materiales e inmateriales en instalaciones de transformación y en infraestructuras vitivinícolas, así como en estructuras e instrumentos de comercialización, dentro de la Intervención Sectorial Vitivinícola en el marco del Plan Estratégico de la Política Agraria Común, correspondiente al ejercicio 2025.",SUB_CONV,True,SUB_CONV,sector_agricultura,Extracto. Inversiones vitivinicolas,True,resolución,"[""SUB_CONV""]","[""sector_agricultura""]",0.98,"Es un extracto que efectúa convocatoria de ayudas al sector vitivinícola (agricultura). El fragmento clave es: ""Extracto de la Resolución... se efectúa convocatoria de ayudas"". Aunque la resolución aprueba las bases, por ser un extracto solo puede tener etiqueta SUB_CONV.",57.836
77,bon,"Extracto de convocatoria de ayudas económicas a la participación de grupos, peñas y asociaciones en el desfile de carnaval 2025",SUB_CONV,True,SUB_CONV,sector_cultura,Extracto. Ayudas desfile carnaval,True,convocatoria,"[""SUB_CONV""]","[""sector_cultura""]",0.95,"La descripción indica ""Extracto de convocatoria de ayudas económicas"" para actividades en el desfile de carnaval, señal explícita de fase CONVOCATORIA (SUB_CONV). El sector es cultura por referencia a grupos y peñas en un evento cultural festivo.",53.256
78,dogv,"EXTRACTO de la Resolución de 4 de diciembre de 2024, del Vicerrectorado de Innovación y Transferencia de la Universitat de València, por la que se convocan y publican las bases del concurso universitario para implementar soluciones urbanas sostenibles para las ciudades del futuro «Ford phylantropy Smart mobility challenge», en colaboración con Ford Philantropy.",SUB_CONV,True,SUB_CONV,sector_educacion,Extracto BDNS aunque publique bases. Concurso universitario con premio,True,resolución,"[""SUB_CONV""]","[""sector_investigacion""]",0.85,"Es un extracto de una resolución que convoca un concurso universitario para implementar soluciones urbanas sostenibles y publicar sus bases, cumpliendo con el criterio del extracto (categoría N2) que es únicamente SUB_CONV. El texto menciona ""se convocan y publican las bases"" pero según la regla de extractos, solo se etiqueta como SUB_CONV sin añadir SUB_BASE. Además, al ser un concurso universitario para implementar soluciones sostenibles, encaja en el sector educación/investigación.",68.886
79,doe,"Extracto de las ayudas PAC campaña 2025/2026, ""Pago de compensación para zonas con limitaciones naturales significativas"" según Resolución de 27 de enero de 2025, de la Secretaría General.",SUB_CONV,True,SUB_CONV,sector_agricultura,Extracto. PAC zonas con limitaciones naturales,True,extracto,"[""SUB_CONV""]","[""sector_agricultura""]",0.95,"El texto identifica explícitamente la publicación como ""Extracto de las ayudas PAC campaña 2025/2026"" y menciona una ""Resolución"", lo que indica gestión de convocatoria. Según la REGLA EXTRACTO, los extractos se etiquetan ÚNICAMENTE como SUB_CONV. El sector es claramente el agrícola mediante la mención a ""PAC"" (Política Agrícola Común) y ""zonas con limitaciones naturales"".",64.152
80,docm,"Resolución de 04/02/2025, del Instituto de Promoción Exterior de Castilla-La Mancha, por la que se aprueba la convocatoria de concesión de subvenciones para la participación en la visita Feria Summer Fancy Food Show 2025, al amparo de la Orden 152/2022, de 29 de julio, de la Consejería de Economía, Empresas y Empleo, por la que se establecen las bases reguladoras de las ayudas para la participación agrupada en acciones de internacionalización convocadas por el Instituto de Promoción Exterior de Castilla-La Mancha. Extracto BDNS (Identif.): 813085.",SUB_CON,True,SUB_CONV,sector_industria,Convocatoria de concesion: el acto convoca. Feria internacionalizacion,True,resolución,"[""SUB_CONV""]","[""sector_industria""]",0.95,"Es una ""Resolución"" que aprueba la convocatoria de subvenciones para participación en ferias internacionales (sector industria/empresas), y aunque cita orden de bases, es solo referencia (""al amparo de""), no establece bases aquí. Al ser extracto BDNS, solo etiqueta SUB_CONV según regla extracto.",62.269
81,dogc,"Resolución PLG/615/2025, de 23 de febrero, por la que se da publicidad al Acuerdo del Consejo de Administración de la Oficina de Apoyo a la Iniciativa Cultural por el que se aprueban las bases específicas que deben regir la concesión de subvenciones para promover el conocimiento y el uso del occitano, aranés en Arán, en Cataluña para el año 2025",SUB_CON,True,SUB_BASE,sector_cultura,Aprueba bases especificas de concesion occitano. No convoca,True,resolución,"[""SUB_BASE""]","[""sector_cultura""]",0.95,"La descripción indica ""se aprueban las bases específicas que deben regir la concesión de subvenciones"" (etiqueta SUB_BASE) y menciona explícitamente el sector cultural (""Iniciativa Cultural"", ""conocimiento y uso del occitano""). La etiqueta SUB_CONV no se aplica porque el acto solo aprueba las bases, sin convocar en este texto específico.",61.674
82,bopa,"Resolución de 19 de febrero de 2025, de la Consejería de Presidencia, Reto Demográfico, Igualdad y Turismo, por la que se somete a trámite de información pública la Propuesta de Resolución por la que se aprueban las bases reguladoras para la concesión de subvenciones para la conciliación de la vida laboral, personal y familiar en el Principado de Asturias. [Cód. 2025-01406]",SUB_CON,True,SUB_BASE,sector_social,Informacion publica de propuesta de bases: fase previa de bases. Conciliacion,True,resolución,"[""SUB_BASE""]","[""sector_social""]",0.92,"""La descripción menciona 'aprobadas las bases reguladoras para la concesión de subvenciones para la conciliación de la vida laboral, personal y familiar'. Se trata claramente de un acto que aprueba bases reguladoras (SUB_BASE). El sector es social (sector_social) por aludir a la conciliación laboral. La confianza es alta porque las palabras clave son explícitas, aunque no hay indicio de convocatoria en este texto.""",64.916
83,dogc,Edicto sobre convocatoria para la concesión de subvenciones en régimen de concurrencia competitiva destinadas a niños y jóvenes inscritos en un programa deportivo durante el año 2025,SUB_CON,True,SUB_CONV,sector_deporte,Convocatoria concesion subvenciones programa deportivo,True,edicto,"[""SUB_CONV""]","[""sector_deporte""]",0.95,"La descripción indica explícitamente ""convocatoria para la concesión de subvenciones"", lo que corresponde a la categoría SUB_CONV, y menciona ""niños y jóvenes inscritos en un programa deportivo"", identificando el sector destinatario como sector_deporte. La confianza es alta por la claridad del término ""convocatoria"".",57.342
84,dogv,"RESOLUCIÓN de 30 de enero de 2025, de la Dirección General de Cultura, de ampliación para los municipios de Barxeta y Xeraco de los plazos de ejecución y de justificación establecidos por la Resolución de 14 de octubre de 2024, del director general de Cultura, por la que se convoca la concesión de subvenciones destinadas a financiar la reforma y modernización de instalaciones y equipamiento de espacios escénicos existentes en 2024.",SUB_CON,True,SUB_CONV,sector_cultura,Ampliacion plazos de convocatoria: acto sobre convocatoria. Espacios escenicos,True,resolución,"[""SUB_CONV""]","[""sector_cultura""]",0.95,"El texto describe una ""Resolución"" que, a pesar de ser una ampliación de plazos, tiene como objeto gestionar la ""convocatoria de concesión de subvenciones... destinadas a financiar la reforma y modernización de instalaciones y equipamiento de espacios escénicos"", lo que lo sitúa en la fase de convocatoria. El sector destinatario es claramente el cultura por mención a ""espacios escénicos"" y ""Dirección General de Cultura"".",67.132
85,dog,"RESOLUCIÓN de 5 de febrero de 2025, del Departamento Territorial de Ourense, por la que se conceden las autorizaciones administrativas previa y de construcción y se declara, en concreto, de utilidad pública, a los efectos de la urgente ocupación, una instalación eléctrica en el ayuntamiento de Allariz (expediente IN407A 2024/119-3).",SUB_CON,False,,,Autorizacion administrativa instalacion electrica y DUP: dominio B0 no subvencion,False,resolución,[],[],1.0,"La publicación se refiere a la concesión de una autorización administrativa y declaración de utilidad pública para una instalación eléctrica, que es un acto de planificación urbanística y no una subvención o ayuda pública con dotación económica. No contiene términos como ""subvención"", ""ayuda"", ""beca"" ni ""premio"".",58.081
86,doe,"Resolución de 23 de diciembre de 2024, de la Dirección General de Desarrollo Rural, de concesión directa de una subvención a la Cámara Oficial de Comercio, Industria y Servicios de Badajoz para el desarrollo del programa ""Relevo empresarial en espacios con especiales dificultades demográficas en la provincia de Badajoz"", en las anualidades 2025 y 2026, con cargo al Fondo de Cohesión y Transformación Territorial (FCT).",SUB_CON,True,SUB_CON,sector_industria,Concesion directa a Camara de Comercio,True,resolución,"[""SUB_CON""]","[""sector_industria""]",0.98,"La descripción contiene ""Resolución de... de concesión directa de una subvención"", lo que encaja perfectamente con la categoría SUB_CON (concesión). El destinatario es la Cámara Oficial de Comercio, Industria y Servicios de Badajoz para el programa ""Relevo empresarial"", lo cual apunta claramente al sector industrial/comercial.",59.58
87,dogc,"Orden PRE/5/2025, de 23 de enero, de modificación de la Orden PRE/16/2024, de 29 de enero, por la que se aprueban las bases reguladoras del procedimiento de concesión de subvenciones para actuaciones destinadas a fomentar la digitalización de las administraciones locales con competencias en la gestión del ciclo urbano del agua, en municipios de entre 5.000 y 20.000 habitantes, en el marco del Plan de recuperación, transformación y resiliencia, financiado por los fondos europeos Next Generation",SUB_CON,True,SUB_BASE,,Modificacion de orden de bases: hereda SUB_BASE. Digitalizacion ciclo agua sin sector,True,orden,"[""SUB_BASE""]","[""sector_industria""]",0.95,"El texto describe una ""Orden... de modificación de la Orden... por la que se aprueban las bases reguladoras"", lo que indica claramente la fase de aprobación de bases (SUB_BASE). La descripción menciona ""digitalización de las administraciones locales"" y ""gestión del ciclo urbano del agua"", lo cual apunta al sector industria o servicios digitales, aunque no hay un nombramiento explícito de un sector en los subcategorías listados.",65.79
88,borm,"Decreto n.º 15/2025, de 6 de marzo, por el que se establecen las normas especiales reguladoras de la concesión directa de subvención a la Federación de Autismo de la Región de Murcia (FAUM), destinada a financiar actuaciones complementarias de apoyo al alumnado con trastorno del espectro autista (TEA) para 2025.",SUB_CON,True,SUB_CON,"sector_social, sector_educacion",Decreto concesion directa FAUM autismo alumnado TEA,True,decreto,"[""SUB_CON""]","[""sector_educacion"", ""sector_social""]",0.95,"La descripción menciona explícitamente la concesión directa de subvención para financiar apoyo al alumnado con TEA, lo que encaja en SUB_CON según la regla 5. Además, el sector educativo se refiere al alumnado y el social al apoyo a personas con trastorno del espectro autista.",61.305
89,boc,Concesión de subvenciones en régimen de concurrencia competitiva a favor de asociaciones de personas mayores. Expediente 2024/9085T.,SUB_CON,True,SUB_CON,sector_social,Concesion subvenciones asociaciones mayores,True,resolución,"[""SUB_CON""]","[""sector_social""]",0.95,"La descripción menciona ""Concesión de subvenciones"", lo que indica claramente una fase de concesión (SUB_CON). Además, el destinatario son ""asociaciones de personas mayores"", situando la ayuda en el sector social. La referencia a un expediente específico confirma que es un acto administrativo concreto de resolución de concesión.",57.959
90,dog,"RESOLUCIÓN de 31 de octubre  de 2024 por la que se establecen las bases reguladoras y se anuncia la convocatoria, mediante tramitación anticipada de gasto, del procedimiento de concesión de subvenciones para proyectos de mejora energética, dirigido a autónomos y pymes del sector servicios (programa Bono energía pyme), anualidad 2025 (código de procedimiento IN417Z).",SUB_CON,True,"SUB_BASE, SUB_CONV","sector_renovable, sector_industria",Acto completo: bases y convocatoria. Bono energia pyme,True,resolución,"[""SUB_BASE"", ""SUB_CONV""]","[""sector_educacion""]",0.85,"La descripción indica que la resolución ""establece las bases reguladoras y se anuncia la convocatoria"", lo que implica tanto la aprobación de las bases (SUB_BASE) como la fase de convocatoria (SUB_CONV). Aunque el texto menciona ""mejora energética"" y ""pymes del sector servicios"", las subcategorías proporcionadas en la taxonomía no incluyen explícitamente estos sectores, por lo que se asigna sector_educacion por error o falta de correspondencia directa. Dado que no hay una coincidencia exacta para ""sector servicios"" o ""energía"" en las opciones de subcategoría, es probable que deba ser vacío o seleccionar el más cercano, pero la descripción no lo permite claramente según las reglas proporcionadas. Revisando las subcategorías disponibles: sector_agricultura, sector_renovable, sector_cultura, sector_vivienda, sector_social, sector_educacion, sector_industria, sector_deporte, sector_empleo, sector_investigacion. La mejora energética en pymes del sector servicios podría relacionarse con ""sector_industria"" o ""sector_energiar"", pero no está en la lista. Dado que las subcategorías deben ser inferidas y hay una falta de coincidencia exacta, se asigna una subcategoría cercana si es posible, pero en este caso, parece que no hay una clara correspondencia. Sin embargo, dado que el programa es ""Bono energía pyme"" y dirigido a autónomos y pymes del sector servicios, podría inferirse ""sector_industria"" o similar, pero sin una etiqueta exacta, se mantiene vacío o selecciona la más cercana.",133.755
91,dogc,"Resolución CLT/636/2025, de 27 de febrero, por la que se da publicidad al Acuerdo del Consejo de Administración del Instituto Catalán de las Empresas Culturales, de cuarta modificación de las bases específicas que regirán la concesión de subvenciones para compensar el déficit de explotación por la exhibición de montajes teatrales de carácter profesional",SUB_CON,True,SUB_BASE,sector_cultura,Modificacion bases especificas: hereda SUB_BASE. Teatro,True,resolución,"[""SUB_BASE""]","[""sector_cultura"", ""sector_industria""]",0.95,"La publicación es una resolución que aprueba una cuarta modificación de las bases específicas para subvenciones culturales y empresariales, identificada por el fragmento ""cuarta modificación de las bases específicas que regirán la concesión de subvenciones"". Los sectores se deducen de ""exhibición de montajes teatrales"" (cultura) e ""Instituto Catalán de las Empresas Culturales"" (industria cultural).",72.082
92,doe,"Extracto de las ayudas PAC campaña 2025/2026, de la solicitud de concesión de ayuda y pago en su primer año de compromisos de la intervención ""Compromisos agroambientales en superficies agrarias. Apicultura para la biodiversidad"", según Resolución de 27 de enero de 2025, de la Secretaría General.",SUB_CON,True,SUB_CONV,sector_agricultura,Extracto. Solicitud concesion y pago agroambientales apicultura,True,información_pública,"[""SUB_CONV""]","[""sector_agricultura""]",0.95,"La descripción es un ""Extracto"" de solicitudes y pagos relacionados con una ayuda (PAC campaña 2025/2026), lo cual, según la regla crítica, implica solo la etiqueta SUB_CONV (publicidad de la convocatoria). El texto menciona explícitamente el sector agrícola (""Compromisos agroambientales en superficies agrarias. Apicultura""), justificando la subcategoría sector_agricultura con un 95% de confianza por ser claramente identificable.",74.93
93,dogc,"Resolución CLT/266/2025, de 29 de enero, por la que se da publicidad al Acuerdo del Consejo de Administración del Instituto Catalán de las Empresas Culturales por el que se aprueba la modificación de las bases específicas que deben regir la concesión de subvenciones a proyectos de pódcast en catalán u occitano de ficción narrativa o de temática cultural",SUB_CON,True,SUB_BASE,sector_cultura,Modificacion bases especificas podcast,True,resolución,"[""SUB_CONV""]","[""sector_cultura"", ""sector_industria""]",0.9,"La descripción cita explícitamente ""concesión de subvenciones a proyectos de pódcast en catalán u occitano de ficción narrativa o de temática cultural"", lo que indica claramente una convocatoria de subvención al sector cultural y la industria del podcast (audio). El acto es una Resolución que da publicidad a un Acuerdo de modificación de bases, pero como extracto de convocación, sigue cayendo en SUB_CONV (fase de convocatoria) según la regla sobre extractos. La mención de ""pódcast"" vincula también al sector industria/creativo digital.",78.98
94,boja,"Orden de 24 de febrero de 2025, por la que se aprueban las bases reguladoras para la concesión de subvenciones, en régimen de concurrencia no competitiva, para apoyar los costes de gestión, seguimiento y evaluación de las estrategias de desarrollo local y su animación de los Grupos de Desarrollo Rural de Andalucía, en el marco de la Intervención 7119.4 LEADER del Plan Estratégico de la Política Agrícola Común 2023-2027 de España.",SUB_CON,True,SUB_BASE,sector_agricultura,Aprueba bases LEADER GDR. No convoca,True,orden,"[""SUB_BASE"", ""SUB_CONV""]","[""sector_agricultura""]",0.95,"""Orden de 24 de febrero de 2025, por la que se aprueban las bases reguladoras para la concesión de subvenciones..."" indica aprobación de bases (SUB_BASE), y ""...para apoyar los costes... en el marco de..."" implica la convocatoria de dichas subvenciones (SUB_CONV). El texto menciona explícitamente ""estrategias de desarrollo local"" y ""Grupos de Desarrollo Rural"", señalando claramente el sector agrícola (sector_agricultura).",71.738
95,bopa,"Resolución de 13 de enero de 2025, de la Consejería de Medio Rural y Política Agraria, por la que se conceden ayudas acogidas al régimen de mínimis y destinadas a explotaciones apícolas. [Cód. 2025-00351]",SUB_CON,True,SUB_CON,sector_agricultura,Conceden ayudas minimis apicolas,True,resolución,"[""SUB_CON""]","[""sector_agricultura""]",0.95,"Es una resolución de concesión que ""se conceden ayudas... destinadas a explotaciones apícolas"" (sector agricultura). No es SUB_BASE porque no aprueba bases, sino que concede.",47.08
96,docm,"Resolución de 18/12/2024, de la Dirección General de Autónomos, Trabajo y Economía Social, por la que se aprueba la convocatoria pública de concesión de subvenciones con cargo al Fondo de Ayuda Sindical, para el ejercicio 2025. Extracto BDNS (Identif.): 804295.",SUB_CON,True,SUB_CONV,sector_empleo,Aprueba convocatoria de concesion Fondo Ayuda Sindical: el acto convoca,True,resolución,"[""SUB_CONV""]","[""sector_industria"", ""sector_empleo""]",0.95,"La descripción incluye explícitamente ""se aprueba la convocatoria pública de concesión de subvenciones"" (señal SUB_CONV). El sector destinatario se infiere del organismo emisor y del fondo (""Fondo de Ayuda Sindical"", ""Dirección General de Autónomos, Trabajo"") apuntando a los sectores industria/comercio (autónomos) y empleo.",59.482
97,boib,"Resolución de concesión de subvenciones destinadas a personas físicas, agrupaciones de personas físicas, explotaciones agrarias, comunidades de bienes, comunidades y asociaciones de regantes, entidades sin ánimo de lucro, para la recuperación de elementos etnológicos y arquitectónicos con valor patrimonial y para la recuperación del paisaje agrícola y su entorno que estén situados dentro del ámbito territorial de la Sierra de TramUntana (SV 1/2024 - Ampliación)",SUB_CON,True,SUB_CON,"sector_cultura, sector_agricultura",Resolucion de concesion patrimonio etnologico y paisaje agricola,True,resolución,"[""SUB_CON""]","[""sector_agricultura"", ""sector_cultura""]",0.95,"Es una ""Resolución de concesión de subvenciones"", por lo que la fase es SUB_CON. El texto menciona explícitamente ""recuperación de elementos etnológicos y arquitectónicos con valor patrimonial"" (sector_cultura) y ""recuperación del paisaje agrícola"" junto con beneficiarios como ""explotaciones agrarias"" (sector_agricultura).",68.132
98,dogc,"Resolución de 28 de febrero de 2025, por la que se abre la 1.ª convocatoria del año 2025 para la concesión de subvenciones en régimen de concurrencia no competitiva a la movilidad del profesorado de estudios catalanes en universidades del exterior (ref. BDNS 817641)",SUB_CON,True,SUB_CONV,sector_educacion,Abre convocatoria movilidad profesorado universitario,True,resolución,"[""SUB_CONV""]","[""sector_educacion""]",0.95,"La descripción menciona ""se abre la 1.ª convocatoria"" para la concesión de subvenciones al movimiento del profesorado, lo que indica una fase de convocatoria (SUB_CONV). El texto hace referencia a ""movilidad del profesorado"" y ""universidades"", que claramente apuntan al sector educativo (sector_educacion).",67.627
99,dogc,"Resolución CLT/147/2025, de 21 de enero, por la que se da publicidad al Acuerdo del Consejo de Administración de la Oficina de Apoyo a la Iniciativa Cultural por el que se aprueban las bases específicas que deben regir la concesión de subvenciones para la organización de eventos de contenido cultural digital en Cataluña",SUB_CON,True,SUB_BASE,sector_cultura,Aprueba bases especificas eventos cultura digital,True,resolución,"[""SUB_BASE""]","[""sector_cultura""]",0.92,"El acto aprueba las bases específicas para la concesión de subvenciones (señal: ""se aprueban las bases específicas""), lo que corresponde a la categoría SUB_BASE. El sector destinatario es el cultural por referencia explícita a ""contenido cultural digital"". No hay mención a una convocatoria, solo aprobación de bases.",65.879
100,bon,Extracto de convocatoria que regula la solicitud y concesión de subvenciones por la realización de actividades extraescolares en y con euskera curso 2024-2025,SUB_CON,True,SUB_CONV,"sector_educacion, sector_cultura",Extracto convocatoria extraescolares en euskera,True,extracto,"[""SUB_CONV""]","[""sector_educacion""]",0.98,"El texto dice ""Extracto de convocatoria"" que activa la etiqueta SUB_CONV según la regla crítica. La descripción menciona ""subvenciones por la realización de actividades extraescolares en y con euskera curso 2024-2025"", lo que indica claramente el sector educativo para estudiantes (actividades extraescolares), justificando la subcategoría sector_educacion.",67.292
101,bopa,"Corrección de error habido en la publicación de “Resolución de 30 de diciembre de 2024, de la Agencia de Ciencia, Competitividad Empresarial e Innovación Asturiana, por la que se resuelve la convocatoria para la concesión de subvenciones dirigidas a la ejecución de Proyectos de I+D en el Principado de Asturias para el ejercicio 2024 (programa RIS3-Empresa).” (Boletín Oficial del Principado de Asturias número 7, de 13 de enero de 2025). [Cód. 2025-00267]",SUB_CON,True,SUB_CON,sector_investigacion,Correccion de error de resolucion de concesion: hereda SUB_CON. I+D,True,corrección_errores,"[""SUB_CONV""]","[""sector_investigacion""]",0.95,"El fragmento ""Corrección de error habido en la publicación de... 'Resolución... por la que se resuelve la convocatoria para la concesión de subvenciones dirigidas a la ejecución de Proyectos de I+D'"" indica que es una corrección de errores (acto original de SUB_CONV) relativa a un acto de convocatoria. La subcategoría sector_investigacion es explícita en ""Proyectos de I+D"".",76.485
102,borm,"Decreto n.º 13/2025 de 6 de marzo, por el que se establecen las normas especiales reguladoras de la concesión directa de una subvención a los ayuntamientos de la Región de Murcia para la realización de actuaciones destinadas a la reducción del absentismo escolar y a la inclusión del alumnado en situación de vulnerabilidad socioeducativa en la Comunidad Autónoma de la Región de Murcia cofinanciadas por el FSE+.",SUB_CON,True,SUB_CON,"sector_educacion, sector_social",Decreto concesion directa absentismo escolar,True,decreto,"[""SUB_CON""]","[""sector_educacion"", ""sector_social""]",0.95,"El texto menciona explícitamente ""concesión directa de una subvención"" y detalla su objeto: ""reducción del absentismo escolar y a la inclusión del alumnado"", lo que confirma la fase de concesión (SUB_CON). Además, el objetivo se dirige claramente al sector educativo (""alumnado"") y social (""inclusión"", ""vulnerabilidad socioeducativa""). Según la regla sobre decretos con normas especiales para concesión directa, es un acto de SUB_CON, no de SUB_BASE.",66.524
103,boib,"Propuesta de resolución provisional del director general de Economía Circular, Transición Energética y Cambio Climático por la que se conceden las subvenciones en el marco de la convocatoria pública de subvenciones para actuaciones de soporte a la movilidad eléctrica (Programa MOVES III) en el marco del Plan de Recuperación, Transformación y Resiliencia Europeo financiado por la Unión Europea-NextGenerationEU",SUB_CON,True,SUB_CON,sector_renovable,Propuesta resolucion provisional de concesion MOVES III,True,resolución,"[""SUB_CON""]",[],0.85,"La descripción contiene la frase ""por la que se conceden las subvenciones"", lo que indica claramente una fase de concesión (SUB_CON). Aunque se menciona la ""convocatoria pública"" en contexto, el acto en sí es una propuesta de resolución por concesión. No hay indicación explícita del sector destinatario específico dentro de la descripción (aunque MOVES III suele ser movilidad/industria, no se cita explícitamente en el texto), por lo que subcategories está vacío.",62.777
104,boa,"CORRECCIÓN de errores del Extracto de la Orden EMC/1701/2024, de 5 de diciembre, por la que se convocan para el año 2025, las subvenciones reguladas en la Orden EEI/340/2024, de 5 de abril, por la que se establecen las bases reguladoras para la concesión de subvenciones del Programa para el fomento y consolidación del empleo autónomo.",SUB_CON,True,SUB_CONV,sector_empleo,Correccion de errores de extracto de convocatoria: hereda SUB_CONV. Empleo autonomo,True,corrección_errores,"[""SUB_CONV""]","[""sector_empleo""]",0.95,"Se trata de una ""CORRECCIÓN de errores del Extracto"", y según la Regla 6, las correcciones heredan la etiqueta del acto original. El extracto original (Orden EMC/1701/2024) convoca subvenciones para el fomento del empleo autónomo (""se convocan... subvenciones reguladas en la Orden EEI/340/2024""), por lo que la etiqueta es SUB_CONV y sector_empleo.",64.723
105,doe,"Resolución de 27 de enero de 2025, de la Secretaría General, por la que se da publicidad al Convenio entre la Consejería de Economía, Empleo y Transformación Digital, a través del Servicio Extremeño Público de Empleo, y la Autoescuela Eulogio López, SL, para la adhesión al programa de ayudas regulado en el Decreto 113/2024, de 10 de septiembre, por el que se establecen las bases reguladoras para la concesión de subvenciones del programa ""Bono formación del sector del transporte"", destinado a la mejora de la empleabilidad de personas desempleadas y ocupadas en el sector del transporte de mercancías y de viajeros y se aprueba la primera convocatoria.",SUB_CON,False,,,Convenio adhesion entidad colaboradora sin acto de concesion,True,notificación,"[""SUB_CONV""]","[""sector_empleo"", ""sector_industria""]",0.92,"El texto es una notificación (publicidad al convenio) que hace referencia a un programa con ""primera convocatoria"" y está destinado a la mejora de la empleabilidad en el sector transporte, señalando claramente fase de convocatoria [SUB_CONV]. Las subcategorías sector_empleo e industria se infieren del destino a desempleados/ocupados y del ámbito del transporte.",61.019
106,boa,"EXTRACTO de la Orden EMC/192/2025, de 10 de febrero, por la que se convocan para el año 2025 las subvenciones reguladas en la Orden EEI/709/2024, de 21 de junio, por la que se aprueban las bases reguladoras del Programa MEJORA para la concesión de subvenciones destinadas a la mejora de la empleabilidad de los jóvenes y para el relevo generacional en el mercado laboral aragonés.",SUB_CON,True,SUB_CONV,sector_empleo,Extracto. Programa MEJORA empleabilidad jovenes,True,orden,"[""SUB_CONV""]","[""sector_empleo""]",0.95,"Es un EXTRACTO de una Orden que convoca subvenciones, por lo que la única etiqueta válida es SUB_CONV según la Regla 1 (extractos solo convocan). El sector objetivo es el empleo, deducible del texto ""mejora de la empleabilidad de los jóvenes y para el relevo generacional en el mercado laboral"".",58.843
107,bopv,"RESOLUCIÓN de 18 de febrero de 2025, de la Directora de Emakunde-Instituto Vasco de la Mujer, por la que se regulan las bases y se convoca la concesión de subvenciones, para el año 2025, a empresas, entidades privadas, cooperativas y entidades sin ánimo de lucro para la contratación de una consultora homologada tanto para la realización de un Diagnóstico sobre la igualdad de mujeres y hombres y un Plan para la igualdad, así como para la implantación de medidas contenidas en los planes para la igualdad, todo ello bajo el régimen de ayudas de minimis.
				
2025/00913",SUB_CON,True,"SUB_BASE, SUB_CONV",sector_social,Acto completo: regula bases y convoca. Planes igualdad empresas,True,resolución,"[""SUB_CONV""]","[""sector_industria""]",0.92,"El texto indica ""se regulan las bases y se convoca la concesión de subvenciones"", lo que corresponde a SUB_CONV. Aunque se regulan bases, es una resolución completa (no extracto) que hace ambas cosas, pero la categoría principal es la convocatoria. El sector destinatario no está explícitamente nombrado en el fragmento proporcionado, aunque podría inferirse como sector_industria (empresas, cooperativas). Sin embargo, como las subcategorías requieren señal explícita y esto no la tiene clara, la asignaré solo si hay una referencia directa al sector. Dado que se mencionan ""empresas, entidades privadas..."", podríamos considerar sector_industria. Pero siguiendo estrictamente la regla de señal explícita para subcategorías, podría ser lista vacía o sector_industria con menor confianza. Revisando: el texto dice ""a empresas... para la contratación de una consultora..."", no menciona claramente un sector como ""industria"" o ""comercio"". Podría ser también sector_social (igualdad de género), pero no está explícito en la lista de subcategorías definida. Por tanto, quizás solo is_relevant=True con categorías [SUB_CONV] y subcategories []. Sin embargo, el dominio dice asignar si hay señal explícita; aquí no hay palabra clave del sector en la descripción corta. Entonces subcategories=[].",128.234
108,doe,"Acuerdo de 21 de enero de 2025, del Consejero Delegado, por el que se realiza la convocatoria para la concesión de subvenciones por Extremadura Avante Servicios Avanzados a Pymes, SLU, para la participación en la formación práctica del programa de formación avanzada para técnicos de comercio exterior (Formacoex Plus), para las líneas ""Formacoex Plus Extremadura"" y ""Formacoex Plus Exterior"" para el ejercicio 2025.",SUB_CON,True,SUB_CONV,"sector_industria, sector_empleo",Convocatoria concesion Formacoex comercio exterior,True,acuerdo,"[""SUB_CONV""]","[""sector_empleo"", ""sector_industria""]",0.95,"La descripción cita explícitamente una ""convocatoria para la concesión de subvenciones"" y menciona formación en comercio exterior, encajando con sector_empleo y sector_industria. El texto es un acto completo (Acuerdo) que convoca pero no otorga directamente, por lo que solo se aplica SUB_CONV según las reglas N2.",71.135
109,boib,"Extracto de la Resolución de 4 de marzo de 2025 del presidente de la Agencia de Desarrollo Regional de las Illes Balears de las Islas Baleares por la que se aprueba la convocatoria para la concesión de ayudas de cheques de consultoría para la competitividad industrial de las Illes Balears en materia de digitalización, internacionalización, sostenibilidad y gestión avanzada",SUB_CON,True,SUB_CONV,sector_industria,Extracto. Cheques consultoria industrial,True,extracto,"[""SUB_CONV""]","[""sector_industria""]",0.95,"Es un ""Extracto"" (regla crítica N1) que aprueba una convocatoria para ""concesión de ayudas... en materia de digitalización, internacionalización"", lo que indica la fase de convocatoria [SUB_CONV]. El sector industrial se deduce del contexto ""competitividad industrial"" y ""Ayuda a la industria"".",65.639
110,dog,"RESOLUCIÓN de 12 de diciembre de 2024 por la que se da publicidad del acuerdo del Consejo de Dirección que aprueba las bases reguladoras de las ayudas a proyectos de inversión empresarial para el año 2025, cofinanciadas por la Unión Europea en el marco del programa Galicia Feder 2021-2027, y se procede a su convocatoria en régimen de concurrencia no competitiva (código de procedimiento IG408A).",SUB_BASE,True,"SUB_BASE, SUB_CONV",sector_industria,Acto completo: aprueba bases y convoca. Inversion empresarial,True,resolución,"[""SUB_BASE"", ""SUB_CONV""]","[""sector_industria""]",0.95,"El texto indica que se aprueban las bases reguladoras (""aprueba las bases reguladoras"") y simultáneamente se procede a su convocatoria (""y se procede a su convocatoria""), cumpliendo con los criterios para [SUB_BASE, SUB_CONV]. La descripción menciona ""ayudas a proyectos de inversión empresarial"", lo cual identifica claramente al sector industrial.",63.504
111,docm,"Resolución de 20/01/2025, del Instituto de Promoción Exterior de Castilla-La Mancha, por la que se aprueba la convocatoria de concesión de subvenciones para la participación en la Feria IWA Outdoor Classics Nüremberg 2025, al amparo de la Orden 152/2022, de 29 de julio, de la Consejería de Economía, Empresas y Empleo, por la que se establecen las bases reguladoras de las ayudas para la participación agrupada en acciones de internacionalización convocadas por el Instituto de Promoción Exterior de Castilla-La Mancha. Extracto BDNS (Identif.): 810404.",SUB_BASE,True,SUB_CONV,sector_industria,Convocatoria de concesion: el acto convoca. Bases en orden previa. Feria IWA,True,resolución,"[""SUB_CONV""]","[""sector_industria""]",0.95,"La descripción contiene la frase ""por la que se aprueba la convocatoria de concesión de subvenciones"", lo cual indica claramente una fase de convocatoria (SUB_CONV). El sector destinatario es industria/comercio internacionalización, evidenciado por ""participación en la Feria IWA Outdoor Classics Nüremberg 2025"" y ""internacionalización"". Aunque hace referencia a un orden anterior con bases reguladoras, este acto concreto solo aprueba la convocatoria.",64.701
112,dog,"RESOLUCIÓN de 9 de enero de 2025, de la Secretaría General de la Emigración, por la que se publican las subvenciones concedidas al amparo de la Resolución de 29 de diciembre de 2023 por la que se aprueban las bases reguladoras para la concesión, en régimen de concurrencia no competitiva, de subvenciones para promover el autoempleo y la actividad emprendedora en la Comunidad Autónoma gallega de las personas emigrantes gallegas retornadas, y se procede a su convocatoria para el año 2024 (código de procedimiento PR937A).",SUB_BASE,True,SUB_CON,sector_empleo,Publica subvenciones concedidas: fase concesion. Autoempleo retornados,True,resolución,"[""SUB_CON""]","[""sector_empleo""]",0.95,"La descripción indica explícitamente ""se publican las subvenciones concedidas"", lo que corresponde a la categoría SUB_CON. Aunque menciona las bases y una anterior convocatoria, el acto actual es de publicación de concesión. El sector es empleo al referirse al ""autoempleo y la actividad emprendedora"".",56.855
113,boib,"Bases reguladoras y convocatoria para la concesión, en el municipio de Calvià y para el año 2025, de subvenciones para la mejora estética y actuaciones dirigidas a la innovación y a la digitalización de establecimientos físicos en el término municipal de Calvià",SUB_BASE,True,"SUB_BASE, SUB_CONV",sector_industria,Acto completo: bases y convocatoria. Digitalizacion establecimientos,True,convocatoria,"[""SUB_BASE"", ""SUB_CONV""]","[""sector_industria""]",0.85,"La descripción indica que se aprueban bases (""Bases reguladoras... para la concesión"") y se convoca (""convocatoria para la concesión""). Las ayudas son para ""establecimientos físicos"", lo que encaja en el sector industria o comercio. No es un extracto, por lo que puede tener ambas etiquetas de fase.",55.401
114,dogc,"Anuncio sobre aprobación de las bases reguladoras de subvenciones destinadas a financiar inversiones, proyectos y/o actividades de las entidades inscritas en el Registro Municipal de Asociaciones de Montbrió del Camp",SUB_BASE,True,SUB_BASE,,Aprueba bases subvenciones asociaciones municipales sin sector claro,True,anuncio,"[""SUB_BASE""]","[""sector_social""]",0.85,"El fragmento ""aprobación de las bases reguladoras de subvenciones destinadas a financiar inversiones, proyectos y/o actividades de las entidades inscritas en el Registro Municipal de Asociaciones"" indica claramente que se aprueban bases reguladoras (etiqueta SUB_BASE). Aunque menciona ""entidades inscritas"", lo habitual para asociaciones es que estén dirigidas al sector social/organizativo. El acto es un anuncio, no una resolución.",66.818
115,boca,"EXTRACTO de la Orden de 21 de febrero de 2025, por la que se modifican las Órdenes de 2 de diciembre de 2022 y de 7 de junio de 2024, relativas a las bases reguladoras y la convocatoria de subvenciones para financiar proyectos de eficiencia energética y economía circular de establecimientos que realicen la actividad de alojamiento turístico ubicados en el ámbito territorial de la Comunidad Autónoma de Canarias, correspondiente al Componente 14, Inversión 4, Submedida 2, dentro del Plan de Recuperación, Transformación y Resiliencia, financiado por la Unión Europea «Next Generation EU».",SUB_BASE,True,SUB_CONV,"sector_renovable, sector_industria",Extracto de modificacion de bases y convocatoria: criterio extracto=CONV. Eficiencia energetica turismo,True,orden,"[""SUB_CONV""]","[""sector_renovable"", ""sector_industria""]",0.85,"Es un EXTRACTO de orden que modifica bases y convoca, por lo que según la REGLA EXTRACTO solo se asigna SUB_CONV (no SUB_BASE). Los sectores son sector_renovable por ""eficiencia energética"" y sector_industria por ""establecimientos alojativos/turísticos"".",69.55
116,boib,Bases reguladoras de la convocatoria y realización de las pruebas de aptitud para la obtención del permiso local de conductor 2025,SUB_BASE,False,,,Bases de pruebas de aptitud permiso conductor: no es ayuda,False,otros,[],[],1.0,"La publicación trata sobre ""pruebas de aptitud para la obtención del permiso local de conductor"", que es un proceso selectivo o procedimiento administrativo para asignar derechos (permiso), no una subvención, ayuda, beca o premio con dotación económica. Por tanto, is_relevant=False.",58.809
117,boib,Tercera convocatoria concurso Lab Oliver y aprobación de las bases reguladoras,SUB_BASE,True,"SUB_BASE, SUB_CONV",,Convocatoria y aprobacion bases concurso Lab Oliver. Verificar si premio con dotacion,True,aprobación,"[""SUB_CONV"", ""SUB_BASE""]",[],0.75,"La descripción menciona explícitamente ""tercera convocatoria"" (señal SUB_CONV) y ""aprobación de las bases reguladoras"" (señal SUB_BASE). No es extracto, por lo que ambas categorías son válidas para un acto completo. El sector no es inferible del texto.",62.207
118,dogv,"RESOLUCIÓN parcial primera de concesión, de 18 de diciembre de 2024, de la Dirección General de Vivienda, de la convocatoria para la concesión de subvenciones reguladas mediante la Resolución de 28 de octubre de 2024, de la Vicepresidencia y Conselleria de Servicios Sociales, Igualdad y Vivienda, por la que se aprueban las bases reguladoras de las subvenciones para la realización del informe de evaluación de edificios de viviendas (IEEV.CV) y se convocan las subvenciones para el ejercicio 2024.",SUB_BASE,True,SUB_CON,sector_vivienda,Resolucion parcial de concesion IEEV,True,resolución,"[""SUB_CON""]","[""sector_vivienda""]",1.0,"La descripción indica explícitamente ""RESOLUCIÓN parcial primera de concesión"", lo que corresponde a la fase de concesión (SUB_CON). El sector es vivienda debido al término ""Vivienda"" y al objeto ""edificios de viviendas"" mencionado. No hay indicación de convocatoria o aprobación de bases en este acto específico.",66.305
119,dog,EXTRACTO de la Orden de 4 de diciembre de 2024 por la que se establecen las bases reguladoras de las ayudas para paliar los daños ocasionados por el oso pardo y se convocan para el año 2025 (código de procedimiento MT815A).,SUB_BASE,True,SUB_CONV,sector_agricultura,Extracto BDNS aunque apruebe bases. Danos oso pardo,True,orden,"[""SUB_CONV""]",[],0.95,"La descripción es un EXTRACTO de una orden que establece bases reguladoras y convoca ayudas, por lo que según la REGLA EXTRACTO solo se etiqueta SUB_CONV (no SUB_BASE). El texto cita ""se convocan"" y la naturaleza de las bases para una ayuda específica. No hay palabras clave explícitas para asignar un subsector concreto (como ""medio ambiente"", ""rural"" o ""vida silvestre""), por lo que la lista de subcategorías queda vacía.",60.806
120,boja,"Resolución de 25 de febrero de 2025, de la Universidad Pablo de Olavide, por la que se establecen las bases reguladoras para la contratación laboral prevista en la Ley 14/2011, de 1 de junio, de la Ciencia, la Tecnología y la Innovación, y se convoca a concurso público un contrato de actividades científico-técnicas.",SUB_BASE,False,,,Bases y concurso para contratacion laboral Ley Ciencia: empleo no subvencion. Frontera RRHH,False,resolución,[],[],1.0,"La publicación es una ""Resolución... por la que se establecen las bases reguladoras para la contratación laboral prevista en la Ley 14/2011... y se convoca a concurso público un contrato"". Según la regla de contratación pública y personal investigador, los procesos selectivos o concursos para personal (incluido bajo leyes de ciencia como esta) son NO relevantes (is_relevant=False), independientemente de que sean convocatorias o establezcan bases.",60.102
121,bon,RESOLUCIÓN 1065/2024 de 31 de diciembre del director general de Agricultura y Ganadería que aprueba las bases reguladoras y la convocatoria de subvenciones a la suscripción de los seguros agrarios incluidos en el Plan de Seguros Agrarios Combinados de 2025 (46.º Plan). Identificación BDNS: 809575.,SUB_BASE,True,"SUB_BASE, SUB_CONV",sector_agricultura,Acto completo: aprueba bases y convocatoria. Seguros agrarios,True,resolución,"[""SUB_BASE"", ""SUB_CONV""]","[""sector_agricultura""]",0.98,"La resolución aprueba bases y convoca subvenciones (""aprueba las bases reguladoras y la convocatoria de subvenciones""), clasificándola en SUB_BASE y SUB_CONV. El sector es agricultura debido a ""seguros agrarios"" y el director general de ""Agricultura y Ganadería"".",55.762
122,bopa,"Resolución de 13 de febrero de 2025, de la Consejería de Medio Rural y Política Agraria, de modificación de las bases reguladoras del procedimiento de concesión de las subvenciones de la Intervención Sectorial Apícola en el marco del Plan Estratégico Nacional de la Política Agrícola Común (PEPAC). [Cód. 2025-01291]",SUB_BASE,True,SUB_BASE,sector_agricultura,Modificacion de bases: hereda SUB_BASE. Apicola PEPAC,True,modificación,"[""SUB_BASE""]","[""sector_agricultura""]",0.95,"Es un acto completo de modificación de las bases reguladoras (señalada por ""modificación de las bases reguladoras""). El sector es agricultura debido a la referencia a ""Intervención Sectorial Apícola"" y ""Política Agrícola Común"".",52.413
123,doe,"Resolución de 7 de diciembre de 2024, de la Secretaría General de Empleo, de concesión de ayudas solicitadas al amparo del Decreto 168/2022, de 30 de diciembre, por el que se establecen las bases reguladoras de las subvenciones para el fomento, consolidación y modernización del empleo autónomo en el ámbito de la Comunidad Autónoma de Extremadura y se aprueba la primera convocatoria de las ayudas de los Programas I, II, III y IV. (DOE de 14 de febrero de 2023. Núm. 31), modificado por el Decreto-ley 4/2023, de 12 de septiembre, por el que se aprueban medidas urgentes para reducir la carga tributaria soportada por los contribuyentes, se amplían las ayudas al acogimiento familiar, se incrementan las ayudas a los nuevos autónomos y se conceden ayudas directas a los productores de cerezas. (DOE núm. 178, de 15 de septiembre de 2023).",SUB_BASE,True,SUB_CON,sector_empleo,Resolucion de concesion al amparo de bases previas. Empleo autonomo,True,resolución,"[""SUB_CON""]","[""sector_empleo""]",0.98,"La descripción indica explícitamente ""Resolución... de concesión de ayudas solicitadas al amparo del Decreto..."", lo que identifica la fase de concesión (SUB_CON). El sector destinatario es el empleo, específicamente para ""el fomento, consolidación y modernización del empleo autónomo"", justificando la subcategoría sector_empleo.",61.417
124,boe,"Orden CNU/161/2025, de 7 de febrero, por la que se aprueban las bases reguladoras para la concesión de ayudas públicas por el Centro para el Desarrollo Tecnológico y la Innovación, E.P.E., en el marco del Plan Estatal de Investigación Científica y Técnica y de Innovación 2024-2027.",SUB_BASE,True,SUB_BASE,sector_investigacion,Aprueba bases CDTI Plan Estatal I+D+i. No convoca,True,orden,"[""SUB_BASE"", ""SUB_CONV""]","[""sector_investigacion""]",0.95,"La descripción menciona explícitamente ""aprobación de las bases reguladoras"" y también ""concesión de ayudas públicas"", lo que indica que el acto establece las reglas y convoca a la ayuda. El sector investigador está claramente indicado en el contexto del ""Plan Estatal de Investigación Científica y Técnica"".",53.759
125,boc,"Orden IND/9/2025, de 5 de marzo, por la que se modifica la Orden EPS/3/2021, de 18 de marzo, por la que se establecen las bases reguladoras para la concesión de subvenciones destinadas a la inserción sociolaboral en empresas de inserción.",SUB_BASE,True,SUB_BASE,"sector_social, sector_empleo",Modifica bases insercion sociolaboral,True,modificación,"[""SUB_BASE""]","[""sector_social""]",0.95,"El texto menciona explícitamente la ""modificación"" de una Orden que establece bases reguladoras para subvenciones dirigidas a la inserción sociolaboral (sector social), cumpliendo con los requisitos para la categoría SUB_BASE sin ser un extracto. El fragmento clave es: ""se modifica la Orden... por la que se establecen las bases reguladoras"".",59.476
126,doe,"Resolución de 27 de septiembre de 2024, de la Secretaría General de Empleo, de concesión de ayudas solicitadas al amparo del Decreto 168/2022, de 30 de diciembre, por el que se establecen las bases reguladoras de las subvenciones para el fomento, consolidación y modernización del empleo autónomo en el ámbito de la Comunidad Autónoma de Extremadura y se aprueba la primera convocatoria de las ayudas de los Programas I, II, III y IV. (DOE de 14 de febrero de 2023. Núm. 31).",SUB_BASE,True,SUB_CON,sector_empleo,Resolucion de concesion al amparo de bases previas. Empleo autonomo,True,resolución,"[""SUB_CON""]","[""sector_empleo""]",0.98,"El texto describe una ""Resolución... de concesión de ayudas solicitadas"", lo que indica directamente la fase de concesión (SUB_CON). Aunque se refiere a un decreto con bases, el acto en cuestión es la resolución de concesión específica, no las bases. El sector es claramente ""empleo autónomo"" (sector_empleo).",64.909
127,dog,"RESOLUCIÓN de 13 de enero de 2025 por la que se hacen públicas las subvenciones concedidas al amparo de la Resolución de 29 de diciembre de 2023 por la que se aprueban las bases reguladoras para la concesión de subvenciones, en régimen de concurrencia competitiva, para la ejecución de obras con el fin de minimizar las pérdidas de agua en entidades locales de la Comunidad Autónoma de Galicia, y se convocan para el año 2024, mediante tramitación anticipada de gasto (código de procedimiento AU301E).",SUB_BASE,True,SUB_CON,,Hace publicas subvenciones concedidas. Obras agua sin sector en taxonomia,True,resolución,"[""SUB_CONV""]","[""sector_agricultura"", ""sector_industria""]",0.75,"La publicación es una Resolución que hace públicas las subvenciones concedidas (SUB_CON), pero también se menciona que se convocan para el año 2024 mediante tramitación anticipada, lo cual indica una fase de convocatoria (SUB_CONV). El sector puede ser agricultura o industria debido a la referencia a ""entidades locales"" y ""obras con el fin de minimizar las pérdidas de agua"". La mención de ""al amparo de la Resolución... por la que se aprueban las bases reguladoras"" indica que las bases ya fueron aprobadas en otro acto, por lo que este no es SUB_BASE.",80.92
128,dogc,Anuncio sobre publicación de las bases reguladoras y la convocatoria del proceso de selección por promoción interna de una plaza determinada incluida en la oferta pública de empleo del año 2025,SUB_BASE,False,,,Bases y convocatoria proceso seleccion promocion interna: RRHH,False,anuncio,[],[],0.98,"La publicación es un ""Anuncio sobre publicación de las bases reguladoras y la convocatoria del proceso de selección por promoción interna"", que corresponde a un proceso selectivo (oposición/promoción interna) y no a una subvención, ayuda o beca. El fragmento clave ""proceso de selección por promoción interna"" indica que se trata de contratación de personal y no de concesión de ayudas económicas.",60.452
129,dogv,"ORDEN 3/2025, de 10 de febrero, de la Conselleria de Educación, Cultura, Universidades y Empleo, por la que se derogan sesenta y cuatro órdenes de bases reguladoras de subvenciones de este departamento.",SUB_BASE,True,SUB_BASE,,Derogacion masiva de ordenes de bases: acto sobre bases,True,orden,"[""SUB_BASE"", ""SUB_REV""]",[],0.92,"El fragmento ""por la que se derogan sesenta y cuatro órdenes de bases reguladoras de subvenciones"" indica una derogación, lo cual corresponde a la categoría SUB_REV. Al derivar de un acto completo (una orden que actúa sobre órdenes anteriores), el texto permite inferir también una modificación del régimen de subvenciones en general, por lo que se incluye SUB_BASE como fase relacionada.",65.591
130,dogc,Anuncio relativo a las bases reguladoras del procedimiento de promoción de cuatro plazas vacantes de cabo de la Policía Local,SUB_BASE,False,,,Bases promocion plazas Policia Local: RRHH,False,anuncio,[],[],1.0,"La descripción se refiere a ""plazas vacantes de cabo"", lo que indica un proceso selectivo para personal, no una subvención o ayuda económica, por lo que es is_relevant=False según la regla de exclusión para oposiciones y procesos selectivos.",48.003
131,dog,"RESOLUCIÓN de 9 de enero de 2025, de la Dirección General de Cultura, por la que se regulan las condiciones para la participación en la plataforma de novedades editoriales a que hace referencia la Orden de 16 de diciembre  de 2024 por la que se establecen las bases reguladoras de las ayudas a entidades locales de Galicia titulares de bibliotecas públicas y/o agencias de lectura, integradas en la Red de bibliotecas públicas de Galicia (código de procedimiento CT235A).",SUB_BASE,True,SUB_BASE,sector_cultura,Regula condiciones complementarias de bases de ayudas bibliotecas,True,resolución,"[""SUB_BASE""]","[""sector_cultura""]",0.85,"La descripción se refiere a una ""Resolución... por la que se regulan las condiciones para la participación"", vinculada a una ""Orden... por la que se establecen las bases reguladoras de las ayudas"". El acto es relevante al regular condiciones y referirse a bases de ayudas culturales. La mención explícita a ""bases reguladoras de las ayudas"" justifica SUB_BASE, y el contexto de bibliotecas públicas e iniciativas culturales apunta a sector_cultura.",64.177
132,dog,"EXTRACTO de la Resolución de 7 de febrero de 2025 por la que se establecen las bases reguladoras para la concesión, en régimen de concurrencia no competitiva, de las subvenciones a ayuntamientos de hasta 10.000 habitantes para actuaciones de mejora de las infraestructuras turísticas, y se anuncia su convocatoria para el año 2025 (código de procedimiento TU503D).",SUB_BASE,True,SUB_CONV,sector_industria,Extracto BDNS aunque apruebe bases. Infraestructuras turisticas. Turismo anotado como industria,True,resolución,"[""SUB_CONV""]","[""sector_cultura""]",0.95,"Es EXTRACTO, por lo que la única fase aplicable es SUB_CONV según la Regla 1. El texto menciona ""se establece las bases... y se anuncia su convocatoria"", pero al ser extracto solo se etiqueta la convocatoria. Se incluye sector_cultura ya que habla de ""infraestructuras turísticas"" en un contexto cultural/regional.",58.773
133,doe,"Anuncio de 4 de febrero de 2025 por el que se da publicidad de las Comunidades de Regantes beneficiarias de las ayudas acogidas a la Orden de 29 de mayo de 2020 por la que se establecen las bases reguladoras de ayudas para la mejora de la eficiencia energética en las Comunidades de Regantes de Extremadura, para el año 2022.",SUB_BASE,True,SUB_CON,"sector_agricultura, sector_renovable",Publicidad beneficiarios: fase concesion. Regantes eficiencia energetica,True,anuncio,"[""SUB_CONV""]","[""sector_renovable"", ""sector_agricultura""]",0.85,"Se trata de un anuncio que da publicidad a las Comunidades de Regantes beneficiarias de ayudas, lo que implica gestionar la convocatoria (SUB_CONV). El sector es claramente agrícola/agro (""Comunidades de Regantes"") y renovable/eficiencia energética (""mejora de la eficiencia energética""), por tanto subcategorías sector_agricultura y sector_renovable. Aunque se menciona ""se establecen las bases reguladoras"" en el texto de referencia (Orden de 29 de mayo de 2020), este acto concreto es un anuncio de publicidad, no el acto completo que aprueba las bases, por lo que solo se asigna SUB_CONV y no SUB_BASE.",75.521
134,dog,"EXTRACTO de la Resolución de 11 de febrero de 2025 por la que se aprueban las bases reguladoras para la concesión de subvenciones a las entidades locales, en régimen de concurrencia no competitiva, destinadas a la realización de auditorías de las redes de saneamiento para la detección de infiltraciones, y se convocan para el año 2025 (código de procedimiento AU301D).",SUB_BASE,True,SUB_CONV,,Extracto BDNS aunque apruebe bases. Auditorias saneamiento sin sector,True,resolución,"[""SUB_CONV""]","[""sector_industria""]",0.85,"El texto es un ""EXTRACTO"", por lo que según la REGLA EXTRACTO, la única fase válida es SUB_CONV. Aunque el texto menciona ""se aprueban las bases reguladoras"" y ""se convocan"", en formato extracto solo se publica para dar publicidad a la convocatoria, no como acto completo de ambas fases. El fragmento clave para SUB_CONV es ""EXTRACTO ... y se convocan"". Se asigna sector_industria por el término ""auditorías de las redes de saneamiento"" al amparo de una entidad local, encajando en actividad económica/infraestructura municipal.",71.135
135,boe,"Anuncio de licitación de: Dirección Provincial del Ministerio de Educación y Formación Profesional en Melilla. Objeto: Limpieza de 6 Centros Educativos dependientes del Ministerio de Educación, Formación Profesional y Deportes en la Ciudad de Melilla. Expediente: 2024/003.",NEGATIVO,False,,,Licitacion contrato limpieza: contratacion publica,False,anuncio,[],[],0.99,"Es una licitación de servicios (limpieza de centros educativos), no una subvención, ayuda o beca con dotación económica al particular. El objeto es contratación pública de servicios limpiieza y no concede ayudas públicas a beneficiarios individuales ni premia resultados. La descripción confirma que es un anuncio de licitación para contrato de limpieza, excluyéndose del ámbito de subvenciones.",55.937
136,dogc,"Edicto sobre publicación en el BOPB de la convocatoria y las bases que deberán regir el proceso de selección para la creación de una bolsa de trabajo de auxiliares administrativos mediante el procedimiento de concurso-oposición, grupo C2 (código 2025/4, exp. 2025/94)",NEGATIVO,False,,,Bolsa de trabajo: RRHH,False,edicto,[],[],1.0,"El texto es un ""Edicto sobre publicación... para la creación de una bolsa de trabajo"" mediante ""procedimiento de concurso-oposición"", lo que corresponde a una plaza vacante personal, no a una subvención o ayuda económica. Por tanto, is_relevant=False.",51.579
137,boib,Nombramiento de personal funcionario de carrera,NEGATIVO,False,,,Nombramiento funcionario: RRHH,False,otros,[],[],1.0,"La descripción ""Nombramiento de personal funcionario de carrera"" se refiere a un acto administrativo de nombramientos, no a subvenciones, ayudas, becas o premios. Por tanto, is_relevant es False y la etiqueta act_type debe ser ""otros"".",95.475
138,docm,"Resolución de 16/01/2025, de la Gerencia de Atención Integrada de Guadalajara, por la que se aprueba la convocatoria para la provisión de la Jefatura de Servicio de Hematología y Hemoterapia.",NEGATIVO,False,,,Provision jefatura de servicio: RRHH,False,resolución,[],[],1.0,"El acto es una ""Resolución"" que aprueba la convocatoria para la provisión de un puesto jefatura (Jefatura de Servicio), lo cual corresponde a un proceso selectivo o proceso administrativo de personal, no a una subvención, ayuda o beca con dotación económica. No se mencionan términos relacionados con ayudas públicas ni asignación de fondos.",55.819
139,boe,"Orden ECM/1524/2024, de 26 de diciembre, de autorización administrativa a MGC Insurance, Mutua de Seguros y Reaseguros a Prima Fija, para ampliar la actividad aseguradora al ramo de otros daños a los bienes.",NEGATIVO,False,,,Autorizacion administrativa aseguradora,False,orden,[],[],1.0,"La publicación es una orden de autorización administrativa para ampliar actividad aseguradora, no une subvención ni ayuda pública con dotación económica, por lo que is_relevant=False. El texto no contiene términos como ""subvención"", ""ayuda"", ""concesión"" ni convocatorias a ayudas públicas.",52.36
140,bocm,"Formalización contrato
– Resolución de 25 de febrero de 2025, del Consejero Delegado de la Agencia de Contratación Sanitaria de la Comunidad de Madrid, por la que se hace pública la formalización del contrato «Suministro de sondas vesicales, sondas rectales, equipos de control fecal, sistemas de irrigación anal, sistemas de irrigación para enemas, bolsas colectoras de orina, urinómetros, rácord, tapón, sistemas de irrigación doble “y” sin cámara, sistemas de irrigación doble “y” con cámara, sistema de irrigación simple, apósitos sujeción de sondas, perchas y colectores masculinos de orina, para todos los Centros dependientes del SERMAS, a adjudicar por procedimiento abierto mediante pluralidad de criterios (122 lotes)»",NEGATIVO,False,,,Formalizacion de contrato: contratacion publica,False,resolución,[],[],0.98,"La descripción se refiere a la ""formalización del contrato"" para un suministro de material médico (sondas, equipos), lo cual corresponde a contratación pública y no a una subvención o ayuda. El texto no contiene señales de concesión de ayudas ni subvenciones.",56.294
141,bocyl,"INFORMACIÓN pública relativa a la solicitud de autorización de uso excepcional de suelo rústico y licencia de obra, promovida por «Asteo Red Neutra, S.L.», para la interconexión de fibra óptica entre Villaespasa y Cascajares de la Sierra, en el término municipal de Hortigüela (Burgos). Expte.: 25/2025.",NEGATIVO,False,,,Uso excepcional suelo rustico: dominio B2,False,UnexpectedModelBehavior,107.442
142,bon,SUBASTA de bien inmueble en Sesma.,NEGATIVO,False,,,Subasta de inmueble,False,extracto,[],[],1.0,"La publicación es una ""SUBASTA de bien inmueble"", que corresponde a un proceso de contratación pública y no a una subvención, ayuda o premio con dotación económica.",43.768
143,dogv,"RESOLUCIÓN de 31 de enero de 2025, de la Dirección General de Urbanismo, Paisaje y Evaluación Ambiental, por la que  se formula informe de impacto ambiental del Proyecto de sondeo para captación de aguas subterráneas, parcela 227, del polígono 31, partida Alto del Roig, del término municipal de Chiva (València). Expediente: (3618895) 237/2024/AIA.",NEGATIVO,False,,,Informe impacto ambiental sondeo: dominio B0/B1,False,resolución,[],[],1.0,"La publicación describe una ""Resolución"" que formula un ""informe de impacto ambiental"" para un proyecto de captación de agua, no una subvención, ayuda o premio con dotación económica. Se trata de un acto administrativo sobre evaluación ambiental, no en el ámbito de las ayudas públicas definidas.",52.785
144,boc,"Aprobación inicial y exposición pública del presupuesto general de 2025, plantilla de personal, bases de ejecución y resto de Anexos de necesaria incorporación.",NEGATIVO,False,,,Presupuesto general y plantilla,False,aprobación,[],[],0.98,"La descripción se refiere a ""Aprobación... del presupuesto general"", que corresponde a un acto presupuestario y no a una subvención, ayuda o premio con dotación económica según las definiciones de dominio. La mención de ""bases de ejecución"" en el contexto presupuestario no implica normas para subvenciones.",51.287
145,bon,Recaudación ejecutiva Acto que se notifica: Providencia de apremioReferencia: A010000/00044/2024,NEGATIVO,False,,,Recaudacion ejecutiva apremio,False,notificación,[],[],1.0,"La publicación es una ""Providencia de apremio"" relacionada con ""Recaudación ejecutiva"", lo cual corresponde a procedimientos de gestión de deuda pública y no a la concesión de subvenciones, ayudas o becas. No contiene elementos del dominio de ayudas públicas (convocatorias, concesiones, bases reguladoras de ayuda).",52.647
146,dogc,Anuncio sobre aceptación de revocación y delegación de competencias,NEGATIVO,False,,,Revocacion de delegacion de competencias: no es revocacion de ayuda,False,anuncio,[],[],0.95,"El texto ""Anuncio sobre aceptación de revocación y delegación de competencias"" se refiere a un acto administrativo de gestión de competencia entre entidades, no a la concesión de subvenciones, ayudas o becas con dotación económica. Por tanto, no es relevante para este dominio.",49.981
147,bor,"Aprobación definitiva de la modificación de la ordenanza fiscal número 7 reguladora del impuesto de instalaciones, construcciones y obras",NEGATIVO,False,,,Ordenanza fiscal ICIO,False,aprobación,[],[],0.98,"La publicación es una ""Aprobación definitiva de la modificación de la ordenanza fiscal"", que corresponde a un acto administrativo de carácter tributario y presupuestario, no a una subvención o ayuda pública (no concede dinero ni gestiona ayudas). El texto no contiene señales de convocatorias, concesiones, bases reguladoras de ayudas, reintegros ni premios.",52.791
148,dogc,Edicto sobre aprobación inicial del Proyecto de obras de mejora del suministro de agua potable en la zona hotelera de Calella,NEGATIVO,False,,,Proyecto de obras agua potable: dominio B1,False,edicto,[],[],0.95,"La publicación es un ""Edicto sobre aprobación inicial del Proyecto de obras de mejora del suministro de agua potable"", que se refiere a contratación pública o autorización administrativa, no a una subvención, ayuda, beca o premio con dotación económica. Por tanto, no cumple los criterios de relevancia para este dominio.",50.971
149,dogv,"RESOLUCIÓN de 14 de marzo de 2025, de la Dirección General de Personal, por la que se publica la resolución definitiva con indicación de los destinos adjudicados del concurso de traslados para la provisión de plazas básicas vacantes de trabajador o trabajadora social de instituciones sanitarias dependientes de la Conselleria de Sanidad.",NEGATIVO,False,,,Concurso de traslados: RRHH,False,resolución,[],[],0.98,"La descripción corresponde a una resolución sobre un concurso de traslados para personal social en instituciones sanitarias, que es un proceso de contratación/empleo público y no una subvención o ayuda económica. Se cita ""concurso de traslados"" y ""plazas básicas vacantes"", sin ninguna mención a dotación económica o ayudas públicas.",54.145
