id,bulletin,description,grupo_muestreo,is_relevant_gt,categories_gt,subcategories_gt,notas_anotador,is_relevant_pred,act_type_pred,categories_pred,subcategories_pred,confidence,reasoning,duration_s,error
0,boe,Anuncio de formalización de contratos de: Jefatura de la Sección Económico Administrativa 22 - Base Aérea de Torrejón (Agrupación de Base). Objeto: Concesión de servicios Cafetería ALA 12. Expediente: 2024/EA22/00001943E.,CONT_CON,True,"CONT_FOR, CONT_CON",tipo_servicios,Formalizacion de concesion de servicios cafeteria,True,anuncio,"[""CONT_FOR"", ""CONT_CON""]","[""tipo_servicios""]",0.95,"El texto contiene explícitamente ""Anuncio de formalización de contratos"" (señal CONT_FOR) y define el objeto como ""Concesión de servicios Cafetería ALA 12"", confirmando la categoría CONT_CON. El servicio es de cafetería, por lo que la subcategoría es tipo_servicios.",120.41,
1,bocyl,"RESOLUCIÓN de 7 de enero de 2025, de la Dirección General de Transportes y Logística, por la que se hace pública la transmisión de la titularidad del contrato de concesión de servicio público de transporte regular y de uso general de viajeros por carretera, entre Castronuño y Toro (VACL-152), prestados por la empresa «Antonio Expósito Lucas» a favor de la empresa «Castaño e Hijos, S.L.».",CONT_CON,True,CONT_CON,tipo_servicios,Transmision de titularidad de contrato de concesion de transporte,True,resolución,"[""CONT_CON""]","[""tipo_servicios""]",0.98,"El texto menciona explícitamente ""transmisión de la titularidad del contrato de concesión de servicio público"" en el contexto de transporte regular, lo que justifica la categoría de concesión y subcategoría de servicios.",57.966,
2,bor,Exposición pública del estudio de viabilidad económico-financiera para la concesión de servicio de gestión de las piscinas municipales,CONT_CON,True,CONT_CON,tipo_servicios,Estudio de viabilidad previo a concesion de servicio piscinas,False,información_pública,[],[],0.95,"La publicación es una ""Exposición pública del estudio de viabilidad económico-financiera para la concesión de servicio"", que es un trámite previo a la contratación (información pública), no el acto contractual en sí mismo (licitación, formalización o adjudicación). Por lo tanto, is_relevant=False según las reglas.",58.667,
3,boe,Anuncio de licitación de: Jefatura de Asuntos Económicos de la Fuerza Terrestre. Objeto: Concesión de servicio del Bar-Cafetería para el Establecimiento Plaza España. Expediente: 2025/ETSAE0206/00000005E.,CONT_CON,True,"CONT_LIC, CONT_CON",tipo_servicios,Licitacion de concesion de servicio bar-cafeteria,False,anuncio,[],[],0.95,"El texto menciona ""concesión de servicio"" pero se refiere a una ""concesión administrativa o demanial"" del bar-cafetería para un establecimiento militar, que según las reglas críticas es una concesión de dominio público y no un contrato de contratación pública (LCSP). Por tanto, is_relevant=False.",59.549,
4,borm,Información pública para la aprobación inicial del anteproyecto de construcción y explotación del contrato de concesión del servicio publico de abastecimiento de agua potable y saneamiento del municipio de Alcantarilla.,CONT_CON,True,CONT_CON,"tipo_obras, tipo_servicios",Anteproyecto de construccion y explotacion de concesion de agua,False,información_pública,[],[],0.95,"La publicación es una ""Información pública"" para la aprobación de un anteproyecto de contrato de concesión del servicio público de agua. Según la regla crítica 4, las concesiones de servicios públicos como el abastecimiento de agua son concesiones administrativas/demaniales y NO actos de contratación pública (LCSP), por lo que is_relevant=False.",127.231,
5,boe,Anuncio de formalización de contratos de: Dirección del Instituto de Astrofísica de Canarias. Objeto: Contrato de concesión del servicio de explotación de la cafetería-comedor de la Sede Central del Instituto de Astrofísica de Canarias. Expediente: LIC-24-018.,CONT_CON,True,"CONT_FOR, CONT_CON",tipo_servicios,Formalizacion de concesion de servicio cafeteria-comedor,True,anuncio,"[""CONT_FOR"", ""CONT_CON""]","[""tipo_servicios""]",0.98,"El texto menciona explícitamente ""Anuncio de formalización de contratos"" (dispara CONT_FOR) y el objeto es ""Contrato de concesión del servicio de explotación de la cafetería"", lo que implica tanto una fase de formalización como un tipo de contrato de concesión de servicios (CONT_CON). La prestación es la explotación de un local, clasificándose como ""tipo_servicios"".",67.225,
6,boe,"Anuncio de licitación de: Presidencia de la Agencia Estatal Consejo Superior de Investigaciones Científicas, M.P. Objeto: Concesión del servicio de cafetería-comedor destinado al Centro Nacional de Biotecnología de la Agencia Estatal Consejo Superior de Investigaciones Científicas. Expediente: CAF1/25.",CONT_CON,True,"CONT_LIC, CONT_CON",tipo_servicios,Licitacion de concesion de servicio cafeteria,True,anuncio,"[""CONT_LIC"", ""CONT_CON""]","[""tipo_servicios""]",0.98,"El texto indica explícitamente ""Anuncio de licitación"" (señal para CONT_LIC) y el objeto es ""Concesión del servicio"" (señal para CONT_CON y tipo_servicios).",56.633,
7,borm,Información pública para la aprobación inicial de la estructura de costes del contrato de concesión del servicio público de abastecimiento de agua potable y saneamiento del municipio de Alcantarilla.,CONT_CON,True,CONT_CON,tipo_servicios,Estructura de costes de concesion de servicio de agua,False,,,,,,116.454,UnexpectedModelBehavior
8,docm,"Resolución de 25/02/2025, de la Secretaría General, por la que se dispone la publicación del convenio de colaboración entre la Consejería de Fomento de la comunidad autónoma de Castilla-La Mancha y el Ayuntamiento de Olías del Rey para la implantación del transporte público regular de viajeros en autobús según contrato de concesión del servicio público de transporte regular de viajeros de uso general por carretera en determinadas zonas rurales de la provincia de Toledo: VCM-631 Olías del Rey-Toledo.",CONT_CON,False,,,Convenio interadministrativo sobre servicio en concesion existente: no es acto contractual,False,resolución,[],[],0.95,"El texto describe un ""convenio de colaboración"" para la implantación de transporte público, pero según las reglas críticas (punto 2 y punto 6 del prompt), los convenios interadministrativos o de colaboración sin acto contractual explícito no son actos de contratación pública. La mención a ""contrato de concesión"" en este contexto parece ser el objeto del convenio o el marco legal de la colaboración, no una nueva fase contractual (CONT_CON) por sí mismo en ausencia de un anuncio de licitación o formalización específica que implique un procedimiento administrativo completo bajo LCSP. Por tanto, se clasifica como no relevante para contratación pública.",79.94,
9,bopa,Edicto. Trámite de audiencia a la iniciativa privada para presentar estudios de viabilidad a la concesión de obra de un nuevo aparcamiento bajo la Plaza de la Escandalera de Oviedo. Expte. 1100-0001-2024/14. [Cód. 2025-01895],CONT_CON,True,CONT_CON,tipo_obras,Tramite de audiencia estudios viabilidad concesion de obra aparcamiento,False,edicto,[],[],0.95,"La publicación es un ""Edicto"" de ""concesión de obra"", pero se trata de una concesión demanial o administrativa (aprovechamiento para aparcamiento bajo plaza) que no corresponde a un contrato público sujeto a la LCSP, sino a una autoridad/portuaria o concesión sobre dominio público. El texto dice: ""Trámite de audiencia... a la concesión de obra"", lo que indica una concesión demanial, no contractual.",69.45,
10,boja,"Resolución de 24 de febrero de 2025, de la Dirección Gerencia del Servicio Andaluz de Salud, por la que se acuerda publicar la propuesta de estructura de costes y fórmula de revisión de las tarifas para la explotación de los aparcamientos que formarán parte del contrato mixto de contratación de las obras del Nuevo Hospital de Málaga y concesión de obras de los aparcamientos.",CONT_CON,True,CONT_CON,tipo_obras,Estructura de costes de contrato mixto obras y concesion de obras,True,resolución,"[""CONT_CON""]","[""tipo_obras""]",0.98,"El texto menciona ""concesión de obras"" en el objeto del contrato mixto, lo que activa la categoría CONT_CON y subcategoría tipo_obras. La frase clave es ""concesión de obras de los aparcamientos"".",65.753,
11,boe,"Anuncio de licitación de: Jefatura de Asuntos Económicos del Mando de Personal. Objeto: Concesión de servicio de campamentos estivales de ocio, tiempo libre y deportes en el CDSCM ""La Dehesa"" de Madrid. Expediente: 2024/ETSAE0905/00004280E.",CONT_CON,True,"CONT_LIC, CONT_CON",tipo_servicios,Licitacion de concesion de servicio campamentos,True,anuncio,"[""CONT_LIC"", ""CONT_CON""]","[""tipo_servicios""]",0.98,"El texto es un ""anuncio de licitación"" (señal lexica clave) cuyo objeto es explícitamente una ""Concesión de servicio"", lo que indica la naturaleza híbrida del acto (fase de licitación y tipo contractual de concesión). La prestación descrita son ""campamentos estivales... y deportes"", clasificándose como servicios.",68.387,
12,boe,"Anuncio de licitación de: Subsecretaría de Política Territorial y Memoria Democrática. Objeto: Concesión de servicios para la instalación, explotación y mantenimiento de máquinas vending en el Ministerio de Política Territorial y Memoria Democrática . Expediente: 03/2025.",CONT_CON,True,"CONT_LIC, CONT_CON",tipo_servicios,Licitacion de concesion de servicios vending,True,anuncio,"[""CONT_LIC"", ""CONT_CON""]","[""tipo_servicios""]",0.98,"El texto indica claramente un ""Anuncio de licitación"" (señal CONT_LIC) cuyo objeto es una ""Concesión de servicios"" (señal CONT_CON). El servicio a prestar es la instalación, explotación y mantenimiento de máquinas vending, lo que se clasifica como ""tipo_servicios"".",63.028,
13,boe,Anuncio de formalización de contratos de: Dirección General de Protección Civil y Emergencias. Objeto: Concesión del servicio de cafetería y comedor en la Escuela Nacional de Protección Civil con fomento de la contratación social laboral responsable. Expediente: 24A030.,CONT_CON,True,"CONT_FOR, CONT_CON",tipo_servicios,Formalizacion de concesion de servicio cafeteria,True,anuncio,"[""CONT_FOR"", ""CONT_CON""]","[""tipo_servicios""]",0.95,"La descripción contiene explícitamente ""Anuncio de formalización de contratos"" y el objeto es una ""Concesión del servicio"", lo que activa las categorías N2 CONT_FOR (formalización) y CONT_CON (concesión). El objeto específico es un ""servicio de cafetería y comedor"", clasificando la prestación como tipo_servicios.",64.381,
14,boe,Anuncio de licitación de: Intendente de San Fernando. Objeto: Contrato de concesión de servicio de las escuelas de baile para el CDSCA Oficiales. Expediente: 2025/AR43U/00000265E.,CONT_CON,True,"CONT_LIC, CONT_CON",tipo_servicios,Licitacion de contrato de concesion escuelas de baile,True,anuncio,"[""CONT_LIC"", ""CONT_CON""]","[""tipo_servicios""]",0.95,"El texto es un ""Anuncio de licitación"" (señal CONT_LIC) cuyo objeto es explícitamente un ""Contrato de concesión de servicio de las escuelas de baile"" (señales para CONT_CON y subcategoría tipo_servicios). La combinación indica que es la publicación inicial convocando una licitación por adjudicación a través de una fórmula de concesión.",65.505,
15,bocm,"Adjudicación contrato
– Anuncio de 6 de febrero de 2025, de adjudicación del contrato titulado “Acuerdo marco para el suministro de material hardware/software informático de puesto cliente” (Expediente 6012400340)",CONT_ADJ,True,CONT_ADJ,tipo_suministros,Adjudicacion AM suministro hardware,True,anuncio,"[""CONT_ADJ""]","[""tipo_suministros""]",0.98,"El texto contiene explícitamente la frase ""Anuncio de... adjudicación del contrato"", lo que confirma el tipo de acto como CONT_ADJ y act_type como anuncio. El objeto especificado es ""suministro de material hardware/software informático"", lo cual se clasifica inequívocamente como tipo_suministros.",62.682,
16,bocm,"Convocatoria contrato
– Resolución de 4 de marzo de 2025, de la Secretaría General Técnica de la Consejería de Economía, Hacienda y Empleo, por la que se dispone la publicación en los boletines oficiales y en el “perfil del contratante” en Internet, de la licitación para la adjudicación del contrato titulado Programa de formación online en competencias digitales dirigidas al sector turístico en el marco del Componente 19 “Plan Nacional de competencias digitales (digital skills)”, con cargo al Plan de Recuperación, Transformación y Resiliencia del Gobierno de España, financiado por la Unión Europea NextGeneration EU",CONT_ADJ,True,CONT_LIC,tipo_servicios,Publicacion de licitacion para adjudicar: fase licitacion. Formacion online,True,resolución,"[""CONT_LIC""]","[""tipo_servicios""]",0.95,"El texto contiene explícitamente ""Convocatoria contrato"" y ""publicación... de la licitación para la adjudicación del contrato"", lo que activa la categoría CONT_LIC. El objeto del contrato es ""Programa de formación online en competencias digitales"", una prestación educativa que se clasifica como tipo_servicios.",64.532,
17,bocm,"Convocatoria contrato
– Resolución de 8 de enero de 2025, de la Secretaría General Técnica de la Consejería de Cultura, Turismo y Deporte, por la que se dispone la publicación de la licitación en los boletines oficiales y en el “perfil del contratante”, en Internet, de la adjudicación del contrato titulado “Gestión integral de los Teatros del Canal de Madrid, incluido el Centro Coreográfico Canal, y del Teatro Auditorio de San Lorenzo de El Escorial”",CONT_ADJ,True,CONT_LIC,tipo_servicios,Publicacion de licitacion: fase licitacion. Gestion teatros,True,convocatoria,"[""CONT_LIC""]","[""tipo_servicios""]",0.95,"La descripción contiene ""Convocatoria contrato"" y ""publicación de la licitación"", lo que identifica claramente un proceso de licitación (CONT_LIC). El objeto es ""Gestión integral..."", lo cual implica prestación de servicios (tipo_servicios).",61.232,
18,boja,"Resolución de 24 de marzo de 2025, del Rector de la Universidad de Granada, por la que se añade una plaza a las convocadas por Resolución de 19 de marzo de 2025, del Rector de la Universidad de Granada, por la que se convoca concurso público para la adjudicación de contratos de Profesorado Permanente Laboral.",CONT_ADJ,False,,,Adjudicacion de contratos de profesorado: RRHH universitario,False,resolución,[],[],0.98,"El texto describe la ""adjudicación de contratos de Profesorado Permanente Laboral"" (concurso público para plazas), que corresponde a provisión de personal y no a contratación de obras, servicios o suministros bajo el régimen LCSP. Por tanto, is_relevant es False según las reglas críticas sobre adjudicaciones de puestos de trabajo.",62.255,
19,bocm,"Convocatoria contrato
– Resolución de 12 de febrero de 2025, de la Secretaría General Técnica de la Consejería de Economía, Hacienda y Empleo, por la que se dispone la publicación en los boletines oficiales y en el “perfil del contratante” en Internet de la licitación para la adjudicación del contrato titulado prevención y control de legionelosis en dependencias adscritas a la Consejería de Economía, Hacienda y Empleo de la Comunidad de Madrid",CONT_ADJ,True,CONT_LIC,tipo_servicios,Licitacion para adjudicacion contrato legionelosis,True,información_pública,"[""CONT_LIC""]","[""tipo_servicios""]",0.95,"El texto describe una ""Convocatoria contrato"" y menciona explícitamente ""licitación para la adjudicación del contrato titulado prevención y control de legionelosis"". La frase ""prevención y control de legionelosis"" indica que el objeto es un servicio, por lo tanto, se asigna la subcategoría tipo_servicios.",66.459,
20,boja,"Resolución de 7 de marzo de 2025, del Rector de la Universidad de Granada, por la que se convoca Concurso Público para la adjudicación de contratos de Profesores Ayudantes Doctores para el curso 2024/2025 en el campus de Granada.",CONT_ADJ,False,,,Concurso publico contratos Profesores Ayudantes Doctores: RRHH,False,resolución,[],[],0.98,"La publicación se refiere a un ""Concurso Público para la adjudicación de contratos de Profesores Ayudantes Doctores"", lo cual implica provisión y contratación de personal docente, cayendo en la exclusión por ser una plaza o puesto de trabajo (RRHH), no un acto contractual de la LCSP.",58.604,
21,bocm,"Adjudicación contrato
– Anuncio de 26 de diciembre de 2024, de adjudicación del contrato titulado “Suministro de bandajes para el mantenimiento de ruedas elásticas de los vehículos de material móvil de Metro de Madrid” (Expediente 6012400321)",CONT_ADJ,True,CONT_ADJ,tipo_suministros,Adjudicacion contrato suministro bandajes,True,anuncio,"[""CONT_ADJ""]","[""tipo_suministros""]",0.98,"El texto menciona explícitamente ""adjudicación del contrato"", lo que justifica la categoría CONT_ADJ. El objeto descrito es el ""Suministro de bandajes..."", lo que identifica claramente el tipo de prestación como suministros (tipo_suministros).",59.835,
22,boja,"Resolución de 8 de enero de 2025, de la Empresa Pública para la Gestión del Turismo y del Deporte de Andalucía, S.A., por la que se publica la adjudicación de contratos de publicidad institucional, correspondientes al tercer cuatrimestre del año 2024.",CONT_ADJ,True,CONT_ADJ,tipo_servicios,Adjudicacion contratos publicidad institucional,True,resolución,"[""CONT_ADJ""]","[""tipo_servicios""]",0.95,"El texto menciona explícitamente ""se publica la adjudicación de contratos"", lo que clasifica el acto como CONT_ADJ (adjudicación). El objeto del contrato es ""contratos de publicidad institucional"", lo cual es claramente un servicio, por lo tanto se asigna la subcategoría tipo_servicios. La confianza es alta debido a la claridad de los términos ""adjudicación"" y el objeto específico.",66.92,
23,boja,"Resolución de 16 de enero de 2025, de la Secretaría General Técnica, por la que se hace pública la adjudicación de contratos relativos a publicidad institucional y la concesión de ayudas, subvenciones y convenios en materia de actividad publicitaria, correspondiente al tercer cuatrimestre del año 2024.",CONT_ADJ,True,CONT_ADJ,tipo_servicios,Adjudicacion contratos publicidad. Menciona tambien ayudas y convenios,False,resolución,[],[],0.95,"La descripción menciona ""concesión de ayudas, subvenciones y convenios"", que según las reglas críticas corresponden a subvenciones o convenios sin acto contractual relevante para contratación pública (LCSP), por lo tanto is_relevant=False.",55.471,
24,boja,"Anuncio de 24 de enero de 2025, de la Comunidad de Regantes Llanos de Dalías, de adjudicación del contrato de obras del proyecto que se cita. (PP. 168/2025).",CONT_ADJ,True,CONT_ADJ,tipo_obras,Adjudicacion contrato de obras por comunidad de regantes,True,anuncio,"[""CONT_ADJ""]","[""tipo_obras""]",0.95,"El texto indica ""anuncio de... adjudicación del contrato de obras"", lo cual corresponde claramente a la categoría CONT_ADJ. La mención específica de ""contrato de obras"" permite inferir la subcategoría tipo_obras con alta confianza.",58.496,
25,boja,"Resolución de 24 de enero de 2025, de la Secretaría General Técnica, por la que se hace pública la adjudicación de contratos relativos a publicidad institucional y la concesión de ayudas, subvenciones y convenios en materia de actividad publicitaria, correspondiente al 3.er cuatrimestre del año 2024.",CONT_ADJ,True,CONT_ADJ,tipo_servicios,Adjudicacion contratos publicidad institucional,True,resolución,"[""CONT_ADJ""]",[],0.85,"La publicación se refiere a una ""Resolución"" que hace pública la ""adjudicación de contratos"". El texto cita explícitamente ""adjudicación de contratos relativos a publicidad institucional"", lo cual confirma la categoría CONT_ADJ. Aunque menciona concesiones de ayudas y subvenciones, estas no califican como contratación pública relevante bajo las reglas definidas (las subvenciones son is_relevant=False).",65.494,
26,bocm,"Adjudicación contrato
– Anuncio de 19 de febrero de 2025, de adjudicación del contrato titulado “Servicio de revisión y reparación de balonas de suspensión secundaria de las series 6000, 8000 y 3000”. (Expediente 6012400218)",CONT_ADJ,True,CONT_ADJ,tipo_servicios,Adjudicacion contrato servicio reparacion,True,anuncio,"[""CONT_ADJ""]","[""tipo_servicios""]",0.95,"El texto menciona ""Anuncio de... adjudicación del contrato"" y el objeto es ""Servicio de revisión y reparación"", lo que indica claramente una fase de adjudicación (CONT_ADJ) referida a un servicio de mantenimiento/reparación (tipo_servicios). La confianza es alta por la claridad léxica.",63.244,
27,bocm,"Adjudicación contrato
– Anuncio de 21 de marzo de 2025, de adjudicación del contrato titulado “Acuerdo marco para el suministro de repuestos de comunicaciones para el mantenimiento de las instalaciones y del material móvil de Metro de Madrid”. (Expediente 6012400378)",CONT_ADJ,True,CONT_ADJ,tipo_suministros,Adjudicacion AM suministro repuestos,True,anuncio,"[""CONT_ADJ""]","[""tipo_suministros""]",0.95,"El texto indica explícitamente ""Adjudicación contrato"" y cita el título ""Acuerdo marco para el suministro de repuestos"", lo que confirma que se trata de una adjudicación (CONT_ADJ) y del suministro de bienes (tipo_suministros). El fragmento clave es: ""Anuncio... de adjudicación del contrato titulado '...suministro de repuestos...'"".",64.998,
28,bocm,"Adjudicación contrato
– Anuncio de 13 de febrero de 2025, de adjudicación del contrato titulado “Servicio de mantenimiento del sistema de atención telefónica avanzada del Centro de Operaciones de Mantenimiento y Monitorización de Instalaciones y Telecomunicaciones (COMMIT)”. (Expediente 6012400400)",CONT_ADJ,True,CONT_ADJ,tipo_servicios,Adjudicacion contrato mantenimiento,True,anuncio,"[""CONT_ADJ""]","[""tipo_servicios""]",0.98,"El texto dice explícitamente ""Adjudicación contrato"" y especifica el título como ""Servicio de mantenimiento..."", lo que confirma la adjudicación (CONT_ADJ) de un contrato de servicios (tipo_servicios). El fragmento clave es ""Anuncio de 13 de febrero de 2025, de adjudicación del contrato titulado..."".",63.631,
29,bocm,"Adjudicación contrato
– Anuncio de 28 de enero de 2025, de adjudicación del contrato titulado “Acuerdo marco para servicios de asistencia a la redacción de proyectos de ingeniería civil y arquitectura y/o elaboración de informes técnicos asociados a las actividades del servicio de infraestructuras y estaciones de Metro de Madrid” (expediente 6012400310)",CONT_ADJ,True,CONT_ADJ,tipo_servicios,Adjudicacion AM servicios redaccion proyectos,True,anuncio,"[""CONT_ADJ""]","[""tipo_servicios""]",0.98,"El texto dice explícitamente ""Anuncio de... adjudicación del contrato"", lo que encaja con la categoría CONT_ADJ. El objeto es la asistencia a la redacción de proyectos y elaboración de informes técnicos, lo que define el tipo de prestación como servicios (tipo_servicios).",62.58,
30,bon,Encomienda de gestión para recuperar la infraestructura-trazado de la Vía Verde del Bidasoa en el tramo Doneztebe / Santesteban-Elizondo y disponer de dicho espacio como vial público,CONT_ENC,True,CONT_ENC,tipo_obras,Encomienda de gestion recuperacion via verde,True,otros,"[""CONT_ENC""]",[],0.95,"El texto menciona explícitamente ""Encomienda de gestión"", que corresponde a la categoría N2 CONT_ENC. No se puede inferir la subcategoría N3 ya que el objeto del contrato (la Vía Verde) es un espacio público/infraestructura y no especifica una prestación concreta de tipo obras, servicios o suministros en este fragmento.",121.561,
31,dogv,ANUNCIO de la encomienda de gestión del Ajuntament de Teulada de autoliquidaciones en Suma Gestión Tributaria. Diputación de Alicante.,CONT_ENC,True,CONT_ENC,tipo_servicios,Encomienda de gestion tributaria a Suma,True,anuncio,"[""CONT_ENC""]",[],0.95,"El texto menciona explícitamente ""encomienda de gestión"" y ""encargo a medio propio"", lo que corresponde a la categoría CONT_ENC. No se especifica el tipo de prestación en el objeto, por lo que subcategories queda vacía.",56.263,
32,dogv,"RESOLUCIÓN de 21 de febrero de 2025, de la Dirección General de Relaciones con Les Corts, por la que se publica el convenio de encomienda de gestión por el que la Agencia Valenciana de Seguridad y Respuesta a las Emergencias encarga al Ayuntamiento de Sagunto la actividad de instrucción policial en los cursos de acceso a las distintas escalas y categorías de policía local organizados por el Instituto Valenciano de Seguridad Pública y Emergencias (IVASPE).",CONT_ENC,True,CONT_ENC,tipo_servicios,Convenio encomienda instruccion policial,True,resolución,"[""CONT_ENC""]",[],0.95,"El texto es una resolución que publica un ""convenio de encomienda de gestión"", lo cual coincide directamente con la categoría CONT_ENC (encargo a medio propio / encomienda). El objeto específico es instrucción policial, pero como no se especifica si implica obras, servicios o suministros de forma clara para categorizarlo en N3, dejamos subcategories vacía.",65.935,
33,bopa,"Resolución de 13 de marzo de 2025, de la Consejería de Presidencia, Reto Demográfico, Igualdad y Turismo, por la que se ordena la publicación del Convenio de colaboración entre la Administración del Principado de Asturias, a través de la Consejería de Derechos Sociales y Bienestar, y el Ayuntamiento de Llanera por el que se establece el marco de cooperación para el desarrollo de las prestaciones sociales del Sistema Público de Servicios Sociales y la encomienda de gestión de la prestación del servicio de ayuda a domicilio y teleasistencia a personas en situación de dependencia del Sistema para la Autonomía y Atención a la Dependencia durante los ejercicios 2024 a 2027. [Cód. 2025-02293]",CONT_ENC,True,CONT_ENC,tipo_servicios,Convenio con encomienda de gestion ayuda a domicilio,False,resolución,[],[],0.95,"El texto describe un ""Convenio de colaboración"" y una ""encomienda de gestión"", pero la publicación es una resolución que ordena su publicación. La categoría N2 CONT_ENC (encargo a medio propio) no se aplica porque el acto principal es un convenio de cooperación interadministrativa, no un encargo formal bajo LCSP para adquisición de servicios en sentido de contratación pública tradicional.",135.71,
34,bopa,"Resolución de 13 de marzo de 2025, de la Consejería de Presidencia, Reto Demográfico, Igualdad y Turismo, por la que se ordena la publicación del Convenio de colaboración entre la Administración del Principado de Asturias, a través de la Consejería de Derechos Sociales y Bienestar, y el Ayuntamiento de Tineo por el que se establece el marco de cooperación para el desarrollo de las prestaciones sociales del Sistema Público de Servicios Sociales y la encomienda de gestión de la prestación del servicio de ayuda a domicilio y teleasistencia a personas en situación de dependencia del Sistema para la Autonomía y Atención a la Dependencia durante los ejercicios 2024 a 2027. [Cód. 2025-02320]",CONT_ENC,True,CONT_ENC,tipo_servicios,Convenio con encomienda de gestion ayuda a domicilio,False,resolución,[],[],0.95,"La publicación es una resolución que ordena la publicación de un ""Convenio de colaboración"", lo cual encaja con la regla de convenios interadministrativos sin acto contractual. Además, menciona explícitamente la ""encomienda de gestión"" pero al ser parte de un convenio de colaboración y no el objeto principal de una adjudicación contractual propia del dominio LCSP (se trata de cooperación administrativa), se clasifica como no relevante para contratación pública según la regla 2 del prompt sobre convenios. La frase clave que descarta es ""Convenio de colaboración"" y ""ordenar la publicación del Convenio"".",64.521,
35,boe,"Resolución de 9 de enero de 2025, de la Secretaría General Técnica, por la que se publica el Convenio de encomienda de gestión entre la Dirección General de la Guardia Civil y la Comunidad de Castilla y León, para la vigilancia y protección de los edificios e instalaciones del complejo donde se ubica la sede de la Presidencia de la Junta de Castilla y León.",CONT_ENC,True,CONT_ENC,tipo_servicios,Encomienda de gestion vigilancia edificios,True,resolución,"[""CONT_ENC""]","[""tipo_servicios""]",0.95,"El texto menciona ""Convenio de encomienda de gestión"" entre entidades públicas para la ""vigilancia y protección"", lo que confirma una encomienda de gestión (CONT_ENC) y un objeto de tipo servicios. El fragmento clave es: ""Convenio de encomienda de gestión... para la vigilancia y protección"".",50.719,
36,dogv,"RESOLUCIÓN de 16 de enero de 2025, de la Dirección General de Relaciones con Les Corts, por la que se publica el convenio de encomienda de gestión por el que la Agencia Valenciana de Seguridad y Respuesta a las Emergencias encarga al Ayuntamiento de Elche la actividad de instrucción policial en los cursos de acceso a las distintas escalas y categorías de policía local organizados por el Instituto Valenciano de Seguridad Pública y Emergencias (IVASPE).",CONT_ENC,True,CONT_ENC,tipo_servicios,Convenio encomienda instruccion policial,True,resolución,"[""CONT_ENC""]",[],0.98,"La publicación describe un ""convenio de encomienda de gestión"" donde la Agencia Valenciana encarga una actividad al Ayuntamiento, lo que corresponde a la categoría CONT_ENC. No se especifica el tipo de prestación (obra, servicio o suministro) en la descripción proporcionada.",49.764,
37,bon,Encomienda de gestión para recuperar la infraestructura-trazado de la Vía Verde del Bidasoa en el tramo Doneztebe / Santesteban-Elizondo y disponer de dicho espacio como vial público,CONT_ENC,True,CONT_ENC,tipo_obras,Encomienda de gestion via verde. Duplicado del id 30,True,otros,"[""CONT_ENC""]",[],0.95,"El texto menciona explícitamente ""Encomienda de gestión"", lo que activa la categoría CONT_ENC. El objeto se refiere a recuperar una infraestructura y disponer el espacio como vial, pero sin verbo de ejecución directa (""suministro"", ""construcción""), por lo que no se puede inferir una subcategoría N3 con claridad, dejando la lista vacía.",59.299,
38,bopa,"Resolución de 13 de marzo de 2025, de la Consejería de Presidencia, Reto Demográfico, Igualdad y Turismo, por la que se ordena la publicación del Convenio de colaboración entre la Administración del Principado de Asturias, a través de la Consejería de Derechos Sociales y Bienestar y el Ayuntamiento de San Tirso de Abres por el que se establece el marco de cooperación para el desarrollo de las prestaciones sociales del Sistema Público de Servicios Sociales y la encomienda de gestión de la prestación del servicio de ayuda a domicilio y teleasistencia a personas en situación de dependencia del Sistema para la Autonomía y Atención a la Dependencia durante los ejercicios 2024 a 2027. [Cód. 2025-02238]",CONT_ENC,True,CONT_ENC,tipo_servicios,Convenio con encomienda de gestion ayuda a domicilio,False,resolución,[],[],0.95,"El texto es una ""Resolución"" por la que se ordena la publicación de un ""Convenio de colaboración"", lo cual según las reglas críticas (punto 2) no cuenta como contratación pública. Además, aunque menciona ""encomienda de gestión"", el contexto indica que es parte del convenio de colaboración entre administraciones y establece un marco de cooperación, sin tratar la formalización o asignación de un contrato público específico al margen de ese acuerdo general.",66.761,
39,bopv,"RESOLUCIÓN 22/2025, de 25 de febrero, del Director de la Secretaría del Gobierno y de Relaciones con el Parlamento, por la que se dispone la publicación del acuerdo por el que se autoriza la suscripción de la prórroga, para el año 2025, del Acuerdo de encomienda de gestión suscrito con el Instituto de Alfabetización y Reeuskaldunización de Adultos, HABE, para la enseñanza del euskera a alumnos presos en centros penitenciarios de la Comunidad Autónoma del País Vasco.

				
2025/01015",CONT_ENC,True,CONT_ENC,tipo_servicios,Prorroga de encomienda de gestion: hereda CONT_ENC. Euskera presos,True,resolución,"[""CONT_ENC""]",[],0.95,"Es una ""RESOLUCIÓN"" sobre la publicación de un acuerdo por el que se autoriza la suscripción de una prórroga de un Acuerdo de encomienda de gestión (señales: ""prórroga... del Acuerdo de encomienda de gestión""). Por regla, la prórroga hereda la etiqueta de acto original (CONT_ENC). El objeto es servicios educativos, pero como no se nombra explícitamente en el texto para inferir N3, lista vacía.",68.632,
40,bopa,"Resolución de 13 de marzo de 2025, de la Consejería de Presidencia, Reto Demográfico, Igualdad y Turismo, por la que se ordena la publicación del Convenio de colaboración entre la Administración del Principado de Asturias, a través de la Consejería de Derechos Sociales y Bienestar, y el Ayuntamiento de Degaña por el que se establece el marco de cooperación para el desarrollo de las prestaciones sociales del Sistema Público de Servicios Sociales y la encomienda de gestión de la prestación del servicio de ayuda a domicilio y teleasistencia a personas en situación de dependencia del Sistema para la Autonomía y Atención a la Dependencia durante los ejercicios 2024 a 2027. [Cód. 2025-02287]",CONT_ENC,True,CONT_ENC,tipo_servicios,Convenio con encomienda de gestion ayuda a domicilio,False,resolución,[],[],0.98,"El texto se refiere a un ""Convenio de colaboración"" y una ""encomienda de gestión"", pero el contexto describe una cooperación interadministrativa (Consejería vs Ayuntamiento) para desarrollar prestaciones sociales, lo cual corresponde a un convenio administrativo o colaboración institucional más que a un acto de contratación pública bajo la LCSP. La ""encomienda de gestión"" mencionada se refiere a la gestión del servicio entre administraciones, no a un encargo contractual típico bajo la LCSP al tratarse de cooperación interadministrativa sin ánimo de lucro comercial ni adjudicación en sentido estricto de contratación pública regulada.",75.749,
41,boe,"Resolución de 5 de febrero de 2025, de la Secretaría General Técnica, por la que se publica el Convenio por el que se formaliza la encomienda de gestión al Ayuntamiento de Villanueva del Arzobispo, para la ejecución de obras de reforma y rehabilitación de la casa-cuartel de la Guardia Civil de titularidad estatal radicada en el municipio en el marco del Programa de Fomento de Empleo Agrario.",CONT_ENC,True,CONT_ENC,tipo_obras,Encomienda de gestion ejecucion obras casa-cuartel,True,resolución,"[""CONT_FOR"", ""CONT_ENC""]","[""tipo_obras""]",0.95,"Es una resolución que formaliza la ejecución de obras de reforma y rehabilitación (señales: ""formaliza la encomienda de gestión"", ""ejecución de obras de reforma""). Aunque es un convenio, actúa como acto administrativo de formalización. La subcategoría ""tipo_obras"" es explícita en el texto (""reforma y rehabilitación"").",62.457,
42,bopa,"Resolución de 13 de marzo de 2025, de la Consejería de Presidencia, Reto Demográfico, Igualdad y Turismo, por la que se ordena la publicación del Convenio de colaboración entre la Administración del Principado de Asturias, a través de la Consejería de Derechos Sociales y Bienestar, y el Ayuntamiento de Castrillón por el que se establece el marco de cooperación para el desarrollo de las prestaciones sociales del Sistema Público de Servicios Sociales y la encomienda de gestión de la prestación del servicio de ayuda a domicilio y teleasistencia a personas en situación de dependencia del Sistema para la Autonomía y Atención a la Dependencia durante los ejercicios 2024 a 2027. [Cód. 2025-02207]",CONT_ENC,True,CONT_ENC,tipo_servicios,Convenio con encomienda de gestion ayuda a domicilio,False,resolución,[],[],0.98,"El texto describe una ""Resolución"" que ordena la publicación de un ""Convenio de colaboración"". Según las reglas, los convenios interadministrativos sin acto contractual son actos que no se clasifican en contratación pública (is_relevant=False). Además, aunque menciona ""encomienda de gestión"", este es el objeto del convenio y no un encargo a medio propio independiente de una administración a otra con fines operativos; la clasificación principal cae en convenios interadministrativos. No hay señales de licitación, formalización o adjudicación de un contrato público susceptible de LCSP.",72.734,
43,boca,"Servicio Canario de Empleo.- Resolución de 31 de diciembre de 2024, de la Presidenta, de encomienda de gestión a la sociedad mercantil pública Instituto Tecnológico de Canarias, S.A. (ITC) para apoyo a la gestión del Centro de Orientación, Emprendimiento, Acompañamiento e Innovación para el Empleo del Servicio Canario de Empleo, año 2025.",CONT_ENC,True,CONT_ENC,tipo_servicios,Encomienda de gestion a medio propio ITC,True,resolución,"[""CONT_ENC""]",[],0.98,"El texto menciona explícitamente ""encomienda de gestión"", que es una modalidad de encargo a medio propio según la taxonomía. El objeto del acto es un apoyo a la gestión de un centro, no una obra ni suministro claro para inferir subcategoría N3.",56.09,
44,bopa,"Resolución de 13 de marzo de 2025, de la Consejería de Presidencia, Reto Demográfico, Igualdad y Turismo, por la que se ordena la publicación del Convenio de colaboración entre la Administración del Principado de Asturias, a través de la Consejería de Derechos Sociales y Bienestar y el Ayuntamiento de Proaza por el que se establece el marco de cooperación para el desarrollo de las prestaciones sociales del Sistema Público de Servicios Sociales y la encomienda de gestión de la prestación del servicio de ayuda a domicilio y teleasistencia a personas en situación de dependencia del Sistema para la Autonomía y Atención a la Dependencia durante los ejercicios 2024 a 2027. [Cód. 2025-02305]",CONT_ENC,True,CONT_ENC,tipo_servicios,Convenio con encomienda de gestion ayuda a domicilio,False,,,,,,64.597,ClosedResourceError
45,docm,"Resolución de 06/02/2025, de la Dirección General de Recursos Humanos y Transformación, por la que se nombra personal estatutario fijo y se adjudican plazas a las personas aprobadas en el proceso selectivo para el ingreso, por el sistema general de acceso libre, en la categoría de Facultativo/a Especialista de Área de Cirugía Ortopédica y Traumatología, de las instituciones sanitarias del Servicio de Salud de Castilla-La Mancha, convocado por Resolución de 09/03/2021.",NEG_ADJ_RRHH,False,,,Adjudicacion de plazas personal estatutario: RRHH,False,resolución,[],[],1.0,"La publicación describe una resolución de ""nombramiento"" y ""adjudicación de plazas a las personas aprobadas en el proceso selectivo"", que se refiere a la provisión de personal sanitario (RRHH). Según las reglas, esto no es un acto contractual de contratación pública LCSP.",134.334,
46,boib,"Resolución de la Presidencia del IMAS por la que aprueba la lista definitiva de las personas aspirantes que han superado el proceso selectivo de estabilización por el sistema de concurso-oposición para el ingreso como personal funcionario de la escala de Administración especial , subescala técnica, clase técnico-a medio, especialidad Terapia Ocupacional, del subgrupo A2, se nombra personal funcionario de carrera y se adjudican los puestos de trabajo",NEG_ADJ_RRHH,False,,,Adjudicacion de puestos proceso estabilizacion: RRHH,False,resolución,[],[],1.0,"El texto se refiere a la adjudicación de ""puestos de trabajo"" y al nombramiento de personal funcionario tras un proceso selectivo, lo cual corresponde a recursos humanos, no a contratación pública según las reglas críticas definidas. Fragmento: ""se adjudican los puestos de trabajo"".",59.263,
47,boc,"Resolución de 16 de diciembre de 2024, por la que se adjudica el puesto de trabajo número 8538, Subdirector General del Área de Recaudación de la Agencia Cántabra de Administración Tributaria, Consejería de Economía, Hacienda, Financiación Autonómica y Fondos Europeos, convocado mediante Resolución del Presidente de la Agencia Cántabra de Administración Tributaria, de 6 de noviembre de 2024.",NEG_ADJ_RRHH,False,,,Adjudicacion de puesto de trabajo: RRHH,False,resolución,[],[],0.98,"La descripción menciona la adjudicación de un ""puesto de trabajo"" (Subdirector General), lo cual corresponde a una provisión de personal y no a una contratación pública según LCSP, por tanto is_relevant=False.",51.471,
48,boe,"Resolución de 11 de febrero de 2025, de la Dirección General de Seguridad Jurídica y Fe Pública, en el recurso interpuesto contra la calificación realizada por la registradora de la propiedad de Getafe número 2 en el seno de un procedimiento administrativo de ejecución seguido por la Agencia Estatal de Administración Tributaria en el que, tras inscribir la adjudicación del dominio de una finca adquirido en la correspondiente subasta, suspende la cancelación de la anotación de embargo que en su día se practicó en dicho expediente, así como la cancelación de las cargas posteriores, ordenadas en mandamiento expedido por la Agencia Estatal de Administración Tributaria.",NEG_ADJ_RRHH,False,,,Recurso registral sobre adjudicacion de finca en subasta: no contractual,False,resolución,[],[],1.0,"El texto describe una ""adjudicación del dominio"" en el contexto de una subasta judicial por la AEAT y el mantenimiento de cargas registrales, lo que corresponde a un proceso registral/patrimonial o tributario y no a un contrato de contratación pública según la LCSP.",98.739,
49,bocyl,"RESOLUCIÓN de 15 de enero de 2025, de la Viceconsejería de Administraciones Públicas y Atención al Ciudadano, por la que se adjudican destinos a los aspirantes que han superado el proceso selectivo convocado por Resolución de 23 de noviembre de 2022, para ingreso, por el sistema de acceso libre, en la competencia funcional de Oficial de Primera Conductor, en régimen de contratación laboral de carácter fijo discontinuo, que presta sus servicios en el operativo para la prevención y extinción de incendios forestales dependiente de la Consejería de Medio Ambiente, Vivienda y Ordenación del Territorio.",NEG_ADJ_RRHH,False,,,Adjudicacion de destinos proceso selectivo: RRHH,False,resolución,[],[],0.99,"La publicación es una ""Resolución... por la que se adjudican destinos a los aspirantes"", lo que corresponde a provisión de personal y no a contratación pública. El texto menciona explícitamente ""adjudicaren destinos"" y ""contratación laboral de carácter fijo discontinuo"", descartando su relevancia en el ámbito de licitaciones o contratos administrativos según las reglas críticas.",57.534,
50,boja,"Resolución de 26 de febrero de 2025, de la Viceconsejería, por la que se adjudica puesto de trabajo de libre designación convocado por resolución que se cita.",NEG_ADJ_RRHH,False,,,Adjudicacion puesto libre designacion: RRHH,False,resolución,[],[],0.98,"El texto menciona ""se adjudica puesto de trabajo"", lo cual corresponde a la provisión de personal (RRHH), no a una contratación pública de obras, servicios o suministros según las reglas críticas establecidas.",45.575,
51,boc,"Resolución de 2 de enero de 2025, por la que se adjudican los puestos de trabajo de la categoría profesional Operario de Carreteras a los aspirantes que han superado el proceso selectivo convocado por Orden PRE/151/2022, de 28 de noviembre.",NEG_ADJ_RRHH,False,,,Adjudicacion puestos proceso selectivo: RRHH,False,resolución,[],[],1.0,"La publicación es una resolución de ""adjudicación de puestos de trabajo"", lo cual corresponde a RRHH y no a contratación pública según las reglas críticas (regla 3). No se detectan categorías N2 aplicables.",47.315,
52,docm,"Resolución de 24/01/2025, de la Dirección General de Recursos Humanos y Transformación, por la que se nombra personal estatutario fijo y se adjudican plazas a las personas aprobadas en el proceso selectivo convocado para el ingreso, por el sistema general de acceso libre, en la categoría de Ingeniero/a Técnico/a, de las instituciones sanitarias del Servicio de Salud de Castilla-La Mancha, convocado por Resolución de 23/08/2021.",NEG_ADJ_RRHH,False,,,Adjudicacion plazas personal estatutario: RRHH,False,resolución,[],[],1.0,"El texto se refiere a la adjudicación de plazas a personal estatutario y nombramiento, lo cual corresponde a RRHH y no a contratación pública (LCSP). La frase clave es ""se nombra personal estatutario fijo y se adjudican plazas"".",49.525,
53,bopa,"Resolución de 14 de marzo de 2025, del Secretario General de la Universidad de Oviedo, por la que se emplaza a los interesados en el recurso de alzada 25/2025 contra los Acuerdos del Tribunal respecto al 1.er y 2.º ejercicio y la anulación del Acuerdo del Tribunal en el que se propone la adjudicación de las plazas, y en el recurso de reposición 30/2025 contra la Resolución del Rector de 13 de febrero de 2025, por la que se adjudican las 40 plazas convocadas por Resolución del Rector de 5 de diciembre de 2023, de la Escala Administrativos de la Universidad de Oviedo, Grupo C, Subgrupo C1, sistema general de acceso libre (BOPA de 20 de diciembre de 2023). [Cód. 2025-02143]",NEG_ADJ_RRHH,False,,,Emplazamiento recurso sobre adjudicacion de plazas: RRHH,False,resolución,[],[],0.98,"El texto describe la adjudicación de plazas universitarias (40 plazas de Escala Administrativos), lo cual se considera provisión de personal y no un acto contractual de contratación pública bajo LCSP. Se cita explícitamente ""adjudicación de las plazas"" y ""40 plazas convocadas"", confirmando su naturaleza de recurso humano.",59.605,
54,bopa,"Resolución de 23 de enero de 2025, de la Dirección Gerencia del Servicio de Salud del Principado de Asturias, por la que se nombra personal estatutario fijo y se adjudican plazas de la categoría de Técnico Especialista en Radiodiagnóstico del Servicio de Salud del Principado de Asturias, convocado por Resolución de 15 de diciembre de 2022 (BOPA de 27 de diciembre de 2022). [Cód. 2025-00725]",NEG_ADJ_RRHH,False,,,Adjudicacion plazas personal estatutario: RRHH,False,resolución,[],[],1.0,"La publicación trata sobre el nombramiento de personal y la adjudicación de plazas de ""Técnico Especialista en Radiodiagnóstico"", lo que corresponde a RRHH y no a contratación pública (LCSP). Los términos clave son ""se nombra personal estatutario fijo"" y ""adjudican plazas"".",53.845,
55,boe,"Resolución de la Autoridad Portuaria de Baleares por la que se anuncia el concurso público para la explotación, en régimen de concesión administrativa, de un bar-cafetería y restaurante en el edificio Port Centre del puerto de Palma (CC-C-P-0011), la elección de la solución más ventajosa y el otorgamiento de la correspondiente concesión administrativa.",NEG_DOM_PUB,False,,,Concesion administrativa demanial portuaria para bar-cafeteria: dominio publico no LCSP,False,resolución,[],[],0.98,"La publicación es una concesión administrativa demanial sobre un establecimiento en un puerto, no una licitación o contrato público de servicios u obras según la LCSP. El fragmento clave ""concesión administrativa... de un bar-cafetería y restaurante"" indica una autorización demanial sobre dominio público.",101.082,
56,boe,"Anuncio de la Autoridad Portuaria de Sevilla de información pública de la solicitud presentada por Congresos y Turismo de Sevilla SA de modificación sustancial de concesión administrativa Expediente E497, consistente en la ampliación de su plazo.",NEG_DOM_PUB,False,,,Modificacion concesion administrativa portuaria: dominio publico,False,información_pública,[],[],0.98,"El texto describe una ""concesión administrativa"" de la Autoridad Portuaria, que según las reglas es demanial y no constituye contratación pública. El acto es un simple trámite de información sobre una solicitud, sin acto contractual LCSP.",103.349,
57,bopv,"ANUNCIO por el que se somete a información pública el expediente de solicitud de concesión administrativa para el aprovechamiento de 211,6 m3/año del río Urkulu en el término municipal de Oñati (Gipuzkoa), con destino a abastecimiento de población y riego.
				
2025/00167",NEG_DOM_PUB,False,,,Concesion administrativa aprovechamiento de aguas: dominio B1,False,anuncio,[],[],1.0,"El texto se refiere a una ""concesión administrativa para el aprovechamiento de aguas"", que según las reglas es una concesión demanial sobre dominio público y no un acto contractual (LCSP). El fragmento clave es: ""expediente de solicitud de concesión administrativa para el aprovechamiento de 211,6 m3/año del río Urkulu"".",51.286,
58,boe,"Anuncio de la Autoridad Portuaria de Sevilla de otorgamiento de concesión administrativa a Sociedad Ibérica de Construcciones Eléctricas, S.A. en la zona de servicio del Puerto de Sevilla con destino a almacenaje, control y distribución de materiales (E620).",NEG_DOM_PUB,False,,,Otorgamiento concesion administrativa portuaria: dominio publico,False,anuncio,[],[],0.95,"El texto describe un ""otorgamiento de concesión administrativa"" sobre la zona de servicio del Puerto de Sevilla, lo que según las reglas críticas corresponde a una concesión administrativa o demanial (aprovechamiento/ocupación de puerto), excluyendo la contratación pública (LCSP). La palabra clave es ""concesión administrativa"" en el contexto de autoridad portuaria.",56.455,
59,boja,"Resolución de 19 de marzo de 2025, de la Dirección General de Trabajo, Seguridad y Salud Laboral, por la que se garantiza el funcionamiento del servicio público que presta la empresa Servicios y Mantenimiento Mabraser XI, S.L., relativo al servicio incluido en los lotes 1, 2 y 7 de la concesión administrativa de limpieza en centros educativos dependientes de la Delegación Territorial de Desarrollo Educativo y Formación Profesional y de Universidad, Investigación e Innovación en Córdoba, en los que dicha empresa es adjudicataria, mediante el establecimiento de los servicios mínimos.",NEG_DOM_PUB,False,,,Servicios minimos por huelga en concesion de limpieza: acto laboral,False,resolución,[],[],0.95,"Aunque menciona ""concesión administrativa"" y ""adjudicataria"", el documento regula el servicio público de limpieza mediante servicios mínimos en un contexto laboral (Dirección General de Trabajo), no la gestión del contrato administrativo ni una nueva fase contractual. La resolución se centra en garantizar el funcionamiento del servicio, actuando más como medida de continuidad o norma laboral derivada que como acto de contratación pública propiamente dicho según las reglas críticas sobre RRHH y continuidad de servicios mínimos. El fragmento ""garantiza el funcionamiento del servicio público"" y la mención a ""servicios mínimos"" indica un ámbito más bien regulatorio de prestación que una formalización contractual estándar, aunque es borde; sin embargo, al ser una resolución de la Dirección General de Trabajo sobre mantenimiento en centros educativos bajo la concesión existente, no califica como acto de contratación activa (licitación, formalización, adjudicación) ni encomienda nueva.",90.214,
60,boe,"Anuncio de la Autoridad Portuaria de Tarragona por el que se somete a información pública la solicitud presentada por Bergé Marítima, S.L., para la ocupación y mejora de una nave preexistente y la construcción y posterior explotación, en régimen de concesión administrativa, de un conjunto de dos naves en la confluencia entre el Muelle de Aragón y Navarra, destinada a la manipulación portuaria y almacenaje de graneles sólidos y mercancía general, así como para la generación de energía fotovoltaica.",NEG_DOM_PUB,False,,,Concesion administrativa portuaria naves: dominio publico,False,información_pública,[],[],0.98,"La publicación se refiere a una ""ocupación y mejora de una nave... en régimen de concesión administrativa"" por la Autoridad Portuaria, que según las reglas críticas (punto 4) es un acto demanial sobre dominio público, no parte del dominio de contratación pública LCSP. El fragmento clave es ""para la ocupación y mejora de una nave preexistente... en régimen de concesión administrativa"" y ""Autoridad Portuaria"".",65.088,
61,boe,Anuncio de la Autoridad Portuaria de Sevilla de información pública de la solicitud presentada por Sevisur Logística SA de otorgamiento de concesión administrativa para ocupación de parcela en la Zona de Actividades Logísticas con destino a la construcción de dos naves logísticas para su cesión a terceros (E661).,NEG_DOM_PUB,False,,,Concesion administrativa portuaria parcela ZAL: dominio publico,False,información_pública,[],[],1.0,"El texto describe una ""concesión administrativa para ocupación de parcela"" y se refiere a la Autoridad Portuaria, lo que la califica como demanial (concesión sobre dominio público), excluyéndola de la contratación pública LCSP según las reglas críticas. Además, el acto es meramente de ""información pública"" sobre una solicitud.",58.619,
62,dog,RESOLUCIÓN de 24 de enero de 2025 por la que se autoriza la transmisión inter vivos de la concesión administrativa de la batea Isla II.,NEG_DOM_PUB,False,,,Transmision concesion administrativa de batea: dominio publico maritimo,False,resolución,[],[],0.98,"La publicación se refiere a la ""transmisión inter vivos de la concesión administrativa de la batea Isla II"". Según las reglas, la ""concesión administrativa"" sobre dominio público (en este caso, una batea) no es un acto de contratación pública (LCSP), sino una concesión demanial. Por tanto, is_relevant=False.",59.856,
63,boe,Anuncio de la Autoridad Portuaria de Castellón por la que se convoca concurso público para el otorgamiento de una concesión administrativa de ocupación de dominio público portuario.,NEG_DOM_PUB,False,,,Concurso concesion administrativa dominio publico portuario,False,anuncio,[],[],1.0,"La publicación describe una ""concesión administrativa de ocupación de dominio público portuario"", lo cual corresponde a un acto demanial sobre aguas y puertos, excluido por las reglas críticas (Regla 4). El fragmento clave es: ""concurso público para el otorgamiento de una concesión administrativa de ocupación de dominio público portuario"".",58.299,
64,dogv,"ANUNCIO del expediente de concesión demanial por razones de interés público de terrenos en el monte del Catálogo de utilidad pública V075 denominado La Redonda, sito en el término municipal de Enguera (Valencia) y perteneciente a su ayuntamiento, a fin de realizar la instalación de infraestructuras de telecomunicaciones, promovido por Telefónica de España, SAU.",NEG_DOM_PUB,False,,,Concesion demanial en monte UP para telecomunicaciones: dominio publico,False,anuncio,[],[],0.98,"El texto menciona una ""concesión demanial"" sobre ""terrenos en el monte"", lo cual se refiere a una concesión administrativa de dominio público (montes) y no a un contrato de concesión de servicios u obras bajo la LCSP, por tanto es is_relevant=False.",55.643,
65,boe,Anuncio de licitación de: Jefatura de Asuntos Económicos del Mando de Apoyo Logístico. Objeto: Resolución de obsolescencias de sistemas de defensa antiaérea del PCMASACOM. Expediente: 2024/ETSAE0906/00003960E.,CONT_LIC,True,CONT_LIC,,Licitacion resolucion obsolescencias defensa antiaerea. Objeto ambiguo servicio o suministro,True,anuncio,"[""CONT_LIC""]",[],0.95,"La descripción comienza con ""Anuncio de licitación"", lo que indica claramente la categoría CONT_LIC. El objeto se refiere a ""Resolución de obsolescencias de sistemas"", que implica un proceso técnico o de servicios, pero no se especifica suficientemente en el texto para determinar si son obras, servicios o suministros específicos, por lo que la subcategoría N3 se deja vacía según las instrucciones.",62.824,
66,boe,Anuncio de licitación de: ADIF -Consejo de Administración. Objeto: Ejecución de las obras del proyecto de construcción de la nueva estación de Sant Feliú de Llobregat y del proyecto de construcción de la integración del ferrocarril en Sant Feliú de Llobregat. Instalaciones de protección y seguridad. Expediente: 3.24/06110.0183.,CONT_LIC,True,CONT_LIC,tipo_obras,Licitacion ejecucion obras estacion ferroviaria,True,anuncio,"[""CONT_LIC"", ""CONT_CON""]","[""tipo_obras""]",0.98,"La publicación es un ""Anuncio de licitación"" que tiene como objeto la ""Ejecución de las obras"", lo que define la fase CONT_LIC y el tipo de prestación tipo_obras. Además, el procedimiento corresponde a una ""Concesión del servicio público"", por lo que se añade la categoría CONT_CON según las reglas para combinar fases y tipos.",63.853,
67,boe,"Anuncio de licitación de: Junta de Contratación del Ministerio de la Presidencia, Justicia y Relaciones con las Cortes. Objeto: Servicio de información multicanal del Ministerio de la Presidencia, Justicia y Relaciones con las Cortes. Expediente: ASE/2024/0067.",CONT_LIC,True,CONT_LIC,tipo_servicios,Licitacion servicio informacion multicanal,True,anuncio,"[""CONT_LIC""]","[""tipo_servicios""]",0.98,"El texto indica claramente ""Anuncio de licitación"" (señal CONT_LIC) y el objeto es ""Servicio de información multicanal"", lo que clasifica la prestación como tipo_servicios.",52.221,
68,boe,Anuncio de licitación de: Presidencia de la Confederación Hidrográfica del Ebro. Objeto: Mantenimiento de infraestructuras de la zona regable del Canal de Monegros y Canal del Cinca. Expediente: 011/25-S.,CONT_LIC,True,CONT_LIC,tipo_servicios,Licitacion mantenimiento infraestructuras zona regable,True,anuncio,"[""CONT_LIC""]","[""tipo_servicios""]",0.95,"Texto explícitamente identificado como ""Anuncio de licitación"". El objeto mencionado, ""Mantenimiento de infraestructuras"", en el contexto de una Confederación Hidrográfica se refiere a servicios de mantenimiento y reparación, clasifícase así como tipo_servicios.",54.208,
69,boe,Anuncio de licitación de: Mesa del Senado. Objeto: Obras de reforma de la sala Enrique Casas Vila del Senado. Expediente: 02/2025.,CONT_LIC,True,CONT_LIC,tipo_obras,Licitacion obras reforma sala Senado,True,anuncio,"[""CONT_LIC""]","[""tipo_obras""]",0.98,"El texto comienza explícitamente con ""Anuncio de licitación"", lo cual es la señal clave para CONT_LIC. Además, el objeto del contrato se describe como ""Obras de reforma"", que encaja claramente en la subcategoría tipo_obras.",55.36,
70,boe,"Anuncio de licitación de: Junta de Contratación del Ministerio de Cultura y Deporte. Objeto: Redacción del proyecto básico y de ejecución, estudio y coordinación de seguridad y salud y dirección de obra y de ejecución de las obras de consolidación y restauración de los jardines históricos y patio andaluz del Museo Sorolla de Madrid. Expediente: J240065.",CONT_LIC,True,CONT_LIC,tipo_servicios,Licitacion redaccion proyecto y direccion de obra: contrato de servicios,True,anuncio,"[""CONT_LIC""]","[""tipo_obras""]",0.95,"El texto contiene explícitamente ""Anuncio de licitación"" y el objeto es la ""dirección de obra y ejecución de las obras de consolidación y restauración"", lo que confirma una licitación de tipo obras con alta confianza.",52.372,
71,boe,"Anuncio de licitación de: ADIF -Consejo de Administración. Objeto: Mantenimiento de las instalaciones de energía de tracción: línea aérea de contacto, telemando de energía, subestaciones, centros de autotransformación y sistemas asociados de LAV sur tramos: Madrid- Sevilla, La Sagra-Toledo, Córdoba-Málaga y Antequera-Granada. Expediente: 2.24/21506.0064.",CONT_LIC,True,CONT_LIC,tipo_servicios,Licitacion mantenimiento instalaciones energia traccion,True,anuncio,"[""CONT_LIC""]","[""tipo_servicios""]",0.95,"El texto comienza con ""Anuncio de licitación"" que es la señal léxica clave para CONT_LIC. Además, el objeto descrito (""Mantenimiento de las instalaciones..."") corresponde a servicios de mantenimiento y gestión energética, encajando en la subcategoría tipo_servicios.",58.256,
72,boe,Anuncio de licitación de: Jefatura de Asuntos Económicos del Mando de Personal. Objeto: AM. Suministro de gas propano y butano varios cas de Diaper periodo 2025-2026. Expediente: 2024/ETSAE0905/00007151E.,CONT_LIC,True,CONT_LIC,tipo_suministros,Licitacion AM suministro gas propano y butano,True,anuncio,"[""CONT_LIC""]","[""tipo_suministros""]",0.95,"El texto contiene explícitamente ""Anuncio de licitación"" y el objeto es ""Suministro de gas propano y butano"", activando las etiquetas CONT_LIC y tipo_suministros.",52.769,
73,boe,Anuncio de licitación de: ADIF Alta Velocidad - Consejo de Administración. Objeto: Realizacion de pruebas de infraestructura con material rodante de ancho estandar (1435) (4 lotes). Expediente: 3.24/20810.0048.,CONT_LIC,True,CONT_LIC,tipo_servicios,Licitacion pruebas de infraestructura con material rodante,True,anuncio,"[""CONT_LIC""]","[""tipo_servicios""]",0.95,"El texto menciona explícitamente ""Anuncio de licitación"", lo que activa la etiqueta CONT_LIC. El objeto es la ""Realizacion de pruebas de infraestructura con material rodante"", que se clasifica como tipo_servicios dado que implica pruebas y operaciones con el material en lugar de suministro de bienes o ejecución de obras de construcción per se.",59.87,
74,boe,"Anuncio de licitación de: Presidencia de la Agencia Estatal Consejo Superior de Investigaciones Científicas, M.P. Objeto: Servicio de vigilancia destinado a institutos y centros de la Agencia Estatal Consejo Superior de Investigaciones Científicas. Expediente: LOT31/25.",CONT_LIC,True,CONT_LIC,tipo_servicios,Licitacion servicio vigilancia,True,anuncio,"[""CONT_LIC"", ""CONT_CON""]","[""tipo_servicios""]",0.98,"Texto identifica claramente un ""anuncio de licitación"" para el objeto ""Servicio de vigilancia"". La combinación CONT_LIC se deriva del verbo ""licitación"", y CONT_CON porque se trata de una concesión de servicios (vigilancia). La subcategoría tipo_servicios se infiere directamente del objeto explícito.",58.532,
75,boe,Anuncio de licitación de: Jefatura de Asuntos Económicos del Mando de Apoyo Logístico. Objeto: Apoyo al mantenimiento del VRCC Centauro del ET. Expediente: 2024/ETSAE0906/00002147EB.,CONT_LIC,True,CONT_LIC,tipo_servicios,Licitacion apoyo mantenimiento vehiculos,True,anuncio,"[""CONT_LIC""]","[""tipo_servicios""]",0.95,"El texto comienza explícitamente con ""Anuncio de licitación"" y el objeto es ""Apoyo al mantenimiento del VRCC Centauro"", lo que indica una licitación de servicios (mantenimiento).",51.49,
76,bocm,"Convocatoria contrato
– Resolución de 3 de enero de 2025, de la Gerencia Asistencial de Atención Primaria del Servicio Madrileño de Salud, por la que se hace pública la convocatoria de licitación denominada “Servicio para la prevención y el control de la legionelosis en los centros de salud, consultorios locales y otros edificios dependientes de la Gerencia Asistencial de Atención Primaria del Servicio Madrileño de Salud”",CONT_LIC,True,CONT_LIC,tipo_servicios,Convocatoria licitacion servicio legionelosis,True,convocatoria,"[""CONT_LIC""]","[""tipo_servicios""]",0.98,"El texto es una ""Convocatoria contrato... por la que se hace pública la convocatoria de licitación"", lo cual confirma explícitamente la fase de licitación (CONT_LIC). El objeto descrito como ""Servicio para la prevención y el control de la legionelosis"" indica que se trata de prestación de servicios sanitarios (tipo_servicios).",61.798,
77,boe,"Anuncio de licitación de: Presidencia de la Agencia Estatal Consejo Superior de Investigaciones Científicas, M.P. Objeto: Redacción de proyecto, estudio de seguridad y salud (arquitecto o ingeniero) y ejecución de las obras de reforma integral de la Sala Blanca existente en la planta baja del edificio, y de las obras de reacondicionamiento de un laboratorio tipo BSL2 (Biosecurity Level-2) del Instituto de Micro y Nanotecnología, de la Agencia Estatal Consejo Superior de Investigaciones Científicas. Expediente: 33183/25.",CONT_LIC,True,CONT_LIC,"tipo_obras, tipo_servicios",Licitacion mixta redaccion proyecto y ejecucion obras,True,anuncio,"[""CONT_LIC"", ""CONT_CON""]","[""tipo_obras""]",0.98,"El texto inicia con ""Anuncio de licitación"", lo que corresponde a la categoría CONT_LIC, y el objeto es explícitamente una ""concesión del servicio público"" o contrato relacionado con la ejecución de obras (""ejecución de las obras de reforma integral""). La confianza es alta porque tanto la fase como el tipo de contratación están claramente nombrados en la descripción.",64.519,
78,boe,Anuncio de licitación de: TGSS-Dirección provincial de Zaragoza. Objeto: Retirada y depósito de bienes embargados por las Unidades de Recaudación Ejecutiva dependientes de la Dirección Provincial de la TGSS de Zaragoza. Expediente: 2025/500010.,CONT_LIC,True,CONT_LIC,tipo_servicios,Licitacion retirada y deposito bienes embargados,True,anuncio,"[""CONT_LIC""]","[""tipo_suministros""]",0.95,"Texto contiene ""Anuncio de licitación"" (señal N2) y el objeto es ""Retirada y depósito de bienes"", que es un servicio/suministro de ejecución y manejo de mercancía, inferible como tipo_suministros o servicios. No es formalización ni adjudicación directa del resultado, sino convocatoria inicial.",58.811,
79,boe,Anuncio de licitación de: Subdirección General de la Oficina Presupuestaria y Gestión Económica. Objeto: Asistencia técnica para la dinamización y evaluación de la Estrategia Estatal para un nuevo modelo de cuidados en la comunidad: un proceso de desinstitucionalización. Expediente: 242950PA0002.,CONT_LIC,True,CONT_LIC,tipo_servicios,Licitacion asistencia tecnica evaluacion estrategia,True,anuncio,"[""CONT_LIC""]","[""tipo_servicios""]",0.95,"El texto describe explícitamente un ""Anuncio de licitación"" para ""Asistencia técnica"", lo que indica una fase de contratación y prestación de servicios.",49.307,
80,boe,"Anuncio de licitación de: Jefatura de Asuntos Económicos de la Guardia Civil. Objeto: Contrato de un servicio continúo de descontaminación biológica, de los distintos equipos de dotación del Departamento de Biología y de Medio Ambiente del SECRIM que evite cualquiertipo de contaminación biológica que pueda influir y alterar negativamente en los resultados de los informes periciales de ADN incursos como prueba en los distintos procedimientos judiciales. Expediente: E/0140/A/24/2.",CONT_LIC,True,CONT_LIC,tipo_servicios,Licitacion servicio descontaminacion biologica,True,anuncio,"[""CONT_LIC""]","[""tipo_servicios""]",0.98,"El texto indica explícitamente ""Anuncio de licitación"" (etiqueta N2: CONT_LIC) y el objeto es un ""Contrato de un servicio continuo de descontaminación biológica"", lo que confirma la subcategoría de servicios. El fragmento clave es ""Anuncio de licitación de..."".",60.83,
81,boe,Anuncio de licitación de: ADIF - Presidencia. Objeto: Servicio mantenimiento instalaciones de combustible en ADIF 2025-2028. Expediente: 2.25/23108.0010.,CONT_LIC,True,CONT_LIC,tipo_servicios,Licitacion servicio mantenimiento instalaciones combustible,True,anuncio,"[""CONT_LIC""]","[""tipo_servicios""]",0.95,"La descripción incluye explícitamente ""Anuncio de licitación"" y el objeto es ""Servicio mantenimiento instalaciones"", lo que confirma la fase CONT_LIC y subcategoría tipo_servicios por mantener equipos y combustible.",53.08,
82,boe,"Anuncio de licitación de: Secretaría de Estado de Medio Ambiente. Objeto: Proyecto de recuperación del bosque de ribera y eliminación de la especie invasora Arundo donax en el rio Mula desde el embalse de Los Rodeos hasta la confluencia con el río Segura, en el marco del Plan de Recuperación, Transformación y Resiliencia (PRTR). Expediente: P02.C05.I2.P02.S09.A06.01.",CONT_LIC,True,CONT_LIC,tipo_obras,Licitacion proyecto recuperacion bosque de ribera: actuacion de obra ambiental,True,anuncio,"[""CONT_LIC""]","[""tipo_servicios""]",0.95,"El texto es claramente un ""Anuncio de licitación"" (señal CONT_LIC) cuyo objeto es la ""eliminación de la especie invasora Arundo donax"", que implica servicios ambientales y gestión del ecosistema. La confianza es alta por la claridad de las etiquetas en el título.",51.353,
83,boe,"Resolución de 12 de diciembre de 2024, de la Dirección General de Producción Agroalimentaria y Cooperativas de la Consejería de Agricultura, Ganadería y Desarrollo Rural, por la que se da publicidad a la solicitud de modificación del pliego de condiciones de la denominación de origen protegida «Uclés».",CONT_LIC,False,,,Pliego de condiciones de Denominacion de Origen Protegida: no es pliego contractual,False,resolución,[],[],1.0,"El documento es una resolución sobre modificación del pliego de condiciones de una Denominación de Origen Protegida (DOP). Según las reglas críticas, los ""pliegos de condiciones"" de DOP/IGP se consideran normativa agroalimentaria y no actos de contratación pública, por lo que is_relevant es False.",94.365,
84,boe,Anuncio de licitación de: Jefatura de Asuntos Económicos del Mando de Apoyo Logístico. Objeto: Mantenimiento y adquisición de repuestos para instalaciones vehiculares tácticas. Expediente: 2025/ETSAE0906/00000080E.,CONT_LIC,True,CONT_LIC,"tipo_servicios, tipo_suministros",Licitacion mantenimiento y adquisicion repuestos,True,anuncio,"[""CONT_LIC""]","[""tipo_servicios""]",0.95,"El texto dice explícitamente ""Anuncio de licitación"" (señal para CONT_LIC) y el objeto del contrato es ""Mantenimiento y adquisición de repuestos"", lo que indica una prestación de servicios y suministros (tipo_servicios). La frase ""Anuncio de licitación de:"" es la clave para la etiqueta.",50.962,
85,boe,"Anuncio de licitación de: Dirección General de la Costa y el Mar. Objeto: Adaptación de la fachada marítima en el entorno de la playa Cerezo, T.M. Chilches (Castellón). Expediente: 12-0359.",CONT_LIC,True,CONT_LIC,tipo_obras,Licitacion adaptacion fachada maritima,True,anuncio,"[""CONT_LIC""]","[""tipo_obras""]",0.98,"El texto inicia con ""Anuncio de licitación"" y el objeto es ""Adaptación de la fachada marítima"", lo que indica claramente una fase de licitación (CONT_LIC) relacionada con la ejecución de obras de construcción (tipo_obras).",47.183,
86,bocm,"Convocatoria contrato
– Anuncio de 7 de febrero de 2025, por el que se convoca la licitación para la contratación del “Servicio de reparación de bastidores de bogie de trenes de las Series 7000 y 9000” (expediente 6012500046)",CONT_LIC,True,CONT_LIC,tipo_servicios,Convocatoria licitacion reparacion bastidores,True,anuncio,"[""CONT_LIC""]","[""tipo_servicios""]",0.98,"El texto es un ""anuncio"" que ""se convoca la licitación"" para el ""Servicio de reparación"", lo que activa las categorías CONT_LIC (por ser una convocatoria de licitación) y tipo_servicios (el objeto es explícitamente un servicio de reparación).",48.091,
87,boe,"Anuncio de licitación de: ADIF - Presidencia. Objeto: Asistencia técnica para el control y vigilancia del contrato de ""Redacción de proyecto constructivo y ejecución de las obras de renovación de las instalaciones de seguridad de la línea 400. Tramo Peñalajo-Espeluy"". Expediente: 3.24/27507.0321.",CONT_LIC,True,CONT_LIC,tipo_servicios,Licitacion asistencia tecnica control y vigilancia de contrato de obras,True,anuncio,"[""CONT_LIC""]","[""tipo_servicios"", ""tipo_obras""]",0.95,"El texto indica ""Anuncio de licitación"" (señal CONT_LIC). El objeto combina ""Asistencia técnica"" (servicios) con la ejecución de ""obras de renovación"" (tipo_obras), justificando ambas subcategorías.",51.773,
88,boib,"Orden 5/2025, de 21 de febrero, por la que se modifica la Orden del consejero de Agricultura, Medio Ambiente y Territorio de 11 de abril de 2014 por la que se aprueba el pliego de condiciones y el reglamento de la Denominación de Origen Binissalem",CONT_LIC,False,,,Pliego de condiciones de Denominacion de Origen Binissalem: no contractual,False,orden,[],[],1.0,"La publicación es una orden que modifica un pliego de condiciones para una Denominación de Origen Binissalem. Según las reglas críticas, los ""Pliegos de condiciones"" de una DOP/IGP son normativa agroalimentaria y no contratos públicos, por lo tanto is_relevant=False.",54.487,
89,boe,Anuncio de licitación de: Gerencia de Atención Sanitaria del Instituto Nacional de Gestión Sanitaria en Ceuta. Objeto: Suministro de fungibles para la sala de extracciones del área de atención sanitaria de Ceuta. Expediente: PA/2024/057/GCE.,CONT_LIC,True,CONT_LIC,tipo_suministros,Licitacion suministro fungibles,True,anuncio,"[""CONT_LIC""]","[""tipo_suministros""]",0.95,"El texto comienza explícitamente con ""Anuncio de licitación"" y el objeto es ""Suministro de fungibles"", confirmando la fase de licitación y el tipo de prestación como suministros.",52.809,
90,boe,Anuncio de licitación de: Jefatura de la Sección Económico Administrativa 22 - Base Aérea de Torrejón (Agrupación de Base). Objeto: (2024AM9003) Acuerdo Marco para el Suministro y Fabricación de UCFAS equipo árido chaqueta polar. Expediente: 2024/EA22/00001478E.,CONT_LIC,True,CONT_LIC,tipo_suministros,Licitacion AM suministro y fabricacion vestuario,True,anuncio,"[""CONT_LIC""]","[""tipo_suministros""]",0.98,"El texto indica claramente que es un ""Anuncio de licitación"" para el suministro y fabricación de equipo, lo que activa las categorías CONT_LIC (fase) y tipo_suministros (objeto). La frase clave es ""Anuncio de licitación de:...""",58.503,
91,bocm,"Convocatoria contrato
– Anuncio de 4 de marzo de 2025, por el que se convoca la licitación para la contratación del servicio de reparación y puesta a punto de los trenes U7157/7158/7159/7160/7161/7162 y U7115/7116/7117/7118/7119/7120, de Metro de Madrid. (Expediente 6012500063)",CONT_LIC,True,CONT_LIC,tipo_servicios,Convocatoria licitacion reparacion trenes,True,anuncio,"[""CONT_LIC"", ""CONT_CON""]","[""tipo_servicios""]",0.95,"El texto contiene explícitamente las frases ""Convocatoria contrato"" y ""se convoca la licitación"", lo que activa la categoría CONT_LIC. Además, el objeto es ""contrato... para la contratación del servicio de reparación y puesta a punto de los trenes"", confirmando que es una concesión de servicios (CONT_CON) y una prestación de tipo_servicios.",63.831,
92,boe,Anuncio de licitación de: Dirección de Adquisiciones del Mando de Apoyo Logístico del Ejército del Aire y del Espacio. Objeto: 20254021 Adquisición de un sistema C-UAS para Bases Aéreas. Expediente: 2025/EA02/00000200E.,CONT_LIC,True,CONT_LIC,tipo_suministros,Licitacion adquisicion sistema C-UAS,True,anuncio,"[""CONT_LIC""]","[""tipo_suministros""]",0.95,"El texto identifica explícitamente un ""Anuncio de licitación"" (CONT_LIC) y su objeto es la ""Adquisición de un sistema C-UAS"", que constituye un suministro de bienes (tipo_suministros). El fragmento ""Anuncio de licitación de: Dirección de Adquisiciones"" activa la etiqueta CONT_LIC.",60.225,
93,boe,Anuncio de licitación de: ADIF - Presidencia. Objeto: Servicios para la redacción del proyecto de construcción para la renovación de la red ferroviaria de ancho métrico y la defensa contra inundaciones en el municipio de Zalla (Bizkaia). Expediente: 3.24/27506.0062.,CONT_LIC,True,CONT_LIC,tipo_servicios,Licitacion servicios redaccion proyecto ferroviario,True,anuncio,"[""CONT_LIC""]","[""tipo_servicios""]",0.95,"El texto comienza con ""Anuncio de licitación"", lo que confirma la categoría CONT_LIC. Además, el objeto especificado es ""Servicios para la redacción del proyecto..."", clasificándolo como tipo_servicios.",51.942,
94,boe,Anuncio de licitación de: ADIF - Presidencia. Objeto: Consultoría y asistencia técnica para la actualización del proyecto constructivo de la nueva subestación eléctrica de tracción de Tolosa. Expediente: 3.24/27507.0263.,CONT_LIC,True,CONT_LIC,tipo_servicios,Licitacion consultoria actualizacion proyecto subestacion,True,anuncio,"[""CONT_LIC""]","[""tipo_servicios""]",0.95,"El texto dice explícitamente ""Anuncio de licitación"" (señal para CONT_LIC) y el objeto es ""Consultoría y asistencia técnica"", que corresponde a una prestación de servicios (tipo_servicios). La confianza es alta debido a la claridad en las palabras clave.",55.774,
95,boe,"Anuncio de formalización de contratos de: Junta de Contratación del Ministerio de Cultura y Deporte. Objeto: Redacción del proyecto básico y de ejecución, estudio de seguridad y salud, coordinación de seguridad y salud y dirección de obra y de ejecución de las obras de consolidación y restauración del edificio Varadero en la isla de Pinto, la Talaya de Binissermenya y las Torres de protección del arsenal en la estación naval de Mahón- Menorca. Expediente: J240038.",CONT_FOR,True,CONT_FOR,tipo_servicios,Formalizacion servicios redaccion proyecto y direccion de obras,True,orden,"[""CONT_FOR""]","[""tipo_obras""]",0.95,"La descripción indica explícitamente ""Anuncio de formalización de contratos"" (disparador CONT_FOR). El objeto del contrato es la realización de obras de consolidación y restauración, lo que confirma la subcategoría ""tipo_obras"".",56.159,
96,boe,Anuncio de formalización de contratos de: Jefatura de la Sección Económico Administrativa 15 Agrupación del Cuartel General del Ejército del Aire. Objeto: Acuerdo Marco Circuitos Culturales 2025. Expediente: 2024/EA15/00003121.,CONT_FOR,True,CONT_FOR,tipo_servicios,Formalizacion AM circuitos culturales,True,anuncio,"[""CONT_FOR""]",[],0.95,"El texto indica explícitamente ""Anuncio de formalización de contratos"", lo que corresponde a la categoría CONT_FOR. No se menciona el objeto del contrato específico, por lo que no se puede inferir la subcategoría tipo de prestación.",53.383,
97,boe,"Anuncio de formalización de contratos de: Intendencia de Madrid. Objeto: TA Servicio de carga, transporte, colocación y almacenaje fondo archivístico CGA. Expediente: 2024/AR21U/00002493E.",CONT_FOR,True,CONT_FOR,tipo_servicios,Formalizacion servicio carga transporte almacenaje,True,anuncio,"[""CONT_FOR""]","[""tipo_servicios""]",0.95,"El texto dice explícitamente ""Anuncio de formalización de contratos"", lo que encaja con la categoría CONT_FOR. Además, el objeto del contrato es ""Servicio de carga, transporte..."", lo que indica un tipo_servicios.",52.922,
98,boe,"Anuncio de formalización de contratos de: Instituto Nacional de Administración Pública (INAP). Objeto: Servicio de realización, corrección y calificación de las pruebas de nivel de inglés profesional TOEIC y de francés TFI. Expediente: 202500000007.",CONT_FOR,True,CONT_FOR,tipo_servicios,Formalizacion servicio pruebas de idiomas,True,anuncio,"[""CONT_FOR""]","[""tipo_servicios""]",0.98,"El texto comienza con ""Anuncio de formalización de contratos"", lo que identifica inequívocamente el tipo de acto y la categoría CONT_FOR. Además, el objeto se describe como un ""Servicio de realización, corrección y calificación..."", lo que permite inferir la subcategoría tipo_servicios.",58.233,
99,bocm,"Formalización contrato
– Resolución de 9 de enero de 2025, de la Dirección-Gerencia del Hospital Clínico “San Carlos” de Madrid, por la que se dispone la publicación en los boletines oficiales y en el “perfil del contratante” de la formalización de la 4.a y 5.a prórroga del contrato para el «Servicio de tratamiento de Diálisis Peritoneal y Hemodiálisis domiciliaria para el Servicio de Nefrología del Hospital Clínico “San Carlos” de Madrid»",CONT_FOR,True,CONT_FOR,tipo_servicios,Formalizacion prorroga contrato dialisis: hereda CONT_FOR,True,resolución,"[""CONT_FOR"", ""CONT_CON""]","[""tipo_servicios""]",0.98,"La descripción menciona explícitamente ""formalización del contrato"" (señal de CONT_FOR) y el objeto es un ""Servicio de tratamiento..."", confirmando que se trata de una prestación de servicios (tipo_servicios). La referencia a la prórroga refuerza que es una formalización continua.",61.335,
100,boe,"Anuncio de formalización de contratos de: Subsecretaría de Asuntos Exteriores, Unión Europea y Cooperación. Objeto: OBR-24/007 Contrato de obras para la demolición del ala sur e inclusión de medidas de seguridad en el Hospital Español de Tánger. Expediente: 2024SXB00155002.",CONT_FOR,True,CONT_FOR,tipo_obras,Formalizacion contrato de obras demolicion,True,anuncio,"[""CONT_FOR""]","[""tipo_obras""]",0.98,"El texto contiene ""Anuncio de formalización de contratos"" que encaja con CONT_FOR, y el objeto es ""Contrato de obras para la demolición..."" indicando tipo_obras.",50.963,
101,boe,"Anuncio de formalización de contratos de: Gerencia de la Entidad Estatal de Derecho Público Trabajo Penitenciario y Formación para el Empleo, M.P. Objeto: Servicio de soporte técnico a la administración de sistemas, bases de datos y comunicaciones. Expediente: 2024/00070.",CONT_FOR,True,CONT_FOR,tipo_servicios,Formalizacion servicio soporte tecnico sistemas,True,anuncio,"[""CONT_FOR""]","[""tipo_servicios""]",0.98,"El texto contiene explícitamente ""Anuncio de formalización de contratos"" lo que define el acto como CONT_FOR. El objeto es un ""Servicio de soporte técnico..."", lo que clasifica la prestación como tipo_servicios.",52.697,
102,boe,Anuncio de formalización de contratos de: Agencia Española de Protección de Datos. Objeto: Servicio de comunicaciones y de ciberseguridad para la Agencia Española de Protección de Datos. Expediente: EX20240077.,CONT_FOR,True,CONT_FOR,tipo_servicios,Formalizacion servicio comunicaciones y ciberseguridad,True,anuncio,"[""CONT_FOR"", ""CONT_CON""]","[""tipo_servicios""]",0.95,"Es una formalización de contratos por la frase explícita ""Anuncio de formalización de contratos"" (CONT_FOR) y el objeto es un contrato de concesión de servicios (""Agencia Española de Protección de Datos"" como entidad que contrata, no un dominio público con concesión administrativa demanial). La prestación es claramente servicios de comunicaciones y ciberseguridad (tipo_servicios).",61.996,
103,boe,Anuncio de formalización de contratos de: INSS-Dirección provincial de Toledo. Objeto: Servicio de limpieza de los locales adscritos a la Dirección Provincial del INSS en Toledo durante el periodo de 1 de enero de 2025 a 31 de diciembre de 2025. Expediente: 45/VC-207/24.,CONT_FOR,True,CONT_FOR,tipo_servicios,Formalizacion servicio limpieza,True,anuncio,"[""CONT_FOR""]","[""tipo_servicios""]",0.98,"El texto menciona explícitamente ""Anuncio de formalización de contratos"", lo que indica la fase N2 CONT_FOR. El objeto del contrato es ""Servicio de limpieza de los locales"", confirmando la subcategoría tipo_servicios.",53.884,
104,bocm,"Formalización contrato
– Anuncio de 28 de enero de 2025, de formalización del contrato titulado “Servicio de soporte técnico para el mantenimiento de los sistemas de explotación en estaciones” (Expediente 6012400215)-[Contratos 7225000017 (lote 1); 7225000018 (lote 2); 7225000019 (lote 3)]",CONT_FOR,True,CONT_FOR,tipo_servicios,Formalizacion servicio soporte mantenimiento estaciones,True,anuncio,"[""CONT_FOR"", ""CONT_CON""]","[""tipo_servicios""]",0.98,"La publicación es un ""Anuncio de formalización del contrato"" (señal clave CONT_FOR), cuyo objeto es el ""Servicio de soporte técnico para el mantenimiento de los sistemas"", lo que indica una prestación de servicios tipo_servicios y la naturaleza de concesión o servicio público.",58.947,
105,boe,Anuncio de formalización de contratos de: Dirección de Gestión Económica de la Jefatura de Apoyo Logístico de la Armada. Objeto: SINFO- Contrato de aistencia técnica para el mantenimiento simuladores tácticos y de navegación de la Armada (SIMTAC-GALEON-SIMNAV). Expediente: 2024/AR40U/00001904E.,CONT_FOR,True,CONT_FOR,tipo_servicios,Formalizacion asistencia tecnica simuladores,True,anuncio,"[""CONT_FOR"", ""CONT_CON""]","[""tipo_servicios""]",0.95,"La descripción indica explícitamente ""Anuncio de formalización de contratos"" (dispara CONT_FOR) y el objeto es un ""Contrato de asistencia técnica para el mantenimiento simuladores..."" (servicio que dispara CONT_CON). El tipo de prestación es servicios por la naturaleza de ""asistencia técnica y mantenimiento"".",61.219,
106,boe,Anuncio de formalización de contratos de: Junta de Contratación del Ministerio de Trabajo y Economía Social. Objeto: Servicio de soporte especializado de la plataforma EPP del Ministerio de Trabajo y Economía Social. Expediente: 10000621/2024.,CONT_FOR,True,CONT_FOR,tipo_servicios,Formalizacion servicio soporte plataforma EPP,True,anuncio,"[""CONT_FOR""]","[""tipo_servicios""]",0.98,"El texto dice explícitamente ""Anuncio de formalización de contratos"" y el objeto es un servicio de soporte, lo que confirma la categoría CONT_FOR (formalización) y tipo_servicios. El fragmento clave es: 'Anuncio de formalización de contratos... Objeto: Servicio de soporte especializado'.",56.492,
107,boe,Anuncio de formalización de contratos de: Dirección General de Tráfico. Objeto: Suministro en régimen de alquiler de módulos prefabricados para el destacamento provisional del Subsector de Tráfico de Huelva en el Rocío. Expediente: 1DGT2J000303.,CONT_FOR,True,CONT_FOR,tipo_suministros,Formalizacion suministro alquiler modulos prefabricados,True,anuncio,"[""CONT_FOR""]","[""tipo_suministros""]",0.98,"El texto indica ""Anuncio de formalización de contratos"", lo que identifica la fase CONT_FOR. El objeto descrito es el ""Suministro en régimen de alquiler de módulos prefabricados"", por lo que se infiere la subcategoría tipo_suministros. La referencia a una expediente y la mención a DGT (Dirección General de Tráfico) confirman que es un acto de contratación pública del sector público español.",64.947,
108,boib,Formalización de contrato laboral categoría A2,CONT_FOR,False,,,Formalizacion de contrato laboral: RRHH no LCSP,False,otros,[],[],1.0,"La publicación describe la ""Formalización de contrato laboral categoría A2"". Al ser un contrato laboral (personal) y no una contratación pública bajo la LCSP, el valor is_relevant es False. La estructura N1 corresponde a otros tipos de actos administrativos al no encajar en los enum predeterminados, ya que se trata de una formalización laboral excluida del dominio.",106.319,
109,boe,Anuncio de formalización de contratos de: Instituto Nacional de Estadística INE. Objeto: Recogida de datos de la Encuesta sobre Innovación de las empresas 2024 y las Estadísticas sobre Actividades en I+D 2024. Expediente: 2024N0059014.,CONT_FOR,True,CONT_FOR,tipo_servicios,Formalizacion recogida datos encuestas INE,True,anuncio,"[""CONT_FOR"", ""CONT_LIC""]","[""tipo_servicios""]",0.95,"El texto menciona explícitamente ""Anuncio de formalización de contratos"" (CONT_FOR) y el objeto son ""Recogida de datos... y Estadísticas sobre Actividades en I+D"", que es claramente un servicio. El texto implica una fase anterior de licitación debido a la mención de ""anuncio"" en el contexto de formalización, o bien se refiere a la etapa previa, pero dado el anuncio es de formalización, no de adjudicación ni de nueva licitación, por tanto las categorías aplicables son CONT_FOR y, si se considera que la formalización sigue a una licitación (lo cual es común), CONT_LIC podría ser relevante. Sin embargo, basándonos estrictamente en el texto ""Anuncio de formalización"", la etiqueta principal es CONT_FOR. El objeto es un servicio (tipo_servicios). Revisando las reglas, si el texto dice ""formalización del contrato"" sin más referencias a licitación explícita, quizás solo CONT_FOR. Pero dado que el INE suele licitar estos servicios y el anuncio de formalización suele aparecer tras la licitación, manteneré CONT_LIC como categoría implícita o omitida? La descripción dice ""Anuncio de formalización de contratos"", lo cual es CONT_FOR. No hay mención a ""licitación"" explícita en el texto, así que quizás solo CONT_FOR es seguro. Sin embargo, la regla 3 sobre CONT_CON no aplica aquí porque no es concesión. Regla 1: is_relevant=True si al menos una categoría N2. Aquí CONT_FOR está presente. ¿Y CONT_LIC? Solo si se menciona o implica explícitamente una licitación previa. El texto dice ""anuncio de formalización"", que puede ser independiente si no hay referencia a pliego. Pero en la práctica, los anuncios de formalización siguen a una fase de contratación previa (licitación o no). Dado que el texto no menciona ""licitación"" ni ""pliego"", quizás solo CONT_FOR es correcto. Revisando la definición de CONT_LIC: ""licitación / anuncio de contrato"". Aquí es anuncio de formalización, no de licitación. Por tanto, solo CONT_FOR. El objeto es servicio.",160.438,
110,boe,"Anuncio de formalización de contratos de: Dirección General del Instituto de Mayores y Servicios Sociales. Objeto: Prestación de los servicios de reserva y ocupación de plazas en los Balnearios de Arnoia, Lobios y Laias para el programa de Termalismo del Imserso. Expediente: 887/2024.",CONT_FOR,True,CONT_FOR,tipo_servicios,Formalizacion servicios plazas balnearios Imserso,True,anuncio,"[""CONT_FOR""]","[""tipo_servicios""]",0.95,"La publicación contiene explícitamente ""Anuncio de formalización de contratos"", lo que identifica la fase N2 como CONT_FOR. Además, el objeto es la ""Prestación de los servicios de reserva y ocupación de plazas"", lo que define claramente la subcategoría de prestación como tipo_servicios. La descripción cita a la Dirección General del Instituto de Mayores y Servicios Sociales (Imserso) en un contexto de servicios turísticos, no como concesión demanial ni adjudicación personal.",66.552,
111,boe,"Anuncio de formalización de contratos de: Subdirección General de Planificación y Gestión Económica. Objeto: Servicio de mantenimiento integral de las instalaciones en el Centro Penitenciario de A Lama (Pontevedra), CIS ""Carmen de Avendaño"" (Vigo) y UAR Hospital provincial (Pontevedra). Expediente: 020120240139.",CONT_FOR,True,CONT_FOR,tipo_servicios,Formalizacion mantenimiento integral centros penitenciarios,True,anuncio,"[""CONT_FOR""]","[""tipo_servicios""]",0.98,"La descripción contiene explícitamente la frase ""Anuncio de formalización de contratos"", lo que activa la categoría CONT_FOR. El objeto del contrato es un ""Servicio de mantenimiento integral de las instalaciones"", que claramente indica una prestación de tipo servicios, activando la subcategoría tipo_servicios.",59.307,
112,boe,Anuncio de formalización de contratos de: TGSS-Dirección provincial de Alicante. Objeto: Servicios de peonaje y transporte para la Tesorería General de la Seguridad Social de Alicante. Expediente: 2024/030034.,CONT_FOR,True,CONT_FOR,tipo_servicios,Formalizacion servicios peonaje y transporte,True,anuncio,"[""CONT_FOR"", ""CONT_CON""]","[""tipo_servicios""]",0.98,"El texto dice explícitamente ""Anuncio de formalización de contratos"", lo que indica la categoría CONT_FOR. El objeto es ""Servicios de peonaje y transporte"", por lo que se asigna la subcategoría tipo_servicios y la etiqueta CONT_CON por tratarse de servicios públicos (transporte y seguridad).",58.362,
113,boe,"Anuncio de formalización de contratos de: Subdirección General de Planificación y Gestión Económica. Objeto: Suministros de Gasóleo ""A"" a los establecimientos penitenciarios dependientes de la Secretaría General de Instituciones Penitenciarias en la Comunidad Autónoma de Canarias . Expediente: 02012024AM04.",CONT_FOR,True,CONT_FOR,tipo_suministros,Formalizacion suministro gasoleo,True,anuncio,"[""CONT_FOR""]","[""tipo_suministros""]",0.98,"El texto indica explícitamente ""Anuncio de formalización de contratos"" (señal CONT_FOR) y especifica el objeto como ""Suministros de Gasóleo 'A'"" (señal tipo_suministros). La confianza es alta debido a la claridad en la descripción del acto y su objeto.",57.127,
114,boe,"Anuncio de formalización de contratos de: Dirección del Instituto Nacional de Gestión Sanitaria (INGESA). Objeto: Suministro de tres desfibriladores externos semiautomáticos (DESA), mediante el sistema de arrendamiento financiero (renting) sin opción de compra con destino alEdificio c/ Alcalá nº 56 de Madrid. Expediente: PASA 2024/093.",CONT_FOR,True,CONT_FOR,tipo_suministros,Formalizacion suministro desfibriladores en renting,True,orden,"[""CONT_FOR""]","[""tipo_suministros""]",0.98,"El texto contiene explícitamente ""Anuncio de formalización de contratos"", lo que activa la categoría CONT_FOR, y el objeto es ""Suministro de tres desfibriladores externos semiautomáticos"", lo que permite inferir la subcategoría tipo_suministros.",58.08,
115,boe,Anuncio de formalización de contratos de: Intendente de Ferrol. Objeto: Sostenimiento de actuadores de válvulas motorizadas y sus accesorios. Expediente: 2024/AR42U/00002890E.,CONT_FOR,True,CONT_FOR,tipo_servicios,Formalizacion sostenimiento actuadores valvulas,True,anuncio,"[""CONT_FOR""]","[""tipo_servicios""]",0.95,"El texto contiene ""Anuncio de formalización de contratos"", lo que indica el tipo CONT_FOR. El objeto ""Sostenimiento de actuadores de válvulas motorizadas y sus accesorios"" se clasifica como mantenimiento, por lo tanto es de tipo_servicios.",55.552,
116,boe,Anuncio de formalización de contratos de: Mutualidad General Judicial MUGEJU. Objeto: Concierto de la Mutualidad General Judicial con entidades de seguro para el aseguramiento del acceso a la asistencia sanitaria en territorio nacional a los beneficiarios de la misma durante 2025-2026. Expediente: 2024_001 CONC SANIT 25 26.,CONT_FOR,True,CONT_FOR,tipo_servicios,Formalizacion concierto sanitario MUGEJU con aseguradoras,True,anuncio,"[""CONT_FOR""]","[""tipo_servicios""]",0.95,"El texto menciona explícitamente ""Anuncio de formalización de contratos"" con un objeto consistente en asegurar la asistencia sanitaria mediante conciertos, lo que implica un tipo de prestación servicio.",53.48,
117,boe,"Anuncio de formalización de contratos de: Jefatura de Intendencia de Asuntos Económicos Sur. Objeto: Suministro de material por lotes para el Centro de Operaciones de Artillería de Costa del RACTA 4 Tarifa, Cádiz. Expediente: 2024/ETSAE0226/00009214E.",CONT_FOR,True,CONT_FOR,tipo_suministros,Formalizacion suministro material por lotes,True,anuncio,"[""CONT_FOR""]","[""tipo_suministros""]",0.98,"El texto describe explícitamente un ""Anuncio de formalización de contratos"", lo que corresponde a la categoría CONT_FOR. El objeto se especifica como ""Suministro de material"", por lo que también se infiere el tipo de prestación tipo_suministros.",54.274,
118,boe,"Anuncio de formalización de contratos de: Subdirección General de Gestión Económica. Objeto: Suministro de libros para las bibliotecas centrales del Ministerio de la Presidencia, Justicia y Relaciones con las Cortes y para la Biblioteca de la Secretaría de Estado de Comunicación . Expediente: 0MPR20240224.",CONT_FOR,True,CONT_FOR,tipo_suministros,Formalizacion suministro libros bibliotecas,True,anuncio,"[""CONT_FOR""]","[""tipo_suministros""]",0.98,"El texto comienza explícitamente con ""Anuncio de formalización de contratos"", que es la señal léxica clave para la categoría CONT_FOR. Además, el objeto se describe como ""Suministro de libros"", lo que permite inferir la subcategoría tipo_suministros.",56.873,
119,boca,"Dirección General de la Función Pública.- Resolución de 15 de marzo de 2025, por la que se acuerda la formalización de contrato de trabajo de personal laboral fijo con las personas aspirantes seleccionadas en las pruebas selectivas para el ingreso, por el sistema general de acceso libre, en la categoría profesional de Director/a de Residencia (Grupo I), en ejecución del Anexo II del Decreto 115/2022, de 20 de mayo, por el que se aprueba la Oferta Extraordinaria de Empleo Público para la estabilización del empleo temporal e indefinido no fijo de larga duración en el ámbito de la Administración General de la Comunidad Autónoma de Canarias, convocadas por Resolución de 21 de diciembre de 2022, se les adjudica puesto de trabajo y se les confiere plazo para la toma de posesión.",CONT_FOR,False,,,Formalizacion contrato de trabajo personal laboral fijo: RRHH,False,resolución,[],[],0.98,"El texto describe una ""formalización de contrato de trabajo"" y ""adjudica puesto de trabajo"" para personal laboral fijo, lo que según las reglas críticas corresponde a RRHH/contratación de personal y no a contratación pública de servicios u obras (LCSP).",57.291,
120,boe,Anuncio de formalización de contratos de: Dirección General de Carreteras. Objeto: 33-LE-4630; 54.450/24 Paso inferior del enlace de La Granja en la LE-20. Provincia de León. Expediente: B54242446300.,CONT_FOR,True,CONT_FOR,tipo_obras,Formalizacion obras paso inferior carretera,True,anuncio,"[""CONT_FOR""]","[""tipo_obras""]",0.95,"El texto identifica explícitamente el acto como ""Anuncio de formalización de contratos"", que corresponde a la categoría CONT_FOR. El objeto descrito, ""Paso inferior del enlace de La Granja en la LE-20"", es una obra de infraestructura vial, lo cual lo clasifica como tipo_obras.",58.589,
121,boe,Anuncio de formalización de contratos de: Intendente de Ferrol. Objeto: Suministro de una ambulancia soporte vital avanzado (SVA) para el Parque de Automóviles núm. 2 de Ferrol. Expediente: 2024/AR42U/00003042E.,CONT_FOR,True,CONT_FOR,tipo_suministros,Formalizacion suministro ambulancia,True,anuncio,"[""CONT_FOR"", ""CONT_CON""]","[""tipo_servicios""]",0.95,"El texto comienza con ""Anuncio de formalización de contratos"" lo que indica la categoría CONT_FOR. Además, el objeto es ""Suministro de una ambulancia soporte vital avanzado (SVA) para el Parque de Automóviles"", lo cual en el contexto de medios propios implica una concesión o encargo de servicio a un medio propio, activando también CONT_CON. El suministro de un vehículo ambulatorio se interpreta como un servicio prestado por el medio propio.",67.216,
122,boe,"Anuncio de formalización de contratos de: Parque Móvil del Estado. Objeto: Servicio para la realización de reconocimientos ginecológicos preventivos para el personal femenino del Parque Móvil del Estado, O.A. Expediente: 2024PR400097.",CONT_FOR,True,CONT_FOR,tipo_servicios,Formalizacion servicio reconocimientos medicos,True,anuncio,"[""CONT_FOR""]","[""tipo_servicios""]",0.95,"El texto indica explícitamente ""Anuncio de formalización de contratos"" que corresponde a la categoría CONT_FOR, y el objeto es un ""Servicio para la realización de reconocimientos ginecológicos"", lo que define la subcategoría tipo_servicios.",54.11,
123,boe,Anuncio de formalización de contratos de: Gerencia de Informática de la Seguridad Social. Objeto: Servicio de mantenimiento del equipamiento físico del sistema para la sala de control. Expediente: 2024/7021.,CONT_FOR,True,CONT_FOR,tipo_servicios,Formalizacion mantenimiento equipamiento sala control,True,anuncio,"[""CONT_FOR""]","[""tipo_servicios""]",0.95,"El texto menciona explícitamente ""anuncio de formalización de contratos"" que define la etiqueta CONT_FOR. El objeto descrito es ""Servicio de mantenimiento del equipamiento físico"", lo cual claramente indica una prestación de servicios (tipo_servicios). La confianza es alta dado que los términos clave están presentes de manera explícita.",57.704,
124,boe,Anuncio de formalización de contratos de: Presidencia de la Confederación Hidrográfica del Guadalquivir. Objeto: Contrato de servicios para limpieza en el edificio sede de la Confederación Hidrográfica del Guadalquivir sito en avenida de República Argentina nº 43 de Sevilla. Expediente: SE(SG)-7145.,CONT_FOR,True,CONT_FOR,tipo_servicios,Formalizacion contrato servicios limpieza CHG,True,anuncio,"[""CONT_FOR""]","[""tipo_servicios""]",0.98,"El texto menciona explícitamente ""formalización de contratos"" lo que indica una formalización (CONT_FOR). El objeto es ""Contrato de servicios para limpieza"", lo cual identifica claramente el tipo de prestación como servicios (tipo_servicios).",54.099,
125,dogc,Anuncio sobre aprobación de la primera oferta de empleo público parcial del Consejo Comarcal de El Pla de l'Estany para el ejercicio 2025,NEGATIVO,False,,,Oferta de empleo publico: RRHH,False,aprobación,[],[],0.95,"El texto menciona ""primera oferta de empleo público"", lo cual corresponde a un proceso de provisión de personal (RRHH), no a una contratación pública de obras, servicios o suministros según la LCSP. Por tanto, is_relevant=False.",52.023,
126,dogc,"Edicto relativo a las bases específicas y la convocatoria del proceso selectivo de dos plazas de cabo de la Guardia Urbana en el Ayuntamiento de Cornellà de Llobregat, por el sistema de concurso-oposición por promoción interna, y la creación de una bolsa para la cobertura de plazas vacantes por el procedimiento de tramitación de urgencia",NEGATIVO,False,,,Bases proceso selectivo Guardia Urbana: RRHH,False,edicto,[],[],1.0,"La publicación corresponde a un proceso selectivo para la provisión de plazas de personal (cabo de la Guardia Urbana), no a un acto contractual bajo la LCSP. El texto menciona ""convocatoria del proceso selectivo de dos plazas de cabo"", lo que confirma su naturaleza de contratación laboral y no administrativa.",56.16,
127,dogc,"Resolución PRE/857/2025, de 9 de marzo, por la que se aprueba y se publica la lista provisional de personas aspirantes admitidas y excluidas del proceso selectivo de nuevo acceso, mediante el sistema selectivo de concurso oposición, de una plaza de la categoría profesional de A1 médico/a de medicina del trabajo, en régimen de personal laboral fijo, del Departamento de la Presidencia (convocatoria núm. PRE/L001/2025)",NEGATIVO,False,,,Lista admitidos proceso selectivo: RRHH,False,resolución,[],[],1.0,"La publicación se refiere a una ""lista provisional de personas aspirantes admitidas y excluidas del proceso selectivo"" para el acceso a una plaza laboral (médico/a), lo cual es un acto de Recursos Humanos (RRHH) según la definición proporcionada, no de contratación pública. El texto menciona claramente ""personal laboral fijo"" y ""proceso selectivo"", descartando cualquier categoría N2.",62.441,
128,bon,Aprobación inicial del presupuesto de 2025,NEGATIVO,False,,,Presupuesto municipal,False,aprobación,[],[],1.0,"La descripción ""Aprobación inicial del presupuesto de 2025"" se refiere a un acto presupuestario (aprobación de cuenta anual), no a una fase de contratación pública como licitación, formalización, adjudicación, encargo o concesión. Por tanto, no encaja en ninguna categoría N2 de la taxonomía de contratación pública (CONT_LIC, CONT_FOR, CONT_ADJ, CONT_ENC, CONT_CON).",59.568,
129,boib,"Notificación de Resolución de concesión de prórroga a los beneficiarios de las ayudas, exp. 137 de fecha 08 de enero de 2025, al amparo de la Resolución del Presidente del Fondo de Garantía Agraria y Pesquera de las Islas Baleares (FOGAIBA), de 17 de diciembre de 2021 , por la que se convocan subvenciones para inversiones en las explotaciones agrarias, para el año 2021",NEGATIVO,False,,,Prorroga a beneficiarios de subvenciones: dominio B3,False,notificación,[],[],1.0,"El texto hace referencia a ""subvenciones"" y a una ""Resolución de concesión de prórroga a los beneficiarios de las ayudas"", lo cual la excluye del dominio de contratación pública según las reglas (is_relevant=False). El acto es claramente una notificación sobre un expediente de subvención.",57.673,
130,boc,"Resolución por la que se hace pública la relación de aspirantes que han superado las pruebas selectivas para el acceso, mediante el procedimiento de concurso-oposición para la estabilización de empleo temporal, a la condición de personal estatutario fijo en la categoría de Técnico/a Superior Especialista de Laboratorio de Instituciones Sanitarias de la Comunidad Autónoma de Cantabria, convocada mediante la Orden SAN/80/2022, de 29 de diciembre, y plazas ofertadas.",NEGATIVO,False,,,Aspirantes pruebas selectivas: RRHH,False,resolución,[],[],1.0,"La publicación anuncia la relación de aspirantes estabilizados a personal estatutario fijo mediante concurso-oposición, lo cual se refiere a provisión de personal y no a un contrato público de LCSP (RRHH). No contiene ninguna señal léxica de contratación pública según las categorías N2.",56.144,
131,boc,Aprobación inicial y exposición pública del presupuesto general de 2024.,NEGATIVO,False,,,Presupuesto general,False,aprobación,[],[],1.0,"La publicación describe la aprobación del ""presupuesto general de 2024"", que es un acto de planificación financiera y no una fase de contratación pública (licitación, formalización o adjudicación). No se menciona objeto contractual alguno.",49.125,
132,docm,"Resolución de 24/01/2025, de la Delegación Provincial de Desarrollo Sostenible de Albacete, por la que se emite el informe ambiental estratégico del plan o programa: Modificación Puntual número 20 del Plan de Ordenación Municipal de Villamalea (regulación del uso granja/instalación ganadera en el suelo rústico) (expediente PLA-AB-24-0042), situado en el término municipal de Villamalea (Albacete), cuyo órgano promotor es Ayuntamiento de Villamalea.",NEGATIVO,False,,,Informe ambiental estrategico de modificacion de POM: dominio B0/B2,False,resolución,[],[],0.98,"El texto es una resolución ambiental sobre un Plan de Ordenación Municipal, no un acto de contratación pública (licitación, formalización, adjudicación de contrato, encargo o concesión) bajo la LCSP; se trata de gestión urbanística y medioambiental.",54.623,
133,bopv,"RESOLUCIÓN 1048/2024, de 11 de diciembre, de la Directora de Recursos Humanos de Osakidetza-Servicio vasco de salud, por la que se hace pública la convocatoria para la provisión, mediante el sistema de libre designación, del puesto de Jefe/a de Sección de Proyectos Corporativos de la Dirección Económico-Financiera, en la Subdirección de Infraestructuras, en el Servicio de Instalaciones y Equipamientos de la Dirección General de Osakidetza-Servicio vasco de salud.
				
2025/00091",NEGATIVO,False,,,Provision puesto libre designacion: RRHH,False,resolución,[],[],1.0,"El texto se refiere a la ""provisión... del puesto de Jefe/a de Sección"" mediante ""libre designación"", lo cual es un acto de recursos humanos (RRHH) para la provisión de personal, no una contratación pública de obras, servicios o suministros.",55.767,
134,boe,"Resolución de 4 de marzo de 2025, de la Secretaría de Estado de Derechos Sociales, por la que se publica la Adenda de modificación del Convenio con la Comunidad Autónoma de las Illes Balears, para la ejecución de proyectos con cargo a los fondos europeos procedentes del Mecanismo para la Recuperación y Resiliencia.",NEGATIVO,False,,,Adenda de convenio fondos MRR: convenio interadministrativo,False,resolución,[],[],0.98,"El texto menciona ""Convenio con la Comunidad Autónoma"", pero se clasifica como is_relevant=False porque corresponde a un convenio interadministrativo de cooperación o ejecución conjunta, no a un acto contractual propio bajo LCSP, y además es una adenda de modificación de dicho convenio. No hay señales de licitación, formalización, adjudicación, encargo ni concesión propia del órgano en el sentido contractual.",60.838,
135,bon,Aprobación inicial de modificación de Estudio de Detalle en la parcela U.13.22 de Gorraiz,NEGATIVO,False,,,Estudio de detalle: dominio B2,False,aprobación,[],[],0.95,"El texto describe una ""Aprobación inicial de modificación de Estudio de Detalle"" en una parcela específica, lo cual corresponde a un acto urbanístico o técnico-administrativo de planeamiento territorial (ordenanza municipal o proyecto urbanístico), no a un procedimiento de contratación pública regulado por la LCSP. No se mencionan licitaciones, formalizaciones, adjudicaciones, encargos o concesiones de servicios/obras como actos contractuales con entidad jurídica propia en el ámbito de compras públicas.",65.687,
136,dogc,Anuncio sobre aprobación definitiva del Proyecto de obras de renovación de la torre de telecomunicaciones,NEGATIVO,False,,,Aprobacion proyecto de obras: acto tecnico previo no licitacion,False,orden,[],[],0.98,"El texto describe la ""aprobación definitiva del Proyecto de obras"", que es un acto de aprobación normativa de un proyecto y no un acto contractual (licitación, formalización, adjudicación) ni una concesión de servicio u obra por parte de una autoridad. Cumple con el criterio N2 de excluir las aprobaciones de proyectos como actos de LCSP, por lo tanto is_relevant es False.",58.037,
137,boja,"Anuncio de 13 de marzo de 2025, de la Delegación Territorial de Agricultura, Pesca, Agua y Desarrollo Rural en Sevilla, sobre trámites de los procedimientos sancionadores que se citan.",NEGATIVO,False,,,Procedimientos sancionadores agrarios,False,anuncio,[],[],1.0,"El texto describe ""trámites de los procedimientos sancionadores"", que se refieren a imposiciones de multas o sanciones administrativas, y no a licitaciones, formalizaciones, adjudicaciones ni concesiones del dominio de contratación pública según la LCSP.",52.916,
138,boja,"Anuncio de 4 de marzo de 2025, de la Delegación Territorial de Fomento, Articulación del Territorio y Vivienda en Córdoba, mediante el que se publica la resolución por la que se declara la finalización del procedimiento por fallecimiento del solicitante relativa a Ayudas para el alquiler de vivienda habitual a personas en situación de especial vulnerabilidad, con ingresos limitados y a jóvenes, en la Comunidad Autónoma de Andalucía.",NEGATIVO,False,,,Ayudas alquiler vivienda: dominio B3,False,,,,,,59.02,ClosedResourceError
139,dogv,"RESOLUCIÓN de 20 de enero de 2025, del Rectorado, por la que se convoca un proceso selectivo para la contratación indefinida de personal de investigación de la categoría de personal tecnólogo superior para colaborar con la línea de investigación financiada «Control de calidad y seguridad de (bio)combustibles». Referencia: I-PAS-13/25.",NEGATIVO,False,,,Proceso selectivo contratacion personal investigacion: RRHH,False,resolución,[],[],0.98,"El texto describe un ""proceso selectivo para la contratación indefinida de personal"", lo cual es una actividad de Recursos Humanos y no forma parte del dominio de contratación pública regulada por la LCSP (licitaciones, encargos, concesiones, etc.). Por tanto, is_relevant=False.",61.966,
140,boe,FUENGIROLA,NEGATIVO,False,,,Toponimo sin contenido,False,,,,,,110.601,UnexpectedModelBehavior
141,bor,"Aprobación inicial de la modificación puntual 1/2024 del Plan General Municipal, de cambio de calificación de la parcela situada en calle Real 71, de casco tradicional a dotacional público",NEGATIVO,False,,,Modificacion puntual PGM: dominio B2,False,aprobación,[],[],0.98,"La publicación se refiere a una ""modificación puntual del Plan General Municipal"" y ""cambio de calificación de parcela"", que es un acto urbanístico y normativo municipal, no un acto de contratación pública según la LCSP. El texto carece de cualquier referencia a licitaciones, contratos, encargos o concesiones administrativas en el sentido contractual.",63.751,
142,bon,Aprobación definitiva de modificación de varios artículos del Plan municipal,NEGATIVO,False,,,Plan municipal: dominio B2,False,aprobación,[],[],0.98,"El texto menciona ""Aprobación definitiva de modificación de varios artículos del Plan municipal"", lo cual se refiere a un plan urbanístico o normativo general, no a una licitación, formalización, adjudicación, encargo a medio propio ni concesión de servicios/obras según la LCSP. No hay señales de contratación pública.",58.809,
143,boe,Anuncio de la Agencia Vasca del Agua sobre la información pública de una solicitud de autorización en el término municipal de Atxondo (Bizkaia).,NEGATIVO,False,,,Autorizacion en materia de aguas: dominio B1,False,información_pública,[],[],0.98,"Se trata de una autorización para un uso del agua (concesión administrativa/demanial sobre dominio público), no un acto contractual de la LCSP. El fragmento ""solicitud de autorización en el término municipal"" confirma que es gestión demanial y no contratación pública.",58.409,
144,bon,Aprobación inicial de presupuesto de 2025,NEGATIVO,False,,,Presupuesto municipal,False,aprobación,[],[],1.0,"La descripción ""Aprobación inicial de presupuesto de 2025"" hace referencia a un acto presupuestario y no a ningún tipo de contrato, licitación ni concesión pública según la LCSP. Por tanto, is_relevant=False y todas las categorías están vacías.",55.714,
145,dogv,"RESOLUCIÓN de 31 de enero de 2025, de la Dirección General de Administración Local, por la cual se corrige un error en el anexo III de la Resolución de 11 de octubre de 2024, por la que se procede a la publicación de las bases y convocatorias del concurso ordinario del año 2024 para la provisión de puestos de trabajo reservados al personal funcionario de Administración local con habilitación nacional.",NEGATIVO,False,,,Correccion bases concurso provision puestos funcionarios: RRHH,False,resolución,[],[],0.98,"La publicación es una resolución que corrige un error en bases de un ""concurso ordinario"" para la ""provisión de puestos de trabajo reservados al personal funcionario"", lo cual se clasifica como actividad de RRHH y no como contratación pública según las reglas. El fragmento clave es ""por la cual se corrige un error... concurso ordinario... provisión de puestos de trabajo"".",66.957,
146,boib,"Propuesta de resolución provisional del director general de Energía y Cambio Climático por la cual se deniegan subvenciones para la realización de instalaciones de autoconsumo con fuentes de energía renovable, con o sin almacenamiento, y la incorporación de almacenamiento en instalaciones de autoconsumo con fuentes de energía ya existentes, en el sector residencial, las administraciones públicas y el tercer sector, en el marco del Plan de Recuperación, Transformación y Resiliencia europeo (programas 4 y 5) NEXTG45",NEGATIVO,False,,,Denegacion subvenciones autoconsumo: dominio B3,False,resolución,[],[],0.98,"La publicación es una ""Propuesta de resolución... por la cual se deniegan subvenciones"", lo que identifica el acto como subvención y no como un acto contractual (licitación, adjudicación o concesión). Por tanto, is_relevant=False. El texto menciona explícitamente la denegación de ""subvenciones"", descartando cualquier otra interpretación.",56.449,
147,boe,"Resolución de 6 de marzo de 2025, de la Dirección General de Carreteras, por la que se publica el Convenio con el Ayuntamiento de Picanya, relativo a las actuaciones en materia de infraestructura viaria para hacer frente a los daños causados por la depresión aislada en niveles altos, DANA, entre el 28 de octubre y el 4 de noviembre de 2024.",NEGATIVO,False,,,Convenio interadministrativo infraestructura viaria DANA,False,resolución,[],[],0.98,"La publicación es una resolución relativa a un convenio con un Ayuntamiento por daños por DANA, pero no contiene indicios de contratación pública (licitación, formalización, adjudicación, encargo o concesión contractual). Se trata de gestión administrativa de emergencias, no de un acto de contratación sujeto a LCSP según las exclusiones.",53.191,
148,bor,Solicitud de licencia conjunta ambiental y de obras para peluquería de mascotas,NEGATIVO,False,,,Licencia ambiental y de obras: dominio B2,False,solicitud,[],[],0.98,"Se trata de una ""solicitud de licencia"" para un establecimiento (peluquería de mascotas), que es un trámite administrativo derivado de la actividad empresarial y no un acto de contratación pública según la LCSP. No contiene señales léxicas de licitaciones, formalizaciones, adjudicaciones ni concesiones administrativas.",49.426,
149,dog,"EXTRACTO de la Orden de 12 de febrero de 2025 por la que se establecen las bases reguladoras para la concesión de ayudas para proyectos al amparo de las estrategias de desarrollo local participativo (EDLP), aprobadas a los grupos de acción local del sector pesquero (GALP) en el marco del Fondo Europeo Marítimo, de Pesca y de Acuicultura 2021-2027, y se convocan las correspondientes al año 2025 (código de procedimiento PE155A).",NEGATIVO,False,,,Bases y convocatoria ayudas GALP: dominio B3,False,orden,[],[],1.0,"El texto describe ""concesión de ayudas"" en el marco del Fondo Europeo, lo que la clasifica como subvención y no como contratación pública bajo la LCSP. Además, aunque usa el término ""concesión"", se refiere a ayuda financiera y no a una concesión administrativa o contractual de servicios u obras.",52.461,
