id,bulletin,description,grupo_muestreo,is_relevant_gt,categories_gt,subcategories_gt,notas_anotador,is_relevant_pred,act_type_pred,categories_pred,subcategories_pred,confidence,reasoning,duration_s,error
0,boe,Anuncio de formalización de contratos de: Jefatura de la Sección Económico Administrativa 22 - Base Aérea de Torrejón (Agrupación de Base). Objeto: Concesión de servicios Cafetería ALA 12. Expediente: 2024/EA22/00001943E.,CONT_CON,True,"CONT_FOR, CONT_CON",tipo_servicios,Formalizacion de concesion de servicios cafeteria,True,anuncio,"[""CONT_FOR"", ""CONT_CON""]","[""tipo_servicios""]",0.98,"El texto indica claramente ""Anuncio de formalización de contratos"" (señal de CONT_FOR) y el objeto es una ""Concesión de servicios Cafetería ALA 12"", lo que confirma la categoría CONT_CON. La prestación se refiere a servicios de cafetería, clasificándose como tipo_servicios.",80.824,
1,bocyl,"RESOLUCIÓN de 7 de enero de 2025, de la Dirección General de Transportes y Logística, por la que se hace pública la transmisión de la titularidad del contrato de concesión de servicio público de transporte regular y de uso general de viajeros por carretera, entre Castronuño y Toro (VACL-152), prestados por la empresa «Antonio Expósito Lucas» a favor de la empresa «Castaño e Hijos, S.L.».",CONT_CON,True,CONT_CON,tipo_servicios,Transmision de titularidad de contrato de concesion de transporte,True,resolución,"[""CONT_CON"", ""CONT_ADJ""]","[""tipo_servicios""]",0.95,"El texto describe la ""transmisión de la titularidad del contrato de concesión de servicio público de transporte"", lo que indica claramente un acto de contratación pública (CONT_CON). La frase ""se hace pública la transmisión... entre"" junto con el cambio de empresa adjudicataria (""Antonio Expósito Lucas"" a ""Castaño e Hijos, S.L."") es una clara señal de adjudicación del contrato (CONT_ADJ). El objeto es transporte de viajeros por carretera, lo que define la subcategoría tipo_servicios.",73.054,
2,bor,Exposición pública del estudio de viabilidad económico-financiera para la concesión de servicio de gestión de las piscinas municipales,CONT_CON,True,CONT_CON,tipo_servicios,Estudio de viabilidad previo a concesion de servicio piscinas,True,información_pública,"[""CONT_CON""]",[],0.95,"El texto describe una ""Exposición pública del estudio de viabilidad... para la concesión de servicio"", lo que identifica claramente el objeto como una concesión de servicio público (piscinas municipales). La categoría CONT_CON es aplicable según las señales ""concesión de servicio"" y ""estudio de viabilidad"". No se menciona la palabra ""obras"" ni ""suministros"", por lo que no se asigna ninguna subcategoría específica, aunque el objeto implícito es un contrato de concesión de servicios.",69.419,
3,boe,Anuncio de licitación de: Jefatura de Asuntos Económicos de la Fuerza Terrestre. Objeto: Concesión de servicio del Bar-Cafetería para el Establecimiento Plaza España. Expediente: 2025/ETSAE0206/00000005E.,CONT_CON,True,"CONT_LIC, CONT_CON",tipo_servicios,Licitacion de concesion de servicio bar-cafeteria,True,anuncio,"[""CONT_LIC"", ""CONT_CON""]","[""tipo_servicios""]",0.98,"El texto anuncia una licitación de la Jefatura de Asuntos Económicos (""Anuncio de licitación de:""), y el objeto es explícitamente una ""Concesión de servicio"" del Bar-Cafetería. Cumple con las reglas críticas para CONT_CON (presencia de ""concesión"" en el objeto) y CONT_LIC (anuncia la licitación). El tipo de prestación es servicios (gestión de cafetería).",69.051,
4,borm,Información pública para la aprobación inicial del anteproyecto de construcción y explotación del contrato de concesión del servicio publico de abastecimiento de agua potable y saneamiento del municipio de Alcantarilla.,CONT_CON,True,CONT_CON,"tipo_obras, tipo_servicios",Anteproyecto de construccion y explotacion de concesion de agua,False,,,,,,129.68,UnexpectedModelBehavior
5,boe,Anuncio de formalización de contratos de: Dirección del Instituto de Astrofísica de Canarias. Objeto: Contrato de concesión del servicio de explotación de la cafetería-comedor de la Sede Central del Instituto de Astrofísica de Canarias. Expediente: LIC-24-018.,CONT_CON,True,"CONT_FOR, CONT_CON",tipo_servicios,Formalizacion de concesion de servicio cafeteria-comedor,True,anuncio,"[""CONT_FOR"", ""CONT_CON""]","[""tipo_servicios""]",0.98,"El texto comienza con ""Anuncio de formalización de contratos"", lo que indica claramente la categoría CONT_FOR. Además, el objeto especifica ""Contrato de concesión del servicio..."", cumpliendo los requisitos para la categoría CONT_CON según las reglas críticas (presencia de la palabra ""concesión"" en el objeto del contrato). El tipo de prestación es servicios (""explotación de la cafetería-comedor"").",66.128,
6,boe,"Anuncio de licitación de: Presidencia de la Agencia Estatal Consejo Superior de Investigaciones Científicas, M.P. Objeto: Concesión del servicio de cafetería-comedor destinado al Centro Nacional de Biotecnología de la Agencia Estatal Consejo Superior de Investigaciones Científicas. Expediente: CAF1/25.",CONT_CON,True,"CONT_LIC, CONT_CON",tipo_servicios,Licitacion de concesion de servicio cafeteria,True,anuncio,"[""CONT_LIC"", ""CONT_CON""]","[""tipo_servicios""]",0.98,"El texto indica claramente ""Anuncio de licitación"" (disparador CONT_LIC) y el objeto es una ""Concesión del servicio de cafetería-comedor"" (disparador CONT_CON). El fragmento clave es ""Concesión del servicio"", lo que confirma que no es una concesión demanial sino una prestación de servicios bajo la LCSP.",64.743,
7,borm,Información pública para la aprobación inicial de la estructura de costes del contrato de concesión del servicio público de abastecimiento de agua potable y saneamiento del municipio de Alcantarilla.,CONT_CON,True,CONT_CON,tipo_servicios,Estructura de costes de concesion de servicio de agua,True,información_pública,"[""CONT_CON""]",[],0.98,"El texto menciona explícitamente ""contrato de concesión del servicio público de abastecimiento de agua potable"", lo que activa la categoría CONT_CON según el objeto contractual (abastecimiento de agua, que es una concesión de servicios bajo LCSP y no demanial). El acto es de información pública sobre la estructura de costes preparatoria. No se infiere subcategoría porque solo se menciona ""contrato de concesión"" sin especificar si son obras o servicios, aunque el contexto de ""abastecimiento"" suele ser servicio, pero la regla exige certeza en el objeto para N3; aquí la descripción es ambigua sobre el tipo de prestación específico más allá del término concesión.",80.251,
8,docm,"Resolución de 25/02/2025, de la Secretaría General, por la que se dispone la publicación del convenio de colaboración entre la Consejería de Fomento de la comunidad autónoma de Castilla-La Mancha y el Ayuntamiento de Olías del Rey para la implantación del transporte público regular de viajeros en autobús según contrato de concesión del servicio público de transporte regular de viajeros de uso general por carretera en determinadas zonas rurales de la provincia de Toledo: VCM-631 Olías del Rey-Toledo.",CONT_CON,False,,,Convenio interadministrativo sobre servicio en concesion existente: no es acto contractual,True,resolución,"[""CONT_CON""]","[""tipo_servicios""]",0.98,"El texto es una Resolución que dispone la publicación de un convenio que formaliza ""contrato de concesión del servicio público de transporte regular de viajeros"", lo que activa la categoría CONT_CON por la palabra clave ""concesión"" en el objeto del contrato. La subcategoría es tipo_servicios al tratarse del servicio de transporte.",63.856,
9,bopa,Edicto. Trámite de audiencia a la iniciativa privada para presentar estudios de viabilidad a la concesión de obra de un nuevo aparcamiento bajo la Plaza de la Escandalera de Oviedo. Expte. 1100-0001-2024/14. [Cód. 2025-01895],CONT_CON,True,CONT_CON,tipo_obras,Tramite de audiencia estudios viabilidad concesion de obra aparcamiento,True,edicto,"[""CONT_CON""]","[""tipo_obras""]",0.95,"El texto menciona ""concesión de obra"" y ""estudio de viabilidad"", lo que indica un acto preparatorio de una concesión (CONT_CON) relativo a obras para construcción o reforma (tipo_obras). La palabra clave ""concesión de obra"" dispara la categoría CONT_CON y el objeto físico ""aparcamiento bajo..."" confirma tipo_obras.",64.634,
10,boja,"Resolución de 24 de febrero de 2025, de la Dirección Gerencia del Servicio Andaluz de Salud, por la que se acuerda publicar la propuesta de estructura de costes y fórmula de revisión de las tarifas para la explotación de los aparcamientos que formarán parte del contrato mixto de contratación de las obras del Nuevo Hospital de Málaga y concesión de obras de los aparcamientos.",CONT_CON,True,CONT_CON,tipo_obras,Estructura de costes de contrato mixto obras y concesion de obras,True,resolución,"[""CONT_CON""]","[""tipo_obras""]",0.95,"El texto menciona explícitamente ""concesión de obras de los aparcamientos"" como parte del objeto del contrato, lo que activa la categoría CONT_CON. Además, se refiere al contrato mixto de contratación de las obras, lo que indica también tipo_obras.",63.986,
11,boe,"Anuncio de licitación de: Jefatura de Asuntos Económicos del Mando de Personal. Objeto: Concesión de servicio de campamentos estivales de ocio, tiempo libre y deportes en el CDSCM ""La Dehesa"" de Madrid. Expediente: 2024/ETSAE0905/00004280E.",CONT_CON,True,"CONT_LIC, CONT_CON",tipo_servicios,Licitacion de concesion de servicio campamentos,True,anuncio,"[""CONT_LIC"", ""CONT_CON""]","[""tipo_servicios""]",0.95,"El texto indica claramente ""Anuncio de licitación"" (CONT_LIC) y el objeto es una ""Concesión de servicio"" (CONT_CON), que cumple con la regla específica para contratos de concesión en LCSP. Se trata de un contrato de prestación de servicios (campamentos estivales).",55.048,
12,boe,"Anuncio de licitación de: Subsecretaría de Política Territorial y Memoria Democrática. Objeto: Concesión de servicios para la instalación, explotación y mantenimiento de máquinas vending en el Ministerio de Política Territorial y Memoria Democrática . Expediente: 03/2025.",CONT_CON,True,"CONT_LIC, CONT_CON",tipo_servicios,Licitacion de concesion de servicios vending,True,anuncio,"[""CONT_LIC"", ""CONT_CON""]","[""tipo_servicios""]",0.98,"El texto es un ""Anuncio de licitación"" (señal para CONT_LIC) del objeto ""Concesión de servicios"", que confirma la categoría CONT_CON y que se trata de prestación de tipo_servicios por tratarse de máquinas vending.",50.658,
13,boe,Anuncio de formalización de contratos de: Dirección General de Protección Civil y Emergencias. Objeto: Concesión del servicio de cafetería y comedor en la Escuela Nacional de Protección Civil con fomento de la contratación social laboral responsable. Expediente: 24A030.,CONT_CON,True,"CONT_FOR, CONT_CON",tipo_servicios,Formalizacion de concesion de servicio cafeteria,True,anuncio,"[""CONT_FOR"", ""CONT_CON""]","[""tipo_servicios""]",0.98,"El texto dice explícitamente ""Anuncio de formalización de contratos"", lo que indica CONT_FOR. Además, el objeto es ""Concesión del servicio de cafetería..."", cumpliendo con la definición de CONT_CON para contratos de concesión de servicios (no demanial). La subcategoría es tipo_servicios por el objeto del contrato.",55.044,
14,boe,Anuncio de licitación de: Intendente de San Fernando. Objeto: Contrato de concesión de servicio de las escuelas de baile para el CDSCA Oficiales. Expediente: 2025/AR43U/00000265E.,CONT_CON,True,"CONT_LIC, CONT_CON",tipo_servicios,Licitacion de contrato de concesion escuelas de baile,True,anuncio,"[""CONT_LIC"", ""CONT_CON""]","[""tipo_servicios""]",0.95,"Es un ""Anuncio de licitación"" explícito (CONT_LIC) cuyo objeto es un ""Contrato de concesión de servicio de las escuelas de baile"", lo que cumple los requisitos para CONT_CON. La prestación es de servicios educativos/culturales, por lo que se clasifica como tipo_servicios.",53.569,
15,bocm,"Adjudicación contrato
– Anuncio de 6 de febrero de 2025, de adjudicación del contrato titulado “Acuerdo marco para el suministro de material hardware/software informático de puesto cliente” (Expediente 6012400340)",CONT_ADJ,True,CONT_ADJ,tipo_suministros,Adjudicacion AM suministro hardware,True,anuncio,"[""CONT_ADJ""]","[""tipo_suministros""]",0.95,"El texto menciona explícitamente ""Adjudicación contrato"" y ""anuncio de... adjudicación del contrato"", lo que define el acto como una adjudicación (CONT_ADJ). El objeto es ""suministro de material hardware/software informático"", lo cual corresponde a la prestación de suministros.",52.242,
16,bocm,"Convocatoria contrato
– Resolución de 4 de marzo de 2025, de la Secretaría General Técnica de la Consejería de Economía, Hacienda y Empleo, por la que se dispone la publicación en los boletines oficiales y en el “perfil del contratante” en Internet, de la licitación para la adjudicación del contrato titulado Programa de formación online en competencias digitales dirigidas al sector turístico en el marco del Componente 19 “Plan Nacional de competencias digitales (digital skills)”, con cargo al Plan de Recuperación, Transformación y Resiliencia del Gobierno de España, financiado por la Unión Europea NextGeneration EU",CONT_ADJ,True,CONT_LIC,tipo_servicios,Publicacion de licitacion para adjudicar: fase licitacion. Formacion online,True,convocatoria,"[""CONT_LIC""]","[""tipo_servicios""]",0.98,"La publicación es una ""Convocatoria"" para la adjudicación de un contrato titulado ""Programa de formación online en competencias digitales"", lo que corresponde a una licitación (CONT_LIC). El objeto es la prestación de servicios formativos (tipo_servicios). Aunque el texto menciona fondos europeos y programas nacionales, el acto es claramente la apertura a licitación de un contrato público, no una subvención.",59.898,
17,bocm,"Convocatoria contrato
– Resolución de 8 de enero de 2025, de la Secretaría General Técnica de la Consejería de Cultura, Turismo y Deporte, por la que se dispone la publicación de la licitación en los boletines oficiales y en el “perfil del contratante”, en Internet, de la adjudicación del contrato titulado “Gestión integral de los Teatros del Canal de Madrid, incluido el Centro Coreográfico Canal, y del Teatro Auditorio de San Lorenzo de El Escorial”",CONT_ADJ,True,CONT_LIC,tipo_servicios,Publicacion de licitacion: fase licitacion. Gestion teatros,True,convocatoria,"[""CONT_LIC""]","[""tipo_servicios""]",0.95,"El texto es una ""Convocatoria"" para la licitación de un contrato de titularidad estatal. La palabra clave ""licitación en los boletines oficiales"" y ""adjudicación del contrato"" activa la categoría CONT_LIC. El objeto, ""Gestión integral de los Teatros"", implica servicios de mantenimiento y gestión cultural, por lo que se añade tipo_servicios. No hay mención de ""concesión"".",60.266,
18,boja,"Resolución de 24 de marzo de 2025, del Rector de la Universidad de Granada, por la que se añade una plaza a las convocadas por Resolución de 19 de marzo de 2025, del Rector de la Universidad de Granada, por la que se convoca concurso público para la adjudicación de contratos de Profesorado Permanente Laboral.",CONT_ADJ,False,,,Adjudicacion de contratos de profesorado: RRHH universitario,False,resolución,[],[],1.0,"El texto menciona la ""adjudicación de contratos de Profesorado Permanente Laboral"", que es un proceso de contratación personal (RRHH) para nombramientos docentes, no un contrato de prestación de servicios o suministros bajo la LCSP. Por tanto, no es relevante para el dominio de contratación pública administrativa según las reglas dadas.",52.922,
19,bocm,"Convocatoria contrato
– Resolución de 12 de febrero de 2025, de la Secretaría General Técnica de la Consejería de Economía, Hacienda y Empleo, por la que se dispone la publicación en los boletines oficiales y en el “perfil del contratante” en Internet de la licitación para la adjudicación del contrato titulado prevención y control de legionelosis en dependencias adscritas a la Consejería de Economía, Hacienda y Empleo de la Comunidad de Madrid",CONT_ADJ,True,CONT_LIC,tipo_servicios,Licitacion para adjudicacion contrato legionelosis,True,convocatoria,"[""CONT_LIC""]","[""tipo_servicios""]",0.98,"El texto es una ""Convocatoria"" para una ""licitación"" para la ""adjudicación del contrato titulado prevención y control de legionelosis"", lo que encaja claramente con la categoría CONT_LIC (señales: ""convocatoria"", ""licitación""). El objeto del contrato es la ""prevención y control de legionelosis"", una actividad de mantenimiento higiénico-sanitario que se clasifica como tipo_servicios. La fecha y el organismo emisor confirman que se trata de un acto de contratación pública bajo la LCSP, no de una subvención o concesión demanial.",69.195,
20,boja,"Resolución de 7 de marzo de 2025, del Rector de la Universidad de Granada, por la que se convoca Concurso Público para la adjudicación de contratos de Profesores Ayudantes Doctores para el curso 2024/2025 en el campus de Granada.",CONT_ADJ,False,,,Concurso publico contratos Profesores Ayudantes Doctores: RRHH,False,resolución,[],[],1.0,"La descripción menciona ""Concurso Público para la adjudicación de contratos"" pero el contexto es claramente de personal (""Profesores Ayudantes Doctores""). Según las reglas, los concursos para plazas o puestos de personal son exclusividad de RRHH y no entran en el dominio de la contratación pública LCSP.",50.708,
21,bocm,"Adjudicación contrato
– Anuncio de 26 de diciembre de 2024, de adjudicación del contrato titulado “Suministro de bandajes para el mantenimiento de ruedas elásticas de los vehículos de material móvil de Metro de Madrid” (Expediente 6012400321)",CONT_ADJ,True,CONT_ADJ,tipo_suministros,Adjudicacion contrato suministro bandajes,True,anuncio,"[""CONT_ADJ""]","[""tipo_suministros""]",0.98,"El texto indica explícitamente ""adjudicación del contrato titulado 'Suministro de bandajes...'"", lo que activa la etiqueta CONT_ADJ para una adjudicación de contrato. El objeto es el ""Suministro de bandajes"", que claramente corresponde a una prestación de suministros (tipo_suministros).",53.08,
22,boja,"Resolución de 8 de enero de 2025, de la Empresa Pública para la Gestión del Turismo y del Deporte de Andalucía, S.A., por la que se publica la adjudicación de contratos de publicidad institucional, correspondientes al tercer cuatrimestre del año 2024.",CONT_ADJ,True,CONT_ADJ,tipo_servicios,Adjudicacion contratos publicidad institucional,True,resolución,"[""CONT_ADJ""]","[""tipo_servicios""]",0.98,"El texto es una ""Resolución"" que publica la ""adjudicación de contratos de publicidad institucional"". Esto encaja perfectamente con la categoría CONT_ADJ (adjudicación de un contrato). La naturaleza del objeto (""publicidad institucional"") lo clasifica como tipo_servicios.",51.041,
23,boja,"Resolución de 16 de enero de 2025, de la Secretaría General Técnica, por la que se hace pública la adjudicación de contratos relativos a publicidad institucional y la concesión de ayudas, subvenciones y convenios en materia de actividad publicitaria, correspondiente al tercer cuatrimestre del año 2024.",CONT_ADJ,True,CONT_ADJ,tipo_servicios,Adjudicacion contratos publicidad. Menciona tambien ayudas y convenios,True,resolución,"[""CONT_ADJ""]","[""tipo_servicios""]",0.98,"La publicación es una ""Resolución... por la que se hace pública la adjudicación de contratos"" relativos a publicidad institucional, lo que encaja claramente en CONT_ADJ. Aunque el texto menciona concesión de ayudas y subvenciones como parte del acto de transparencia, la naturaleza contractual de los servicios publicitarios define la etiqueta principal, tal como indican los ejemplos proporcionados.",55.623,
24,boja,"Anuncio de 24 de enero de 2025, de la Comunidad de Regantes Llanos de Dalías, de adjudicación del contrato de obras del proyecto que se cita. (PP. 168/2025).",CONT_ADJ,True,CONT_ADJ,tipo_obras,Adjudicacion contrato de obras por comunidad de regantes,True,anuncio,"[""CONT_ADJ""]","[""tipo_obras""]",0.95,"El texto indica claramente ""adjudicación del contrato de obras"" (frase exacta), lo que corresponde a la etiqueta CONT_ADJ, y el objeto es ""obras"", por tanto tipo_obras. La referencia al ""proyecto"" y ""PP. 168/2025"" confirma que se trata de un acto administrativo de contratación pública relevante según LCSP.",56.158,
25,boja,"Resolución de 24 de enero de 2025, de la Secretaría General Técnica, por la que se hace pública la adjudicación de contratos relativos a publicidad institucional y la concesión de ayudas, subvenciones y convenios en materia de actividad publicitaria, correspondiente al 3.er cuatrimestre del año 2024.",CONT_ADJ,True,CONT_ADJ,tipo_servicios,Adjudicacion contratos publicidad institucional,True,resolución,"[""CONT_ADJ""]","[""tipo_servicios""]",0.95,"El texto indica explícitamente ""adjudicación de contratos"" sobre publicidad institucional, que es un servicio, lo cual cumple con la etiqueta CONT_ADJ y subcategoría tipo_servicios. La mención a la concesión de ayudas se considera información adicional y no anula la naturaleza contractual del acto principal según las reglas de clasificación.",53.757,
26,bocm,"Adjudicación contrato
– Anuncio de 19 de febrero de 2025, de adjudicación del contrato titulado “Servicio de revisión y reparación de balonas de suspensión secundaria de las series 6000, 8000 y 3000”. (Expediente 6012400218)",CONT_ADJ,True,CONT_ADJ,tipo_servicios,Adjudicacion contrato servicio reparacion,True,anuncio,"[""CONT_ADJ""]","[""tipo_servicios""]",0.98,"El texto menciona explícitamente ""Adjudicación contrato"" y ""Anuncio de... adjudicación del contrato"", lo que encaja claramente con la etiqueta CONT_ADJ. El objeto del contrato es ""Servicio de revisión y reparación"", que corresponde a una prestación de servicios (tipo_servicios). No hay mención de concesión, por lo que no se aplica CONT_CON.",56.495,
27,bocm,"Adjudicación contrato
– Anuncio de 21 de marzo de 2025, de adjudicación del contrato titulado “Acuerdo marco para el suministro de repuestos de comunicaciones para el mantenimiento de las instalaciones y del material móvil de Metro de Madrid”. (Expediente 6012400378)",CONT_ADJ,True,CONT_ADJ,tipo_suministros,Adjudicacion AM suministro repuestos,True,anuncio,"[""CONT_ADJ""]","[""tipo_suministros""]",0.95,"Texto: ""Adjudicación contrato... Anuncio de... adjudicación del contrato titulado 'Acuerdo marco para el suministro de repuestos'"". La palabra ""suministro"" indica tipo_suministros y el acto es anuncio de adjudicación (CONT_ADJ).",50.781,
28,bocm,"Adjudicación contrato
– Anuncio de 13 de febrero de 2025, de adjudicación del contrato titulado “Servicio de mantenimiento del sistema de atención telefónica avanzada del Centro de Operaciones de Mantenimiento y Monitorización de Instalaciones y Telecomunicaciones (COMMIT)”. (Expediente 6012400400)",CONT_ADJ,True,CONT_ADJ,tipo_servicios,Adjudicacion contrato mantenimiento,True,anuncio,"[""CONT_ADJ""]","[""tipo_servicios""]",0.98,"El texto indica ""Adjudicación contrato"" y específicamente ""anuncio de adjudicación del contrato"", lo cual corresponde a la etiqueta CONT_ADJ. El objeto es un ""Servicio de mantenimiento..."", que identifica el subtipo como tipo_servicios.",50.282,
29,bocm,"Adjudicación contrato
– Anuncio de 28 de enero de 2025, de adjudicación del contrato titulado “Acuerdo marco para servicios de asistencia a la redacción de proyectos de ingeniería civil y arquitectura y/o elaboración de informes técnicos asociados a las actividades del servicio de infraestructuras y estaciones de Metro de Madrid” (expediente 6012400310)",CONT_ADJ,True,CONT_ADJ,tipo_servicios,Adjudicacion AM servicios redaccion proyectos,True,anuncio,"[""CONT_ADJ""]","[""tipo_servicios""]",0.98,"El texto indica ""Anuncio de... adjudicación del contrato titulado..."", lo que activa la etiqueta CONT_ADJ por la frase explícita ""adjudicación del contrato"". El objeto descrito es ""servicios de asistencia a la redacción... y elaboración de informes técnicos"", identificándolo claramente como tipo_servicios. La mención de Metro de Madrid no implica concesión demanial, sino contratación pública ordinaria de servicios profesionales.",59.85,
30,bon,Encomienda de gestión para recuperar la infraestructura-trazado de la Vía Verde del Bidasoa en el tramo Doneztebe / Santesteban-Elizondo y disponer de dicho espacio como vial público,CONT_ENC,True,CONT_ENC,tipo_obras,Encomienda de gestion recuperacion via verde,True,acuerdo,"[""CONT_ENC""]",[],0.95,"La descripción contiene explícitamente la expresión ""Encomienda de gestión"", que según las reglas define la categoría CONT_ENC. El objeto (infraestructura-vial) no permite inferir una subcategoría clara en el momento, por lo que se mantiene la lista vacía.",50.128,
31,dogv,ANUNCIO de la encomienda de gestión del Ajuntament de Teulada de autoliquidaciones en Suma Gestión Tributaria. Diputación de Alicante.,CONT_ENC,True,CONT_ENC,tipo_servicios,Encomienda de gestion tributaria a Suma,True,anuncio,"[""CONT_ENC""]",[],0.98,"El texto menciona explícitamente ""ANUNCIO de la encomienda de gestión"", lo que activa la categoría CONT_ENC según las señales definidas (""encarga a un medio propio o encomienda gestión""). No se infiere el tipo de prestación (servicios, obras o suministros) del objeto ""autoliquidaciones en Suma Gestión Tributaria"".",53.539,
32,dogv,"RESOLUCIÓN de 21 de febrero de 2025, de la Dirección General de Relaciones con Les Corts, por la que se publica el convenio de encomienda de gestión por el que la Agencia Valenciana de Seguridad y Respuesta a las Emergencias encarga al Ayuntamiento de Sagunto la actividad de instrucción policial en los cursos de acceso a las distintas escalas y categorías de policía local organizados por el Instituto Valenciano de Seguridad Pública y Emergencias (IVASPE).",CONT_ENC,True,CONT_ENC,tipo_servicios,Convenio encomienda instruccion policial,True,resolución,"[""CONT_ENC""]",[],0.95,"El texto menciona explícitamente ""convenio de encomienda de gestión"" en el objeto, lo cual corresponde a la categoría CONT_ENC según la taxonomía. No se identifica un tipo específico de prestación (obras, servicios o suministros) en la descripción proporcionada.",52.112,
33,bopa,"Resolución de 13 de marzo de 2025, de la Consejería de Presidencia, Reto Demográfico, Igualdad y Turismo, por la que se ordena la publicación del Convenio de colaboración entre la Administración del Principado de Asturias, a través de la Consejería de Derechos Sociales y Bienestar, y el Ayuntamiento de Llanera por el que se establece el marco de cooperación para el desarrollo de las prestaciones sociales del Sistema Público de Servicios Sociales y la encomienda de gestión de la prestación del servicio de ayuda a domicilio y teleasistencia a personas en situación de dependencia del Sistema para la Autonomía y Atención a la Dependencia durante los ejercicios 2024 a 2027. [Cód. 2025-02293]",CONT_ENC,True,CONT_ENC,tipo_servicios,Convenio con encomienda de gestion ayuda a domicilio,True,resolución,"[""CONT_ENC""]","[""tipo_servicios""]",0.98,"La publicación es una Resolución que establece la ""encomienda de gestión"" del servicio de ayuda a domicilio y teleasistencia, lo cual encaja con la categoría CONT_ENC. El objeto es claramente un servicio social (ayuda a domicilio, teleasistencia), por lo que subcategoría tipo_servicios. Aunque menciona ""Convenio de colaboración"", las reglas indican que si hay encomienda de gestión, es CONT_ENC.",62.355,
34,bopa,"Resolución de 13 de marzo de 2025, de la Consejería de Presidencia, Reto Demográfico, Igualdad y Turismo, por la que se ordena la publicación del Convenio de colaboración entre la Administración del Principado de Asturias, a través de la Consejería de Derechos Sociales y Bienestar, y el Ayuntamiento de Tineo por el que se establece el marco de cooperación para el desarrollo de las prestaciones sociales del Sistema Público de Servicios Sociales y la encomienda de gestión de la prestación del servicio de ayuda a domicilio y teleasistencia a personas en situación de dependencia del Sistema para la Autonomía y Atención a la Dependencia durante los ejercicios 2024 a 2027. [Cód. 2025-02320]",CONT_ENC,True,CONT_ENC,tipo_servicios,Convenio con encomienda de gestion ayuda a domicilio,True,resolución,"[""CONT_ENC""]","[""tipo_servicios""]",0.95,"La publicación es una ""Resolución"" que establece una ""encomienda de gestión"" del servicio de ayuda a domicilio y teleasistencia, conforme al punto 4 de las reglas críticas donde el convenio que formaliza una encomienda ES CONT_ENC. El objeto es prestación de servicios sociales (tipo_servicios).",52.162,
35,boe,"Resolución de 9 de enero de 2025, de la Secretaría General Técnica, por la que se publica el Convenio de encomienda de gestión entre la Dirección General de la Guardia Civil y la Comunidad de Castilla y León, para la vigilancia y protección de los edificios e instalaciones del complejo donde se ubica la sede de la Presidencia de la Junta de Castilla y León.",CONT_ENC,True,CONT_ENC,tipo_servicios,Encomienda de gestion vigilancia edificios,True,resolución,"[""CONT_ENC""]","[""tipo_servicios""]",0.98,"El texto menciona explícitamente ""Convenio de encomienda de gestión"" para la ""vigilancia y protección"", lo que identifica inequívocamente una acción de CONT_ENC. El objeto es un servicio (vigilancia y protección), por lo que se incluye tipo_servicios.",49.424,
36,dogv,"RESOLUCIÓN de 16 de enero de 2025, de la Dirección General de Relaciones con Les Corts, por la que se publica el convenio de encomienda de gestión por el que la Agencia Valenciana de Seguridad y Respuesta a las Emergencias encarga al Ayuntamiento de Elche la actividad de instrucción policial en los cursos de acceso a las distintas escalas y categorías de policía local organizados por el Instituto Valenciano de Seguridad Pública y Emergencias (IVASPE).",CONT_ENC,True,CONT_ENC,tipo_servicios,Convenio encomienda instruccion policial,True,resolución,"[""CONT_ENC""]",[],0.98,"El texto menciona explícitamente ""convenio de encomienda de gestión"" y que la agencia ""encarga... la actividad"". Esto cumple con las señales para CONT_ENC: ""encargo a medio propio"" o ""encomienda de gestión"", incluso si se publica como convenio. El objeto es instrucción policial, un servicio, pero no hay datos suficientes en el fragmento para inferir una subcategoría específica (aunque sería 'tipo_servicios', la descripción es breve).",59.67,
37,bon,Encomienda de gestión para recuperar la infraestructura-trazado de la Vía Verde del Bidasoa en el tramo Doneztebe / Santesteban-Elizondo y disponer de dicho espacio como vial público,CONT_ENC,True,CONT_ENC,tipo_obras,Encomienda de gestion via verde. Duplicado del id 30,True,convenio,"[""CONT_ENC""]",[],0.95,"La publicación es una ""encomienda de gestión"" que se formaliza mediante un convenio (como indica la regla 4). La etiqueta correcta para la encomienda gestionada a través de un convenio es CONT_ENC. Como no hay términos específicos en el objeto (""recuperar infraestructura... y disponer como vial público"") que permitan inferir si son obras, servicios o suministros sin ambigüedad, se deja subcategorías vacía. El fragmento clave es: ""Encomienda de gestión para recuperar la infraestructura-trazado..."".",113.124,
38,bopa,"Resolución de 13 de marzo de 2025, de la Consejería de Presidencia, Reto Demográfico, Igualdad y Turismo, por la que se ordena la publicación del Convenio de colaboración entre la Administración del Principado de Asturias, a través de la Consejería de Derechos Sociales y Bienestar y el Ayuntamiento de San Tirso de Abres por el que se establece el marco de cooperación para el desarrollo de las prestaciones sociales del Sistema Público de Servicios Sociales y la encomienda de gestión de la prestación del servicio de ayuda a domicilio y teleasistencia a personas en situación de dependencia del Sistema para la Autonomía y Atención a la Dependencia durante los ejercicios 2024 a 2027. [Cód. 2025-02238]",CONT_ENC,True,CONT_ENC,tipo_servicios,Convenio con encomienda de gestion ayuda a domicilio,True,resolución,"[""CONT_ENC""]","[""tipo_servicios""]",0.98,"El texto menciona explícitamente ""encomienda de gestión de la prestación del servicio de ayuda a domicilio y teleasistencia"", lo que encaja perfectamente con la categoría CONT_ENC (encargo a un medio propio o encomienda de gestión). El fragmento clave es: ""la encomienda de gestión de la prestación del servicio"". Además, se trata de servicios sociales (ayuda a domicilio, teleasistencia), por lo que la subcategoría es tipo_servicios.",60.56,
39,bopv,"RESOLUCIÓN 22/2025, de 25 de febrero, del Director de la Secretaría del Gobierno y de Relaciones con el Parlamento, por la que se dispone la publicación del acuerdo por el que se autoriza la suscripción de la prórroga, para el año 2025, del Acuerdo de encomienda de gestión suscrito con el Instituto de Alfabetización y Reeuskaldunización de Adultos, HABE, para la enseñanza del euskera a alumnos presos en centros penitenciarios de la Comunidad Autónoma del País Vasco.

				
2025/01015",CONT_ENC,True,CONT_ENC,tipo_servicios,Prorroga de encomienda de gestion: hereda CONT_ENC. Euskera presos,True,resolución,"[""CONT_ENC""]",[],0.98,"La descripción menciona explícitamente la ""encomienda de gestión"" en el objeto del acuerdo (""Acuerdo de encomienda de gestión suscrito...""). La publicación es una resolución que dispone publicar el acuerdo de prórroga de dicha encomienda, por lo que se clasifica como CONT_ENC. El objeto (enseñanza del euskera a alumnos presos) es un servicio, pero al ser una encomienda de gestión y no una concesión, la subcategoría tipo_servicios no aplica según las reglas críticas definidas para actos N3 en este contexto específico.",63.695,
40,bopa,"Resolución de 13 de marzo de 2025, de la Consejería de Presidencia, Reto Demográfico, Igualdad y Turismo, por la que se ordena la publicación del Convenio de colaboración entre la Administración del Principado de Asturias, a través de la Consejería de Derechos Sociales y Bienestar, y el Ayuntamiento de Degaña por el que se establece el marco de cooperación para el desarrollo de las prestaciones sociales del Sistema Público de Servicios Sociales y la encomienda de gestión de la prestación del servicio de ayuda a domicilio y teleasistencia a personas en situación de dependencia del Sistema para la Autonomía y Atención a la Dependencia durante los ejercicios 2024 a 2027. [Cód. 2025-02287]",CONT_ENC,True,CONT_ENC,tipo_servicios,Convenio con encomienda de gestion ayuda a domicilio,True,resolución,"[""CONT_ENC""]",[],0.95,"La publicación es una ""Resolución"" por la que se ordena publicar un convenio que incluye explícitamente ""la encomienda de gestión del servicio de ayuda a domicilio y teleasistencia"", lo cual encuadra la actuación como encargo a medio propio o gestión. El objeto es el desarrollo de prestaciones sociales, pero el acto administrativo relevante es la encomienda de gestión, no una subvención ni un concierto sanitario simple.",56.404,
41,boe,"Resolución de 5 de febrero de 2025, de la Secretaría General Técnica, por la que se publica el Convenio por el que se formaliza la encomienda de gestión al Ayuntamiento de Villanueva del Arzobispo, para la ejecución de obras de reforma y rehabilitación de la casa-cuartel de la Guardia Civil de titularidad estatal radicada en el municipio en el marco del Programa de Fomento de Empleo Agrario.",CONT_ENC,True,CONT_ENC,tipo_obras,Encomienda de gestion ejecucion obras casa-cuartel,True,resolución,"[""CONT_ENC""]","[""tipo_obras""]",0.95,"El texto menciona ""formaliza la encomienda de gestión"" a un Ayuntamiento para ejecución de ""obras de reforma y rehabilitación"", lo que cumple los criterios de CONT_ENC (encargo a medio propio) y tipo_obras por el objeto ""reforma y rehabilitación de casa-cuartel"".",50.262,
42,bopa,"Resolución de 13 de marzo de 2025, de la Consejería de Presidencia, Reto Demográfico, Igualdad y Turismo, por la que se ordena la publicación del Convenio de colaboración entre la Administración del Principado de Asturias, a través de la Consejería de Derechos Sociales y Bienestar, y el Ayuntamiento de Castrillón por el que se establece el marco de cooperación para el desarrollo de las prestaciones sociales del Sistema Público de Servicios Sociales y la encomienda de gestión de la prestación del servicio de ayuda a domicilio y teleasistencia a personas en situación de dependencia del Sistema para la Autonomía y Atención a la Dependencia durante los ejercicios 2024 a 2027. [Cód. 2025-02207]",CONT_ENC,True,CONT_ENC,tipo_servicios,Convenio con encomienda de gestion ayuda a domicilio,True,resolución,"[""CONT_ENC""]","[""tipo_servicios""]",0.95,"La publicación es una resolución que ordena publicar un convenio que establece, explícitamente, la ""encomienda de gestión"" del servicio de ayuda a domicilio y teleasistencia. El fragmento clave es ""...y la encomienda de gestión de la prestación del servicio de ayuda a domicilio..."", lo cual activa la categoría CONT_ENC (encargo o encomienda de gestión). La subcategoría tipo_servicios se deriva del objeto: ""ayuda a domicilio y teleasistencia"".",60.132,
43,boca,"Servicio Canario de Empleo.- Resolución de 31 de diciembre de 2024, de la Presidenta, de encomienda de gestión a la sociedad mercantil pública Instituto Tecnológico de Canarias, S.A. (ITC) para apoyo a la gestión del Centro de Orientación, Emprendimiento, Acompañamiento e Innovación para el Empleo del Servicio Canario de Empleo, año 2025.",CONT_ENC,True,CONT_ENC,tipo_servicios,Encomienda de gestion a medio propio ITC,True,resolución,"[""CONT_ENC""]",[],0.98,"El texto contiene la frase explícita ""encomienda de gestión"" dirigida a la sociedad mercantil pública Instituto Tecnológico de Canarias, S.A., lo que corresponde directamente a la categoría CONT_ENC (encargos a medios propios o encomiendas de gestión). La descripción detalla el objeto específico del encargo (apoyo a la gestión de un centro) y el marco temporal (2025), confirmando que se trata de un acto relevante dentro de la contratación pública según LCSP.",58.282,
44,bopa,"Resolución de 13 de marzo de 2025, de la Consejería de Presidencia, Reto Demográfico, Igualdad y Turismo, por la que se ordena la publicación del Convenio de colaboración entre la Administración del Principado de Asturias, a través de la Consejería de Derechos Sociales y Bienestar y el Ayuntamiento de Proaza por el que se establece el marco de cooperación para el desarrollo de las prestaciones sociales del Sistema Público de Servicios Sociales y la encomienda de gestión de la prestación del servicio de ayuda a domicilio y teleasistencia a personas en situación de dependencia del Sistema para la Autonomía y Atención a la Dependencia durante los ejercicios 2024 a 2027. [Cód. 2025-02305]",CONT_ENC,True,CONT_ENC,tipo_servicios,Convenio con encomienda de gestion ayuda a domicilio,True,resolución,"[""CONT_ENC""]","[""tipo_servicios""]",0.95,"La publicación es una ""Resolución"" que ordena la publicación de un convenio específico que incluye explícitamente la ""encomienda de gestión"" de la prestación del servicio de ayuda a domicilio y teleasistencia, lo cual califica como acto de encargo a medio propio. El objeto son servicios sociales (tipo_servicios). No se trata de una concesión demanial ni de una subvención aislada, sino de un encargo de gestión mediante convenio dentro del ámbito de la contratación pública LCSP.",61.585,
45,docm,"Resolución de 06/02/2025, de la Dirección General de Recursos Humanos y Transformación, por la que se nombra personal estatutario fijo y se adjudican plazas a las personas aprobadas en el proceso selectivo para el ingreso, por el sistema general de acceso libre, en la categoría de Facultativo/a Especialista de Área de Cirugía Ortopédica y Traumatología, de las instituciones sanitarias del Servicio de Salud de Castilla-La Mancha, convocado por Resolución de 09/03/2021.",NEG_ADJ_RRHH,False,,,Adjudicacion de plazas personal estatutario: RRHH,False,resolución,[],[],0.98,"La publicación se refiere a la ""adjudicación de plazas"" y nombramiento de personal estatutario, lo cual corresponde a gestión de recursos humanos (RRHH) y no a contratación pública de servicios u obras bajo la LCSP. El fragmento clave es ""se nombra personal estatutario fijo y se adjudican plazas"".",52.175,
46,boib,"Resolución de la Presidencia del IMAS por la que aprueba la lista definitiva de las personas aspirantes que han superado el proceso selectivo de estabilización por el sistema de concurso-oposición para el ingreso como personal funcionario de la escala de Administración especial , subescala técnica, clase técnico-a medio, especialidad Terapia Ocupacional, del subgrupo A2, se nombra personal funcionario de carrera y se adjudican los puestos de trabajo",NEG_ADJ_RRHH,False,,,Adjudicacion de puestos proceso estabilizacion: RRHH,False,resolución,[],[],0.98,"Texto: ""adjudican los puestos de trabajo"" y ""nombra personal funcionario de carrera"". Se trata de una adjudicación de plazas/puestos de personal (RRHH), no de un contrato de la LCSP, por lo que is_relevant es False.",46.844,
47,boc,"Resolución de 16 de diciembre de 2024, por la que se adjudica el puesto de trabajo número 8538, Subdirector General del Área de Recaudación de la Agencia Cántabra de Administración Tributaria, Consejería de Economía, Hacienda, Financiación Autonómica y Fondos Europeos, convocado mediante Resolución del Presidente de la Agencia Cántabra de Administración Tributaria, de 6 de noviembre de 2024.",NEG_ADJ_RRHH,False,,,Adjudicacion de puesto de trabajo: RRHH,False,resolución,[],[],0.98,"La publicación se refiere a la ""adjudicación del puesto de trabajo"" (RRHH), no a un contrato de contratación pública bajo LCSP, por lo que es irrelevante según las reglas. Cita explícitamente el texto: ""se adjudica el puesto de trabajo número 8538"".",48.971,
48,boe,"Resolución de 11 de febrero de 2025, de la Dirección General de Seguridad Jurídica y Fe Pública, en el recurso interpuesto contra la calificación realizada por la registradora de la propiedad de Getafe número 2 en el seno de un procedimiento administrativo de ejecución seguido por la Agencia Estatal de Administración Tributaria en el que, tras inscribir la adjudicación del dominio de una finca adquirido en la correspondiente subasta, suspende la cancelación de la anotación de embargo que en su día se practicó en dicho expediente, así como la cancelación de las cargas posteriores, ordenadas en mandamiento expedido por la Agencia Estatal de Administración Tributaria.",NEG_ADJ_RRHH,False,,,Recurso registral sobre adjudicacion de finca en subasta: no contractual,False,resolución,[],[],0.98,"El texto se refiere a una resolución en un recurso contra una adjudicación del dominio procedente de una subasta (ejecución por Agencia Tributaria), no a la adquisición o formalización de un contrato público bajo LCSP. La calificación ""False"" es correcta ya que se trata de una gestión demanial (cancelación de anotaciones de embargo tras subasta) y no de contratación pública.",54.888,
49,bocyl,"RESOLUCIÓN de 15 de enero de 2025, de la Viceconsejería de Administraciones Públicas y Atención al Ciudadano, por la que se adjudican destinos a los aspirantes que han superado el proceso selectivo convocado por Resolución de 23 de noviembre de 2022, para ingreso, por el sistema de acceso libre, en la competencia funcional de Oficial de Primera Conductor, en régimen de contratación laboral de carácter fijo discontinuo, que presta sus servicios en el operativo para la prevención y extinción de incendios forestales dependiente de la Consejería de Medio Ambiente, Vivienda y Ordenación del Territorio.",NEG_ADJ_RRHH,False,,,Adjudicacion de destinos proceso selectivo: RRHH,False,resolución,[],[],0.98,"El texto menciona ""se adjudican destinos"" y ""ingreso... en régimen de contratación laboral"", lo que identifica claramente una asignación de plazas/puestos de personal (RRHH). Según las reglas críticas, este tipo de actos no son relevantes para la contratación pública de LCSP.",49.493,
50,boja,"Resolución de 26 de febrero de 2025, de la Viceconsejería, por la que se adjudica puesto de trabajo de libre designación convocado por resolución que se cita.",NEG_ADJ_RRHH,False,,,Adjudicacion puesto libre designacion: RRHH,False,resolución,[],[],1.0,"El texto indica ""adjudica puesto de trabajo de libre designación"", lo que corresponde a una adjudicación de personal (RRHH), excluida del dominio LCSP según las reglas críticas. No es un contrato de contratación pública.",43.033,
51,boc,"Resolución de 2 de enero de 2025, por la que se adjudican los puestos de trabajo de la categoría profesional Operario de Carreteras a los aspirantes que han superado el proceso selectivo convocado por Orden PRE/151/2022, de 28 de noviembre.",NEG_ADJ_RRHH,False,,,Adjudicacion puestos proceso selectivo: RRHH,False,resolución,[],[],0.98,"La publicación se refiere a la adjudicación de puestos de trabajo (puestos de personal), lo cual corresponde a recursos humanos y no al ámbito de la contratación pública según las reglas establecidas. El texto menciona ""adjudican los puestos de trabajo"" para una categoría profesional, indicando claramente un proceso de selección de personal.",49.138,
52,docm,"Resolución de 24/01/2025, de la Dirección General de Recursos Humanos y Transformación, por la que se nombra personal estatutario fijo y se adjudican plazas a las personas aprobadas en el proceso selectivo convocado para el ingreso, por el sistema general de acceso libre, en la categoría de Ingeniero/a Técnico/a, de las instituciones sanitarias del Servicio de Salud de Castilla-La Mancha, convocado por Resolución de 23/08/2021.",NEG_ADJ_RRHH,False,,,Adjudicacion plazas personal estatutario: RRHH,False,resolución,[],[],0.98,"La publicación se refiere a la ""nomina personal estatutario fijo"" y ""adjudican plazas"", que son actuaciones de Recursos Humanos (RRHH), no de contratación pública bajo la LCSP. Según las reglas, este tipo de actos corresponden a is_relevant=False.",49.515,
53,bopa,"Resolución de 14 de marzo de 2025, del Secretario General de la Universidad de Oviedo, por la que se emplaza a los interesados en el recurso de alzada 25/2025 contra los Acuerdos del Tribunal respecto al 1.er y 2.º ejercicio y la anulación del Acuerdo del Tribunal en el que se propone la adjudicación de las plazas, y en el recurso de reposición 30/2025 contra la Resolución del Rector de 13 de febrero de 2025, por la que se adjudican las 40 plazas convocadas por Resolución del Rector de 5 de diciembre de 2023, de la Escala Administrativos de la Universidad de Oviedo, Grupo C, Subgrupo C1, sistema general de acceso libre (BOPA de 20 de diciembre de 2023). [Cód. 2025-02143]",NEG_ADJ_RRHH,False,,,Emplazamiento recurso sobre adjudicacion de plazas: RRHH,False,resolución,[],[],1.0,"La publicación trata sobre la ""adjudicación de las plazas"" para puestos de personal (Escala Administrativos) y recursos relativos a dicha adjudicación, lo cual cae bajo RRHH, no en contratación pública según la LCSP. Cita explícito: ""...anulación del Acuerdo... en el que se propone la adjudicación de las plazas..."" y ""...por la que se adjudican las 40 plazas convocadas..."".",58.508,
54,bopa,"Resolución de 23 de enero de 2025, de la Dirección Gerencia del Servicio de Salud del Principado de Asturias, por la que se nombra personal estatutario fijo y se adjudican plazas de la categoría de Técnico Especialista en Radiodiagnóstico del Servicio de Salud del Principado de Asturias, convocado por Resolución de 15 de diciembre de 2022 (BOPA de 27 de diciembre de 2022). [Cód. 2025-00725]",NEG_ADJ_RRHH,False,,,Adjudicacion plazas personal estatutario: RRHH,False,resolución,[],[],0.98,"El texto indica ""se nombra personal estatutario fijo y se adjudican plazas"", lo que corresponde a una acción de Recursos Humanos (adjudicación de plazas de personal), no a un acto de contratación pública bajo la LCSP. Por tanto, is_relevant=False.",49.317,
55,boe,"Resolución de la Autoridad Portuaria de Baleares por la que se anuncia el concurso público para la explotación, en régimen de concesión administrativa, de un bar-cafetería y restaurante en el edificio Port Centre del puerto de Palma (CC-C-P-0011), la elección de la solución más ventajosa y el otorgamiento de la correspondiente concesión administrativa.",NEG_DOM_PUB,False,,,Concesion administrativa demanial portuaria para bar-cafeteria: dominio publico no LCSP,False,resolución,[],[],0.98,"La publicación es una resolución de la Autoridad Portuaria sobre ""concesión administrativa"" para el uso de un espacio en un puerto (edificio Port Centre). Según las reglas críticas, las concesiones demaniales de autoridades portuarias ocupación de dominio público) son is_relevant=False. La mención de ""concesión"" aquí se refiere a la concesión demanial del inmueble portuario, no a una concesión de servicios de la LCSP (ej. cafetería en un edificio público).",58.723,
56,boe,"Anuncio de la Autoridad Portuaria de Sevilla de información pública de la solicitud presentada por Congresos y Turismo de Sevilla SA de modificación sustancial de concesión administrativa Expediente E497, consistente en la ampliación de su plazo.",NEG_DOM_PUB,False,,,Modificacion concesion administrativa portuaria: dominio publico,False,información_pública,[],[],0.98,"El texto menciona ""modificación sustancial de concesión administrativa"" pero en el contexto de la Autoridad Portuaria de Sevilla y al ampliar plazo, corresponde a una concesión demanial (ocupación de dominio público por autoridad portuaria), que según las reglas es is_relevant=False. El acto es una ""información pública"" de solicitud de modificación.",52.213,
57,bopv,"ANUNCIO por el que se somete a información pública el expediente de solicitud de concesión administrativa para el aprovechamiento de 211,6 m3/año del río Urkulu en el término municipal de Oñati (Gipuzkoa), con destino a abastecimiento de población y riego.
				
2025/00167",NEG_DOM_PUB,False,,,Concesion administrativa aprovechamiento de aguas: dominio B1,False,anuncio,[],[],0.98,"El texto menciona ""concesión administrativa para el aprovechamiento de... el río Urkulu"", lo cual es una concesión demanial (uso de un recurso natural como río), que no pertenece al ámbito de la contratación pública LCSP. La descripción coincide con la regla de concesiones demaniales, por tanto is_relevant=False.",50.59,
58,boe,"Anuncio de la Autoridad Portuaria de Sevilla de otorgamiento de concesión administrativa a Sociedad Ibérica de Construcciones Eléctricas, S.A. en la zona de servicio del Puerto de Sevilla con destino a almacenaje, control y distribución de materiales (E620).",NEG_DOM_PUB,False,,,Otorgamiento concesion administrativa portuaria: dominio publico,False,anuncio,[],[],0.98,"La publicación menciona ""otorgamiento de concesión administrativa"" por una ""Autoridad Portuaria"" en la zona del Puerto, lo que indica una concesión demanial (ocupación de dominio público), no un contrato de la LCSP. Según las reglas críticas, las concesiones demaniales son is_relevant=False independientemente de si es un puerto u obra.",51.972,
59,boja,"Resolución de 19 de marzo de 2025, de la Dirección General de Trabajo, Seguridad y Salud Laboral, por la que se garantiza el funcionamiento del servicio público que presta la empresa Servicios y Mantenimiento Mabraser XI, S.L., relativo al servicio incluido en los lotes 1, 2 y 7 de la concesión administrativa de limpieza en centros educativos dependientes de la Delegación Territorial de Desarrollo Educativo y Formación Profesional y de Universidad, Investigación e Innovación en Córdoba, en los que dicha empresa es adjudicataria, mediante el establecimiento de los servicios mínimos.",NEG_DOM_PUB,False,,,Servicios minimos por huelga en concesion de limpieza: acto laboral,False,resolución,[],[],0.98,"El texto menciona ""concesión administrativa"" y ""adjudicataria"", pero el acto es una ""Resolución... por la que se garantiza el funcionamiento del servicio público... mediante el establecimiento de los servicios mínimos"". Esta es una gestión administrativa ordinaria de un contrato ya adjudicado (garantía de funcionamiento con servicios mínimos) y no constituye el acto contractual principal (licitación, formalización o adjudicación). Por tanto, no encaja en las categorías N2 de la LCSP.",59.497,
60,boe,"Anuncio de la Autoridad Portuaria de Tarragona por el que se somete a información pública la solicitud presentada por Bergé Marítima, S.L., para la ocupación y mejora de una nave preexistente y la construcción y posterior explotación, en régimen de concesión administrativa, de un conjunto de dos naves en la confluencia entre el Muelle de Aragón y Navarra, destinada a la manipulación portuaria y almacenaje de graneles sólidos y mercancía general, así como para la generación de energía fotovoltaica.",NEG_DOM_PUB,False,,,Concesion administrativa portuaria naves: dominio publico,False,información_pública,[],[],0.95,"El texto menciona explícitamente ""régimen de concesión administrativa"" y ""ocupación"", que son las señales definidas en las reglas para identificar concesiones demaniales. Según la regla crítica 2, este tipo de actos ocupando el dominio público (por parte de una Autoridad Portuaria) son excluidos del ámbito LCSP, por lo tanto is_relevant es False.",55.308,
61,boe,Anuncio de la Autoridad Portuaria de Sevilla de información pública de la solicitud presentada por Sevisur Logística SA de otorgamiento de concesión administrativa para ocupación de parcela en la Zona de Actividades Logísticas con destino a la construcción de dos naves logísticas para su cesión a terceros (E661).,NEG_DOM_PUB,False,,,Concesion administrativa portuaria parcela ZAL: dominio publico,False,información_pública,[],[],0.98,"El texto menciona ""concesión administrativa"" y ""ocupación de parcela"", que según las reglas son concesiones demaniales (ocupación de dominio público), por lo que es is_relevant=False. La descripción corresponde a información pública sobre una solicitud, no a un acto contractual de la LCSP.",49.228,
62,dog,RESOLUCIÓN de 24 de enero de 2025 por la que se autoriza la transmisión inter vivos de la concesión administrativa de la batea Isla II.,NEG_DOM_PUB,False,,,Transmision concesion administrativa de batea: dominio publico maritimo,False,resolución,[],[],1.0,"La publicación se refiere a la ""transmisión inter vivos de la concesión administrativa de la batea Isla II"". Una batea es un aprovechamiento demanial acuático, por lo que se trata de una concesión demanial. Según las reglas, las concesiones demaniales (como ocupación de dominio público o aprovechamientos de aguas) no pertenecen al ámbito de la contratación pública de la LCSP, por lo que is_relevant es False y no se asignan categorías ni subcategorías.",56.604,
63,boe,Anuncio de la Autoridad Portuaria de Castellón por la que se convoca concurso público para el otorgamiento de una concesión administrativa de ocupación de dominio público portuario.,NEG_DOM_PUB,False,,,Concurso concesion administrativa dominio publico portuario,False,anuncio,[],[],0.98,"La publicación es una ""concesión administrativa de ocupación de dominio público portuario"" por la Autoridad Portuaria, lo que la encuadra en las concesiones demaniales no incluidas en el ámbito de la LCSP (is_relevant=False). El texto clave es ""concesión administrativa de ocupación de dominio público"".",48.41,
64,dogv,"ANUNCIO del expediente de concesión demanial por razones de interés público de terrenos en el monte del Catálogo de utilidad pública V075 denominado La Redonda, sito en el término municipal de Enguera (Valencia) y perteneciente a su ayuntamiento, a fin de realizar la instalación de infraestructuras de telecomunicaciones, promovido por Telefónica de España, SAU.",NEG_DOM_PUB,False,,,Concesion demanial en monte UP para telecomunicaciones: dominio publico,False,anuncio,[],[],0.98,"La descripción menciona explícitamente ""concesión demanial"" y ""monte"", lo que según las reglas de clasificación la excluye del ámbito de contratación pública (LCSP) y la sitúa en el ámbito de concesiones demaniales o domaniales. Por tanto, is_relevant es False.",49.523,
65,boe,Anuncio de licitación de: Jefatura de Asuntos Económicos del Mando de Apoyo Logístico. Objeto: Resolución de obsolescencias de sistemas de defensa antiaérea del PCMASACOM. Expediente: 2024/ETSAE0906/00003960E.,CONT_LIC,True,CONT_LIC,,Licitacion resolucion obsolescencias defensa antiaerea. Objeto ambiguo servicio o suministro,True,anuncio,"[""CONT_LIC""]","[""tipo_suministros""]",0.95,"El texto describe un ""Anuncio de licitación"" (señal clara para CONT_LIC) para una ""Resolución de obsolescencias de sistemas"", que implica la compra/provisión de equipos y componentes nuevos, por lo tanto se clasifica como ""tipo_suministros"". No hay mención a concesión en el objeto del contrato.",52.931,
66,boe,Anuncio de licitación de: ADIF -Consejo de Administración. Objeto: Ejecución de las obras del proyecto de construcción de la nueva estación de Sant Feliú de Llobregat y del proyecto de construcción de la integración del ferrocarril en Sant Feliú de Llobregat. Instalaciones de protección y seguridad. Expediente: 3.24/06110.0183.,CONT_LIC,True,CONT_LIC,tipo_obras,Licitacion ejecucion obras estacion ferroviaria,True,anuncio,"[""CONT_LIC""]","[""tipo_obras""]",0.98,"Texto ""Anuncio de licitación"" indica claramente una fase inicial de contratación pública (licitación). El objeto ""Ejecución de las obras del proyecto de construcción de la nueva estación"" identifica explícitamente obras, justificando la subcategoría tipo_obras.",48.739,
67,boe,"Anuncio de licitación de: Junta de Contratación del Ministerio de la Presidencia, Justicia y Relaciones con las Cortes. Objeto: Servicio de información multicanal del Ministerio de la Presidencia, Justicia y Relaciones con las Cortes. Expediente: ASE/2024/0067.",CONT_LIC,True,CONT_LIC,tipo_servicios,Licitacion servicio informacion multicanal,True,anuncio,"[""CONT_LIC""]","[""tipo_servicios""]",0.98,"El texto es un ""Anuncio de licitación"" para un ""Servicio de información multicanal"", lo cual corresponde a la categoría CONT_LIC y subcategoría tipo_servicios. No hay mención de concesión.",47.12,
68,boe,Anuncio de licitación de: Presidencia de la Confederación Hidrográfica del Ebro. Objeto: Mantenimiento de infraestructuras de la zona regable del Canal de Monegros y Canal del Cinca. Expediente: 011/25-S.,CONT_LIC,True,CONT_LIC,tipo_servicios,Licitacion mantenimiento infraestructuras zona regable,True,anuncio,"[""CONT_LIC""]","[""tipo_servicios""]",0.95,"""Anuncio de licitación"" indica CONT_LIC. El objeto ""Mantenimiento de infraestructuras"" corresponde a tipo_servicios, no a obras ni suministros.",44.595,
69,boe,Anuncio de licitación de: Mesa del Senado. Objeto: Obras de reforma de la sala Enrique Casas Vila del Senado. Expediente: 02/2025.,CONT_LIC,True,CONT_LIC,tipo_obras,Licitacion obras reforma sala Senado,True,anuncio,"[""CONT_LIC""]","[""tipo_obras""]",0.98,"El texto indica claramente ""Anuncio de licitación"" para una reforma de obras (sala del Senado), lo que activa la etiqueta CONT_LIC y subcategoría tipo_obras por el contenido ""Obras de reforma"". La mención a Mesa del Senado no afecta la naturaleza contractual del acto bajo la LCSP.",49.369,
70,boe,"Anuncio de licitación de: Junta de Contratación del Ministerio de Cultura y Deporte. Objeto: Redacción del proyecto básico y de ejecución, estudio y coordinación de seguridad y salud y dirección de obra y de ejecución de las obras de consolidación y restauración de los jardines históricos y patio andaluz del Museo Sorolla de Madrid. Expediente: J240065.",CONT_LIC,True,CONT_LIC,tipo_servicios,Licitacion redaccion proyecto y direccion de obra: contrato de servicios,True,anuncio,"[""CONT_LIC""]","[""tipo_obras""]",0.98,"El texto contiene ""Anuncio de licitación"" lo que activa la etiqueta CONT_LIC. El objeto del contrato es explícitamente ""obras de consolidación y restauración"", por lo que se clasifica en tipo_obras.",47.253,
71,boe,"Anuncio de licitación de: ADIF -Consejo de Administración. Objeto: Mantenimiento de las instalaciones de energía de tracción: línea aérea de contacto, telemando de energía, subestaciones, centros de autotransformación y sistemas asociados de LAV sur tramos: Madrid- Sevilla, La Sagra-Toledo, Córdoba-Málaga y Antequera-Granada. Expediente: 2.24/21506.0064.",CONT_LIC,True,CONT_LIC,tipo_servicios,Licitacion mantenimiento instalaciones energia traccion,True,anuncio,"[""CONT_LIC""]","[""tipo_servicios""]",0.98,"La descripción contiene explícitamente ""Anuncio de licitación"" y el objeto es ""Mantenimiento de las instalaciones..."", lo que corresponde a un servicio (mantenimiento técnico), no a una concesión ni a obras de construcción.",47.367,
72,boe,Anuncio de licitación de: Jefatura de Asuntos Económicos del Mando de Personal. Objeto: AM. Suministro de gas propano y butano varios cas de Diaper periodo 2025-2026. Expediente: 2024/ETSAE0905/00007151E.,CONT_LIC,True,CONT_LIC,tipo_suministros,Licitacion AM suministro gas propano y butano,True,anuncio,"[""CONT_LIC""]","[""tipo_suministros""]",0.98,"El texto comienza con ""Anuncio de licitación de"", lo que identifica el tipo administrativo como anuncio y la categoría como CONT_LIC (licitación). El objeto explícitamente se refiere al ""Suministro de gas propano y butano"", clasificándolo claramente como suministro, por lo tanto subcategoria tipo_suministros.",51.963,
73,boe,Anuncio de licitación de: ADIF Alta Velocidad - Consejo de Administración. Objeto: Realizacion de pruebas de infraestructura con material rodante de ancho estandar (1435) (4 lotes). Expediente: 3.24/20810.0048.,CONT_LIC,True,CONT_LIC,tipo_servicios,Licitacion pruebas de infraestructura con material rodante,True,anuncio,"[""CONT_LIC""]","[""tipo_servicios""]",0.95,"Texto dice explícitamente ""Anuncio de licitación"", lo que activa la categoría CONT_LIC (señal: ""anuncia o convoca una licitación""). El objeto es ""Realizacion de pruebas de infraestructura con material rodante..."", que es una prestación de servicios (tipo_servicios). No hay menciones a concesión, adjudicación o formalización.",53.782,
74,boe,"Anuncio de licitación de: Presidencia de la Agencia Estatal Consejo Superior de Investigaciones Científicas, M.P. Objeto: Servicio de vigilancia destinado a institutos y centros de la Agencia Estatal Consejo Superior de Investigaciones Científicas. Expediente: LOT31/25.",CONT_LIC,True,CONT_LIC,tipo_servicios,Licitacion servicio vigilancia,True,anuncio,"[""CONT_LIC""]","[""tipo_servicios""]",0.98,"El texto indica explícitamente ""Anuncio de licitación"" y el objeto es un ""Servicio de vigilancia"", lo que confirma la categoría CONT_LIC y subcategoría tipo_servicios.",45.75,
75,boe,Anuncio de licitación de: Jefatura de Asuntos Económicos del Mando de Apoyo Logístico. Objeto: Apoyo al mantenimiento del VRCC Centauro del ET. Expediente: 2024/ETSAE0906/00002147EB.,CONT_LIC,True,CONT_LIC,tipo_servicios,Licitacion apoyo mantenimiento vehiculos,True,anuncio,"[""CONT_LIC""]","[""tipo_servicios""]",0.98,"El texto dice explícitamente ""Anuncio de licitación"" y el objeto es ""Apoyo al mantenimiento del VRCC Centauro"", lo que indica un contrato de servicios (mantenimiento). No contiene la palabra ""concesión"", por lo tanto no se aplica CONT_CON.",49.727,
76,bocm,"Convocatoria contrato
– Resolución de 3 de enero de 2025, de la Gerencia Asistencial de Atención Primaria del Servicio Madrileño de Salud, por la que se hace pública la convocatoria de licitación denominada “Servicio para la prevención y el control de la legionelosis en los centros de salud, consultorios locales y otros edificios dependientes de la Gerencia Asistencial de Atención Primaria del Servicio Madrileño de Salud”",CONT_LIC,True,CONT_LIC,tipo_servicios,Convocatoria licitacion servicio legionelosis,True,convocatoria,"[""CONT_LIC""]","[""tipo_servicios""]",0.98,"La descripción contiene explícitamente ""convocatoria de licitación"" del objeto ""Servicio para la prevención y el control de la legionelosis"", lo que indica una licitación de servicios sanitarios (tipo_servicios). No hay mención de concesión ni de encomienda.",49.682,
77,boe,"Anuncio de licitación de: Presidencia de la Agencia Estatal Consejo Superior de Investigaciones Científicas, M.P. Objeto: Redacción de proyecto, estudio de seguridad y salud (arquitecto o ingeniero) y ejecución de las obras de reforma integral de la Sala Blanca existente en la planta baja del edificio, y de las obras de reacondicionamiento de un laboratorio tipo BSL2 (Biosecurity Level-2) del Instituto de Micro y Nanotecnología, de la Agencia Estatal Consejo Superior de Investigaciones Científicas. Expediente: 33183/25.",CONT_LIC,True,CONT_LIC,"tipo_obras, tipo_servicios",Licitacion mixta redaccion proyecto y ejecucion obras,True,anuncio,"[""CONT_LIC""]","[""tipo_obras"", ""tipo_servicios""]",0.98,"El texto contiene explícitamente ""Anuncio de licitación"" (señal CONT_LIC). El objeto incluye tanto ""Redacción de proyecto, estudio de seguridad y salud"" (servicios profesionales) como ""ejecución de las obras de reforma integral"" y ""obras de reacondicionamiento"" (tipo_obras), por lo que ambas subcategorías son aplicables.",57.472,
78,boe,Anuncio de licitación de: TGSS-Dirección provincial de Zaragoza. Objeto: Retirada y depósito de bienes embargados por las Unidades de Recaudación Ejecutiva dependientes de la Dirección Provincial de la TGSS de Zaragoza. Expediente: 2025/500010.,CONT_LIC,True,CONT_LIC,tipo_servicios,Licitacion retirada y deposito bienes embargados,True,anuncio,"[""CONT_LIC""]","[""tipo_suministros""]",0.95,"El texto indica explícitamente ""Anuncio de licitación"" y el objeto es la retirada y depósito de bienes embargados, lo que implica un suministro de bienes logísticos. La frase clave es ""Anuncio de licitación de: ... Retirada y depósito de bienes"".",49.717,
79,boe,Anuncio de licitación de: Subdirección General de la Oficina Presupuestaria y Gestión Económica. Objeto: Asistencia técnica para la dinamización y evaluación de la Estrategia Estatal para un nuevo modelo de cuidados en la comunidad: un proceso de desinstitucionalización. Expediente: 242950PA0002.,CONT_LIC,True,CONT_LIC,tipo_servicios,Licitacion asistencia tecnica evaluacion estrategia,True,anuncio,"[""CONT_LIC""]","[""tipo_servicios""]",0.95,"Texto inicia con ""Anuncio de licitación"" lo que identifica el acto como una convocatoria de contratación (CONT_LIC). El objeto descrito, ""Asistencia técnica para la dinamización y evaluación..."", se enmarca claramente en la prestación de servicios (tipo_servicios).",48.823,
80,boe,"Anuncio de licitación de: Jefatura de Asuntos Económicos de la Guardia Civil. Objeto: Contrato de un servicio continúo de descontaminación biológica, de los distintos equipos de dotación del Departamento de Biología y de Medio Ambiente del SECRIM que evite cualquiertipo de contaminación biológica que pueda influir y alterar negativamente en los resultados de los informes periciales de ADN incursos como prueba en los distintos procedimientos judiciales. Expediente: E/0140/A/24/2.",CONT_LIC,True,CONT_LIC,tipo_servicios,Licitacion servicio descontaminacion biologica,True,anuncio,"[""CONT_LIC""]","[""tipo_servicios""]",0.98,"El texto indica explícitamente ""Anuncio de licitación"" para un ""Contrato de un servicio"", lo que encaja con la categoría CONT_LIC y el subtipo tipo_servicios por la naturaleza del objeto (descontaminación).",49.557,
81,boe,Anuncio de licitación de: ADIF - Presidencia. Objeto: Servicio mantenimiento instalaciones de combustible en ADIF 2025-2028. Expediente: 2.25/23108.0010.,CONT_LIC,True,CONT_LIC,tipo_servicios,Licitacion servicio mantenimiento instalaciones combustible,True,anuncio,"[""CONT_LIC""]","[""tipo_servicios""]",0.95,"El texto indica ""Anuncio de licitación"" para un servicio de mantenimiento de instalaciones, lo que corresponde a una convocatoria (CONT_LIC) con subcategoría de servicios. No hay menciones a concesión ni formalización de contrato.",47.627,
82,boe,"Anuncio de licitación de: Secretaría de Estado de Medio Ambiente. Objeto: Proyecto de recuperación del bosque de ribera y eliminación de la especie invasora Arundo donax en el rio Mula desde el embalse de Los Rodeos hasta la confluencia con el río Segura, en el marco del Plan de Recuperación, Transformación y Resiliencia (PRTR). Expediente: P02.C05.I2.P02.S09.A06.01.",CONT_LIC,True,CONT_LIC,tipo_obras,Licitacion proyecto recuperacion bosque de ribera: actuacion de obra ambiental,True,anuncio,"[""CONT_LIC""]","[""tipo_servicios""]",0.98,"El texto indica claramente ""Anuncio de licitación"" (etiqueta CONT_LIC). El objeto describe la ejecución de un proyecto de recuperación del bosque y eliminación de una especie, que implica actividades de gestión ambiental y obra forestal; al no ser construcción en edificación, se clasifica como tipo_servicios en este contexto.",51.366,
83,boe,"Resolución de 12 de diciembre de 2024, de la Dirección General de Producción Agroalimentaria y Cooperativas de la Consejería de Agricultura, Ganadería y Desarrollo Rural, por la que se da publicidad a la solicitud de modificación del pliego de condiciones de la denominación de origen protegida «Uclés».",CONT_LIC,False,,,Pliego de condiciones de Denominacion de Origen Protegida: no es pliego contractual,False,resolución,[],[],0.98,"El acto es una resolución sobre la modificación del pliego de condiciones de una Denominación de Origen Protegida (DOP) «Uclés», lo cual cae bajo las excepciones no relevantes según las reglas críticas (Pliego de condiciones de una DOP/IGP).",47.897,
84,boe,Anuncio de licitación de: Jefatura de Asuntos Económicos del Mando de Apoyo Logístico. Objeto: Mantenimiento y adquisición de repuestos para instalaciones vehiculares tácticas. Expediente: 2025/ETSAE0906/00000080E.,CONT_LIC,True,CONT_LIC,"tipo_servicios, tipo_suministros",Licitacion mantenimiento y adquisicion repuestos,True,anuncio,"[""CONT_LIC""]","[""tipo_servicios"", ""tipo_suministros""]",0.95,"El texto describe un ""Anuncio de licitación"" cuyo objeto es el ""Mantenimiento y adquisición de repuestos"", lo que indica una combinación de servicios (mantenimiento) y suministros (adquisición). El término explícito ""licitación"" confirma la fase de convocatoria.",51.214,
85,boe,"Anuncio de licitación de: Dirección General de la Costa y el Mar. Objeto: Adaptación de la fachada marítima en el entorno de la playa Cerezo, T.M. Chilches (Castellón). Expediente: 12-0359.",CONT_LIC,True,CONT_LIC,tipo_obras,Licitacion adaptacion fachada maritima,True,anuncio,"[""CONT_LIC""]","[""tipo_obras""]",0.98,"El texto indica ""Anuncio de licitación"" y el objeto es ""Adaptación de la fachada marítima"", lo cual define claramente una licitación para una obra de construcción (adaptación). El fragmento clave es: ""Anuncio de licitación de... Objeto: Adaptación de la fachada"".",51.318,
86,bocm,"Convocatoria contrato
– Anuncio de 7 de febrero de 2025, por el que se convoca la licitación para la contratación del “Servicio de reparación de bastidores de bogie de trenes de las Series 7000 y 9000” (expediente 6012500046)",CONT_LIC,True,CONT_LIC,tipo_servicios,Convocatoria licitacion reparacion bastidores,True,anuncio,"[""CONT_LIC""]","[""tipo_servicios""]",0.95,"El texto contiene ""Convocatoria contrato"" y ""se convoca la licitación"", lo que indica un anuncio de licitación (CONT_LIC). El objeto es la reparación de bogies de trenes, que constituye una prestación de servicios de mantenimiento técnico (tipo_servicios).",49.354,
87,boe,"Anuncio de licitación de: ADIF - Presidencia. Objeto: Asistencia técnica para el control y vigilancia del contrato de ""Redacción de proyecto constructivo y ejecución de las obras de renovación de las instalaciones de seguridad de la línea 400. Tramo Peñalajo-Espeluy"". Expediente: 3.24/27507.0321.",CONT_LIC,True,CONT_LIC,tipo_servicios,Licitacion asistencia tecnica control y vigilancia de contrato de obras,True,anuncio,"[""CONT_LIC""]","[""tipo_servicios""]",0.95,"El texto dice explícitamente ""Anuncio de licitación de"", lo cual dispara la etiqueta CONT_LIC. El objeto es ""Asistencia técnica para el control y vigilancia del contrato"", que es una prestación de servicios, justificando la subcategoría tipo_servicios. Aunque el título menciona obras (""Renovación de las instalaciones""), la descripción del acto se refiere a la asistencia técnica (servicio) y no a la ejecución directa de la obra misma, por lo que se clasifica bajo servicios.",59.827,
88,boib,"Orden 5/2025, de 21 de febrero, por la que se modifica la Orden del consejero de Agricultura, Medio Ambiente y Territorio de 11 de abril de 2014 por la que se aprueba el pliego de condiciones y el reglamento de la Denominación de Origen Binissalem",CONT_LIC,False,,,Pliego de condiciones de Denominacion de Origen Binissalem: no contractual,False,orden,[],[],0.98,"La orden modifica una orden anterior sobre el pliego de condiciones y reglamento de una Denominación de Origen (Binissalem), lo que cae en la exclusión para ""Pliego de condiciones"" de DOP/IGP, no es un acto de contratación pública LCSP.",47.913,
89,boe,Anuncio de licitación de: Gerencia de Atención Sanitaria del Instituto Nacional de Gestión Sanitaria en Ceuta. Objeto: Suministro de fungibles para la sala de extracciones del área de atención sanitaria de Ceuta. Expediente: PA/2024/057/GCE.,CONT_LIC,True,CONT_LIC,tipo_suministros,Licitacion suministro fungibles,True,anuncio,"[""CONT_LIC""]","[""tipo_suministros""]",0.98,"La publicación es un ""Anuncio de licitación"" (señal explícita en la descripción) para el suministro de fungibles, lo que confirma la categoría CONT_LIC y la subcategoría tipo_suministros. El fragmento clave es: ""Anuncio de licitación... Objeto: Suministro de fungibles"".",52.623,
90,boe,Anuncio de licitación de: Jefatura de la Sección Económico Administrativa 22 - Base Aérea de Torrejón (Agrupación de Base). Objeto: (2024AM9003) Acuerdo Marco para el Suministro y Fabricación de UCFAS equipo árido chaqueta polar. Expediente: 2024/EA22/00001478E.,CONT_LIC,True,CONT_LIC,tipo_suministros,Licitacion AM suministro y fabricacion vestuario,True,anuncio,"[""CONT_LIC""]","[""tipo_suministros""]",0.98,"El texto indica explícitamente ""Anuncio de licitación"", lo que corresponde a la categoría CONT_LIC. Además, el objeto es un ""Suministro y Fabricación de UCFAS equipo árido chaqueta polar"", clasificándolo como tipo_suministros (bienes/equipamiento).",50.408,
91,bocm,"Convocatoria contrato
– Anuncio de 4 de marzo de 2025, por el que se convoca la licitación para la contratación del servicio de reparación y puesta a punto de los trenes U7157/7158/7159/7160/7161/7162 y U7115/7116/7117/7118/7119/7120, de Metro de Madrid. (Expediente 6012500063)",CONT_LIC,True,CONT_LIC,tipo_servicios,Convocatoria licitacion reparacion trenes,True,convocatoria,"[""CONT_LIC""]","[""tipo_servicios""]",0.98,"Es una ""Convocatoria"" para la contratación de un servicio (""servicio de reparación y puesta a punto de los trenes""), lo que encaja claramente en CONT_LIC con subcategoría tipo_servicios. El texto menciona explícitamente ""se convoca la licitación"", disparando la etiqueta CONT_LIC.",53.944,
92,boe,Anuncio de licitación de: Dirección de Adquisiciones del Mando de Apoyo Logístico del Ejército del Aire y del Espacio. Objeto: 20254021 Adquisición de un sistema C-UAS para Bases Aéreas. Expediente: 2025/EA02/00000200E.,CONT_LIC,True,CONT_LIC,tipo_suministros,Licitacion adquisicion sistema C-UAS,True,anuncio,"[""CONT_LIC""]","[""tipo_suministros""]",0.98,"El texto menciona explícitamente ""Anuncio de licitación"" y el objeto es la ""Adquisición de un sistema C-UAS"", lo que indica una fase de suministro (compra de bienes/equipamiento).",47.061,
93,boe,Anuncio de licitación de: ADIF - Presidencia. Objeto: Servicios para la redacción del proyecto de construcción para la renovación de la red ferroviaria de ancho métrico y la defensa contra inundaciones en el municipio de Zalla (Bizkaia). Expediente: 3.24/27506.0062.,CONT_LIC,True,CONT_LIC,tipo_servicios,Licitacion servicios redaccion proyecto ferroviario,True,anuncio,"[""CONT_LIC""]","[""tipo_servicios""]",0.95,"El texto indica ""Anuncio de licitación"", lo que identifica el acto como una convocatoria pública. El objeto es la redacción del proyecto de construcción y defensa contra inundaciones, que se clasifica como servicios profesionales (tipo_servicios) en lugar de ejecución directa de obras o suministro de bienes materiales.",49.994,
94,boe,Anuncio de licitación de: ADIF - Presidencia. Objeto: Consultoría y asistencia técnica para la actualización del proyecto constructivo de la nueva subestación eléctrica de tracción de Tolosa. Expediente: 3.24/27507.0263.,CONT_LIC,True,CONT_LIC,tipo_servicios,Licitacion consultoria actualizacion proyecto subestacion,True,anuncio,"[""CONT_LIC""]","[""tipo_servicios""]",0.95,"El texto indica ""Anuncio de licitación"" para una ""Consultoría y asistencia técnica"", lo que corresponde a la fase de convocatoria (CONT_LIC) con tipo de prestación servicios. El fragmento clave es: ""Anuncio de licitación de: ADIF - Presidencia... Objeto: Consultoría y asistencia técnica"".",51.368,
95,boe,"Anuncio de formalización de contratos de: Junta de Contratación del Ministerio de Cultura y Deporte. Objeto: Redacción del proyecto básico y de ejecución, estudio de seguridad y salud, coordinación de seguridad y salud y dirección de obra y de ejecución de las obras de consolidación y restauración del edificio Varadero en la isla de Pinto, la Talaya de Binissermenya y las Torres de protección del arsenal en la estación naval de Mahón- Menorca. Expediente: J240038.",CONT_FOR,True,CONT_FOR,tipo_servicios,Formalizacion servicios redaccion proyecto y direccion de obras,True,anuncio,"[""CONT_FOR""]","[""tipo_obras""]",0.98,"El texto es un ""Anuncio de formalización de contratos"" para obras de consolidación y restauración de edificios (""consolidación y restauración del edificio Varadero""). La mención de dirección de obra confirma el tipo de prestación.",48.819,
96,boe,Anuncio de formalización de contratos de: Jefatura de la Sección Económico Administrativa 15 Agrupación del Cuartel General del Ejército del Aire. Objeto: Acuerdo Marco Circuitos Culturales 2025. Expediente: 2024/EA15/00003121.,CONT_FOR,True,CONT_FOR,tipo_servicios,Formalizacion AM circuitos culturales,True,anuncio,"[""CONT_FOR""]","[""tipo_servicios""]",0.95,"La descripción menciona explícitamente ""Anuncio de formalización de contratos"", lo cual activa la categoría CONT_FOR. El objeto, ""Acuerdo Marco Circuitos Culturales 2025"", implica una prestación de servicios culturales/organización de eventos, por lo que se clasifica como tipo_servicios.",50.634,
97,boe,"Anuncio de formalización de contratos de: Intendencia de Madrid. Objeto: TA Servicio de carga, transporte, colocación y almacenaje fondo archivístico CGA. Expediente: 2024/AR21U/00002493E.",CONT_FOR,True,CONT_FOR,tipo_servicios,Formalizacion servicio carga transporte almacenaje,True,anuncio,"[""CONT_FOR""]","[""tipo_servicios""]",0.98,"El texto es claramente un ""Anuncio de formalización de contratos"". El objeto, ""Servicio de carga, transporte, colocación y almacenaje fondo archivístico"", corresponde a un servicio logístico y de gestión (tipo_servicios). No hay mención de concesión ni de adjudicación definitiva.",49.925,
98,boe,"Anuncio de formalización de contratos de: Instituto Nacional de Administración Pública (INAP). Objeto: Servicio de realización, corrección y calificación de las pruebas de nivel de inglés profesional TOEIC y de francés TFI. Expediente: 202500000007.",CONT_FOR,True,CONT_FOR,tipo_servicios,Formalizacion servicio pruebas de idiomas,True,anuncio,"[""CONT_FOR""]","[""tipo_servicios""]",0.98,"El texto comienza con ""Anuncio de formalización de contratos"", que es la señal textual directa para la etiqueta CONT_FOR. El objeto descrito, ""realización, corrección y calificación de las pruebas... TOEIC y... TFI"", constituye claramente una prestación de servicios educativos y de evaluación, por lo que se asigna la subcategoría tipo_servicios.",53.236,
99,bocm,"Formalización contrato
– Resolución de 9 de enero de 2025, de la Dirección-Gerencia del Hospital Clínico “San Carlos” de Madrid, por la que se dispone la publicación en los boletines oficiales y en el “perfil del contratante” de la formalización de la 4.a y 5.a prórroga del contrato para el «Servicio de tratamiento de Diálisis Peritoneal y Hemodiálisis domiciliaria para el Servicio de Nefrología del Hospital Clínico “San Carlos” de Madrid»",CONT_FOR,True,CONT_FOR,tipo_servicios,Formalizacion prorroga contrato dialisis: hereda CONT_FOR,True,resolución,"[""CONT_FOR""]","[""tipo_servicios""]",0.95,"La descripción indica explícitamente ""formalización del contrato"" para un ""Servicio de tratamiento"", lo que confirma la categoría CONT_FOR y el subtipo de prestación como servicios sanitarios (tipo_servicios). La mención de prórrogas hereda las características del acto original.",51.056,
100,boe,"Anuncio de formalización de contratos de: Subsecretaría de Asuntos Exteriores, Unión Europea y Cooperación. Objeto: OBR-24/007 Contrato de obras para la demolición del ala sur e inclusión de medidas de seguridad en el Hospital Español de Tánger. Expediente: 2024SXB00155002.",CONT_FOR,True,CONT_FOR,tipo_obras,Formalizacion contrato de obras demolicion,True,anuncio,"[""CONT_FOR""]","[""tipo_obras""]",0.98,"El texto es un ""Anuncio de formalización de contratos"" (señal CONT_FOR) y el objeto explícitamente menciona ""Contrato de obras para la demolición"", lo que confirma la subcategoría tipo_obras.",47.424,
101,boe,"Anuncio de formalización de contratos de: Gerencia de la Entidad Estatal de Derecho Público Trabajo Penitenciario y Formación para el Empleo, M.P. Objeto: Servicio de soporte técnico a la administración de sistemas, bases de datos y comunicaciones. Expediente: 2024/00070.",CONT_FOR,True,CONT_FOR,tipo_servicios,Formalizacion servicio soporte tecnico sistemas,True,anuncio,"[""CONT_FOR""]","[""tipo_servicios""]",0.98,"El texto indica explícitamente ""Anuncio de formalización de contratos"", que define la categoría CONT_FOR. El objeto es un servicio técnico (""Soporte técnico""), lo que confirma la subcategoría tipo_servicios. No menciona ""concesión"" ni ""encargo"", por lo que no se aplican otras etiquetas.",51.361,
102,boe,Anuncio de formalización de contratos de: Agencia Española de Protección de Datos. Objeto: Servicio de comunicaciones y de ciberseguridad para la Agencia Española de Protección de Datos. Expediente: EX20240077.,CONT_FOR,True,CONT_FOR,tipo_servicios,Formalizacion servicio comunicaciones y ciberseguridad,True,anuncio,"[""CONT_FOR""]","[""tipo_servicios""]",0.95,"El texto indica ""Anuncio de formalización de contratos"", que corresponde a la categoría CONT_FOR. El objeto es un ""Servicio de comunicaciones y de ciberseguridad"", identificable como tipo_servicios (servicios digitales). No hay mención a ""concesión"" en el objeto, por lo que no aplica CONT_CON.",51.547,
103,boe,Anuncio de formalización de contratos de: INSS-Dirección provincial de Toledo. Objeto: Servicio de limpieza de los locales adscritos a la Dirección Provincial del INSS en Toledo durante el periodo de 1 de enero de 2025 a 31 de diciembre de 2025. Expediente: 45/VC-207/24.,CONT_FOR,True,CONT_FOR,tipo_servicios,Formalizacion servicio limpieza,True,anuncio,"[""CONT_FOR""]","[""tipo_servicios""]",0.98,"El texto indica explícitamente ""Anuncio de formalización de contratos"", lo que corresponde a la categoría CONT_FOR. El objeto del contrato es un ""Servicio de limpieza"", lo cual encaja claramente con la subcategoría tipo_servicios (limpieza). No hay mención de concesión, por lo que no se aplica CONT_CON.",52.501,
104,bocm,"Formalización contrato
– Anuncio de 28 de enero de 2025, de formalización del contrato titulado “Servicio de soporte técnico para el mantenimiento de los sistemas de explotación en estaciones” (Expediente 6012400215)-[Contratos 7225000017 (lote 1); 7225000018 (lote 2); 7225000019 (lote 3)]",CONT_FOR,True,CONT_FOR,tipo_servicios,Formalizacion servicio soporte mantenimiento estaciones,True,anuncio,"[""CONT_FOR""]","[""tipo_servicios""]",0.98,"Es un ""Anuncio de formalización del contrato"" explícito, lo que encaja con la categoría CONT_FOR. El objeto es el ""Servicio de soporte técnico para el mantenimiento"", claramente clasificable como tipo_servicios. No hay mención a concesión alguna ni ocupación de dominio público.",52.15,
105,boe,Anuncio de formalización de contratos de: Dirección de Gestión Económica de la Jefatura de Apoyo Logístico de la Armada. Objeto: SINFO- Contrato de aistencia técnica para el mantenimiento simuladores tácticos y de navegación de la Armada (SIMTAC-GALEON-SIMNAV). Expediente: 2024/AR40U/00001904E.,CONT_FOR,True,CONT_FOR,tipo_servicios,Formalizacion asistencia tecnica simuladores,True,anuncio,"[""CONT_FOR""]","[""tipo_servicios""]",0.98,"El texto indica explícitamente ""Anuncio de formalización de contratos"", lo que encaja con la categoría CONT_FOR. El objeto del contrato es ""asistencia técnica para el mantenimiento simuladores tácticos"", que corresponde a un servicio técnico/soporte (tipo_servicios). No hay mención a concesión, encomienda ni licitación, por lo que las otras categorías no aplican.",54.578,
106,boe,Anuncio de formalización de contratos de: Junta de Contratación del Ministerio de Trabajo y Economía Social. Objeto: Servicio de soporte especializado de la plataforma EPP del Ministerio de Trabajo y Economía Social. Expediente: 10000621/2024.,CONT_FOR,True,CONT_FOR,tipo_servicios,Formalizacion servicio soporte plataforma EPP,True,anuncio,"[""CONT_FOR""]","[""tipo_servicios""]",0.95,"""Anuncio de formalización de contratos"" indica claramente la categoría CONT_FOR. El objeto ""Servicio de soporte especializado de la plataforma EPP"" define una prestación de servicios, lo que justifica la subcategoría tipo_servicios.",47.341,
107,boe,Anuncio de formalización de contratos de: Dirección General de Tráfico. Objeto: Suministro en régimen de alquiler de módulos prefabricados para el destacamento provisional del Subsector de Tráfico de Huelva en el Rocío. Expediente: 1DGT2J000303.,CONT_FOR,True,CONT_FOR,tipo_suministros,Formalizacion suministro alquiler modulos prefabricados,True,anuncio,"[""CONT_FOR""]","[""tipo_suministros""]",0.95,"El texto indica ""Anuncio de formalización de contratos"" (señal directa para CONT_FOR). El objeto es el suministro de módulos prefabricados, por lo que se infiere la subcategoría tipo_suministros.",47.229,
108,boib,Formalización de contrato laboral categoría A2,CONT_FOR,False,,,Formalizacion de contrato laboral: RRHH no LCSP,False,anuncio,[],[],0.95,"Se trata de una ""Formalización de contrato laboral categoría A2"", lo cual indica un acto de recursos humanos (adjudicación de plaza/puesto), no de contratación pública bajo la LCSP. Por tanto, is_relevant es False y no se asignan categorías de contratación pública.",45.879,
109,boe,Anuncio de formalización de contratos de: Instituto Nacional de Estadística INE. Objeto: Recogida de datos de la Encuesta sobre Innovación de las empresas 2024 y las Estadísticas sobre Actividades en I+D 2024. Expediente: 2024N0059014.,CONT_FOR,True,CONT_FOR,tipo_servicios,Formalizacion recogida datos encuestas INE,True,anuncio,"[""CONT_FOR""]","[""tipo_servicios""]",0.98,"El texto indica ""Anuncio de formalización de contratos"", lo que define el tipo de acto administrativo como N1 (anuncio) y la categoría N2 como CONT_FOR. El objeto descrito, ""Recogida de datos..."", se identifica claramente como un servicio estadístico, clasificándolo en la subcategoría de tipo_servicios.",51.906,
110,boe,"Anuncio de formalización de contratos de: Dirección General del Instituto de Mayores y Servicios Sociales. Objeto: Prestación de los servicios de reserva y ocupación de plazas en los Balnearios de Arnoia, Lobios y Laias para el programa de Termalismo del Imserso. Expediente: 887/2024.",CONT_FOR,True,CONT_FOR,tipo_servicios,Formalizacion servicios plazas balnearios Imserso,True,anuncio,"[""CONT_FOR""]","[""tipo_servicios""]",0.98,"El texto indica claramente ""Anuncio de formalización de contratos"", que corresponde a la categoría CONT_FOR. El objeto descrito es la prestación de servicios de reserva y ocupación de plazas, por lo que se añade la subcategoría tipo_servicios. Aunque el programa es del Imserso (un organismo público), el acto consiste en formalizar un contrato de servicios y no en una subvención, ajustándose así a las reglas de contratación pública (LCSP).",57.592,
111,boe,"Anuncio de formalización de contratos de: Subdirección General de Planificación y Gestión Económica. Objeto: Servicio de mantenimiento integral de las instalaciones en el Centro Penitenciario de A Lama (Pontevedra), CIS ""Carmen de Avendaño"" (Vigo) y UAR Hospital provincial (Pontevedra). Expediente: 020120240139.",CONT_FOR,True,CONT_FOR,tipo_servicios,Formalizacion mantenimiento integral centros penitenciarios,True,anuncio,"[""CONT_FOR""]","[""tipo_servicios""]",0.98,"El texto comienza con ""Anuncio de formalización de contratos"", lo que encaja directamente en la categoría CONT_FOR. El objeto del contrato es un ""Servicio de mantenimiento integral"", lo cual confirma la subcategoría tipo_servicios.",47.54,
112,boe,Anuncio de formalización de contratos de: TGSS-Dirección provincial de Alicante. Objeto: Servicios de peonaje y transporte para la Tesorería General de la Seguridad Social de Alicante. Expediente: 2024/030034.,CONT_FOR,True,CONT_FOR,tipo_servicios,Formalizacion servicios peonaje y transporte,True,anuncio,"[""CONT_FOR""]","[""tipo_servicios""]",0.95,"El texto indica claramente ""Anuncio de formalización de contratos"" (señal CONT_FOR) y el objeto son ""Servicios de peonaje y transporte"", lo que define la prestación como tipo_servicios.",46.144,
113,boe,"Anuncio de formalización de contratos de: Subdirección General de Planificación y Gestión Económica. Objeto: Suministros de Gasóleo ""A"" a los establecimientos penitenciarios dependientes de la Secretaría General de Instituciones Penitenciarias en la Comunidad Autónoma de Canarias . Expediente: 02012024AM04.",CONT_FOR,True,CONT_FOR,tipo_suministros,Formalizacion suministro gasoleo,True,anuncio,"[""CONT_FOR""]","[""tipo_suministros""]",0.98,"El texto inicia con ""Anuncio de formalización de contratos"", lo cual cumple directamente con la señal de CONT_FOR para formalizar el contrato. Además, el objeto especifica claramente ""Suministros de Gasóleo 'A'"", identificando al subcontrato como tipo_suministros, descartando cualquier duda sobre el objeto del contrato.",51.768,
114,boe,"Anuncio de formalización de contratos de: Dirección del Instituto Nacional de Gestión Sanitaria (INGESA). Objeto: Suministro de tres desfibriladores externos semiautomáticos (DESA), mediante el sistema de arrendamiento financiero (renting) sin opción de compra con destino alEdificio c/ Alcalá nº 56 de Madrid. Expediente: PASA 2024/093.",CONT_FOR,True,CONT_FOR,tipo_suministros,Formalizacion suministro desfibriladores en renting,True,anuncio,"[""CONT_FOR""]","[""tipo_suministros""]",0.98,"El texto inicia con ""Anuncio de formalización de contratos"", lo que identifica claramente el tipo de acto (CONT_FOR). El objeto se refiere explícitamente al ""Suministro de tres desfibriladores externos semiautomáticos"", lo que indica un contrato de suministro, no de construcción ni servicios puros.",51.059,
115,boe,Anuncio de formalización de contratos de: Intendente de Ferrol. Objeto: Sostenimiento de actuadores de válvulas motorizadas y sus accesorios. Expediente: 2024/AR42U/00002890E.,CONT_FOR,True,CONT_FOR,tipo_servicios,Formalizacion sostenimiento actuadores valvulas,True,anuncio,"[""CONT_FOR""]","[""tipo_suministros""]",0.95,"El texto inicia con ""Anuncio de formalización de contratos"", lo que activa directamente la categoría CONT_FOR. El objeto ""Sostenimiento de actuadores de válvulas motorizadas y sus accesorios"" se refiere al suministro y mantenimiento de componentes físicos, clasificándolo como tipo_suministros.",49.836,
116,boe,Anuncio de formalización de contratos de: Mutualidad General Judicial MUGEJU. Objeto: Concierto de la Mutualidad General Judicial con entidades de seguro para el aseguramiento del acceso a la asistencia sanitaria en territorio nacional a los beneficiarios de la misma durante 2025-2026. Expediente: 2024_001 CONC SANIT 25 26.,CONT_FOR,True,CONT_FOR,tipo_servicios,Formalizacion concierto sanitario MUGEJU con aseguradoras,True,anuncio,"[""CONT_FOR""]","[""tipo_servicios""]",0.98,"El texto indica claramente ""Anuncio de formalización de contratos"" lo que identifica el acto como una formalización (CONT_FOR). El objeto es un ""Concierto... para el aseguramiento del acceso a la asistencia sanitaria"", que constituye una prestación de servicios de tipo seguro/sanitario, por lo que se añade la subcategoría tipo_servicios.",52.62,
117,boe,"Anuncio de formalización de contratos de: Jefatura de Intendencia de Asuntos Económicos Sur. Objeto: Suministro de material por lotes para el Centro de Operaciones de Artillería de Costa del RACTA 4 Tarifa, Cádiz. Expediente: 2024/ETSAE0226/00009214E.",CONT_FOR,True,CONT_FOR,tipo_suministros,Formalizacion suministro material por lotes,True,anuncio,"[""CONT_FOR""]","[""tipo_suministros""]",0.98,"El texto indica claramente ""Anuncio de formalización de contratos"", lo cual encaja con la categoría CONT_FOR. El objeto es el ""Suministro de material por lotes"", lo que identifica la prestación como tipo_suministros. No hay mención de concesión, por tanto, no se asigna CONT_CON.",51.582,
118,boe,"Anuncio de formalización de contratos de: Subdirección General de Gestión Económica. Objeto: Suministro de libros para las bibliotecas centrales del Ministerio de la Presidencia, Justicia y Relaciones con las Cortes y para la Biblioteca de la Secretaría de Estado de Comunicación . Expediente: 0MPR20240224.",CONT_FOR,True,CONT_FOR,tipo_suministros,Formalizacion suministro libros bibliotecas,True,anuncio,"[""CONT_FOR""]","[""tipo_suministros""]",0.98,"El texto indica explícitamente ""Anuncio de formalización de contratos"", lo que corresponde a la categoría CONT_FOR. El objeto del contrato es el ""Suministro de libros"", lo que claramente lo califica como tipo_suministros. La mención de subdirecciones y ministerios confirma que es un acto de contratación pública estatal bajo la LCSP, no una adjudicación de personal ni otra figura excluida.",55.38,
119,boca,"Dirección General de la Función Pública.- Resolución de 15 de marzo de 2025, por la que se acuerda la formalización de contrato de trabajo de personal laboral fijo con las personas aspirantes seleccionadas en las pruebas selectivas para el ingreso, por el sistema general de acceso libre, en la categoría profesional de Director/a de Residencia (Grupo I), en ejecución del Anexo II del Decreto 115/2022, de 20 de mayo, por el que se aprueba la Oferta Extraordinaria de Empleo Público para la estabilización del empleo temporal e indefinido no fijo de larga duración en el ámbito de la Administración General de la Comunidad Autónoma de Canarias, convocadas por Resolución de 21 de diciembre de 2022, se les adjudica puesto de trabajo y se les confiere plazo para la toma de posesión.",CONT_FOR,False,,,Formalizacion contrato de trabajo personal laboral fijo: RRHH,False,resolución,[],[],0.98,"La publicación se refiere a la ""formalización de contrato de trabajo de personal laboral fijo"" y ""adjudica puesto de trabajo"", lo que enmarca el acto dentro de Recursos Humanos (RRHH), excluyéndolo del ámbito LCSP según las reglas críticas. El fragmento clave es ""se acuerda la formalización de contrato de trabajo"".",54.473,
120,boe,Anuncio de formalización de contratos de: Dirección General de Carreteras. Objeto: 33-LE-4630; 54.450/24 Paso inferior del enlace de La Granja en la LE-20. Provincia de León. Expediente: B54242446300.,CONT_FOR,True,CONT_FOR,tipo_obras,Formalizacion obras paso inferior carretera,True,anuncio,"[""CONT_FOR""]","[""tipo_obras""]",0.95,"El texto inicia con ""Anuncio de formalización de contratos"", lo que identifica la categoría CONT_FOR. El objeto es ""Paso inferior del enlace... en la LE-20"", que claramente describe una obra de construcción (infraestructura vial), asignando la subcategoría tipo_obras.",50.333,
121,boe,Anuncio de formalización de contratos de: Intendente de Ferrol. Objeto: Suministro de una ambulancia soporte vital avanzado (SVA) para el Parque de Automóviles núm. 2 de Ferrol. Expediente: 2024/AR42U/00003042E.,CONT_FOR,True,CONT_FOR,tipo_suministros,Formalizacion suministro ambulancia,True,anuncio,"[""CONT_FOR""]","[""tipo_suministros""]",0.98,"El texto es un ""Anuncio de formalización de contratos"" con objeto claro de ""Suministro de una ambulancia"", lo que corresponde a la categoría CONT_FOR y subcategoría tipo_suministros. La frase ""Anuncio de formalización de contratos"" dispara explícitamente la etiqueta CONT_FOR, y el objeto ""Suministro de una ambulancia"" indica tipo_suministros.",54.901,
122,boe,"Anuncio de formalización de contratos de: Parque Móvil del Estado. Objeto: Servicio para la realización de reconocimientos ginecológicos preventivos para el personal femenino del Parque Móvil del Estado, O.A. Expediente: 2024PR400097.",CONT_FOR,True,CONT_FOR,tipo_servicios,Formalizacion servicio reconocimientos medicos,True,anuncio,"[""CONT_FOR""]","[""tipo_servicios""]",0.95,"El texto dice explícitamente ""Anuncio de formalización de contratos"", lo que activa la etiqueta CONT_FOR. El objeto es un ""Servicio para la realización de reconocimientos ginecológicos preventivos"", por lo tanto, la subcategoría es tipo_servicios.",49.009,
123,boe,Anuncio de formalización de contratos de: Gerencia de Informática de la Seguridad Social. Objeto: Servicio de mantenimiento del equipamiento físico del sistema para la sala de control. Expediente: 2024/7021.,CONT_FOR,True,CONT_FOR,tipo_servicios,Formalizacion mantenimiento equipamiento sala control,True,anuncio,"[""CONT_FOR""]","[""tipo_servicios""]",0.98,"El texto indica claramente ""Anuncio de formalización de contratos"", lo que corresponde a la categoría CONT_FOR. El objeto es un ""Servicio de mantenimiento del equipamiento físico"", por lo que se clasifica como tipo_servicios. No hay mención de concesión, por lo que no aplica CONT_CON.",50.217,
124,boe,Anuncio de formalización de contratos de: Presidencia de la Confederación Hidrográfica del Guadalquivir. Objeto: Contrato de servicios para limpieza en el edificio sede de la Confederación Hidrográfica del Guadalquivir sito en avenida de República Argentina nº 43 de Sevilla. Expediente: SE(SG)-7145.,CONT_FOR,True,CONT_FOR,tipo_servicios,Formalizacion contrato servicios limpieza CHG,True,anuncio,"[""CONT_FOR""]","[""tipo_servicios""]",0.98,"La descripción comienza con ""Anuncio de formalización de contratos"", lo que activa la etiqueta CONT_FOR. El objeto es un ""Contrato de servicios para limpieza"", lo cual indica claramente el tipo de prestación: tipo_servicios. No hay mención de concesión, por lo que no aplica CONT_CON.",50.12,
125,dogc,Anuncio sobre aprobación de la primera oferta de empleo público parcial del Consejo Comarcal de El Pla de l'Estany para el ejercicio 2025,NEGATIVO,False,,,Oferta de empleo publico: RRHH,False,anuncio,[],[],1.0,"El texto se refiere a ""aprobación de la primera oferta de empleo público parcial"", lo cual corresponde a un acto de recursos humanos (adjudicación de plazas/puestos), no a contratación pública de servicios, obras o suministros según LCSP.",43.993,
126,dogc,"Edicto relativo a las bases específicas y la convocatoria del proceso selectivo de dos plazas de cabo de la Guardia Urbana en el Ayuntamiento de Cornellà de Llobregat, por el sistema de concurso-oposición por promoción interna, y la creación de una bolsa para la cobertura de plazas vacantes por el procedimiento de tramitación de urgencia",NEGATIVO,False,,,Bases proceso selectivo Guardia Urbana: RRHH,False,edicto,[],[],1.0,"La publicación se refiere a la convocatoria de un ""proceso selectivo de dos plazas"" (cabo de la Guardia Urbana), lo que indica una adjudicación o proceso de personal (RRHH). Según las reglas, las adjudicaciones de plazas, puestos o destinos de personal no son actos de contratación pública LCSP y deben etiquetarse como is_relevant=False.",51.47,
127,dogc,"Resolución PRE/857/2025, de 9 de marzo, por la que se aprueba y se publica la lista provisional de personas aspirantes admitidas y excluidas del proceso selectivo de nuevo acceso, mediante el sistema selectivo de concurso oposición, de una plaza de la categoría profesional de A1 médico/a de medicina del trabajo, en régimen de personal laboral fijo, del Departamento de la Presidencia (convocatoria núm. PRE/L001/2025)",NEGATIVO,False,,,Lista admitidos proceso selectivo: RRHH,False,resolución,[],[],0.98,"El texto se refiere a una ""plaza de la categoría profesional de A1 médico/a"", lo cual indica una adjudicación de puesto personal, no un contrato. Según las reglas, estas publicaciones sobre plazas o puestos son is_relevant=False y por tanto NO tienen categorías ni subcategorías N2/N3.",50.798,
128,bon,Aprobación inicial del presupuesto de 2025,NEGATIVO,False,,,Presupuesto municipal,False,aprobación,[],[],0.98,"La descripción ""Aprobación inicial del presupuesto de 2025"" corresponde a un acto de ordenación financiera (aprobación presupuestaria), que no es una actuación de contratación pública (licitación, adjudicación, formalización, etc.) según el dominio LCSP. No hay indicios de contrato administrativo.",47.912,
129,boib,"Notificación de Resolución de concesión de prórroga a los beneficiarios de las ayudas, exp. 137 de fecha 08 de enero de 2025, al amparo de la Resolución del Presidente del Fondo de Garantía Agraria y Pesquera de las Islas Baleares (FOGAIBA), de 17 de diciembre de 2021 , por la que se convocan subvenciones para inversiones en las explotaciones agrarias, para el año 2021",NEGATIVO,False,,,Prorroga a beneficiarios de subvenciones: dominio B3,False,notificación,[],[],0.98,"La publicación es una notificación de ""concesión de prórroga a los beneficiarios de las ayudas"", y el texto menciona explícitamente la convocatoria de ""subvenciones para inversiones"". Según la descripción del dominio, las subvenciones caen fuera del ámbito de contratación pública (LCSP), por lo que is_relevant es False. Las categorías N2 están vacías porque el acto no es una licitación, formalización, adjudicación, encargo ni concesión dentro de la LCSP.",60.593,
130,boc,"Resolución por la que se hace pública la relación de aspirantes que han superado las pruebas selectivas para el acceso, mediante el procedimiento de concurso-oposición para la estabilización de empleo temporal, a la condición de personal estatutario fijo en la categoría de Técnico/a Superior Especialista de Laboratorio de Instituciones Sanitarias de la Comunidad Autónoma de Cantabria, convocada mediante la Orden SAN/80/2022, de 29 de diciembre, y plazas ofertadas.",NEGATIVO,False,,,Aspirantes pruebas selectivas: RRHH,False,resolución,[],[],0.98,"La publicación se refiere a la relación de aspirantes para el acceso a personal estatutario fijo (RRHH), no a una contratación pública según LCSP. El texto menciona ""plazas ofertadas"" y ""estabilización de empleo temporal"", lo que confirma que es un acto de recursos humanos, no de contratación de obras, servicios o suministros.",51.4,
131,boc,Aprobación inicial y exposición pública del presupuesto general de 2024.,NEGATIVO,False,,,Presupuesto general,False,aprobación,[],[],0.98,"La descripción menciona ""Aprobación inicial y exposición pública del presupuesto general"", que corresponde a un acto presupuestario, no a un acto de contratación pública (licitación, formalización, adjudicación, etc.). No hay indicios de licitación, concesión o encargo de gestión.",46.426,
132,docm,"Resolución de 24/01/2025, de la Delegación Provincial de Desarrollo Sostenible de Albacete, por la que se emite el informe ambiental estratégico del plan o programa: Modificación Puntual número 20 del Plan de Ordenación Municipal de Villamalea (regulación del uso granja/instalación ganadera en el suelo rústico) (expediente PLA-AB-24-0042), situado en el término municipal de Villamalea (Albacete), cuyo órgano promotor es Ayuntamiento de Villamalea.",NEGATIVO,False,,,Informe ambiental estrategico de modificacion de POM: dominio B0/B2,False,resolución,[],[],0.98,"La publicación es un informe ambiental sobre una modificación urbanística (Plan de Ordenación Municipal) y no hace referencia a contratación pública, licitación ni concesión según la LCSP. Se trata de un trámite de evaluación ambiental de un expediente municipal, lo que sitúa la publicación fuera del ámbito de relevancia para este dominio.",50.9,
133,bopv,"RESOLUCIÓN 1048/2024, de 11 de diciembre, de la Directora de Recursos Humanos de Osakidetza-Servicio vasco de salud, por la que se hace pública la convocatoria para la provisión, mediante el sistema de libre designación, del puesto de Jefe/a de Sección de Proyectos Corporativos de la Dirección Económico-Financiera, en la Subdirección de Infraestructuras, en el Servicio de Instalaciones y Equipamientos de la Dirección General de Osakidetza-Servicio vasco de salud.
				
2025/00091",NEGATIVO,False,,,Provision puesto libre designacion: RRHH,False,resolución,[],[],0.98,"La publicación es una ""convocatoria para la provisión... del puesto de Jefe/a de Sección"", lo que indica una adjudicación de plaza o puesto personal (RRHH), no un contrato público de prestación de servicios, obras o suministros. Por tanto, es irrelevante según la definición dada.",50.863,
134,boe,"Resolución de 4 de marzo de 2025, de la Secretaría de Estado de Derechos Sociales, por la que se publica la Adenda de modificación del Convenio con la Comunidad Autónoma de las Illes Balears, para la ejecución de proyectos con cargo a los fondos europeos procedentes del Mecanismo para la Recuperación y Resiliencia.",NEGATIVO,False,,,Adenda de convenio fondos MRR: convenio interadministrativo,False,resolución,[],[],0.98,"El texto menciona un ""Convenio"" de ejecución de proyectos con fondos europeos. Según las reglas, los convenios interadministrativos sin encomienda de gestión ni encargo no son relevantes (is_relevant=False). El fragmento clave es ""se publica la Adenda de modificación del Convenio"", que indica una colaboración entre administraciones pública y comunidad autónoma, típico de un convenio interadministrativo, no una contratación bajo la LCSP.",55.222,
135,bon,Aprobación inicial de modificación de Estudio de Detalle en la parcela U.13.22 de Gorraiz,NEGATIVO,False,,,Estudio de detalle: dominio B2,False,aprobación,[],[],1.0,"La descripción ""Aprobación inicial de modificación de Estudio de Detalle..."" se refiere a un acto administrativo urbanístico o técnico sobre una parcela, no a un contrato de suministro, obra o servicio público regulado por la LCSP. No contiene términos de contratación pública (licitación, adjudicación, concesión, encargo).",47.584,
136,dogc,Anuncio sobre aprobación definitiva del Proyecto de obras de renovación de la torre de telecomunicaciones,NEGATIVO,False,,,Aprobacion proyecto de obras: acto tecnico previo no licitacion,False,aprobación,[],[],1.0,"El texto es una ""aprobación definitiva del Proyecto de obras"", que corresponde a un acto preparatorio o técnico dentro de la ejecución de una obra, no a una fase contractual (licitación, formalización, adjudicación) regulada por la LCSP. Por tanto, is_relevant=False.",46.431,
137,boja,"Anuncio de 13 de marzo de 2025, de la Delegación Territorial de Agricultura, Pesca, Agua y Desarrollo Rural en Sevilla, sobre trámites de los procedimientos sancionadores que se citan.",NEGATIVO,False,,,Procedimientos sancionadores agrarios,False,información_pública,[],[],0.98,"El texto describe ""trámites de los procedimientos sancionadores"", que se refieren a un procedimiento administrativo disciplinario o sancionador (posiblemente contra agricultores o titulares de permisos), y no es un acto de contratación pública según LCSP. El fragmento clave ""sobre trámites de los procedimientos sancionadores"" lo confirma, descartando cualquier categoría de contratación.",103.323,
138,boja,"Anuncio de 4 de marzo de 2025, de la Delegación Territorial de Fomento, Articulación del Territorio y Vivienda en Córdoba, mediante el que se publica la resolución por la que se declara la finalización del procedimiento por fallecimiento del solicitante relativa a Ayudas para el alquiler de vivienda habitual a personas en situación de especial vulnerabilidad, con ingresos limitados y a jóvenes, en la Comunidad Autónoma de Andalucía.",NEGATIVO,False,,,Ayudas alquiler vivienda: dominio B3,False,información_pública,[],[],0.98,"La publicación se refiere a ""Ayudas para el alquiler de vivienda"", que caen en la categoría de subvenciones y ayudas, excluidas del ámbito relevante de contratación pública (LCSP). Además, es una mera publicación de información tras un fallecimiento, no un acto contractual (licitación, formalización, adjudicación) ni una concesión de servicios u obras en el sentido de LCSP.",53.642,
139,dogv,"RESOLUCIÓN de 20 de enero de 2025, del Rectorado, por la que se convoca un proceso selectivo para la contratación indefinida de personal de investigación de la categoría de personal tecnólogo superior para colaborar con la línea de investigación financiada «Control de calidad y seguridad de (bio)combustibles». Referencia: I-PAS-13/25.",NEGATIVO,False,,,Proceso selectivo contratacion personal investigacion: RRHH,False,resolución,[],[],1.0,"La publicación es una ""Resolución... por la que se convoca un proceso selectivo para la contratación indefinida de personal"", lo cual corresponde a una convocatoria de plazas o puestos de trabajo (RRHH), no a un acto de contratación pública regulado por LCSP. Por tanto, is_relevant=False y no se asignan categorías ni subcategorías contractuales.",51.733,
140,boe,FUENGIROLA,NEGATIVO,False,,,Toponimo sin contenido,False,otros,[],[],0.0,"La descripción ""FUENGIROLA"" solo indica el nombre de un municipio y carece de cualquier referencia a un acto administrativo de contratación pública (licitación, formalización, adjudicación, etc.). No contiene fragmentos clave como ""anuncio"", ""adjudicación"", ""concesión"", ""encargo"", ni referencias al objeto contractual. Por tanto, se clasifica como irrelevante para la LCSP y el tipo de acto es ""otros"" dado que no encaja en las categorías estándar cuando es un solo nombre propio sin contexto administrativo.",109.582,
141,bor,"Aprobación inicial de la modificación puntual 1/2024 del Plan General Municipal, de cambio de calificación de la parcela situada en calle Real 71, de casco tradicional a dotacional público",NEGATIVO,False,,,Modificacion puntual PGM: dominio B2,False,aprobación,[],[],0.98,"La publicación es una ""Aprobación inicial de la modificación puntual"" del Plan General Municipal, que corresponde a un trámite urbanístico y no al objeto de contratación pública regulado por la LCSP (licitaciones, formalizaciones, adjudicaciones, encargos a medios propios o concesiones de servicios/obras). El texto menciona ""cambio de calificación"" y ""dotacional público"", típicos del planeamiento urbano.",55.392,
142,bon,Aprobación definitiva de modificación de varios artículos del Plan municipal,NEGATIVO,False,,,Plan municipal: dominio B2,False,aprobación,[],[],0.98,"El texto ""Aprobación definitiva de modificación de varios artículos del Plan municipal"" se refiere a un instrumento urbanístico/administrativo interno (modificación de un Plan Municipal), no a la contratación pública de obras, servicios o suministros bajo la LCSP. No hay licitación, formalización, adjudicación, encargo de gestión ni concesión contractual.",49.26,
143,boe,Anuncio de la Agencia Vasca del Agua sobre la información pública de una solicitud de autorización en el término municipal de Atxondo (Bizkaia).,NEGATIVO,False,,,Autorizacion en materia de aguas: dominio B1,False,información_pública,[],[],0.98,"El texto describe una ""información pública de una solicitud de autorización"" del Agua, que no corresponde a un acto contractual de la LCSP (licitación, formalización, adjudicación, encargo o concesión). Se trata de tramitación administrativa de autorizaciones. El tipo de acto es información pública.",47.268,
144,bon,Aprobación inicial de presupuesto de 2025,NEGATIVO,False,,,Presupuesto municipal,False,aprobación,[],[],1.0,"La descripción ""Aprobación inicial de presupuesto de 2025"" corresponde a un acto presupuestario, no a una contratación pública (licitación, formalización, adjudicación, encargo o concesión). Por tanto, is_relevant es False.",45.06,
145,dogv,"RESOLUCIÓN de 31 de enero de 2025, de la Dirección General de Administración Local, por la cual se corrige un error en el anexo III de la Resolución de 11 de octubre de 2024, por la que se procede a la publicación de las bases y convocatorias del concurso ordinario del año 2024 para la provisión de puestos de trabajo reservados al personal funcionario de Administración local con habilitación nacional.",NEGATIVO,False,,,Correccion bases concurso provision puestos funcionarios: RRHH,False,corrección_errores,[],[],1.0,"El texto es una ""corrección de un error"" en un documento anterior que convocaba el concurso para la provisión de puestos de trabajo (personal funcionario). Según las reglas, las adjudicaciones de plazas o puestos de personal son is_relevant=False, y las correcciones heredan la naturaleza del acto original.",49.573,
146,boib,"Propuesta de resolución provisional del director general de Energía y Cambio Climático por la cual se deniegan subvenciones para la realización de instalaciones de autoconsumo con fuentes de energía renovable, con o sin almacenamiento, y la incorporación de almacenamiento en instalaciones de autoconsumo con fuentes de energía ya existentes, en el sector residencial, las administraciones públicas y el tercer sector, en el marco del Plan de Recuperación, Transformación y Resiliencia europeo (programas 4 y 5) NEXTG45",NEGATIVO,False,,,Denegacion subvenciones autoconsumo: dominio B3,False,resolución,[],[],0.98,"El texto indica la ""denegación de subvenciones"" para instalaciones de autoconsumo, lo cual se encuadra en la categoría de subvenciones (excluida del dominio LCSP). La mención a ""Propuesta de resolución"" es el tipo de acto administrativo. No hay indicios de contratación pública por obras, servicios o suministros según las definiciones y categorías establecidas.",55.062,
147,boe,"Resolución de 6 de marzo de 2025, de la Dirección General de Carreteras, por la que se publica el Convenio con el Ayuntamiento de Picanya, relativo a las actuaciones en materia de infraestructura viaria para hacer frente a los daños causados por la depresión aislada en niveles altos, DANA, entre el 28 de octubre y el 4 de noviembre de 2024.",NEGATIVO,False,,,Convenio interadministrativo infraestructura viaria DANA,False,resolución,[],[],0.95,"El texto describe un ""Convenio"" entre una entidad estatal y un Ayuntamiento, relativo a actuaciones de restauración tras una DANA. No hay menciones de licitación, formalización, adjudicación ni encomienda de gestión bajo la LCSP; es un acuerdo de cooperación interadministrativa simple (infraestructura viaria) sin los requisitos de contratación pública por encargo o concesión.",103.386,
148,bor,Solicitud de licencia conjunta ambiental y de obras para peluquería de mascotas,NEGATIVO,False,,,Licencia ambiental y de obras: dominio B2,False,solicitud,[],[],1.0,"La publicación describe una ""Solicitud de licencia conjunta ambiental y de obras"", que se trata de un trámite administrativo para obtener permisos, no de una contratación pública. No hay mención a licitaciones, adjudicaciones ni concesiones.",43.471,
149,dog,"EXTRACTO de la Orden de 12 de febrero de 2025 por la que se establecen las bases reguladoras para la concesión de ayudas para proyectos al amparo de las estrategias de desarrollo local participativo (EDLP), aprobadas a los grupos de acción local del sector pesquero (GALP) en el marco del Fondo Europeo Marítimo, de Pesca y de Acuicultura 2021-2027, y se convocan las correspondientes al año 2025 (código de procedimiento PE155A).",NEGATIVO,False,,,Bases y convocatoria ayudas GALP: dominio B3,False,extracto,[],[],0.98,"El texto es un ""extracto"" de una orden que establece bases para la concesión de ayudas, no para la adjudicación o licitación de contratos (LCSP). La mención de ""concesión de ayudas"" se refiere a subvenciones (is_relevant=False), siguiendo la regla sobre subvenciones y ayudas.",52.118,
