id,bulletin,description,grupo_muestreo,is_relevant_gt,categories_gt,subcategories_gt,notas_anotador,is_relevant_pred,act_type_pred,categories_pred,subcategories_pred,confidence,reasoning,duration_s,error
0,boe,Anuncio de formalización de contratos de: Jefatura de la Sección Económico Administrativa 22 - Base Aérea de Torrejón (Agrupación de Base). Objeto: Concesión de servicios Cafetería ALA 12. Expediente: 2024/EA22/00001943E.,CONT_CON,True,"CONT_FOR, CONT_CON",tipo_servicios,Formalizacion de concesion de servicios cafeteria,True,anuncio,"[""CONT_FOR"", ""CONT_CON""]","[""tipo_servicios""]",0.98,"El texto es un ""Anuncio de formalización de contratos"" (disparador CONT_FOR) y su objeto es explícitamente una ""Concesión de servicios Cafetería"" (disparador CONT_CON). La subcategoría tipo_servicios se infiere del objeto ""Cafetería"".",133.115,
1,bocyl,"RESOLUCIÓN de 7 de enero de 2025, de la Dirección General de Transportes y Logística, por la que se hace pública la transmisión de la titularidad del contrato de concesión de servicio público de transporte regular y de uso general de viajeros por carretera, entre Castronuño y Toro (VACL-152), prestados por la empresa «Antonio Expósito Lucas» a favor de la empresa «Castaño e Hijos, S.L.».",CONT_CON,True,CONT_CON,tipo_servicios,Transmision de titularidad de contrato de concesion de transporte,True,resolución,"[""CONT_CON""]",[],0.95,"La publicación es una resolución sobre la ""transmisión de la titularidad del contrato de concesión de servicio público de transporte"", lo que cumple con los criterios para CONT_CON (contrato de concesión). No se identifica un tipo de prestación específico en el objeto del acto.",66.447,
2,bor,Exposición pública del estudio de viabilidad económico-financiera para la concesión de servicio de gestión de las piscinas municipales,CONT_CON,True,CONT_CON,tipo_servicios,Estudio de viabilidad previo a concesion de servicio piscinas,True,información_pública,"[""CONT_CON""]",[],0.95,"Es un acto de información pública relativo a una concesión de servicios (""concesión de servicio de gestión de las piscinas""), por lo que es CONT_CON (fase preparatoria). El objeto no permite inferir subcategoría (no se especifica si incluye obras, servicios o suministros).",65.514,
3,boe,Anuncio de licitación de: Jefatura de Asuntos Económicos de la Fuerza Terrestre. Objeto: Concesión de servicio del Bar-Cafetería para el Establecimiento Plaza España. Expediente: 2025/ETSAE0206/00000005E.,CONT_CON,True,"CONT_LIC, CONT_CON",tipo_servicios,Licitacion de concesion de servicio bar-cafeteria,True,anuncio,"[""CONT_LIC"", ""CONT_CON""]","[""tipo_servicios""]",0.98,"La publicación es un ""Anuncio de licitación"" (CONT_LIC) cuyo objeto explícito es una ""Concesión de servicio"" del Bar-Cafetería, lo que activa la categoría CONT_CON según las reglas de taxonomía para este tipo de contratos.",66.529,
4,borm,Información pública para la aprobación inicial del anteproyecto de construcción y explotación del contrato de concesión del servicio publico de abastecimiento de agua potable y saneamiento del municipio de Alcantarilla.,CONT_CON,True,CONT_CON,"tipo_obras, tipo_servicios",Anteproyecto de construccion y explotacion de concesion de agua,True,información_pública,"[""CONT_CON""]",[],0.98,"El texto describe ""Información pública para la aprobación inicial del anteproyecto de construcción y explotación del contrato de concesión"", lo que indica claramente un acto preparatorio (anteproyecto) de una concesión de servicios (abastecimiento de agua), no de dominio público. El fragmento clave es ""contrato de concesión del servicio publico de abastecimiento de agua potable"".",72.226,
5,boe,Anuncio de formalización de contratos de: Dirección del Instituto de Astrofísica de Canarias. Objeto: Contrato de concesión del servicio de explotación de la cafetería-comedor de la Sede Central del Instituto de Astrofísica de Canarias. Expediente: LIC-24-018.,CONT_CON,True,"CONT_FOR, CONT_CON",tipo_servicios,Formalizacion de concesion de servicio cafeteria-comedor,True,anuncio,"[""CONT_FOR"", ""CONT_CON""]","[""tipo_servicios""]",0.98,"El texto indica ""Anuncio de formalización de contratos"" (señal para CONT_FOR) y el objeto es explícitamente un ""Contrato de concesión del servicio de explotación"", lo que confirma la categoría CONT_CON. La prestación es la explotación de una cafetería-comedor, por tanto se trata de tipo_servicios.",68.745,
6,boe,"Anuncio de licitación de: Presidencia de la Agencia Estatal Consejo Superior de Investigaciones Científicas, M.P. Objeto: Concesión del servicio de cafetería-comedor destinado al Centro Nacional de Biotecnología de la Agencia Estatal Consejo Superior de Investigaciones Científicas. Expediente: CAF1/25.",CONT_CON,True,"CONT_LIC, CONT_CON",tipo_servicios,Licitacion de concesion de servicio cafeteria,True,anuncio,"[""CONT_LIC"", ""CONT_CON""]","[""tipo_servicios""]",0.98,"El texto es un ""anuncio de licitación"" (señal N2) del objeto ""Concesión del servicio de cafetería-comedor"", que combina la fase de licitación (CONT_LIC) con la modalidad de concesión (CONT_CON). El objeto específico (""cafetería-comedor"") se clasifica como prestación de servicios (tipo_servicios), correspondiente a catering y comedores.",73.242,
7,borm,Información pública para la aprobación inicial de la estructura de costes del contrato de concesión del servicio público de abastecimiento de agua potable y saneamiento del municipio de Alcantarilla.,CONT_CON,True,CONT_CON,tipo_servicios,Estructura de costes de concesion de servicio de agua,True,información_pública,"[""CONT_CON""]",[],0.95,"Se trata de un acto preparatorio de una concesión (estructura de costes del contrato de concesión), que según las reglas críticas debe etiquetarse solo como CONT_CON sin la fase CONT_LIC, y el objeto no es inferible por ser información pública de estudio, no adjudicación u obra. El fragmento clave es ""estructura de costes del contrato de concesión del servicio público"".",116.58,
8,docm,"Resolución de 25/02/2025, de la Secretaría General, por la que se dispone la publicación del convenio de colaboración entre la Consejería de Fomento de la comunidad autónoma de Castilla-La Mancha y el Ayuntamiento de Olías del Rey para la implantación del transporte público regular de viajeros en autobús según contrato de concesión del servicio público de transporte regular de viajeros de uso general por carretera en determinadas zonas rurales de la provincia de Toledo: VCM-631 Olías del Rey-Toledo.",CONT_CON,False,,,Convenio interadministrativo sobre servicio en concesion existente: no es acto contractual,True,resolución,"[""CONT_CON""]","[""tipo_servicios""]",0.95,"La publicación describe un ""convenio de colaboración"" que formaliza un ""contrato de concesión del servicio público de transporte regular de viajeros"", lo que cumple con la definición de CONT_CON para actos de concesión de servicios en el dominio de contratación pública. El objeto es claramente una prestación de servicio (transporte).",58.443,
9,bopa,Edicto. Trámite de audiencia a la iniciativa privada para presentar estudios de viabilidad a la concesión de obra de un nuevo aparcamiento bajo la Plaza de la Escandalera de Oviedo. Expte. 1100-0001-2024/14. [Cód. 2025-01895],CONT_CON,True,CONT_CON,tipo_obras,Tramite de audiencia estudios viabilidad concesion de obra aparcamiento,True,edicto,"[""CONT_CON""]",[],0.95,"Es un ""Edicto"" que corresponde al ""Trámite de audiencia a la iniciativa privada para presentar estudios de viabilidad"", lo cual según las reglas es un acto PREPARATORIO de una concesión de obra pública, y por tanto se clasifica solo con CONT_CON sin incluir la etiqueta de licitación o formalización. La señal clave es el objeto explícito: ""concesión de obra"".",60.677,
10,boja,"Resolución de 24 de febrero de 2025, de la Dirección Gerencia del Servicio Andaluz de Salud, por la que se acuerda publicar la propuesta de estructura de costes y fórmula de revisión de las tarifas para la explotación de los aparcamientos que formarán parte del contrato mixto de contratación de las obras del Nuevo Hospital de Málaga y concesión de obras de los aparcamientos.",CONT_CON,True,CONT_CON,tipo_obras,Estructura de costes de contrato mixto obras y concesion de obras,True,resolución,"[""CONT_CON""]",[],0.95,"La publicación comunica la publicación de la propuesta de estructura de costes y fórmula de revisión en el contexto del ""contrato mixto... y concesión de obras de los aparcamientos"". La presencia explícita de ""concesión de obras"" en el objeto lo sitúa firmemente en la categoría de concesión (CONT_CON). Aunque hay mención a las obras, el núcleo jurídico es la concesión; no se trata de una adjudicación ordinaria ni de un encargo. Las subcategorías están vacías porque el objeto principal es la concesión mixta y no se infiere claramente la prestación final del contrato como única categoría.",83.835,
11,boe,"Anuncio de licitación de: Jefatura de Asuntos Económicos del Mando de Personal. Objeto: Concesión de servicio de campamentos estivales de ocio, tiempo libre y deportes en el CDSCM ""La Dehesa"" de Madrid. Expediente: 2024/ETSAE0905/00004280E.",CONT_CON,True,"CONT_LIC, CONT_CON",tipo_servicios,Licitacion de concesion de servicio campamentos,True,anuncio,"[""CONT_LIC"", ""CONT_CON""]","[""tipo_servicios""]",0.95,"El texto menciona ""Anuncio de licitación"" que apunta a CONT_LIC y la palabra clave ""Concesión de servicio"" en el objeto, lo que activa la categoría CONT_CON para este tipo de acto administrativo. La actividad descrita (campamentos estivales) se clasifica como prestación de servicios.",72.099,
12,boe,"Anuncio de licitación de: Subsecretaría de Política Territorial y Memoria Democrática. Objeto: Concesión de servicios para la instalación, explotación y mantenimiento de máquinas vending en el Ministerio de Política Territorial y Memoria Democrática . Expediente: 03/2025.",CONT_CON,True,"CONT_LIC, CONT_CON",tipo_servicios,Licitacion de concesion de servicios vending,True,anuncio,"[""CONT_LIC"", ""CONT_CON""]","[""tipo_servicios""]",0.98,"El texto es un ""Anuncio de licitación"" que tiene como objeto una ""Concesión de servicios"", por lo que cumple con las señales para las categorías CONT_LIC y CONT_CON. El objeto específico implica la instalación, explotación y mantenimiento de máquinas vending, lo cual clasifica el subtipo de prestación como tipo_servicios.",69.407,
13,boe,Anuncio de formalización de contratos de: Dirección General de Protección Civil y Emergencias. Objeto: Concesión del servicio de cafetería y comedor en la Escuela Nacional de Protección Civil con fomento de la contratación social laboral responsable. Expediente: 24A030.,CONT_CON,True,"CONT_FOR, CONT_CON",tipo_servicios,Formalizacion de concesion de servicio cafeteria,True,anuncio,"[""CONT_FOR"", ""CONT_CON""]","[""tipo_servicios""]",0.98,"El texto es un ""Anuncio de formalización de contratos"" que hace referencia al objeto como ""Concesión del servicio de cafetería y comedor"". La palabra ""concesión"" en el objeto contractual activa la categoría CONT_CON, mientras que la naturaleza de formalización activa CONT_FOR. El objeto (cafetería y comedor) corresponde a tipo_servicios.",70.983,
14,boe,Anuncio de licitación de: Intendente de San Fernando. Objeto: Contrato de concesión de servicio de las escuelas de baile para el CDSCA Oficiales. Expediente: 2025/AR43U/00000265E.,CONT_CON,True,"CONT_LIC, CONT_CON",tipo_servicios,Licitacion de contrato de concesion escuelas de baile,True,anuncio,"[""CONT_LIC"", ""CONT_CON""]","[""tipo_servicios""]",0.98,"El texto describe explícitamente un ""Anuncio de licitación"" (señal N1: act_type) para la adjudicación de un ""Contrato de concesión de servicio de las escuelas de baile"", lo que activa las categorías CONT_LIC por ser una licitación y CONT_CON por contener la palabra ""concesión"" en el objeto del contrato (N2). La subcategoría tipo_servicios se infiere del objeto (""servicio de las escuelas de baile""), correspondiendo a N3.",76.121,
15,bocm,"Adjudicación contrato
– Anuncio de 6 de febrero de 2025, de adjudicación del contrato titulado “Acuerdo marco para el suministro de material hardware/software informático de puesto cliente” (Expediente 6012400340)",CONT_ADJ,True,CONT_ADJ,tipo_suministros,Adjudicacion AM suministro hardware,True,anuncio,"[""CONT_ADJ""]","[""tipo_suministros""]",0.98,"El texto declara ""Adjudicación contrato"" y especifica ""anuncio de ... adjudicación del contrato titulado"", lo que encaja con CONT_ADJ. El objeto es ""suministro de material hardware/software informático"", correspondiendo a tipo_suministros.",54.738,
16,bocm,"Convocatoria contrato
– Resolución de 4 de marzo de 2025, de la Secretaría General Técnica de la Consejería de Economía, Hacienda y Empleo, por la que se dispone la publicación en los boletines oficiales y en el “perfil del contratante” en Internet, de la licitación para la adjudicación del contrato titulado Programa de formación online en competencias digitales dirigidas al sector turístico en el marco del Componente 19 “Plan Nacional de competencias digitales (digital skills)”, con cargo al Plan de Recuperación, Transformación y Resiliencia del Gobierno de España, financiado por la Unión Europea NextGeneration EU",CONT_ADJ,True,CONT_LIC,tipo_servicios,Publicacion de licitacion para adjudicar: fase licitacion. Formacion online,True,convocatoria,"[""CONT_LIC""]","[""tipo_servicios""]",0.95,"La descripción identifica explícitamente la publicación como una ""Convocatoria contrato"" y ""licitación para la adjudicación del contrato"". El objeto es un ""Programa de formación online en competencias digitales"", que corresponde a un servicio educativo/consultoría, no a una concesión ni a obras. Por tanto, se clasifica como CONT_LIC con subcategoría tipo_servicios.",62.722,
17,bocm,"Convocatoria contrato
– Resolución de 8 de enero de 2025, de la Secretaría General Técnica de la Consejería de Cultura, Turismo y Deporte, por la que se dispone la publicación de la licitación en los boletines oficiales y en el “perfil del contratante”, en Internet, de la adjudicación del contrato titulado “Gestión integral de los Teatros del Canal de Madrid, incluido el Centro Coreográfico Canal, y del Teatro Auditorio de San Lorenzo de El Escorial”",CONT_ADJ,True,CONT_LIC,tipo_servicios,Publicacion de licitacion: fase licitacion. Gestion teatros,True,resolución,"[""CONT_LIC""]","[""tipo_servicios""]",0.95,"La publicación es una ""Convocatoria"" y ""se dispone la publicación de la licitación"", lo que encaja con CONT_LIC. El objeto del contrato es ""Gestión integral de los Teatros..."", que implica servicios de gestión/mantenimiento (tipo_servicios). No es una concesión ni una adjudicación final.",59.472,
18,boja,"Resolución de 24 de marzo de 2025, del Rector de la Universidad de Granada, por la que se añade una plaza a las convocadas por Resolución de 19 de marzo de 2025, del Rector de la Universidad de Granada, por la que se convoca concurso público para la adjudicación de contratos de Profesorado Permanente Laboral.",CONT_ADJ,False,,,Adjudicacion de contratos de profesorado: RRHH universitario,False,resolución,[],[],0.98,"La publicación trata sobre la adjudicación de contratos para plazas de Profesorado Permanente Laboral en una Universidad, lo cual se corresponde con una contratación del personal (RRHH) y no con actos de contratación pública regulados por la LCSP. El texto menciona ""adjudicación de contratos"" pero estos son laborales, como indica el contexto universitario y la naturaleza de las plazas convocadas.",59.042,
19,bocm,"Convocatoria contrato
– Resolución de 12 de febrero de 2025, de la Secretaría General Técnica de la Consejería de Economía, Hacienda y Empleo, por la que se dispone la publicación en los boletines oficiales y en el “perfil del contratante” en Internet de la licitación para la adjudicación del contrato titulado prevención y control de legionelosis en dependencias adscritas a la Consejería de Economía, Hacienda y Empleo de la Comunidad de Madrid",CONT_ADJ,True,CONT_LIC,tipo_servicios,Licitacion para adjudicacion contrato legionelosis,True,convocatoria,"[""CONT_LIC""]","[""tipo_servicios""]",0.95,"La publicación es una ""Convocatoria contrato"" para una ""licitación"", lo que indica la fase de contratación (CONT_LIC). El objeto es ""prevención y control de legionelosis"", que se clasifica como un servicio técnico o higiénico-sanitario, por lo tanto, subcategoría tipo_servicios. No contiene términos de concesión ni demanialidad.",64.207,
20,boja,"Resolución de 7 de marzo de 2025, del Rector de la Universidad de Granada, por la que se convoca Concurso Público para la adjudicación de contratos de Profesores Ayudantes Doctores para el curso 2024/2025 en el campus de Granada.",CONT_ADJ,False,,,Concurso publico contratos Profesores Ayudantes Doctores: RRHH,False,resolución,[],[],1.0,"La publicación es una ""Resolución... por la que se convoca Concurso Público para la adjudicación de contratos de Profesores Ayudantes Doctores"". Se trata de un acto de personal/RRHH (adjudicación de plazas o puestos de trabajo en el ámbito universitario), no de contratación pública de servicios, obras o suministros bajo la LCSP. Por tanto, is_relevant es False.",113.356,
21,bocm,"Adjudicación contrato
– Anuncio de 26 de diciembre de 2024, de adjudicación del contrato titulado “Suministro de bandajes para el mantenimiento de ruedas elásticas de los vehículos de material móvil de Metro de Madrid” (Expediente 6012400321)",CONT_ADJ,True,CONT_ADJ,tipo_suministros,Adjudicacion contrato suministro bandajes,True,anuncio,"[""CONT_ADJ""]","[""tipo_suministros""]",0.95,"El texto indica explícitamente ""Anuncio... de adjudicación del contrato"", lo que dispara la etiqueta CONT_ADJ. El objeto es el ""Suministro de bandajes..."", identificándolo claramente como tipo_suministros. La publicación pertenece al ámbito autonómico (BOCM), por lo que es relevante bajo la LCSP.",57.408,
22,boja,"Resolución de 8 de enero de 2025, de la Empresa Pública para la Gestión del Turismo y del Deporte de Andalucía, S.A., por la que se publica la adjudicación de contratos de publicidad institucional, correspondientes al tercer cuatrimestre del año 2024.",CONT_ADJ,True,CONT_ADJ,tipo_servicios,Adjudicacion contratos publicidad institucional,True,resolución,"[""CONT_ADJ""]","[""tipo_servicios""]",0.95,"El texto indica ""se publica la adjudicación de contratos"", lo cual corresponde a la etiqueta CONT_ADJ para comunicación de adjudicación de contratos. El objeto es ""publicidad institucional"", que se clasifica como tipo_servicios, ya que implica servicios de comunicación y promoción. La entidad adjudicadora es una empresa pública de gestión turística y deportiva, dentro del ámbito de contratación pública (LCSP).",60.234,
23,boja,"Resolución de 16 de enero de 2025, de la Secretaría General Técnica, por la que se hace pública la adjudicación de contratos relativos a publicidad institucional y la concesión de ayudas, subvenciones y convenios en materia de actividad publicitaria, correspondiente al tercer cuatrimestre del año 2024.",CONT_ADJ,True,CONT_ADJ,tipo_servicios,Adjudicacion contratos publicidad. Menciona tambien ayudas y convenios,False,resolución,[],[],0.95,"La descripción menciona ""adjudicación de contratos"" para publicidad institucional, pero inmediatamente asocia estos a la ""concesión de ayudas, subvenciones y convenios"", lo cual sitúa el acto en el ámbito de las subvenciones (no contrato público LCSP) o en convenios interadministrativos. Además, la palabra clave ""ayudas"" junto con ""subvenciones"" indica que el objeto principal no es una contratación pública regulada por la LCSP, sino un proceso de apoyo económico y colaboración. Por tanto, is_relevant=False según las reglas para subvenciones y ayudas.",69.831,
24,boja,"Anuncio de 24 de enero de 2025, de la Comunidad de Regantes Llanos de Dalías, de adjudicación del contrato de obras del proyecto que se cita. (PP. 168/2025).",CONT_ADJ,True,CONT_ADJ,tipo_obras,Adjudicacion contrato de obras por comunidad de regantes,True,anuncio,"[""CONT_ADJ""]","[""tipo_obras""]",0.98,"El texto anuncia la ""adjudicación del contrato de obras"" del proyecto, lo que cumple con la definición de CONT_ADJ (adjudicación de un contrato) y tipo_obras por el objeto especificado como ""obras"".",52.665,
25,boja,"Resolución de 24 de enero de 2025, de la Secretaría General Técnica, por la que se hace pública la adjudicación de contratos relativos a publicidad institucional y la concesión de ayudas, subvenciones y convenios en materia de actividad publicitaria, correspondiente al 3.er cuatrimestre del año 2024.",CONT_ADJ,True,CONT_ADJ,tipo_servicios,Adjudicacion contratos publicidad institucional,False,resolución,[],[],0.92,"Aunque menciona ""adjudicación de contratos"" en publicidad institucional, la resolución incluye explícitamente ""concesión de ayudas, subvenciones"", lo cual excluye la relevancia para contratación pública (LCSP). No hay señales de licitación, formalización o adjudicación de un contrato específico bajo la LCSP, solo se publica la adjudicación mixta con subvenciones.",58.722,
26,bocm,"Adjudicación contrato
– Anuncio de 19 de febrero de 2025, de adjudicación del contrato titulado “Servicio de revisión y reparación de balonas de suspensión secundaria de las series 6000, 8000 y 3000”. (Expediente 6012400218)",CONT_ADJ,True,CONT_ADJ,tipo_servicios,Adjudicacion contrato servicio reparacion,True,anuncio,"[""CONT_ADJ""]","[""tipo_servicios""]",0.95,"Es un ""anuncio de... adjudicación del contrato titulado..."", lo que encaja directamente con la etiqueta CONT_ADJ. El objeto es ""revisión y reparación"", una actividad de mantenimiento/técnica, clasificándola como tipo_servicios.",54.304,
27,bocm,"Adjudicación contrato
– Anuncio de 21 de marzo de 2025, de adjudicación del contrato titulado “Acuerdo marco para el suministro de repuestos de comunicaciones para el mantenimiento de las instalaciones y del material móvil de Metro de Madrid”. (Expediente 6012400378)",CONT_ADJ,True,CONT_ADJ,tipo_suministros,Adjudicacion AM suministro repuestos,True,anuncio,"[""CONT_ADJ""]","[""tipo_suministros""]",0.98,"El texto indica ""Anuncio de... adjudicación del contrato"" lo que encaja perfectamente con la categoría CONT_ADJ (adjudicación de un contrato). El objeto es el suministro de repuestos para material móvil, por lo que se identifica como tipo_suministros. No se trata de una concesión ni de personal.",57.108,
28,bocm,"Adjudicación contrato
– Anuncio de 13 de febrero de 2025, de adjudicación del contrato titulado “Servicio de mantenimiento del sistema de atención telefónica avanzada del Centro de Operaciones de Mantenimiento y Monitorización de Instalaciones y Telecomunicaciones (COMMIT)”. (Expediente 6012400400)",CONT_ADJ,True,CONT_ADJ,tipo_servicios,Adjudicacion contrato mantenimiento,True,anuncio,"[""CONT_ADJ""]","[""tipo_servicios""]",0.95,"El texto dice explícitamente ""Adjudicación contrato"" y detalla la ""adjudicación del contrato titulado... Servicio de mantenimiento..."", lo que cumple con la definición de CONT_ADJ. La prestación identificada es un servicio de mantenimiento, por lo que se añade la subcategoría tipo_servicios.",58.842,
29,bocm,"Adjudicación contrato
– Anuncio de 28 de enero de 2025, de adjudicación del contrato titulado “Acuerdo marco para servicios de asistencia a la redacción de proyectos de ingeniería civil y arquitectura y/o elaboración de informes técnicos asociados a las actividades del servicio de infraestructuras y estaciones de Metro de Madrid” (expediente 6012400310)",CONT_ADJ,True,CONT_ADJ,tipo_servicios,Adjudicacion AM servicios redaccion proyectos,True,anuncio,"[""CONT_ADJ""]","[""tipo_servicios""]",0.95,"El texto es claramente un anuncio de adjudicación del contrato (señal: ""Anuncio... de adjudicación del contrato""). El objeto, ""servicios de asistencia a la redacción de proyectos"" y ""elaboración de informes técnicos"", corresponde al subtipo de prestación tipo_servicios.",68.356,
31,dogv,ANUNCIO de la encomienda de gestión del Ajuntament de Teulada de autoliquidaciones en Suma Gestión Tributaria. Diputación de Alicante.,CONT_ENC,True,CONT_ENC,tipo_servicios,Encomienda de gestion tributaria a Suma,True,anuncio,"[""CONT_ENC""]",[],0.95,"La descripción menciona explícitamente ""ANUNCIO de la encomienda de gestión"", lo que corresponde a la etiqueta CONT_ENC para actos que encargar a un medio propio o encomiendan gestión, citando el fragmento ""encomienda de gestión del Ajuntament de Teulada"". No hay indicios de obras, servicios ni suministros en el objeto de la encomienda.",89.833,
32,dogv,"RESOLUCIÓN de 21 de febrero de 2025, de la Dirección General de Relaciones con Les Corts, por la que se publica el convenio de encomienda de gestión por el que la Agencia Valenciana de Seguridad y Respuesta a las Emergencias encarga al Ayuntamiento de Sagunto la actividad de instrucción policial en los cursos de acceso a las distintas escalas y categorías de policía local organizados por el Instituto Valenciano de Seguridad Pública y Emergencias (IVASPE).",CONT_ENC,True,CONT_ENC,tipo_servicios,Convenio encomienda instruccion policial,True,resolución,"[""CONT_ENC""]",[],0.98,"La publicación corresponde a una resolución que publica el ""convenio de encomienda de gestión"", lo cual coincide con la etiqueta CONT_ENC (encarga a un medio propio o encomienda gestión). El objeto descrito es instrucción policial en cursos, sin elementos que indiquen licitación, formalización ni concesión. No hay referencia a tipo de prestación específico.",80.815,
33,bopa,"Resolución de 13 de marzo de 2025, de la Consejería de Presidencia, Reto Demográfico, Igualdad y Turismo, por la que se ordena la publicación del Convenio de colaboración entre la Administración del Principado de Asturias, a través de la Consejería de Derechos Sociales y Bienestar, y el Ayuntamiento de Llanera por el que se establece el marco de cooperación para el desarrollo de las prestaciones sociales del Sistema Público de Servicios Sociales y la encomienda de gestión de la prestación del servicio de ayuda a domicilio y teleasistencia a personas en situación de dependencia del Sistema para la Autonomía y Atención a la Dependencia durante los ejercicios 2024 a 2027. [Cód. 2025-02293]",CONT_ENC,True,CONT_ENC,tipo_servicios,Convenio con encomienda de gestion ayuda a domicilio,True,resolución,"[""CONT_ENC""]","[""tipo_servicios""]",0.95,"La publicación ordena la publicación de un convenio que incluye explícitamente ""la encomienda de gestión del servicio"" para la prestación de ayuda a domicilio y teleasistencia, lo que califica el acto como CONT_ENC. El objeto es claramente una prestación de servicios sociales (tipo_servicios). No hay palabra ""concesión"" en el objeto del contrato, por lo que no aplica CONT_CON.",87.622,
34,bopa,"Resolución de 13 de marzo de 2025, de la Consejería de Presidencia, Reto Demográfico, Igualdad y Turismo, por la que se ordena la publicación del Convenio de colaboración entre la Administración del Principado de Asturias, a través de la Consejería de Derechos Sociales y Bienestar, y el Ayuntamiento de Tineo por el que se establece el marco de cooperación para el desarrollo de las prestaciones sociales del Sistema Público de Servicios Sociales y la encomienda de gestión de la prestación del servicio de ayuda a domicilio y teleasistencia a personas en situación de dependencia del Sistema para la Autonomía y Atención a la Dependencia durante los ejercicios 2024 a 2027. [Cód. 2025-02320]",CONT_ENC,True,CONT_ENC,tipo_servicios,Convenio con encomienda de gestion ayuda a domicilio,True,resolución,"[""CONT_ENC""]",[],0.95,"La publicación es una resolución que ordena publicar un convenio por el cual se establece la ""encomienda de gestión"" del servicio de ayuda a domicilio y teleasistencia, lo cual coincide con la categoría CONT_ENC según las reglas (incluso si se publica como convenio). El texto cita explícitamente ""la encomienda de gestión"", disparando esta etiqueta.",77.583,
35,boe,"Resolución de 9 de enero de 2025, de la Secretaría General Técnica, por la que se publica el Convenio de encomienda de gestión entre la Dirección General de la Guardia Civil y la Comunidad de Castilla y León, para la vigilancia y protección de los edificios e instalaciones del complejo donde se ubica la sede de la Presidencia de la Junta de Castilla y León.",CONT_ENC,True,CONT_ENC,tipo_servicios,Encomienda de gestion vigilancia edificios,True,resolución,"[""CONT_ENC""]",[],0.98,"La publicación es una Resolución que publica un Convenio de encomienda de gestión, lo que se ajusta claramente a la categoría CONT_ENC según las reglas críticas (punto 4: ""convenio de colaboración... y la encomienda de gestión""). La descripción menciona explícitamente ""encomienda de gestión"" para la vigilancia y protección, sin mención a concesión demanial ni ocupación de dominio público, por lo que es relevante bajo LCSP.",177.078,
36,dogv,"RESOLUCIÓN de 16 de enero de 2025, de la Dirección General de Relaciones con Les Corts, por la que se publica el convenio de encomienda de gestión por el que la Agencia Valenciana de Seguridad y Respuesta a las Emergencias encarga al Ayuntamiento de Elche la actividad de instrucción policial en los cursos de acceso a las distintas escalas y categorías de policía local organizados por el Instituto Valenciano de Seguridad Pública y Emergencias (IVASPE).",CONT_ENC,True,CONT_ENC,tipo_servicios,Convenio encomienda instruccion policial,True,resolución,"[""CONT_ENC""]",[],0.98,"La descripción indica explícitamente ""se publica el convenio de encomienda de gestión"" y que la Agencia Valenciana encarga al Ayuntamiento una actividad específica, lo cual encaja perfectamente con la categoría N2 CONT_ENC. No hay elementos para subcategorizar por tipo de prestación (el objeto no se describe como obra, servicio o suministro específico del contrato LCSP).",87.548,
37,bon,Encomienda de gestión para recuperar la infraestructura-trazado de la Vía Verde del Bidasoa en el tramo Doneztebe / Santesteban-Elizondo y disponer de dicho espacio como vial público,CONT_ENC,True,CONT_ENC,tipo_obras,Encomienda de gestion via verde. Duplicado del id 30,True,convocatoria,"[""CONT_ENC""]",[],0.95,"La descripción menciona explícitamente ""Encomienda de gestión"" para recuperar la infraestructura de la Vía Verde y disponer del espacio, lo cual corresponde a la categoría de encargo de gestión (CONT_ENC). El fragmento clave es ""Encomienda de gestión"". No se especifica el tipo de prestación (obras o servicios), por lo que subcategories queda vacía.",63.264,
38,bopa,"Resolución de 13 de marzo de 2025, de la Consejería de Presidencia, Reto Demográfico, Igualdad y Turismo, por la que se ordena la publicación del Convenio de colaboración entre la Administración del Principado de Asturias, a través de la Consejería de Derechos Sociales y Bienestar y el Ayuntamiento de San Tirso de Abres por el que se establece el marco de cooperación para el desarrollo de las prestaciones sociales del Sistema Público de Servicios Sociales y la encomienda de gestión de la prestación del servicio de ayuda a domicilio y teleasistencia a personas en situación de dependencia del Sistema para la Autonomía y Atención a la Dependencia durante los ejercicios 2024 a 2027. [Cód. 2025-02238]",CONT_ENC,True,CONT_ENC,tipo_servicios,Convenio con encomienda de gestion ayuda a domicilio,True,resolución,"[""CONT_ENC""]","[""tipo_servicios""]",0.95,"El texto menciona explícitamente ""la encomienda de gestión de la prestación del servicio de ayuda a domicilio"", lo que encaja con la categoría CONT_ENC (encargos a medios propios o encomiendas de gestión) para servicios sociales. La subcategoría tipo_servicios es inferible por el objeto del contrato (prestaciones sociales, ayuda a domicilio).",63.365,
39,bopv,"RESOLUCIÓN 22/2025, de 25 de febrero, del Director de la Secretaría del Gobierno y de Relaciones con el Parlamento, por la que se dispone la publicación del acuerdo por el que se autoriza la suscripción de la prórroga, para el año 2025, del Acuerdo de encomienda de gestión suscrito con el Instituto de Alfabetización y Reeuskaldunización de Adultos, HABE, para la enseñanza del euskera a alumnos presos en centros penitenciarios de la Comunidad Autónoma del País Vasco.

				
2025/01015",CONT_ENC,True,CONT_ENC,tipo_servicios,Prorroga de encomienda de gestion: hereda CONT_ENC. Euskera presos,True,resolución,"[""CONT_ENC""]",[],0.95,"La descripción menciona ""Acuerdo de encomienda de gestión"" (señal CONT_ENC) y se trata de una prórroga de dicho acuerdo, no un contrato LCSP ordinario. La resolución autoriza la suscripción de la prórroga del acuerdo existente de encomienda de gestión para el año 2025.",62.07,
40,bopa,"Resolución de 13 de marzo de 2025, de la Consejería de Presidencia, Reto Demográfico, Igualdad y Turismo, por la que se ordena la publicación del Convenio de colaboración entre la Administración del Principado de Asturias, a través de la Consejería de Derechos Sociales y Bienestar, y el Ayuntamiento de Degaña por el que se establece el marco de cooperación para el desarrollo de las prestaciones sociales del Sistema Público de Servicios Sociales y la encomienda de gestión de la prestación del servicio de ayuda a domicilio y teleasistencia a personas en situación de dependencia del Sistema para la Autonomía y Atención a la Dependencia durante los ejercicios 2024 a 2027. [Cód. 2025-02287]",CONT_ENC,True,CONT_ENC,tipo_servicios,Convenio con encomienda de gestion ayuda a domicilio,True,resolución,"[""CONT_ENC""]",[],0.95,"El texto menciona explícitamente ""encomienda de gestión de la prestación del servicio de ayuda a domicilio y teleasistencia"", lo que corresponde al tipo CONT_ENC según las categorías definidas para este ámbito contractual. Aunque también hay un convenio, el elemento determinante para la clasificación en esta taxonomía es la encomienda de gestión mencionada directamente en el objeto.",119.448,
41,boe,"Resolución de 5 de febrero de 2025, de la Secretaría General Técnica, por la que se publica el Convenio por el que se formaliza la encomienda de gestión al Ayuntamiento de Villanueva del Arzobispo, para la ejecución de obras de reforma y rehabilitación de la casa-cuartel de la Guardia Civil de titularidad estatal radicada en el municipio en el marco del Programa de Fomento de Empleo Agrario.",CONT_ENC,True,CONT_ENC,tipo_obras,Encomienda de gestion ejecucion obras casa-cuartel,True,resolución,"[""CONT_ENC""]","[""tipo_obras""]",0.95,"La publicación es una resolución que formaliza una ""encomienda de gestión"" para la ejecución de ""obras de reforma y rehabilitación"". Según las reglas, un convenio que formaliza una encomienda se clasifica como CONT_ENC. El objeto es claramente de tipo obras (""reforma y rehabilitación"").",59.182,
42,bopa,"Resolución de 13 de marzo de 2025, de la Consejería de Presidencia, Reto Demográfico, Igualdad y Turismo, por la que se ordena la publicación del Convenio de colaboración entre la Administración del Principado de Asturias, a través de la Consejería de Derechos Sociales y Bienestar, y el Ayuntamiento de Castrillón por el que se establece el marco de cooperación para el desarrollo de las prestaciones sociales del Sistema Público de Servicios Sociales y la encomienda de gestión de la prestación del servicio de ayuda a domicilio y teleasistencia a personas en situación de dependencia del Sistema para la Autonomía y Atención a la Dependencia durante los ejercicios 2024 a 2027. [Cód. 2025-02207]",CONT_ENC,True,CONT_ENC,tipo_servicios,Convenio con encomienda de gestion ayuda a domicilio,True,resolución,"[""CONT_ENC""]",[],0.98,"La descripción menciona explícitamente ""la encomienda de gestión del servicio"", lo que activa la categoría CONT_ENC según la regla 4 y el código de clasificación. El texto es una resolución de publicación de este convenio. No hay palabras clave como 'concesión' en el objeto para activar CONT_CON, ni se trata de licitación o formalización estándar.",63.686,
43,boca,"Servicio Canario de Empleo.- Resolución de 31 de diciembre de 2024, de la Presidenta, de encomienda de gestión a la sociedad mercantil pública Instituto Tecnológico de Canarias, S.A. (ITC) para apoyo a la gestión del Centro de Orientación, Emprendimiento, Acompañamiento e Innovación para el Empleo del Servicio Canario de Empleo, año 2025.",CONT_ENC,True,CONT_ENC,tipo_servicios,Encomienda de gestion a medio propio ITC,True,resolución,"[""CONT_ENC""]",[],0.98,"La descripción menciona explícitamente ""Resolución... de encomienda de gestión"", lo cual corresponde a la categoría CONT_ENC según las reglas críticas (punto 4). No se mencionan palabras clave para licitación, formalización, adjudicación o concesión en el objeto del contrato.",109.105,
44,bopa,"Resolución de 13 de marzo de 2025, de la Consejería de Presidencia, Reto Demográfico, Igualdad y Turismo, por la que se ordena la publicación del Convenio de colaboración entre la Administración del Principado de Asturias, a través de la Consejería de Derechos Sociales y Bienestar y el Ayuntamiento de Proaza por el que se establece el marco de cooperación para el desarrollo de las prestaciones sociales del Sistema Público de Servicios Sociales y la encomienda de gestión de la prestación del servicio de ayuda a domicilio y teleasistencia a personas en situación de dependencia del Sistema para la Autonomía y Atención a la Dependencia durante los ejercicios 2024 a 2027. [Cód. 2025-02305]",CONT_ENC,True,CONT_ENC,tipo_servicios,Convenio con encomienda de gestion ayuda a domicilio,True,resolución,"[""CONT_ENC""]","[""tipo_servicios""]",0.98,"La publicación es una resolución por la que se ordena publicar un convenio donde se establece explícitamente ""la encomienda de gestión de la prestación del servicio de ayuda a domicilio y teleasistencia"". Esto encaja perfectamente en la categoría CONT_ENC (encargo a medio propio o encomienda de gestión). El objeto del servicio es asistencia social y teleasistencia, por lo que la subcategoría es tipo_servicios.",67.698,
45,docm,"Resolución de 06/02/2025, de la Dirección General de Recursos Humanos y Transformación, por la que se nombra personal estatutario fijo y se adjudican plazas a las personas aprobadas en el proceso selectivo para el ingreso, por el sistema general de acceso libre, en la categoría de Facultativo/a Especialista de Área de Cirugía Ortopédica y Traumatología, de las instituciones sanitarias del Servicio de Salud de Castilla-La Mancha, convocado por Resolución de 09/03/2021.",NEG_ADJ_RRHH,False,,,Adjudicacion de plazas personal estatutario: RRHH,False,resolución,[],[],0.98,"La publicación trata sobre la adjudicación de plazas y puestos de personal estatutario (""se nombra personal estatutario fijo y se adjudican plazas""), lo cual corresponde a RRHH y no al universo LCSP según las reglas críticas (punto 5).",56.036,
46,boib,"Resolución de la Presidencia del IMAS por la que aprueba la lista definitiva de las personas aspirantes que han superado el proceso selectivo de estabilización por el sistema de concurso-oposición para el ingreso como personal funcionario de la escala de Administración especial , subescala técnica, clase técnico-a medio, especialidad Terapia Ocupacional, del subgrupo A2, se nombra personal funcionario de carrera y se adjudican los puestos de trabajo",NEG_ADJ_RRHH,False,,,Adjudicacion de puestos proceso estabilizacion: RRHH,False,resolución,[],[],0.98,"La publicación se refiere a la ""adjudicación de los puestos de trabajo"" y al ingreso como ""personal funcionario"", lo que indica una adjudicación de plazas, correspondiente al ámbito de Recursos Humanos, no a la contratación pública de servicios u obras según LCSP.",54.468,
47,boc,"Resolución de 16 de diciembre de 2024, por la que se adjudica el puesto de trabajo número 8538, Subdirector General del Área de Recaudación de la Agencia Cántabra de Administración Tributaria, Consejería de Economía, Hacienda, Financiación Autonómica y Fondos Europeos, convocado mediante Resolución del Presidente de la Agencia Cántabra de Administración Tributaria, de 6 de noviembre de 2024.",NEG_ADJ_RRHH,False,,,Adjudicacion de puesto de trabajo: RRHH,False,resolución,[],[],1.0,"La publicación refiere a la ""adjudicación del puesto de trabajo número 8538"", que se clasifica como un acto de Recursos Humanos y no como una contratación pública al amparo de la LCSP, por lo tanto is_relevant es False.",54.365,
48,boe,"Resolución de 11 de febrero de 2025, de la Dirección General de Seguridad Jurídica y Fe Pública, en el recurso interpuesto contra la calificación realizada por la registradora de la propiedad de Getafe número 2 en el seno de un procedimiento administrativo de ejecución seguido por la Agencia Estatal de Administración Tributaria en el que, tras inscribir la adjudicación del dominio de una finca adquirido en la correspondiente subasta, suspende la cancelación de la anotación de embargo que en su día se practicó en dicho expediente, así como la cancelación de las cargas posteriores, ordenadas en mandamiento expedido por la Agencia Estatal de Administración Tributaria.",NEG_ADJ_RRHH,False,,,Recurso registral sobre adjudicacion de finca en subasta: no contractual,False,resolución,[],[],0.98,"El texto describe una resolución sobre la inscripción de adjudicación de un dominio derivado de una subasta y cancelación de embargos en el seno de un procedimiento administrativo de ejecución tributario. No corresponde a ningún acto de contratación pública regulada por la LCSP (ni es una concesión demanial ni una simple resolución interna), por lo que is_relevant=False. Las palabras clave como ""subasta"", ""adjudicación del dominio"" y ""cancelación de anotación de embargo"" confirman que se trata de un procedimiento administrativo tributario, no de contratación pública.",72.545,
49,bocyl,"RESOLUCIÓN de 15 de enero de 2025, de la Viceconsejería de Administraciones Públicas y Atención al Ciudadano, por la que se adjudican destinos a los aspirantes que han superado el proceso selectivo convocado por Resolución de 23 de noviembre de 2022, para ingreso, por el sistema de acceso libre, en la competencia funcional de Oficial de Primera Conductor, en régimen de contratación laboral de carácter fijo discontinuo, que presta sus servicios en el operativo para la prevención y extinción de incendios forestales dependiente de la Consejería de Medio Ambiente, Vivienda y Ordenación del Territorio.",NEG_ADJ_RRHH,False,,,Adjudicacion de destinos proceso selectivo: RRHH,False,resolución,[],[],0.98,"La descripción indica claramente ""se adjudican destinos... en la competencia funcional de Oficial de Primera Conductor"" y lo califica como ""regimen de contratación laboral de carácter fijo discontinuo"", lo que identifica el acto como una asignación de personal (RRHH), no como un contrato de servicios u obra del dominio de la LCSP.",61.304,
50,boja,"Resolución de 26 de febrero de 2025, de la Viceconsejería, por la que se adjudica puesto de trabajo de libre designación convocado por resolución que se cita.",NEG_ADJ_RRHH,False,,,Adjudicacion puesto libre designacion: RRHH,False,resolución,[],[],0.98,"La publicación es una adjudicación de un puesto de trabajo (""se adjudica puesto de trabajo""), que según las reglas del dominio corresponde a RRHH, por lo tanto is_relevant=False. No se aplican categorías de contratación pública LCSP.",50.054,
51,boc,"Resolución de 2 de enero de 2025, por la que se adjudican los puestos de trabajo de la categoría profesional Operario de Carreteras a los aspirantes que han superado el proceso selectivo convocado por Orden PRE/151/2022, de 28 de noviembre.",NEG_ADJ_RRHH,False,,,Adjudicacion puestos proceso selectivo: RRHH,False,resolución,[],[],1.0,"La publicación se refiere a la adjudicación de puestos de trabajo (Operario de Carreteras) para personal, no a una contratación pública de obras o servicios según LCSP; por tanto es un acto de RRHH con is_relevant=False.",53.303,
52,docm,"Resolución de 24/01/2025, de la Dirección General de Recursos Humanos y Transformación, por la que se nombra personal estatutario fijo y se adjudican plazas a las personas aprobadas en el proceso selectivo convocado para el ingreso, por el sistema general de acceso libre, en la categoría de Ingeniero/a Técnico/a, de las instituciones sanitarias del Servicio de Salud de Castilla-La Mancha, convocado por Resolución de 23/08/2021.",NEG_ADJ_RRHH,False,,,Adjudicacion plazas personal estatutario: RRHH,False,resolución,[],[],0.98,"La publicación se refiere a la adjudicación de plazas y el nombramiento de personal estatutario en instituciones sanitarias (""se nombra personal estatutario fijo y se adjudican plazas""), lo que corresponde a RRHH, no a contratación pública según las reglas definidas (is_relevant=False).",58.013,
53,bopa,"Resolución de 14 de marzo de 2025, del Secretario General de la Universidad de Oviedo, por la que se emplaza a los interesados en el recurso de alzada 25/2025 contra los Acuerdos del Tribunal respecto al 1.er y 2.º ejercicio y la anulación del Acuerdo del Tribunal en el que se propone la adjudicación de las plazas, y en el recurso de reposición 30/2025 contra la Resolución del Rector de 13 de febrero de 2025, por la que se adjudican las 40 plazas convocadas por Resolución del Rector de 5 de diciembre de 2023, de la Escala Administrativos de la Universidad de Oviedo, Grupo C, Subgrupo C1, sistema general de acceso libre (BOPA de 20 de diciembre de 2023). [Cód. 2025-02143]",NEG_ADJ_RRHH,False,,,Emplazamiento recurso sobre adjudicacion de plazas: RRHH,False,resolución,[],[],0.98,"La publicación trata sobre la ""adjudicación de las plazas"" y el sistema general de acceso libre para personal administrativo, lo cual corresponde a recursos humanos (RRHH), no a contratación pública de servicios u obras según la LCSP.",58.38,
54,bopa,"Resolución de 23 de enero de 2025, de la Dirección Gerencia del Servicio de Salud del Principado de Asturias, por la que se nombra personal estatutario fijo y se adjudican plazas de la categoría de Técnico Especialista en Radiodiagnóstico del Servicio de Salud del Principado de Asturias, convocado por Resolución de 15 de diciembre de 2022 (BOPA de 27 de diciembre de 2022). [Cód. 2025-00725]",NEG_ADJ_RRHH,False,,,Adjudicacion plazas personal estatutario: RRHH,False,resolución,[],[],0.98,"Se trata de una resolución por la que se nombran personal estatutario fijo y se adjudican plazas de un puesto, lo cual corresponde a RRHH y no a contratación pública según las exclusiones definidas (adjudicaciones de plazas o puestos de personal). La descripción no contiene elementos de licitación, formalización, adjudicación de contrato, encargo a medio propio ni concesión de servicios u obras públicas.",65.49,
55,boe,"Resolución de la Autoridad Portuaria de Baleares por la que se anuncia el concurso público para la explotación, en régimen de concesión administrativa, de un bar-cafetería y restaurante en el edificio Port Centre del puerto de Palma (CC-C-P-0011), la elección de la solución más ventajosa y el otorgamiento de la correspondiente concesión administrativa.",NEG_DOM_PUB,False,,,Concesion administrativa demanial portuaria para bar-cafeteria: dominio publico no LCSP,False,resolución,[],[],0.95,"Se trata de una concesión administrativa del puerto (edificio Port Centre), que encaja en la categoría de concesión demanial o ocupación de dominio público, por lo cual no es relevante para contratación pública según las reglas dadas (is_relevant=False). El texto menciona explícitamente ""concesión administrativa"" y ""explotación"" de un establecimiento en el puerto, pero al ser ámbito portuario/dominal se excluye.",65.219,
56,boe,"Anuncio de la Autoridad Portuaria de Sevilla de información pública de la solicitud presentada por Congresos y Turismo de Sevilla SA de modificación sustancial de concesión administrativa Expediente E497, consistente en la ampliación de su plazo.",NEG_DOM_PUB,False,,,Modificacion concesion administrativa portuaria: dominio publico,False,información_pública,[],[],0.98,"La publicación es una ""información pública"" sobre la modificación de una concesión administrativa, pero según las reglas críticas, se trata de una concesión DEMANIAL (autoridad portuaria), por lo que is_relevant=False. El texto cita explícitamente ""Autoridad Portuaria de Sevilla"" y ""modificación sustancial de concesión administrativa"".",60.738,
58,boe,"Anuncio de la Autoridad Portuaria de Sevilla de otorgamiento de concesión administrativa a Sociedad Ibérica de Construcciones Eléctricas, S.A. en la zona de servicio del Puerto de Sevilla con destino a almacenaje, control y distribución de materiales (E620).",NEG_DOM_PUB,False,,,Otorgamiento concesion administrativa portuaria: dominio publico,False,anuncio,[],[],0.98,"El texto menciona ""concesión administrativa"" en el contexto de la Autoridad Portuaria y en la zona del Puerto de Sevilla, lo que indica una concesión demanial (ocupación de dominio público), excluida del ámbito LCSP. El fragmento clave es ""otorgamiento de concesión administrativa... en la zona de servicio del Puerto de Sevilla"".",60.408,
59,boja,"Resolución de 19 de marzo de 2025, de la Dirección General de Trabajo, Seguridad y Salud Laboral, por la que se garantiza el funcionamiento del servicio público que presta la empresa Servicios y Mantenimiento Mabraser XI, S.L., relativo al servicio incluido en los lotes 1, 2 y 7 de la concesión administrativa de limpieza en centros educativos dependientes de la Delegación Territorial de Desarrollo Educativo y Formación Profesional y de Universidad, Investigación e Innovación en Córdoba, en los que dicha empresa es adjudicataria, mediante el establecimiento de los servicios mínimos.",NEG_DOM_PUB,False,,,Servicios minimos por huelga en concesion de limpieza: acto laboral,False,resolución,[],[],0.95,"Se trata de una Resolución de la Dirección General de Trabajo relativa a ""servicios mínimos"" para un servicio público de limpieza en centros educativos, gestionado por una empresa adjudicataria. El acto no es una contratación pública (licitación, formalización, adjudicación), sino una resolución de garantías del funcionamiento de un contrato laboral o de servicios ya existente (posiblemente con personal propio o de empresa externa). Aunque menciona ""concesión administrativa"", el contexto de la Dirección General de Trabajo y los ""servicios mínimos"" indica que se trata de medidas de continuidad de servicio para asegurar el abastecimiento, no del acto de contratación pública en sí mismo. No hay indicios de licitación, formalización o adjudicación de contrato nuevo. La resolución garantiza el funcionamiento de un servicio público (limpieza) mediante servicios mínimos, sin implicar actos de contratación.",88.405,
60,boe,"Anuncio de la Autoridad Portuaria de Tarragona por el que se somete a información pública la solicitud presentada por Bergé Marítima, S.L., para la ocupación y mejora de una nave preexistente y la construcción y posterior explotación, en régimen de concesión administrativa, de un conjunto de dos naves en la confluencia entre el Muelle de Aragón y Navarra, destinada a la manipulación portuaria y almacenaje de graneles sólidos y mercancía general, así como para la generación de energía fotovoltaica.",NEG_DOM_PUB,False,,,Concesion administrativa portuaria naves: dominio publico,False,anuncio,[],[],0.98,"La publicación es un anuncio de la Autoridad Portuaria de Tarragona que somete a información pública una solicitud para la ""ocupación y mejora... en régimen de concesión administrativa"". Esto clasifica la acción como una concesión demanial (regímen administrativo sobre dominio público), por lo que no pertenece al universo de contratación pública regulado por la LCSP.",63.508,
61,boe,Anuncio de la Autoridad Portuaria de Sevilla de información pública de la solicitud presentada por Sevisur Logística SA de otorgamiento de concesión administrativa para ocupación de parcela en la Zona de Actividades Logísticas con destino a la construcción de dos naves logísticas para su cesión a terceros (E661).,NEG_DOM_PUB,False,,,Concesion administrativa portuaria parcela ZAL: dominio publico,False,información_pública,[],[],0.98,"El texto menciona ""concesión administrativa para ocupación de parcela"" y se refiere a una autoridad portuaria, lo que encaja con la definición de concesión demanial (ocupación de dominio público) que es irrelevante para el ámbito de la contratación pública LCSP según las reglas críticas.",57.978,
62,dog,RESOLUCIÓN de 24 de enero de 2025 por la que se autoriza la transmisión inter vivos de la concesión administrativa de la batea Isla II.,NEG_DOM_PUB,False,,,Transmision concesion administrativa de batea: dominio publico maritimo,False,resolución,[],[],1.0,"Se trata de una resolución sobre ""transmisión inter vivos de la concesión administrativa"" de un activo demanial (batea), lo cual corresponde a una concesión demanial, no a un contrato de prestación de servicios de la LCSP. Por tanto, is_relevant=False según la regla de concesiones demaniales.",55.668,
63,boe,Anuncio de la Autoridad Portuaria de Castellón por la que se convoca concurso público para el otorgamiento de una concesión administrativa de ocupación de dominio público portuario.,NEG_DOM_PUB,False,,,Concurso concesion administrativa dominio publico portuario,False,anuncio,[],[],1.0,"El texto menciona ""concesión administrativa de ocupación de dominio público portuario"", lo que según las reglas indica una concesión demanial, excluyendo la publicación del universo de contratación pública LCSP (is_relevant=False).",50.524,
64,dogv,"ANUNCIO del expediente de concesión demanial por razones de interés público de terrenos en el monte del Catálogo de utilidad pública V075 denominado La Redonda, sito en el término municipal de Enguera (Valencia) y perteneciente a su ayuntamiento, a fin de realizar la instalación de infraestructuras de telecomunicaciones, promovido por Telefónica de España, SAU.",NEG_DOM_PUB,False,,,Concesion demanial en monte UP para telecomunicaciones: dominio publico,False,anuncio,[],[],1.0,"La publicación es ""ANUNCIO del expediente de concesión demanial"" sobre terrenos en un monte, lo que corresponde a una concesión demanial por ocupación de dominio público (leyes del dominio público). Según las reglas críticas, esto es is_relevant=False porque se trata de concesión demanial, no de un contrato de concesión de servicios LCSP. No hay ""concesión de servicios"" en el objeto contractual.",64.287,
65,boe,Anuncio de licitación de: Jefatura de Asuntos Económicos del Mando de Apoyo Logístico. Objeto: Resolución de obsolescencias de sistemas de defensa antiaérea del PCMASACOM. Expediente: 2024/ETSAE0906/00003960E.,CONT_LIC,True,CONT_LIC,,Licitacion resolucion obsolescencias defensa antiaerea. Objeto ambiguo servicio o suministro,True,anuncio,"[""CONT_LIC""]","[""tipo_servicios""]",0.95,"La publicación es un ""Anuncio de licitación"" que comunica una convocatoria para la resolución de obsolescencias de sistemas, lo cual corresponde a servicios técnicos de mantenimiento o reparación (tipo_servicios). No se menciona la palabra ""concesión"", por lo que no se aplica la categoría CONT_CON.",59.033,
66,boe,Anuncio de licitación de: ADIF -Consejo de Administración. Objeto: Ejecución de las obras del proyecto de construcción de la nueva estación de Sant Feliú de Llobregat y del proyecto de construcción de la integración del ferrocarril en Sant Feliú de Llobregat. Instalaciones de protección y seguridad. Expediente: 3.24/06110.0183.,CONT_LIC,True,CONT_LIC,tipo_obras,Licitacion ejecucion obras estacion ferroviaria,True,anuncio,"[""CONT_LIC""]","[""tipo_obras""]",0.98,"El texto es un ""Anuncio de licitación"" (señal explícita) para la ""Ejecución de las obras del proyecto de construcción"", lo que define el objeto como tipología de obra pública (tipo_obras). La entidad adjudicadora ADIF confirma que pertenece al ámbito estatal.",59.197,
67,boe,"Anuncio de licitación de: Junta de Contratación del Ministerio de la Presidencia, Justicia y Relaciones con las Cortes. Objeto: Servicio de información multicanal del Ministerio de la Presidencia, Justicia y Relaciones con las Cortes. Expediente: ASE/2024/0067.",CONT_LIC,True,CONT_LIC,tipo_servicios,Licitacion servicio informacion multicanal,True,anuncio,"[""CONT_LIC""]","[""tipo_servicios""]",0.98,"La descripción identifica un ""Anuncio de licitación"" (señal explícita) cuyo objeto es el ""Servicio de información multicanal"", clasificándolo como tipo_servicios según la taxonomía N3. El texto no contiene indicativos de concesión, formalización o adjudicación de contratos ordinarios.",59.778,
68,boe,Anuncio de licitación de: Presidencia de la Confederación Hidrográfica del Ebro. Objeto: Mantenimiento de infraestructuras de la zona regable del Canal de Monegros y Canal del Cinca. Expediente: 011/25-S.,CONT_LIC,True,CONT_LIC,tipo_servicios,Licitacion mantenimiento infraestructuras zona regable,True,anuncio,"[""CONT_LIC""]","[""tipo_obras""]",0.98,"El texto indica ""Anuncio de licitación"" para ""Mantenimiento de infraestructuras"", lo que corresponde a una fase inicial de contratación pública de tipo obras/infraestructuras. No se menciona la palabra ""concesión"" en el objeto, por lo que no aplica CONT_CON. La referencia a canales y zona regable confirma el ámbito hidráulico público sin carácter demanial (no es concesión de aguas).",65.897,
69,boe,Anuncio de licitación de: Mesa del Senado. Objeto: Obras de reforma de la sala Enrique Casas Vila del Senado. Expediente: 02/2025.,CONT_LIC,True,CONT_LIC,tipo_obras,Licitacion obras reforma sala Senado,True,anuncio,"[""CONT_LIC""]","[""tipo_obras""]",0.98,"""Anuncio de licitación"" indica claramente la fase de convocatoria del acto administrativo (CONT_LIC). El objeto ""Obras de reforma de la sala..."" identifica inequívocamente el tipo de prestación como obras (tipo_obras).",50.724,
70,boe,"Anuncio de licitación de: Junta de Contratación del Ministerio de Cultura y Deporte. Objeto: Redacción del proyecto básico y de ejecución, estudio y coordinación de seguridad y salud y dirección de obra y de ejecución de las obras de consolidación y restauración de los jardines históricos y patio andaluz del Museo Sorolla de Madrid. Expediente: J240065.",CONT_LIC,True,CONT_LIC,tipo_servicios,Licitacion redaccion proyecto y direccion de obra: contrato de servicios,True,anuncio,"[""CONT_LIC""]","[""tipo_obras""]",0.98,"El texto identifica claramente un ""Anuncio de licitación"" para la ejecución de obras de consolidación y restauración de jardines, lo que encaja con la categoría CONT_LIC. El objeto incluye explícitamente la ""dirección de obra"", confirmando el tipo de prestación como obras (tipo_obras).",51.981,
71,boe,"Anuncio de licitación de: ADIF -Consejo de Administración. Objeto: Mantenimiento de las instalaciones de energía de tracción: línea aérea de contacto, telemando de energía, subestaciones, centros de autotransformación y sistemas asociados de LAV sur tramos: Madrid- Sevilla, La Sagra-Toledo, Córdoba-Málaga y Antequera-Granada. Expediente: 2.24/21506.0064.",CONT_LIC,True,CONT_LIC,tipo_servicios,Licitacion mantenimiento instalaciones energia traccion,True,anuncio,"[""CONT_LIC""]","[""tipo_servicios"", ""tipo_suministros""]",0.95,"Es un ""anuncio de licitación"" para el mantenimiento de instalaciones energéticas y suministros asociados, que corresponde a servicios (mantenimiento) y suministros (energía). El objeto no es una obra, sino la gestión y suministro energético.",50.239,
72,boe,Anuncio de licitación de: Jefatura de Asuntos Económicos del Mando de Personal. Objeto: AM. Suministro de gas propano y butano varios cas de Diaper periodo 2025-2026. Expediente: 2024/ETSAE0905/00007151E.,CONT_LIC,True,CONT_LIC,tipo_suministros,Licitacion AM suministro gas propano y butano,True,anuncio,"[""CONT_LIC""]","[""tipo_suministros""]",0.95,"Se trata de un anuncio de licitación explícito por la expresión ""Anuncio de licitación de"". El objeto es el suministro de gas propano y butano, clasificándolo como tipo_suministros según las subcategorías permitidas.",49.229,
73,boe,Anuncio de licitación de: ADIF Alta Velocidad - Consejo de Administración. Objeto: Realizacion de pruebas de infraestructura con material rodante de ancho estandar (1435) (4 lotes). Expediente: 3.24/20810.0048.,CONT_LIC,True,CONT_LIC,tipo_servicios,Licitacion pruebas de infraestructura con material rodante,True,anuncio,"[""CONT_LIC""]","[""tipo_servicios""]",0.95,"La descripción indica claramente ""Anuncio de licitación"", activando CONT_LIC. El objeto, ""Realizacion de pruebas de infraestructura con material rodante"", se refiere a servicios de ensayo y mantenimiento técnico, justificando tipo_servicios. No hay términos como ""concesión"" (excluye CONT_CON), ""formalización"" (excluye CONT_FOR) o ""adjudicación"" (excluye CONT_ADJ).",58.223,
74,boe,"Anuncio de licitación de: Presidencia de la Agencia Estatal Consejo Superior de Investigaciones Científicas, M.P. Objeto: Servicio de vigilancia destinado a institutos y centros de la Agencia Estatal Consejo Superior de Investigaciones Científicas. Expediente: LOT31/25.",CONT_LIC,True,CONT_LIC,tipo_servicios,Licitacion servicio vigilancia,True,anuncio,"[""CONT_LIC""]","[""tipo_servicios""]",0.98,"El texto comienza con ""Anuncio de licitación"" y el objeto es claramente un ""Servicio de vigilancia"", identificando la fase de licitación (CONT_LIC) y el tipo de prestación (tipo_servicios). La palabra ""vigilancia"" confirma que no se trata de una concesión, por lo que CONT_CON no aplica.",52.915,
75,boe,Anuncio de licitación de: Jefatura de Asuntos Económicos del Mando de Apoyo Logístico. Objeto: Apoyo al mantenimiento del VRCC Centauro del ET. Expediente: 2024/ETSAE0906/00002147EB.,CONT_LIC,True,CONT_LIC,tipo_servicios,Licitacion apoyo mantenimiento vehiculos,True,anuncio,"[""CONT_LIC""]","[""tipo_servicios""]",0.92,"El texto indica ""Anuncio de licitación"", lo que corresponde a la fase CONT_LIC. El objeto es el ""mantenimiento del VRCC Centauro"", una prestación de mantenimiento, por lo que se clasifica como tipo_servicios. No se menciona concesión ni formalización.",51.163,
76,bocm,"Convocatoria contrato
– Resolución de 3 de enero de 2025, de la Gerencia Asistencial de Atención Primaria del Servicio Madrileño de Salud, por la que se hace pública la convocatoria de licitación denominada “Servicio para la prevención y el control de la legionelosis en los centros de salud, consultorios locales y otros edificios dependientes de la Gerencia Asistencial de Atención Primaria del Servicio Madrileño de Salud”",CONT_LIC,True,CONT_LIC,tipo_servicios,Convocatoria licitacion servicio legionelosis,True,convocatoria,"[""CONT_LIC""]","[""tipo_servicios""]",0.95,"La publicación es una ""Convocatoria de licitación"" para un ""Servicio de prevención y control de la legionelosis"", lo que indica una fase de apertura a ofertas (CONT_LIC). El objeto es claramente un servicio técnico-sanitario, por lo que se clasifica como tipo_servicios. No hay indicios de concesión ni formalización/adjudicación aún.",55.121,
77,boe,"Anuncio de licitación de: Presidencia de la Agencia Estatal Consejo Superior de Investigaciones Científicas, M.P. Objeto: Redacción de proyecto, estudio de seguridad y salud (arquitecto o ingeniero) y ejecución de las obras de reforma integral de la Sala Blanca existente en la planta baja del edificio, y de las obras de reacondicionamiento de un laboratorio tipo BSL2 (Biosecurity Level-2) del Instituto de Micro y Nanotecnología, de la Agencia Estatal Consejo Superior de Investigaciones Científicas. Expediente: 33183/25.",CONT_LIC,True,CONT_LIC,"tipo_obras, tipo_servicios",Licitacion mixta redaccion proyecto y ejecucion obras,True,anuncio,"[""CONT_LIC""]","[""tipo_obras"", ""tipo_servicios""]",0.95,"El texto indica explícitamente ""Anuncio de licitación"" y el objeto combina ""Redacción de proyecto, estudio... (servicios profesionales)"" con ""ejecución de las obras de reforma integral..."" y ""obras de reacondicionamiento"". La presencia simultánea de servicios de redacción/proyecto y ejecución de obra justifica ambas subcategorías.",57.252,
78,boe,Anuncio de licitación de: TGSS-Dirección provincial de Zaragoza. Objeto: Retirada y depósito de bienes embargados por las Unidades de Recaudación Ejecutiva dependientes de la Dirección Provincial de la TGSS de Zaragoza. Expediente: 2025/500010.,CONT_LIC,True,CONT_LIC,tipo_servicios,Licitacion retirada y deposito bienes embargados,True,anuncio,"[""CONT_LIC""]","[""tipo_suministros""]",0.95,"El texto es explícito: ""Anuncio de licitación"" y el objeto ""Retirada y depósito de bienes embargados"" corresponde a suministros logísticos, no a concesión ni personal (RRHH).",47.884,
79,boe,Anuncio de licitación de: Subdirección General de la Oficina Presupuestaria y Gestión Económica. Objeto: Asistencia técnica para la dinamización y evaluación de la Estrategia Estatal para un nuevo modelo de cuidados en la comunidad: un proceso de desinstitucionalización. Expediente: 242950PA0002.,CONT_LIC,True,CONT_LIC,tipo_servicios,Licitacion asistencia tecnica evaluacion estrategia,True,anuncio,"[""CONT_LIC""]","[""tipo_servicios""]",0.95,"La publicación es un ""anuncio de licitación"" (señal explícita) cuyo objeto, ""Asistencia técnica"", se clasifica como servicio profesional, no como concesión ni obra. No hay indicaciones de demanialidad ni encomienda de gestión.",49.937,
80,boe,"Anuncio de licitación de: Jefatura de Asuntos Económicos de la Guardia Civil. Objeto: Contrato de un servicio continúo de descontaminación biológica, de los distintos equipos de dotación del Departamento de Biología y de Medio Ambiente del SECRIM que evite cualquiertipo de contaminación biológica que pueda influir y alterar negativamente en los resultados de los informes periciales de ADN incursos como prueba en los distintos procedimientos judiciales. Expediente: E/0140/A/24/2.",CONT_LIC,True,CONT_LIC,tipo_servicios,Licitacion servicio descontaminacion biologica,True,anuncio,"[""CONT_LIC""]","[""tipo_servicios""]",0.95,"El texto describe un ""Anuncio de licitación"" para la contratación de un ""servicio continuo de descontaminación biológica"", lo que activa claramente las etiquetas CONT_LIC y tipo_servicios. No se menciona ninguna palabra clave como ""concesión"" en el objeto del contrato, por lo que no aplica CONT_CON ni es una demanial (es un servicio técnico para análisis forenses).",57.914,
81,boe,Anuncio de licitación de: ADIF - Presidencia. Objeto: Servicio mantenimiento instalaciones de combustible en ADIF 2025-2028. Expediente: 2.25/23108.0010.,CONT_LIC,True,CONT_LIC,tipo_servicios,Licitacion servicio mantenimiento instalaciones combustible,True,anuncio,"[""CONT_LIC""]","[""tipo_servicios""]",0.95,"La descripción indica claramente ""Anuncio de licitación"", lo que cumple con la etiqueta CONT_LIC. El objeto del contrato es ""Servicio mantenimiento instalaciones de combustible"", que corresponde a tipo_servicios. No se menciona la palabra ""concesión"" en el objeto, por lo que no aplica la categoría CONT_CON.",52.286,
82,boe,"Anuncio de licitación de: Secretaría de Estado de Medio Ambiente. Objeto: Proyecto de recuperación del bosque de ribera y eliminación de la especie invasora Arundo donax en el rio Mula desde el embalse de Los Rodeos hasta la confluencia con el río Segura, en el marco del Plan de Recuperación, Transformación y Resiliencia (PRTR). Expediente: P02.C05.I2.P02.S09.A06.01.",CONT_LIC,True,CONT_LIC,tipo_obras,Licitacion proyecto recuperacion bosque de ribera: actuacion de obra ambiental,True,anuncio,"[""CONT_LIC""]","[""tipo_servicios""]",0.98,"El texto ""Anuncio de licitación"" indica claramente que es una convocatoria (CONT_LIC). El objeto, ""Proyecto de recuperación del bosque... y eliminación de la especie invasora"", describe actividades de mantenimiento y gestión ambiental, clasificándolo como tipo_servicios.",49.656,
83,boe,"Resolución de 12 de diciembre de 2024, de la Dirección General de Producción Agroalimentaria y Cooperativas de la Consejería de Agricultura, Ganadería y Desarrollo Rural, por la que se da publicidad a la solicitud de modificación del pliego de condiciones de la denominación de origen protegida «Uclés».",CONT_LIC,False,,,Pliego de condiciones de Denominacion de Origen Protegida: no es pliego contractual,False,resolución,[],[],1.0,"La publicación hace referencia a la modificación del pliego de condiciones de una ""denominación de origen protegida"", lo cual se excluye explícitamente del ámbito de la contratación pública según las reglas críticas (señal: denominación de origen). Por tanto, is_relevant es False.",48.852,
84,boe,Anuncio de licitación de: Jefatura de Asuntos Económicos del Mando de Apoyo Logístico. Objeto: Mantenimiento y adquisición de repuestos para instalaciones vehiculares tácticas. Expediente: 2025/ETSAE0906/00000080E.,CONT_LIC,True,CONT_LIC,"tipo_servicios, tipo_suministros",Licitacion mantenimiento y adquisicion repuestos,True,anuncio,"[""CONT_LIC""]","[""tipo_servicios"", ""tipo_suministros""]",0.95,"El texto anuncia una licitación (""Anuncio de licitación"") cuyo objeto combina mantenimiento (servicio) y adquisición de repuestos (suministros), por lo tanto es una contratación pública relevante.",47.705,
85,boe,"Anuncio de licitación de: Dirección General de la Costa y el Mar. Objeto: Adaptación de la fachada marítima en el entorno de la playa Cerezo, T.M. Chilches (Castellón). Expediente: 12-0359.",CONT_LIC,True,CONT_LIC,tipo_obras,Licitacion adaptacion fachada maritima,True,anuncio,"[""CONT_LIC""]","[""tipo_obras""]",0.95,"La publicación es un ""Anuncio de licitación"" que convoca la contratación para una ""Adaptación de la fachada marítima"", lo que claramente corresponde a una obra (tipo_obras). El texto contiene las señales clave de una fase de licitación (""anuncio de licitación"") y el objeto es una actividad constructiva.",53.168,
86,bocm,"Convocatoria contrato
– Anuncio de 7 de febrero de 2025, por el que se convoca la licitación para la contratación del “Servicio de reparación de bastidores de bogie de trenes de las Series 7000 y 9000” (expediente 6012500046)",CONT_LIC,True,CONT_LIC,tipo_servicios,Convocatoria licitacion reparacion bastidores,True,anuncio,"[""CONT_LIC""]","[""tipo_servicios""]",0.98,"El texto contiene ""se convoca la licitación"" y describe un contrato de ""Servicio de reparación"", lo que define claramente una fase de licitación para prestación de servicios. La referencia al ""Servicio de reparación de bastidores"" activa las categorías de licitación y tipo servicio, sin indicación alguna de concesión ni encomienda.",53.091,
87,boe,"Anuncio de licitación de: ADIF - Presidencia. Objeto: Asistencia técnica para el control y vigilancia del contrato de ""Redacción de proyecto constructivo y ejecución de las obras de renovación de las instalaciones de seguridad de la línea 400. Tramo Peñalajo-Espeluy"". Expediente: 3.24/27507.0321.",CONT_LIC,True,CONT_LIC,tipo_servicios,Licitacion asistencia tecnica control y vigilancia de contrato de obras,True,anuncio,"[""CONT_LIC""]","[""tipo_servicios"", ""tipo_obras""]",0.95,"La descripción indica explícitamente ""Anuncio de licitación"" que dispara la etiqueta CONT_LIC. El objeto combina ""Asistencia técnica para el control y vigilancia"" (tipo_servicios) con ""ejecución de las obras de renovación"" (tipo_obras), justificando ambas subcategorías.",59.911,
88,boib,"Orden 5/2025, de 21 de febrero, por la que se modifica la Orden del consejero de Agricultura, Medio Ambiente y Territorio de 11 de abril de 2014 por la que se aprueba el pliego de condiciones y el reglamento de la Denominación de Origen Binissalem",CONT_LIC,False,,,Pliego de condiciones de Denominacion de Origen Binissalem: no contractual,False,orden,[],[],1.0,"La descripción hace referencia a una ""Denominación de Origen Binissalem"", lo cual indica que el objeto es un pliego de condiciones para DOP/IGP, excluyendo su relevancia en contratación pública según las reglas.",53.039,
89,boe,Anuncio de licitación de: Gerencia de Atención Sanitaria del Instituto Nacional de Gestión Sanitaria en Ceuta. Objeto: Suministro de fungibles para la sala de extracciones del área de atención sanitaria de Ceuta. Expediente: PA/2024/057/GCE.,CONT_LIC,True,CONT_LIC,tipo_suministros,Licitacion suministro fungibles,True,anuncio,"[""CONT_LIC""]","[""tipo_suministros""]",0.98,"El texto contiene explícitamente ""Anuncio de licitación"" y el objeto es ""Suministro de fungibles"", lo que confirma la fase de licitación de suministros.",53.145,
90,boe,Anuncio de licitación de: Jefatura de la Sección Económico Administrativa 22 - Base Aérea de Torrejón (Agrupación de Base). Objeto: (2024AM9003) Acuerdo Marco para el Suministro y Fabricación de UCFAS equipo árido chaqueta polar. Expediente: 2024/EA22/00001478E.,CONT_LIC,True,CONT_LIC,tipo_suministros,Licitacion AM suministro y fabricacion vestuario,True,anuncio,"[""CONT_LIC""]","[""tipo_suministros""]",0.95,"Se trata de un ""Anuncio de licitación"" para el suministro y fabricación de equipo (UCFAS), lo que claramente corresponde a una fase de licitación de contratos públicos, específicamente de suministros. El fragmento ""Anuncio de licitación de:"" confirma la categoría N2.",58.961,
91,bocm,"Convocatoria contrato
– Anuncio de 4 de marzo de 2025, por el que se convoca la licitación para la contratación del servicio de reparación y puesta a punto de los trenes U7157/7158/7159/7160/7161/7162 y U7115/7116/7117/7118/7119/7120, de Metro de Madrid. (Expediente 6012500063)",CONT_LIC,True,CONT_LIC,tipo_servicios,Convocatoria licitacion reparacion trenes,True,convocatoria,"[""CONT_LIC""]","[""tipo_servicios""]",0.95,"El texto anuncia la ""convocatoria... para la contratación del servicio de reparación y puesta a punto"", lo cual corresponde claramente a una licitación (CONT_LIC). El objeto es un ""servicio de reparación y puesta a punto"", por lo que se clasifica como tipo_servicios. No hay mención de concesión en el objeto, así que no aplica CONT_CON.",65.685,
92,boe,Anuncio de licitación de: Dirección de Adquisiciones del Mando de Apoyo Logístico del Ejército del Aire y del Espacio. Objeto: 20254021 Adquisición de un sistema C-UAS para Bases Aéreas. Expediente: 2025/EA02/00000200E.,CONT_LIC,True,CONT_LIC,tipo_suministros,Licitacion adquisicion sistema C-UAS,True,anuncio,"[""CONT_LIC""]","[""tipo_suministros""]",0.98,"""Anuncio de licitación"" identifica el tipo de acto y ""Adquisición de un sistema C-UAS"" define el objeto como suministro de equipo tecnológico.",51.999,
93,boe,Anuncio de licitación de: ADIF - Presidencia. Objeto: Servicios para la redacción del proyecto de construcción para la renovación de la red ferroviaria de ancho métrico y la defensa contra inundaciones en el municipio de Zalla (Bizkaia). Expediente: 3.24/27506.0062.,CONT_LIC,True,CONT_LIC,tipo_servicios,Licitacion servicios redaccion proyecto ferroviario,True,anuncio,"[""CONT_LIC""]","[""tipo_servicios""]",0.95,"El texto es un ""Anuncio de licitación"" (señal CONT_LIC) y el objeto es ""Servicios para la redacción del proyecto"", lo que indica una prestación de servicios intelectuales/técnicos (señal tipo_servicios), aunque el resultado sea obras, la prestación es servicio.",59.282,
94,boe,Anuncio de licitación de: ADIF - Presidencia. Objeto: Consultoría y asistencia técnica para la actualización del proyecto constructivo de la nueva subestación eléctrica de tracción de Tolosa. Expediente: 3.24/27507.0263.,CONT_LIC,True,CONT_LIC,tipo_servicios,Licitacion consultoria actualizacion proyecto subestacion,True,anuncio,"[""CONT_LIC""]","[""tipo_servicios""]",0.98,"Es un ""Anuncio de licitación"" para ""Consultoría y asistencia técnica"", lo que indica claramente una fase de concurso (CONT_LIC) y el objeto es de servicios (tipo_servicios). No se menciona la palabra ""concesión"" en el objeto del contrato, por lo que no aplica CONT_CON.",59.702,
95,boe,"Anuncio de formalización de contratos de: Junta de Contratación del Ministerio de Cultura y Deporte. Objeto: Redacción del proyecto básico y de ejecución, estudio de seguridad y salud, coordinación de seguridad y salud y dirección de obra y de ejecución de las obras de consolidación y restauración del edificio Varadero en la isla de Pinto, la Talaya de Binissermenya y las Torres de protección del arsenal en la estación naval de Mahón- Menorca. Expediente: J240038.",CONT_FOR,True,CONT_FOR,tipo_servicios,Formalizacion servicios redaccion proyecto y direccion de obras,True,anuncio,"[""CONT_FOR""]","[""tipo_obras""]",0.95,"El texto indica explícitamente ""Anuncio de formalización de contratos"" (señal CONT_FOR) y el objeto descrito son ""obras de consolidación y restauración del edificio... dirección de obra"" (señal tipo_obras).",58.657,
96,boe,Anuncio de formalización de contratos de: Jefatura de la Sección Económico Administrativa 15 Agrupación del Cuartel General del Ejército del Aire. Objeto: Acuerdo Marco Circuitos Culturales 2025. Expediente: 2024/EA15/00003121.,CONT_FOR,True,CONT_FOR,tipo_servicios,Formalizacion AM circuitos culturales,True,anuncio,"[""CONT_FOR""]",[],0.95,"El texto indica explícitamente ""Anuncio de formalización de contratos"", lo que activa la categoría CONT_FOR. El objeto es un ""Acuerdo Marco Circuitos Culturales 2025"", pero no se especifica si son obras, servicios o suministros ni contiene la palabra clave para concesión en el contexto visible del fragmento, por lo que subcategories queda vacía o requiere inferencia que no confirma los tipos concretos con certeza absoluta desde este resumen.",66.53,
97,boe,"Anuncio de formalización de contratos de: Intendencia de Madrid. Objeto: TA Servicio de carga, transporte, colocación y almacenaje fondo archivístico CGA. Expediente: 2024/AR21U/00002493E.",CONT_FOR,True,CONT_FOR,tipo_servicios,Formalizacion servicio carga transporte almacenaje,True,anuncio,"[""CONT_FOR""]","[""tipo_servicios""]",0.98,"La descripción contiene explícitamente ""Anuncio de formalización de contratos"", lo que activa la categoría CONT_FOR. El objeto descrito es un servicio de carga, transporte y almacenaje (""Servicio de carga, transporte...""), por lo que se clasifica como tipo_servicios. No hay mención de concesión, por lo que no aplica CONT_CON.",57.551,
98,boe,"Anuncio de formalización de contratos de: Instituto Nacional de Administración Pública (INAP). Objeto: Servicio de realización, corrección y calificación de las pruebas de nivel de inglés profesional TOEIC y de francés TFI. Expediente: 202500000007.",CONT_FOR,True,CONT_FOR,tipo_servicios,Formalizacion servicio pruebas de idiomas,True,anuncio,"[""CONT_FOR""]","[""tipo_servicios""]",0.98,"La descripción indica explícitamente ""Anuncio de formalización de contratos"", lo que corresponde a la categoría CONT_FOR. El objeto descrito es un servicio (realización y calificación de pruebas TOEIC/TFI), por lo que se añade la subcategoría tipo_servicios. No hay mención de palabra ""concesión"" en el objeto, por lo que no aplica CONT_CON.",58.212,
99,bocm,"Formalización contrato
– Resolución de 9 de enero de 2025, de la Dirección-Gerencia del Hospital Clínico “San Carlos” de Madrid, por la que se dispone la publicación en los boletines oficiales y en el “perfil del contratante” de la formalización de la 4.a y 5.a prórroga del contrato para el «Servicio de tratamiento de Diálisis Peritoneal y Hemodiálisis domiciliaria para el Servicio de Nefrología del Hospital Clínico “San Carlos” de Madrid»",CONT_FOR,True,CONT_FOR,tipo_servicios,Formalizacion prorroga contrato dialisis: hereda CONT_FOR,True,orden,"[""CONT_FOR""]","[""tipo_servicios""]",0.98,"La descripción menciona explícitamente ""formalización del contrato"" por una resolución de la Dirección-Gerencia, lo que activa la categoría CONT_FOR. El objeto es un ""Servicio de tratamiento de Diálisis"", que es claramente un servicio médico, justificando la subcategoría tipo_servicios. Al ser un contrato ordinario de servicios y no una concesión (no aparece ""concesión"" en el objeto ni en el contexto), is_relevant es True solo por la formalización del contrato de servicios.",71.948,
100,boe,"Anuncio de formalización de contratos de: Subsecretaría de Asuntos Exteriores, Unión Europea y Cooperación. Objeto: OBR-24/007 Contrato de obras para la demolición del ala sur e inclusión de medidas de seguridad en el Hospital Español de Tánger. Expediente: 2024SXB00155002.",CONT_FOR,True,CONT_FOR,tipo_obras,Formalizacion contrato de obras demolicion,True,anuncio,"[""CONT_FOR""]","[""tipo_obras""]",0.98,"El texto inicia con ""Anuncio de formalización de contratos"", lo que activa la categoría CONT_FOR. El objeto es explícitamente ""Contrato de obras para la demolición del ala sur..."", lo que define el tipo de prestación como tipo_obras. La entidad emisora (Subsecretaría de Asuntos Exteriores) y el contexto institucional confirman que es un acto de contratación pública bajo LCSP, no una adjudicación de personal ni demanial.",66.513,
101,boe,"Anuncio de formalización de contratos de: Gerencia de la Entidad Estatal de Derecho Público Trabajo Penitenciario y Formación para el Empleo, M.P. Objeto: Servicio de soporte técnico a la administración de sistemas, bases de datos y comunicaciones. Expediente: 2024/00070.",CONT_FOR,True,CONT_FOR,tipo_servicios,Formalizacion servicio soporte tecnico sistemas,True,anuncio,"[""CONT_FOR""]","[""tipo_servicios""]",0.98,"El texto indica explícitamente ""Anuncio de formalización de contratos"" y el objeto es un ""Servicio de soporte técnico"", lo que dispara la etiqueta CONT_FOR y tipo_servicios. El dominio es una entidad pública estatal, confirmando su relevancia bajo LCSP.",57.058,
102,boe,Anuncio de formalización de contratos de: Agencia Española de Protección de Datos. Objeto: Servicio de comunicaciones y de ciberseguridad para la Agencia Española de Protección de Datos. Expediente: EX20240077.,CONT_FOR,True,CONT_FOR,tipo_servicios,Formalizacion servicio comunicaciones y ciberseguridad,True,anuncio,"[""CONT_FOR""]","[""tipo_servicios""]",0.98,"El texto es ""Anuncio de formalización de contratos"", lo que cumple directamente con la señal para la categoría CONT_FOR (""publica la formalización de un contrato""). El objeto descrito como ""Servicio de comunicaciones y de ciperseguridad"" identifica claramente el tipo de prestación como servicios (tipo_servicios).",59.023,
103,boe,Anuncio de formalización de contratos de: INSS-Dirección provincial de Toledo. Objeto: Servicio de limpieza de los locales adscritos a la Dirección Provincial del INSS en Toledo durante el periodo de 1 de enero de 2025 a 31 de diciembre de 2025. Expediente: 45/VC-207/24.,CONT_FOR,True,CONT_FOR,tipo_servicios,Formalizacion servicio limpieza,True,anuncio,"[""CONT_FOR""]","[""tipo_servicios""]",0.95,"El texto indica claramente ""Anuncio de formalización de contratos"" y el objeto es ""Servicio de limpieza"", lo que confirma la categoría CONT_FOR y la subcategoría tipo_servicios. No hay mención a concesión ni a adjudicación, por lo que no se aplican otras etiquetas.",58.61,
104,bocm,"Formalización contrato
– Anuncio de 28 de enero de 2025, de formalización del contrato titulado “Servicio de soporte técnico para el mantenimiento de los sistemas de explotación en estaciones” (Expediente 6012400215)-[Contratos 7225000017 (lote 1); 7225000018 (lote 2); 7225000019 (lote 3)]",CONT_FOR,True,CONT_FOR,tipo_servicios,Formalizacion servicio soporte mantenimiento estaciones,True,anuncio,"[""CONT_FOR""]","[""tipo_servicios""]",0.98,"El texto indica ""Anuncio de 28 de enero de 2025, de formalización del contrato"" que corresponde claramente a la categoría CONT_FOR. El objeto es ""Servicio de soporte técnico para el mantenimiento..."", identificando al tipo de prestación como tipo_servicios. No contiene la palabra ""concesión"", por lo que no es CONT_CON.",64.636,
105,boe,Anuncio de formalización de contratos de: Dirección de Gestión Económica de la Jefatura de Apoyo Logístico de la Armada. Objeto: SINFO- Contrato de aistencia técnica para el mantenimiento simuladores tácticos y de navegación de la Armada (SIMTAC-GALEON-SIMNAV). Expediente: 2024/AR40U/00001904E.,CONT_FOR,True,CONT_FOR,tipo_servicios,Formalizacion asistencia tecnica simuladores,True,anuncio,"[""CONT_FOR""]","[""tipo_servicios""]",0.98,"El texto comienza con ""Anuncio de formalización de contratos"", lo que corresponde exactamente a la etiqueta CONT_FOR para el acto administrativo. El objeto del contrato es ""asistencia técnica para el mantenimiento simuladores..."", lo cual claramente indica un servicio, justificando la subcategoría tipo_servicios.",58.234,
106,boe,Anuncio de formalización de contratos de: Junta de Contratación del Ministerio de Trabajo y Economía Social. Objeto: Servicio de soporte especializado de la plataforma EPP del Ministerio de Trabajo y Economía Social. Expediente: 10000621/2024.,CONT_FOR,True,CONT_FOR,tipo_servicios,Formalizacion servicio soporte plataforma EPP,True,anuncio,"[""CONT_FOR""]","[""tipo_servicios""]",0.95,"El texto indica ""Anuncio de formalización de contratos"", lo que corresponde a la categoría CONT_FOR. El objeto es un ""Servicio de soporte especializado de la plataforma"", clasificándose como tipo_servicios. No hay indicio de palabra ""concesión"" en el objeto, por lo que no aplica CONT_CON.",59.655,
107,boe,Anuncio de formalización de contratos de: Dirección General de Tráfico. Objeto: Suministro en régimen de alquiler de módulos prefabricados para el destacamento provisional del Subsector de Tráfico de Huelva en el Rocío. Expediente: 1DGT2J000303.,CONT_FOR,True,CONT_FOR,tipo_suministros,Formalizacion suministro alquiler modulos prefabricados,True,anuncio,"[""CONT_FOR""]","[""tipo_suministros""]",0.98,"El texto indica ""Anuncio de formalización de contratos"", lo que identifica directamente la categoría CONT_FOR (formalización). El objeto es el ""Suministro en régimen de alquiler de módulos prefabricados"", confirmando la subcategoría tipo_suministros. No se menciona la palabra ""concesión"" en el objeto, por lo que no aplica la etiqueta CONT_CON.",63.338,
108,boib,Formalización de contrato laboral categoría A2,CONT_FOR,False,,,Formalizacion de contrato laboral: RRHH no LCSP,False,anuncio,[],[],0.98,"La descripción menciona ""Formalización de contrato laboral"", lo que corresponde a una adjudicación de plazas o puestos de personal (RRHH), excluida del ámbito LCSP según las reglas críticas (is_relevant=False). No se cumple ninguna categoría N2.",52.007,
109,boe,Anuncio de formalización de contratos de: Instituto Nacional de Estadística INE. Objeto: Recogida de datos de la Encuesta sobre Innovación de las empresas 2024 y las Estadísticas sobre Actividades en I+D 2024. Expediente: 2024N0059014.,CONT_FOR,True,CONT_FOR,tipo_servicios,Formalizacion recogida datos encuestas INE,True,anuncio,"[""CONT_FOR""]","[""tipo_servicios""]",0.98,"La descripción indica explícitamente ""Anuncio de formalización de contratos"", lo que coincide con la etiqueta CONT_FOR. El objeto, ""Recogida de datos..."", es claramente una prestación de servicios (recogida y tratamiento de información), por lo que se asigna subcategoría tipo_servicios.",59.213,
110,boe,"Anuncio de formalización de contratos de: Dirección General del Instituto de Mayores y Servicios Sociales. Objeto: Prestación de los servicios de reserva y ocupación de plazas en los Balnearios de Arnoia, Lobios y Laias para el programa de Termalismo del Imserso. Expediente: 887/2024.",CONT_FOR,True,CONT_FOR,tipo_servicios,Formalizacion servicios plazas balnearios Imserso,False,anuncio,[],[],0.98,"La descripción corresponde a un ""Anuncio de formalización de contratos"", pero el objeto del acto es la ""Prestación de los servicios de reserva y ocupación de plazas en los Balnearios..."", lo que indica una contratación relacionada con personal (RRHH) para ocupar puestos en instalaciones, no una concesión de servicios públicos o un contrato material sujeto a LCSP. Por tanto, se excluye por ser un acto de recursos humanos/plazas (is_relevant=False).",65.694,
111,boe,"Anuncio de formalización de contratos de: Subdirección General de Planificación y Gestión Económica. Objeto: Servicio de mantenimiento integral de las instalaciones en el Centro Penitenciario de A Lama (Pontevedra), CIS ""Carmen de Avendaño"" (Vigo) y UAR Hospital provincial (Pontevedra). Expediente: 020120240139.",CONT_FOR,True,CONT_FOR,tipo_servicios,Formalizacion mantenimiento integral centros penitenciarios,True,anuncio,"[""CONT_FOR""]","[""tipo_servicios""]",0.98,"El texto indica ""Anuncio de formalización de contratos"", lo que define la categoría CONT_FOR con el fragmento exacto ""Anuncio de formalización de contratos"". El objeto descrito es ""Servicio de mantenimiento integral..."", lo que identifica la prestación como tipo_servicios.",57.035,
112,boe,Anuncio de formalización de contratos de: TGSS-Dirección provincial de Alicante. Objeto: Servicios de peonaje y transporte para la Tesorería General de la Seguridad Social de Alicante. Expediente: 2024/030034.,CONT_FOR,True,CONT_FOR,tipo_servicios,Formalizacion servicios peonaje y transporte,True,anuncio,"[""CONT_FOR""]","[""tipo_servicios""]",0.98,"""Se trata de un 'anuncio de formalización de contratos' como indica el título, lo que corresponde a la categoría CONT_FOR. El objeto es claramente 'Servicios de peonaje y transporte', por lo que se clasifica en la subcategoría tipo_servicios.""",57.766,
113,boe,"Anuncio de formalización de contratos de: Subdirección General de Planificación y Gestión Económica. Objeto: Suministros de Gasóleo ""A"" a los establecimientos penitenciarios dependientes de la Secretaría General de Instituciones Penitenciarias en la Comunidad Autónoma de Canarias . Expediente: 02012024AM04.",CONT_FOR,True,CONT_FOR,tipo_suministros,Formalizacion suministro gasoleo,True,anuncio,"[""CONT_FOR""]","[""tipo_suministros""]",0.98,"El texto contiene explícitamente ""anuncio de formalización de contratos"" en la descripción del objeto, que dispara la categoría CONT_FOR. El objeto del contrato son ""Suministros de Gasóleo"", lo que identifica claramente el tipo de prestación como suministros (tipo_suministros). La publicación corresponde a un acto administrativo de contratación pública según la LCSP.",62.169,
114,boe,"Anuncio de formalización de contratos de: Dirección del Instituto Nacional de Gestión Sanitaria (INGESA). Objeto: Suministro de tres desfibriladores externos semiautomáticos (DESA), mediante el sistema de arrendamiento financiero (renting) sin opción de compra con destino alEdificio c/ Alcalá nº 56 de Madrid. Expediente: PASA 2024/093.",CONT_FOR,True,CONT_FOR,tipo_suministros,Formalizacion suministro desfibriladores en renting,True,anuncio,"[""CONT_FOR""]","[""tipo_suministros""]",0.95,"El texto es un ""anuncio de formalización de contratos"" que anuncia la adquisición del ""Suministro de tres desfibriladores"", confirmando la categoría CONT_FOR y el tipo de prestación tipo_suministros sin ambigüedades.",56.492,
115,boe,Anuncio de formalización de contratos de: Intendente de Ferrol. Objeto: Sostenimiento de actuadores de válvulas motorizadas y sus accesorios. Expediente: 2024/AR42U/00002890E.,CONT_FOR,True,CONT_FOR,tipo_servicios,Formalizacion sostenimiento actuadores valvulas,True,anuncio,"[""CONT_FOR""]","[""tipo_servicios""]",0.98,"El texto ""Anuncio de formalización de contratos"" indica explícitamente la categoría CONT_FOR. El objeto ""Sostenimiento de actuadores de válvulas motorizadas y sus accesorios"" se clasifica como tipo_servicios por tratarse de mantenimiento técnico, sin palabras clave que indiquen una concesión del servicio público ni un encargo a medio propio.",61.679,
116,boe,Anuncio de formalización de contratos de: Mutualidad General Judicial MUGEJU. Objeto: Concierto de la Mutualidad General Judicial con entidades de seguro para el aseguramiento del acceso a la asistencia sanitaria en territorio nacional a los beneficiarios de la misma durante 2025-2026. Expediente: 2024_001 CONC SANIT 25 26.,CONT_FOR,True,CONT_FOR,tipo_servicios,Formalizacion concierto sanitario MUGEJU con aseguradoras,False,anuncio,[],[],0.95,"El anuncio se refiere a un ""Concierto de la Mutualidad General Judicial"", que corresponde a una subvención o ayuda para el aseguramiento sanitario, no a una contratación pública regulada por la LCSP. Además, las subvenciones están excluidas del ámbito relevante según las reglas críticas.",57.488,
117,boe,"Anuncio de formalización de contratos de: Jefatura de Intendencia de Asuntos Económicos Sur. Objeto: Suministro de material por lotes para el Centro de Operaciones de Artillería de Costa del RACTA 4 Tarifa, Cádiz. Expediente: 2024/ETSAE0226/00009214E.",CONT_FOR,True,CONT_FOR,tipo_suministros,Formalizacion suministro material por lotes,True,anuncio,"[""CONT_FOR""]","[""tipo_suministros""]",0.98,"El texto indica ""Anuncio de formalización de contratos"", que es la señal explícita para CONT_FOR. El objeto describe un ""Suministro de material por lotes"", lo que corresponde a la subcategoría tipo_suministros.""",56.337,
118,boe,"Anuncio de formalización de contratos de: Subdirección General de Gestión Económica. Objeto: Suministro de libros para las bibliotecas centrales del Ministerio de la Presidencia, Justicia y Relaciones con las Cortes y para la Biblioteca de la Secretaría de Estado de Comunicación . Expediente: 0MPR20240224.",CONT_FOR,True,CONT_FOR,tipo_suministros,Formalizacion suministro libros bibliotecas,True,anuncio,"[""CONT_FOR""]","[""tipo_suministros""]",0.98,"El texto contiene explícitamente ""Anuncio de formalización de contratos"", que es la señal clave para CONT_FOR. El objeto del contrato es el ""Suministro de libros"", lo que encaja claramente con la subcategoría tipo_suministros. No hay menciones a concesión, obra ni servicios, por lo que no se aplican otras categorías.",58.89,
119,boca,"Dirección General de la Función Pública.- Resolución de 15 de marzo de 2025, por la que se acuerda la formalización de contrato de trabajo de personal laboral fijo con las personas aspirantes seleccionadas en las pruebas selectivas para el ingreso, por el sistema general de acceso libre, en la categoría profesional de Director/a de Residencia (Grupo I), en ejecución del Anexo II del Decreto 115/2022, de 20 de mayo, por el que se aprueba la Oferta Extraordinaria de Empleo Público para la estabilización del empleo temporal e indefinido no fijo de larga duración en el ámbito de la Administración General de la Comunidad Autónoma de Canarias, convocadas por Resolución de 21 de diciembre de 2022, se les adjudica puesto de trabajo y se les confiere plazo para la toma de posesión.",CONT_FOR,False,,,Formalizacion contrato de trabajo personal laboral fijo: RRHH,False,resolución,[],[],0.99,"El documento describe la ""formalización de contrato de trabajo de personal laboral fijo"" y adjudicación de ""puesto de trabajo"", lo que corresponde a una resolución de RRHH (estabilización), excluida del ámbito LCSP según las reglas críticas.",50.406,
120,boe,Anuncio de formalización de contratos de: Dirección General de Carreteras. Objeto: 33-LE-4630; 54.450/24 Paso inferior del enlace de La Granja en la LE-20. Provincia de León. Expediente: B54242446300.,CONT_FOR,True,CONT_FOR,tipo_obras,Formalizacion obras paso inferior carretera,True,anuncio,"[""CONT_FOR""]","[""tipo_obras""]",0.95,"La publicación es un ""Anuncio de formalización de contratos"" (señal explícita) relativo a una obra de infraestructura vial (""Paso inferior del enlace de La Granja en la LE-20""), lo que indica una formalización (CONT_FOR) de un contrato de obras (tipo_obras).",52.437,
121,boe,Anuncio de formalización de contratos de: Intendente de Ferrol. Objeto: Suministro de una ambulancia soporte vital avanzado (SVA) para el Parque de Automóviles núm. 2 de Ferrol. Expediente: 2024/AR42U/00003042E.,CONT_FOR,True,CONT_FOR,tipo_suministros,Formalizacion suministro ambulancia,True,anuncio,"[""CONT_FOR""]","[""tipo_suministros""]",0.95,"La publicación es un ""anuncio de formalización de contratos"" según el texto, lo que activa la etiqueta CONT_FOR. El objeto se refiere explícitamente al ""Suministro de una ambulancia"", por lo que corresponde a la subcategoría tipo_suministros. No hay mención de concesión ni encargo, y es un contrato ordinario de suministro.",54.755,
122,boe,"Anuncio de formalización de contratos de: Parque Móvil del Estado. Objeto: Servicio para la realización de reconocimientos ginecológicos preventivos para el personal femenino del Parque Móvil del Estado, O.A. Expediente: 2024PR400097.",CONT_FOR,True,CONT_FOR,tipo_servicios,Formalizacion servicio reconocimientos medicos,True,anuncio,"[""CONT_FOR""]","[""tipo_servicios""]",0.98,"La publicación es explícitamente un ""Anuncio de formalización de contratos"", lo que activa la categoría CONT_FOR. El objeto del contrato se describe como un ""Servicio para la realización de reconocimientos ginecológicos preventivos"", correspondiendo a una prestación de tipo servicios (tipo_servicios). No contiene indicios de concesión ni encargo, siendo una licitación formalizada directamente.",55.106,
123,boe,Anuncio de formalización de contratos de: Gerencia de Informática de la Seguridad Social. Objeto: Servicio de mantenimiento del equipamiento físico del sistema para la sala de control. Expediente: 2024/7021.,CONT_FOR,True,CONT_FOR,tipo_servicios,Formalizacion mantenimiento equipamiento sala control,True,anuncio,"[""CONT_FOR""]","[""tipo_servicios""]",0.98,"El texto indica ""Anuncio de formalización de contratos"", lo que activa la categoría CONT_FOR para un contrato ordinario (no hay ""concesión"" en el objeto). El objeto es ""Servicio de mantenimiento..."", clasificándolo como tipo_servicios.",48.588,
124,boe,Anuncio de formalización de contratos de: Presidencia de la Confederación Hidrográfica del Guadalquivir. Objeto: Contrato de servicios para limpieza en el edificio sede de la Confederación Hidrográfica del Guadalquivir sito en avenida de República Argentina nº 43 de Sevilla. Expediente: SE(SG)-7145.,CONT_FOR,True,CONT_FOR,tipo_servicios,Formalizacion contrato servicios limpieza CHG,True,anuncio,"[""CONT_FOR""]","[""tipo_servicios""]",0.98,"El texto indica ""Anuncio de formalización de contratos"" para un contrato de servicios de limpieza, lo que encaja claramente en la categoría CONT_FOR y subcategoría tipo_servicios.",46.124,
125,dogc,Anuncio sobre aprobación de la primera oferta de empleo público parcial del Consejo Comarcal de El Pla de l'Estany para el ejercicio 2025,NEGATIVO,False,,,Oferta de empleo publico: RRHH,False,anuncio,[],[],0.98,"El texto se refiere a la ""primera oferta de empleo público parcial"", lo cual indica una adjudicación o publicación relacionada con plazas de personal (RRHH). Según las reglas, este tipo de publicaciones no pertenecen al ámbito de contratación pública LCSP.",45.028,
126,dogc,"Edicto relativo a las bases específicas y la convocatoria del proceso selectivo de dos plazas de cabo de la Guardia Urbana en el Ayuntamiento de Cornellà de Llobregat, por el sistema de concurso-oposición por promoción interna, y la creación de una bolsa para la cobertura de plazas vacantes por el procedimiento de tramitación de urgencia",NEGATIVO,False,,,Bases proceso selectivo Guardia Urbana: RRHH,False,edicto,[],[],1.0,"La publicación es un ""Edicto relativo a las bases específicas y la convocatoria del proceso selectivo de dos plazas de cabo de la Guardia Urbana"", que corresponde a una selección de personal (RRHH) y no a contratación pública bajo la LCSP. Por lo tanto, is_relevant=False.",48.901,
127,dogc,"Resolución PRE/857/2025, de 9 de marzo, por la que se aprueba y se publica la lista provisional de personas aspirantes admitidas y excluidas del proceso selectivo de nuevo acceso, mediante el sistema selectivo de concurso oposición, de una plaza de la categoría profesional de A1 médico/a de medicina del trabajo, en régimen de personal laboral fijo, del Departamento de la Presidencia (convocatoria núm. PRE/L001/2025)",NEGATIVO,False,,,Lista admitidos proceso selectivo: RRHH,False,resolución,[],[],1.0,"Se trata de una resolución que publica la lista provisional de aspirantes para un proceso selectivo de acceso a una plaza de personal laboral (médico/a de medicina del trabajo), por lo que se ajusta a la categoría de adjudicación de plazas/puestos de personal, excluida del ámbito LCSP según las reglas críticas.",51.741,
128,bon,Aprobación inicial del presupuesto de 2025,NEGATIVO,False,,,Presupuesto municipal,False,aprobación,[],[],0.98,"La publicación corresponde a la ""Aprobación inicial del presupuesto de 2025"", que no es un acto de contratación pública según las reglas definidas (presupuestos y enajenaciones patrimoniales son irrelevantes). No se detectan categorías ni subcategorías de LCSP.",47.886,
129,boib,"Notificación de Resolución de concesión de prórroga a los beneficiarios de las ayudas, exp. 137 de fecha 08 de enero de 2025, al amparo de la Resolución del Presidente del Fondo de Garantía Agraria y Pesquera de las Islas Baleares (FOGAIBA), de 17 de diciembre de 2021 , por la que se convocan subvenciones para inversiones en las explotaciones agrarias, para el año 2021",NEGATIVO,False,,,Prorroga a beneficiarios de subvenciones: dominio B3,False,notificación,[],[],0.95,"La publicación es una ""Notificación de Resolución"" relativa a la concesión de ayudas/subvenciones agrarias, expresamente mencionadas en la descripción (""concesión de prórroga a los beneficiarios de las ayudas""). Según las directrices, las subvenciones no son actos de contratación pública relevantes (LCSP) y deben clasificarse con is_relevant=False. Además, se menciona explícitamente ""subvenciones"", lo que confirma la naturaleza del acto excluido del ámbito LCSP.",61.475,
130,boc,"Resolución por la que se hace pública la relación de aspirantes que han superado las pruebas selectivas para el acceso, mediante el procedimiento de concurso-oposición para la estabilización de empleo temporal, a la condición de personal estatutario fijo en la categoría de Técnico/a Superior Especialista de Laboratorio de Instituciones Sanitarias de la Comunidad Autónoma de Cantabria, convocada mediante la Orden SAN/80/2022, de 29 de diciembre, y plazas ofertadas.",NEGATIVO,False,,,Aspirantes pruebas selectivas: RRHH,False,resolución,[],[],0.98,"El texto habla de ""personal estatutario fijo"" y ""estabilización de empleo temporal"", que son procesos de Recursos Humanos (adjudicación de plazas), no actos de contratación pública de la LCSP según las reglas críticas punto 5.",46.929,
131,boc,Aprobación inicial y exposición pública del presupuesto general de 2024.,NEGATIVO,False,,,Presupuesto general,False,aprobación,[],[],1.0,"La descripción menciona la ""Aprobación inicial y exposición pública del presupuesto general"", lo cual corresponde a un acto presupuestario y no a una contratación pública según las reglas críticas (is_relevant=False para presupuestos).",43.419,
132,docm,"Resolución de 24/01/2025, de la Delegación Provincial de Desarrollo Sostenible de Albacete, por la que se emite el informe ambiental estratégico del plan o programa: Modificación Puntual número 20 del Plan de Ordenación Municipal de Villamalea (regulación del uso granja/instalación ganadera en el suelo rústico) (expediente PLA-AB-24-0042), situado en el término municipal de Villamalea (Albacete), cuyo órgano promotor es Ayuntamiento de Villamalea.",NEGATIVO,False,,,Informe ambiental estrategico de modificacion de POM: dominio B0/B2,False,resolución,[],[],0.98,"La publicación es una resolución que emite un informe ambiental estratégico sobre una modificación del Plan de Ordenación Municipal, sin referencia a contratos públicos, licitaciones o concesiones. Corresponde a actividad urbanística/administrativa no vinculada a la contratación pública regida por la LCSP.",50.189,
133,bopv,"RESOLUCIÓN 1048/2024, de 11 de diciembre, de la Directora de Recursos Humanos de Osakidetza-Servicio vasco de salud, por la que se hace pública la convocatoria para la provisión, mediante el sistema de libre designación, del puesto de Jefe/a de Sección de Proyectos Corporativos de la Dirección Económico-Financiera, en la Subdirección de Infraestructuras, en el Servicio de Instalaciones y Equipamientos de la Dirección General de Osakidetza-Servicio vasco de salud.
				
2025/00091",NEGATIVO,False,,,Provision puesto libre designacion: RRHH,False,resolución,[],[],0.98,"El texto es una ""convocatoria para la provisión... del puesto de Jefe/a de Sección"", que corresponde a una adjudicación de plaza o destino de personal (RRHH), excluida explícitamente del ámbito de la LCSP según las reglas. No contiene términos clave de contratación pública como ""licitación"", ""formalización"", ""adjudicación de contrato"" (de servicios/obras), ni menciona ""concesión de servicios"". Por tanto, is_relevant=False y todas las categorías N2/N3 están vacías.",63.078,
134,boe,"Resolución de 4 de marzo de 2025, de la Secretaría de Estado de Derechos Sociales, por la que se publica la Adenda de modificación del Convenio con la Comunidad Autónoma de las Illes Balears, para la ejecución de proyectos con cargo a los fondos europeos procedentes del Mecanismo para la Recuperación y Resiliencia.",NEGATIVO,False,,,Adenda de convenio fondos MRR: convenio interadministrativo,False,orden,[],[],0.98,"La publicación hace referencia a un ""Convenio"" con otra administración pública y proyectos financiados por fondos europeos, pero no se menciona ni encomienda de gestión ni encargo de gestión, sino una colaboración interadministrativa (carácter demanial o cooperación sin contraprestación económica LCSP). Según la regla 4, la exclusión de convenios interadministrativos solo aplica si NO hay encomienda ni encargo, por lo que esta publicación no es un acto de contratación pública bajo la LCSP. Además, la adenda a un convenio de colaboración sin gestión tampoco es una formalización o licitación del tipo requerido para is_relevant=True.",65.98,
135,bon,Aprobación inicial de modificación de Estudio de Detalle en la parcela U.13.22 de Gorraiz,NEGATIVO,False,,,Estudio de detalle: dominio B2,False,aprobación,[],[],0.98,"La descripción se refiere a una aprobación de un ""Estudio de Detalle"" para una parcela específica, lo cual es un acto técnico/preparatorio de ordenación del territorio o urbanismo, no un acto de contratación pública regulado por la LCSP (no anuncia, formaliza, adjudica un contrato ni encarga gestión).",48.894,
136,dogc,Anuncio sobre aprobación definitiva del Proyecto de obras de renovación de la torre de telecomunicaciones,NEGATIVO,False,,,Aprobacion proyecto de obras: acto tecnico previo no licitacion,False,anuncio,[],[],0.95,"El texto es un anuncio sobre la ""aprobación definitiva del Proyecto de obras"", que corresponde a una etapa preparatoria (anteproyecto o proyecto) y no al acto administrativo de contratación pública (licitación, formalización, adjudicación, encomienda o concesión) regulado por la LCSP. La categoría para proyectos o estudios preliminares no se incluye en las etiquetas N2 definidas para este dominio.",53.019,
137,boja,"Anuncio de 13 de marzo de 2025, de la Delegación Territorial de Agricultura, Pesca, Agua y Desarrollo Rural en Sevilla, sobre trámites de los procedimientos sancionadores que se citan.",NEGATIVO,False,,,Procedimientos sancionadores agrarios,False,anuncio,[],[],1.0,"El texto describe un ""Anuncio de... sobre trámites de los procedimientos sancionadores"", lo cual indica un procedimiento administrativo de carácter disciplinario o sancionador (como una multa), no un acto de contratación pública regulado por la LCSP (licitación, adjudicación, concesión de servicios). Por tanto, no es relevante para el dominio de contratación.",52.026,
138,boja,"Anuncio de 4 de marzo de 2025, de la Delegación Territorial de Fomento, Articulación del Territorio y Vivienda en Córdoba, mediante el que se publica la resolución por la que se declara la finalización del procedimiento por fallecimiento del solicitante relativa a Ayudas para el alquiler de vivienda habitual a personas en situación de especial vulnerabilidad, con ingresos limitados y a jóvenes, en la Comunidad Autónoma de Andalucía.",NEGATIVO,False,,,Ayudas alquiler vivienda: dominio B3,False,anuncio,[],[],1.0,"La publicación se refiere a una resolución de ""Ayudas para el alquiler de vivienda"" y un procedimiento por fallecimiento, lo cual corresponde a subvenciones/ayudas no incluidas en el ámbito de la contratación pública según las reglas críticas (punto 2 del dominio: subvenciones). El objeto es personal/afinidades demaniales o ayudas sociales, no un contrato de prestación de servicios u obras.",54.445,
139,dogv,"RESOLUCIÓN de 20 de enero de 2025, del Rectorado, por la que se convoca un proceso selectivo para la contratación indefinida de personal de investigación de la categoría de personal tecnólogo superior para colaborar con la línea de investigación financiada «Control de calidad y seguridad de (bio)combustibles». Referencia: I-PAS-13/25.",NEGATIVO,False,,,Proceso selectivo contratacion personal investigacion: RRHH,False,resolución,[],[],0.98,"La publicación convoca un proceso selectivo para la contratación de personal de investigación, lo cual corresponde a una adjudicación de plazas o puestos de personal (RRHH), no a un acto de contratación pública regulado por la LCSP. El texto menciona ""contratación indefinida de personal"", señalando claramente que se trata de RRHH.",51.595,
140,boe,FUENGIROLA,NEGATIVO,False,,,Toponimo sin contenido,False,otros,[],[],0.85,"La descripción ""FUENGIROLA"" es una localidad y no contiene ninguna referencia a actos de contratación pública, licitaciones, formalizaciones o adjudicaciones de contratos según la LCSP. Por tanto, no es relevante para el dominio.",44.675,
141,bor,"Aprobación inicial de la modificación puntual 1/2024 del Plan General Municipal, de cambio de calificación de la parcela situada en calle Real 71, de casco tradicional a dotacional público",NEGATIVO,False,,,Modificacion puntual PGM: dominio B2,False,aprobación,[],[],0.98,"El texto describe una ""Aprobación inicial de la modificación puntual del Plan General Municipal"" para cambio de calificación urbanística, lo cual es un acto de planificación urbana y no pertenece al ámbito de contratación pública (LCSP). No hay menciones a licitaciones, contratos, servicios o adjudicaciones.",50.024,
142,bon,Aprobación definitiva de modificación de varios artículos del Plan municipal,NEGATIVO,False,,,Plan municipal: dominio B2,False,aprobación,[],[],0.98,"La publicación se refiere a una ""modificación de varios artículos del Plan municipal"", que es un acto normativo urbanístico y no una operación de contratación pública (licitación, formalización, adjudicación, encargo o concesión). No se detectan términos clave de la LCSP en el objeto del acto.",47.886,
143,boe,Anuncio de la Agencia Vasca del Agua sobre la información pública de una solicitud de autorización en el término municipal de Atxondo (Bizkaia).,NEGATIVO,False,,,Autorizacion en materia de aguas: dominio B1,False,información_pública,[],[],0.95,"La publicación es una ""información pública de una solicitud de autorización"", no un acto de contratación pública según la LCSP, sino un trámite administrativo ordinario de autorización administrativa (demania o de competencia). No hay licitación, formalización, adjudicación de contrato, encargo a medio propio ni concesión del servicio público referida al objeto.",49.968,
144,bon,Aprobación inicial de presupuesto de 2025,NEGATIVO,False,,,Presupuesto municipal,False,aprobación,[],[],1.0,"La descripción ""Aprobación inicial de presupuesto de 2025"" se refiere a un acto presupuestario y no a una contratación pública (licitación, formalización, adjudicación, encargo o concesión). Por lo tanto, is_relevant es False.",46.309,
145,dogv,"RESOLUCIÓN de 31 de enero de 2025, de la Dirección General de Administración Local, por la cual se corrige un error en el anexo III de la Resolución de 11 de octubre de 2024, por la que se procede a la publicación de las bases y convocatorias del concurso ordinario del año 2024 para la provisión de puestos de trabajo reservados al personal funcionario de Administración local con habilitación nacional.",NEGATIVO,False,,,Correccion bases concurso provision puestos funcionarios: RRHH,False,orden,[],[],0.98,"La publicación es una ""Resolución"" que corrige un error en bases para el ""concurso ordinario... para la provisión de puestos de trabajo"", lo cual corresponde a RRHH y no a contratación pública bajo LCSP, por lo tanto is_relevant=False. El tipo de acto se infiere como ""orden"" (resolución) y las categorías están vacías al no ser relevante.",53.716,
146,boib,"Propuesta de resolución provisional del director general de Energía y Cambio Climático por la cual se deniegan subvenciones para la realización de instalaciones de autoconsumo con fuentes de energía renovable, con o sin almacenamiento, y la incorporación de almacenamiento en instalaciones de autoconsumo con fuentes de energía ya existentes, en el sector residencial, las administraciones públicas y el tercer sector, en el marco del Plan de Recuperación, Transformación y Resiliencia europeo (programas 4 y 5) NEXTG45",NEGATIVO,False,,,Denegacion subvenciones autoconsumo: dominio B3,False,resolución,[],[],0.98,"El texto indica claramente ""se deniegan subvenciones"", lo que corresponde a subvenciones y ayudas, excluidas del ámbito de contratación pública LCSP según las reglas establecidas. No contiene señales de licitación, concesión, encomienda ni formalización de contratos administrativos (LCSP).",51.784,
147,boe,"Resolución de 6 de marzo de 2025, de la Dirección General de Carreteras, por la que se publica el Convenio con el Ayuntamiento de Picanya, relativo a las actuaciones en materia de infraestructura viaria para hacer frente a los daños causados por la depresión aislada en niveles altos, DANA, entre el 28 de octubre y el 4 de noviembre de 2024.",NEGATIVO,False,,,Convenio interadministrativo infraestructura viaria DANA,True,resolución,"[""CONT_ENC""]",[],0.85,"La publicación es una resolución que publica un ""Convenio... relativo a las actuaciones en materia de infraestructura viaria"" para hacer frente a daños por DANA, lo cual indica una encomienda de gestión entre el Estado (DGT) y un Ayuntamiento. No se menciona la palabra ""concesión"", por lo que no aplica CONT_CON. La confianza es 0.85 debido a que el convenio podría tener matices interadministrativos, pero las palabras clave (""Convenio"", ""actuaciones"", contexto de emergencia/DANA) apuntan fuertemente a una encomienda de gestión en el ámbito LCSP.",66.125,
148,bor,Solicitud de licencia conjunta ambiental y de obras para peluquería de mascotas,NEGATIVO,False,,,Licencia ambiental y de obras: dominio B2,False,información_pública,[],[],0.95,"La publicación trata sobre una ""solicitud de licencia conjunta ambiental y de obras para peluquería de mascotas"", que corresponde a un trámite administrativo ordinario de urbanismo/medio ambiente, no a un acto contractual de la LCSP (licitación, formalización, adjudicación, encargo o concesión). No contiene señales ni fragmentos relacionados con contratación pública.",50.961,
149,dog,"EXTRACTO de la Orden de 12 de febrero de 2025 por la que se establecen las bases reguladoras para la concesión de ayudas para proyectos al amparo de las estrategias de desarrollo local participativo (EDLP), aprobadas a los grupos de acción local del sector pesquero (GALP) en el marco del Fondo Europeo Marítimo, de Pesca y de Acuicultura 2021-2027, y se convocan las correspondientes al año 2025 (código de procedimiento PE155A).",NEGATIVO,False,,,Bases y convocatoria ayudas GALP: dominio B3,False,extracto,[],[],1.0,"Se trata de una convocatoria de ayudas/subvenciones (""concesión de ayudas""), no de un acto de contratación pública regulado por la LCSP, por lo que is_relevant=False según las reglas críticas (punto 2). La descripción cita explícitamente ""ayudas"", lo cual es suficiente para descartar cualquier etiqueta de contratación.",53.092,
30,bon,Encomienda de gestión para recuperar la infraestructura-trazado de la Vía Verde del Bidasoa en el tramo Doneztebe / Santesteban-Elizondo y disponer de dicho espacio como vial público,CONT_ENC,True,CONT_ENC,tipo_obras,Encomienda de gestion recuperacion via verde,True,convenio,"[""CONT_ENC""]",[],0.95,"El texto indica ""Encomienda de gestión"", que según las reglas críticas corresponde a CONT_ENC (encargo a medio propio o encomienda de gestión). Aunque no es explícitamente una licitación, formalización o adjudicación, en la taxonomía LCSP y dado el contexto de Boletines Oficiales, los convenios que formalizan este tipo de encomiendas se catalogan como ""convenio"".",191.775,
57,bopv,"ANUNCIO por el que se somete a información pública el expediente de solicitud de concesión administrativa para el aprovechamiento de 211,6 m3/año del río Urkulu en el término municipal de Oñati (Gipuzkoa), con destino a abastecimiento de población y riego.
				
2025/00167",NEG_DOM_PUB,False,,,Concesion administrativa aprovechamiento de aguas: dominio B1,False,anuncio,[],[],1.0,"La publicación se trata de una ""concesión administrativa"" para ""aprovechamiento de agua"", lo cual es un caso típico de concesión demanial sobre un recurso hídrico, excluyéndose del ámbito de contratación pública LCSP según las reglas establecidas.",57.204,
